timestamp_iso,t_s,power_w,util_gpu_pct,mem_used_mib,clocks_sm_mhz,temp_c,phase
2026-09-11T03:19:29.528+00:00,0.000,257.969,0,21855.3,2700,53,measure
2026-09-11T03:19:30.542+00:00,1.015,111.474,0,21855.3,2700,51,measure
2026-09-11T03:19:31.526+00:00,2.000,69.844,0,21855.3,495,51,measure
2026-09-11T03:19:32.566+00:00,3.040,54.594,0,21855.3,345,49,measure
2026-09-11T03:19:33.529+00:00,4.004,31.338,0,21855.3,270,48,measure
2026-09-11T03:19:34.532+00:00,5.006,75.55,99,21855.3,2700,54,measure
2026-09-11T03:19:35.533+00:00,6.007,286.525,99,21855.3,2700,56,measure
2026-09-11T03:19:36.526+00:00,7.000,307.853,99,21855.3,2700,58,measure
2026-09-11T03:19:37.526+00:00,8.000,303.248,100,21855.3,2700,57,measure
2026-09-11T03:19:38.526+00:00,9.000,307.306,99,21855.3,2700,57,measure
2026-09-11T03:19:39.527+00:00,10.000,320.725,99,21855.3,2700,58,measure
2026-09-11T03:19:40.526+00:00,11.001,325.456,99,21855.3,2700,59,measure
2026-09-11T03:19:41.526+00:00,12.000,319.633,99,21855.3,2700,59,measure
2026-09-11T03:19:42.526+00:00,13.000,301.671,99,21855.3,2700,57,measure
2026-09-11T03:19:43.526+00:00,14.000,297.081,100,21855.3,2700,58,measure
2026-09-11T03:19:44.527+00:00,15.001,295.681,99,21855.3,2700,57,measure
2026-09-11T03:19:45.527+00:00,16.000,302.995,99,21855.3,2700,59,measure
2026-09-11T03:19:46.526+00:00,17.000,306.13,99,21855.3,2700,59,measure
2026-09-11T03:19:47.526+00:00,18.001,304.514,99,21855.3,2700,59,measure
2026-09-11T03:19:46.023+00:00,19.001,311.199,99,21855.3,2700,61,measure
2026-09-11T03:19:47.023+00:00,20.000,305.378,99,21855.3,2700,59,measure
2026-09-11T03:19:48.028+00:00,21.004,307.597,99,21855.3,2700,60,measure
2026-09-11T03:19:49.029+00:00,22.006,313.566,99,21855.3,2700,59,measure
2026-09-11T03:19:50.023+00:00,23.000,310.503,100,21855.3,2700,59,measure
2026-09-11T03:19:51.025+00:00,24.002,323.128,99,21855.3,2700,59,measure
2026-09-11T03:19:52.027+00:00,25.004,321.165,99,21855.3,2700,59,measure
2026-09-11T03:19:53.054+00:00,26.007,331.092,99,21855.3,2685,60,measure
2026-09-11T03:19:54.024+00:00,27.001,340.279,99,21855.3,2685,61,measure
2026-09-11T03:19:55.027+00:00,28.003,334.351,99,21855.3,2685,60,measure
2026-09-11T03:19:56.027+00:00,29.004,336.545,99,21855.3,2685,61,measure
2026-09-11T03:19:57.030+00:00,30.008,318.495,99,21855.3,2685,59,measure
2026-09-11T03:19:58.025+00:00,31.001,325.174,99,21855.3,2685,61,measure
2026-09-11T03:19:59.028+00:00,32.004,319.467,99,21855.3,2685,60,measure
2026-09-11T03:20:00.030+00:00,33.006,345.462,99,21855.3,2685,62,measure
2026-09-11T03:20:01.024+00:00,34.000,324.177,99,21855.3,2685,61,measure
2026-09-11T03:20:02.024+00:00,35.002,309.7,99,21855.3,2685,60,measure
2026-09-11T03:20:03.027+00:00,36.004,310.547,99,21855.3,2700,62,measure
2026-09-11T03:20:04.029+00:00,37.006,337.558,99,21855.3,2685,60,measure
2026-09-11T03:20:05.031+00:00,38.007,343.745,99,21855.3,2685,61,measure
2026-09-11T03:20:06.024+00:00,39.001,337.044,99,21855.3,2640,61,measure
2026-09-11T03:20:07.026+00:00,40.001,349.657,99,21855.3,2685,61,measure
2026-09-11T03:20:08.023+00:00,41.001,312.118,99,21855.3,2685,61,measure
2026-09-11T03:20:09.024+00:00,42.002,323.1,99,21855.3,2685,62,measure
2026-09-11T03:20:10.023+00:00,43.000,333.684,99,21855.3,2685,67,measure
2026-09-11T03:20:11.023+00:00,44.001,337.231,99,21855.3,2685,64,measure
2026-09-11T03:20:12.030+00:00,45.005,344.363,99,21855.3,2685,65,measure
2026-09-11T03:20:13.058+00:00,46.035,329.098,99,21855.3,2685,61,measure
2026-09-11T03:20:14.104+00:00,47.080,332.517,99,21855.3,2685,62,measure
2026-09-11T03:20:15.026+00:00,48.003,315.594,99,21855.3,2685,60,measure
2026-09-11T03:20:16.029+00:00,49.006,314.074,99,21855.3,2685,60,measure
2026-09-11T03:20:17.033+00:00,50.008,312.297,99,21855.3,2685,60,measure
2026-09-11T03:20:15.530+00:00,51.003,307.099,99,21855.3,2685,60,measure
2026-09-11T03:20:16.530+00:00,52.005,311.803,99,21855.3,2685,60,measure
2026-09-11T03:20:17.533+00:00,53.008,306.246,99,21855.3,2685,63,measure
2026-09-11T03:20:18.526+00:00,54.001,324.075,99,21855.3,2685,61,measure
2026-09-11T03:20:19.530+00:00,55.005,316.896,99,21855.3,2685,60,measure
2026-09-11T03:20:20.535+00:00,56.008,322.314,99,21855.3,2685,61,measure
2026-09-11T03:20:21.530+00:00,57.003,302.972,99,21855.3,2685,60,measure
2026-09-11T03:20:22.528+00:00,58.000,318.406,99,21855.3,2685,60,measure
2026-09-11T03:20:23.526+00:00,59.001,311.37,99,21855.3,2685,60,measure
2026-09-11T03:20:24.526+00:00,60.001,309.799,99,21855.3,2685,61,measure
2026-09-11T03:20:25.526+00:00,61.000,313.302,99,21855.3,2685,60,measure
2026-09-11T03:20:26.526+00:00,62.001,308.438,99,21855.3,2685,60,measure
2026-09-11T03:20:27.527+00:00,63.000,311.523,99,21855.3,2685,60,measure
2026-09-11T03:20:28.528+00:00,64.000,309.977,99,21855.3,2685,60,measure
2026-09-11T03:20:29.525+00:00,65.000,306.478,99,21855.3,2685,60,measure
2026-09-11T03:20:30.525+00:00,66.000,310.68,99,21855.3,2685,60,measure
2026-09-11T03:20:31.525+00:00,67.000,320.6,99,21855.3,2685,61,measure
2026-09-11T03:20:32.525+00:00,68.000,325.944,100,21855.3,2685,60,measure
2026-09-11T03:20:33.531+00:00,69.004,332.3,99,21855.3,2685,62,measure
2026-09-11T03:20:34.528+00:00,70.000,339.492,99,21855.3,2685,62,measure
2026-09-11T03:20:35.527+00:00,71.002,334.198,99,21855.3,2685,61,measure
2026-09-11T03:20:36.525+00:00,72.000,339.701,99,21855.3,2685,61,measure
2026-09-11T03:20:37.526+00:00,73.001,334.809,99,21855.3,2685,62,measure
2026-09-11T03:20:38.525+00:00,74.000,330.467,99,21855.3,2685,62,measure
2026-09-11T03:20:39.527+00:00,75.001,319.461,99,21855.3,2685,61,measure
2026-09-11T03:20:40.528+00:00,76.001,315.684,100,21855.3,2685,61,measure
2026-09-11T03:20:41.526+00:00,77.001,321.767,99,21855.3,2685,62,measure
2026-09-11T03:20:42.556+00:00,78.000,336.165,99,21856,2685,64,measure
2026-09-11T03:20:43.526+00:00,79.001,334.118,99,21852.5,2685,63,measure
2026-09-11T03:20:44.525+00:00,80.000,332.377,99,21852.5,2685,61,measure
2026-09-11T03:20:45.527+00:00,81.001,329.985,99,21852.5,2685,62,measure
2026-09-11T03:20:46.527+00:00,82.000,323.154,99,21852.5,2685,62,measure
2026-09-11T03:20:47.525+00:00,83.001,311.435,99,21852.5,2685,61,measure
2026-09-11T03:20:46.025+00:00,84.000,306.939,99,21852.5,2685,60,measure
2026-09-11T03:20:47.026+00:00,85.000,297.734,100,21852.5,2685,60,measure
2026-09-11T03:20:48.025+00:00,86.000,306.141,99,21852.5,2685,61,measure
2026-09-11T03:20:49.029+00:00,87.001,308.546,99,21852.5,2685,61,measure
2026-09-11T03:20:50.027+00:00,88.000,316.917,99,21852.5,2685,60,measure
2026-09-11T03:20:51.025+00:00,89.000,310.273,99,21852.5,2685,61,measure
2026-09-11T03:20:52.026+00:00,90.001,322.68,99,21852.5,2685,61,measure
2026-09-11T03:20:53.025+00:00,91.000,347.314,99,21852.5,2595,62,measure
2026-09-11T03:20:54.026+00:00,92.001,346.633,99,21852.5,2685,62,measure
2026-09-11T03:20:55.027+00:00,93.001,343.695,99,21852.5,2685,62,measure
2026-09-11T03:20:56.026+00:00,94.001,324.27,100,21852.5,2685,62,measure
2026-09-11T03:20:57.025+00:00,95.000,312.18,99,21852.5,2685,61,measure
2026-09-11T03:20:58.025+00:00,96.000,307.452,100,21852.5,2685,61,measure
2026-09-11T03:20:59.025+00:00,97.001,302.087,99,21852.5,2685,60,measure
2026-09-11T03:21:00.025+00:00,98.000,310.56,99,21852.5,2685,61,measure
2026-09-11T03:21:01.027+00:00,99.001,297.856,100,21852.5,2685,60,measure
2026-09-11T03:21:02.026+00:00,100.000,309.969,99,21852.5,2685,61,measure
2026-09-11T03:21:03.025+00:00,101.000,317.603,100,21852.5,2685,61,measure
2026-09-11T03:21:04.025+00:00,102.000,325.561,99,21852.5,2685,63,measure
2026-09-11T03:21:05.025+00:00,103.000,337.09,99,21852.5,2685,62,measure
2026-09-11T03:21:06.025+00:00,104.000,335.975,99,21852.5,2685,68,measure
2026-09-11T03:21:07.030+00:00,105.001,338.85,99,21852.5,2685,62,measure
2026-09-11T03:21:08.026+00:00,106.000,332.155,99,21852.5,2685,62,measure
2026-09-11T03:21:09.025+00:00,107.000,344.114,99,21852.5,2685,65,measure
2026-09-11T03:21:10.025+00:00,108.000,323.204,99,21852.5,2685,62,measure
2026-09-11T03:21:11.026+00:00,109.001,322.458,99,21852.5,2685,61,measure
2026-09-11T03:21:12.026+00:00,110.001,321.978,99,21852.5,2685,62,measure
2026-09-11T03:21:13.027+00:00,111.000,318.717,99,21852.5,2685,62,measure
2026-09-11T03:21:14.029+00:00,112.000,334.774,99,21852.5,2685,65,measure
2026-09-11T03:21:15.025+00:00,113.000,320.706,99,21852.5,2685,63,measure
2026-09-11T03:21:16.026+00:00,114.000,310.456,99,21852.5,2685,63,measure
2026-09-11T03:21:17.025+00:00,115.000,311.892,99,21852.5,2685,61,measure
2026-09-11T03:21:15.544+00:00,116.000,321.48,99,21852.5,2685,61,measure
2026-09-11T03:21:16.545+00:00,117.000,331.614,99,21852.5,2685,63,measure
2026-09-11T03:21:17.544+00:00,118.000,325.406,99,21852.5,2685,61,measure
2026-09-11T03:21:18.543+00:00,119.001,339.206,99,21852.5,2685,63,measure
2026-09-11T03:21:19.543+00:00,120.000,342.123,99,21852.5,2685,65,measure
2026-09-11T03:21:20.565+00:00,121.001,335.981,99,21852.5,2685,67,measure
2026-09-11T03:21:21.544+00:00,122.000,342.212,99,21852.5,2685,62,measure
2026-09-11T03:21:22.545+00:00,123.000,352.842,99,21852.5,2685,64,measure
2026-09-11T03:21:23.544+00:00,124.001,347.287,99,21852.5,2685,63,measure
2026-09-11T03:21:24.543+00:00,125.000,333.511,99,21852.5,2685,61,measure
2026-09-11T03:21:25.543+00:00,126.000,313.722,99,21852.5,2685,61,measure
2026-09-11T03:21:26.543+00:00,127.000,316.409,99,21852.5,2685,62,measure
2026-09-11T03:21:27.544+00:00,128.000,317.558,100,21852.5,2685,61,measure
2026-09-11T03:21:28.548+00:00,129.001,331.517,99,21852.5,2685,62,measure
2026-09-11T03:21:29.544+00:00,130.000,333.873,99,21852.5,2685,62,measure
2026-09-11T03:21:30.543+00:00,131.000,334.869,99,21852.5,2685,63,measure
2026-09-11T03:21:31.546+00:00,132.001,344.485,99,21852.5,2685,63,measure
2026-09-11T03:21:32.545+00:00,133.002,345.24,99,21852.5,2685,62,measure
2026-09-11T03:21:33.546+00:00,134.001,346.94,99,21852.5,2685,62,measure
2026-09-11T03:21:34.545+00:00,135.001,332.068,99,21852.5,2685,62,measure
2026-09-11T03:21:35.544+00:00,136.000,317.748,99,21852.5,2685,61,measure
2026-09-11T03:21:36.545+00:00,137.002,305.496,100,21852.5,2685,61,measure
2026-09-11T03:21:37.545+00:00,138.002,313.142,99,21852.5,2685,61,measure
2026-09-11T03:21:38.544+00:00,139.001,297.492,99,21852.5,2685,61,measure
2026-09-11T03:21:39.545+00:00,140.000,311.021,99,21852.5,2685,62,measure
2026-09-11T03:21:40.547+00:00,141.001,311.746,99,21852.5,2685,61,measure
2026-09-11T03:21:41.544+00:00,142.001,308.114,99,21852.5,2685,61,measure
2026-09-11T03:21:42.544+00:00,143.001,314.714,99,21853.7,2685,62,measure
2026-09-11T03:21:43.545+00:00,144.002,335.876,99,21853.3,2685,62,measure
2026-09-11T03:21:44.544+00:00,145.000,342.81,99,21853.3,2685,62,measure
2026-09-11T03:21:45.546+00:00,146.002,338.071,99,21853.3,2640,62,measure
2026-09-11T03:21:46.547+00:00,147.002,331.052,99,21853.3,2685,61,measure
2026-09-11T03:21:45.044+00:00,148.000,319.265,99,21853.3,2685,62,measure
2026-09-11T03:21:46.044+00:00,149.001,313.272,99,21853.3,2685,63,measure
2026-09-11T03:21:47.044+00:00,150.001,329.008,100,21853.3,2685,63,measure
2026-09-11T03:21:48.044+00:00,151.001,316.78,99,21853.3,2685,61,measure
2026-09-11T03:21:49.046+00:00,152.001,310.887,99,21853.3,2685,61,measure
2026-09-11T03:21:50.047+00:00,153.000,314.776,99,21853.3,2685,62,measure
2026-09-11T03:21:51.044+00:00,154.001,310.925,99,21853.3,2685,61,measure
2026-09-11T03:21:52.044+00:00,155.000,313.051,99,21853.3,2685,61,measure
2026-09-11T03:21:53.044+00:00,156.000,309.806,99,21853.3,2685,62,measure
2026-09-11T03:21:54.044+00:00,157.000,307.092,100,21853.3,2685,61,measure
2026-09-11T03:21:55.045+00:00,158.000,306.838,99,21853.3,2685,61,measure
2026-09-11T03:21:56.047+00:00,159.000,318.197,99,21853.3,2685,61,measure
2026-09-11T03:21:57.045+00:00,160.001,308.159,99,21853.3,2685,61,measure
2026-09-11T03:21:58.045+00:00,161.001,312.214,99,21853.3,2685,61,measure
2026-09-11T03:21:59.046+00:00,162.001,310.244,99,21853.3,2685,61,measure
2026-09-11T03:22:00.044+00:00,163.001,316.706,99,21853.3,2685,61,measure
2026-09-11T03:22:01.046+00:00,164.001,321.159,99,21853.3,2685,62,measure
2026-09-11T03:22:02.047+00:00,165.000,342.575,99,21853.3,2685,62,measure
2026-09-11T03:22:03.044+00:00,166.000,332.803,99,21853.3,2685,62,measure
2026-09-11T03:22:04.044+00:00,167.001,324.408,99,21853.3,2685,62,measure
2026-09-11T03:22:05.044+00:00,168.000,325.278,99,21853.3,2685,61,measure
2026-09-11T03:22:06.044+00:00,169.000,319.995,99,21853.3,2685,62,measure
2026-09-11T03:22:07.045+00:00,170.000,318.089,99,21853.3,2685,62,measure
2026-09-11T03:22:08.046+00:00,171.000,320.124,99,21853.3,2685,61,measure
2026-09-11T03:22:09.044+00:00,172.000,332.886,99,21853.3,2685,62,measure
2026-09-11T03:22:10.073+00:00,173.001,335.934,99,21853.3,2685,64,measure
2026-09-11T03:22:11.044+00:00,174.000,341.824,99,21853.3,2685,63,measure
2026-09-11T03:22:12.044+00:00,175.000,334.084,99,21853.3,2685,62,measure
2026-09-11T03:22:13.050+00:00,176.002,326.76,99,21853.3,2685,61,measure
2026-09-11T03:22:14.046+00:00,177.001,316.222,99,21853.3,2685,61,measure
2026-09-11T03:22:15.044+00:00,178.000,324.12,99,21853.3,2685,61,measure
2026-09-11T03:22:16.044+00:00,179.001,347.149,99,21853.3,2685,63,measure
2026-09-11T03:22:17.044+00:00,180.001,335.261,99,21853.3,2685,67,measure
2026-09-11T03:22:15.547+00:00,181.000,337.558,100,21853.3,2685,62,measure
2026-09-11T03:22:16.549+00:00,182.000,305.848,99,21853.3,2685,61,measure
2026-09-11T03:22:17.549+00:00,183.001,306.251,99,21853.3,2685,60,measure
2026-09-11T03:22:18.547+00:00,184.001,311.747,99,21853.3,2685,62,measure
2026-09-11T03:22:19.548+00:00,185.001,310.747,99,21853.3,2685,61,measure
2026-09-11T03:22:20.547+00:00,186.001,313.343,99,21853.3,2685,63,measure
2026-09-11T03:22:21.547+00:00,187.000,308.335,99,21853.3,2685,61,measure
2026-09-11T03:22:22.549+00:00,188.000,313.685,99,21853.3,2685,61,measure
2026-09-11T03:22:23.549+00:00,189.001,310.516,99,21853.3,2685,61,measure
2026-09-11T03:22:24.547+00:00,190.000,329.919,99,21853.3,2685,62,measure
2026-09-11T03:22:25.547+00:00,191.000,326.467,99,21853.3,2685,61,measure
2026-09-11T03:22:26.548+00:00,192.000,328.766,99,21853.3,2685,61,measure
2026-09-11T03:22:27.548+00:00,193.001,323.202,99,21853.3,2685,61,measure
2026-09-11T03:22:28.548+00:00,194.000,319.674,99,21853.3,2685,62,measure
2026-09-11T03:22:29.549+00:00,195.001,343.878,99,21853.3,2685,65,measure
2026-09-11T03:22:30.547+00:00,196.000,348.237,100,21853.3,2685,62,measure
2026-09-11T03:22:31.547+00:00,197.000,326.542,99,21853.3,2685,62,measure
2026-09-11T03:22:32.547+00:00,198.000,353.358,99,21853.3,2685,65,measure
2026-09-11T03:22:33.547+00:00,199.001,357.372,99,21853.3,2685,63,measure
2026-09-11T03:22:34.548+00:00,200.000,343.909,99,21853.3,2685,62,measure
2026-09-11T03:22:35.548+00:00,201.000,332.276,99,21853.3,2685,62,measure
2026-09-11T03:22:36.548+00:00,202.001,327.305,100,21853.3,2685,61,measure
2026-09-11T03:22:37.548+00:00,203.001,313.747,99,21853.3,2685,61,measure
2026-09-11T03:22:38.547+00:00,204.000,330.951,99,21853.3,2685,62,measure
2026-09-11T03:22:39.547+00:00,205.000,308.483,99,21853.3,2685,64,measure
2026-09-11T03:22:40.549+00:00,206.001,305.121,99,21853.3,2685,61,measure
2026-09-11T03:22:41.548+00:00,207.000,312.994,99,21853.3,2685,61,measure
2026-09-11T03:22:42.547+00:00,208.000,315.269,99,21852.8,2685,61,measure
2026-09-11T03:22:43.550+00:00,209.001,309.927,100,21850.9,2685,61,measure
2026-09-11T03:22:44.547+00:00,210.000,305.16,100,21850.9,2685,61,measure
2026-09-11T03:22:45.548+00:00,211.001,294.774,99,21850.9,2685,62,measure
2026-09-11T03:22:46.553+00:00,212.001,318.222,100,21850.9,2685,61,measure
2026-09-11T03:22:45.048+00:00,213.001,322.62,99,21850.9,2685,62,measure
2026-09-11T03:22:46.047+00:00,214.000,328.637,100,21850.9,2685,62,measure
2026-09-11T03:22:47.047+00:00,215.000,323.298,99,21850.9,2685,63,measure
2026-09-11T03:22:48.047+00:00,216.000,336.31,99,21850.9,2685,63,measure
2026-09-11T03:22:49.047+00:00,217.000,326.756,99,21850.9,2685,62,measure
2026-09-11T03:22:50.052+00:00,218.000,322.928,99,21850.9,2685,61,measure
2026-09-11T03:22:51.048+00:00,219.000,310.035,99,21850.9,2685,61,measure
2026-09-11T03:22:52.047+00:00,220.000,314.553,99,21850.9,2685,63,measure
2026-09-11T03:22:53.054+00:00,221.000,319.377,100,21850.9,2685,61,measure
2026-09-11T03:22:54.047+00:00,222.000,317.802,99,21850.9,2685,61,measure
2026-09-11T03:22:55.048+00:00,223.001,321.771,99,21850.9,2685,62,measure
2026-09-11T03:22:56.049+00:00,224.001,312.378,99,21850.9,2685,62,measure
2026-09-11T03:22:57.082+00:00,225.001,339.313,99,21850.9,2685,62,measure
2026-09-11T03:22:58.047+00:00,226.000,325.616,99,21850.9,2685,61,measure
2026-09-11T03:22:59.047+00:00,227.001,334.935,99,21850.9,2685,63,measure
2026-09-11T03:23:00.049+00:00,228.002,342.311,99,21850.9,2685,63,measure
2026-09-11T03:23:01.048+00:00,229.001,324.501,99,21850.9,2685,62,measure
2026-09-11T03:23:02.048+00:00,230.000,305.225,99,21850.9,2685,61,measure
2026-09-11T03:23:03.047+00:00,231.000,312.928,99,21850.9,2685,62,measure
2026-09-11T03:23:04.047+00:00,232.000,302.45,100,21850.9,2685,61,measure
2026-09-11T03:23:05.047+00:00,233.000,309.43,99,21850.9,2685,62,measure
2026-09-11T03:23:06.048+00:00,234.001,328.138,99,21850.9,2685,63,measure
2026-09-11T03:23:07.049+00:00,235.001,344.679,99,21850.9,2685,62,measure
2026-09-11T03:23:08.048+00:00,236.000,338.652,100,21850.9,2685,63,measure
2026-09-11T03:23:09.048+00:00,237.001,352.039,99,21850.9,2685,68,measure
2026-09-11T03:23:10.048+00:00,238.002,324.367,100,21850.9,2685,61,measure
2026-09-11T03:23:11.050+00:00,239.002,310.531,99,21850.9,2685,61,measure
2026-09-11T03:23:12.048+00:00,240.001,314.726,99,21850.9,2685,63,measure
2026-09-11T03:23:13.049+00:00,241.001,315.645,99,21850.9,2685,61,measure
2026-09-11T03:23:14.049+00:00,242.000,329.908,99,21850.9,2685,62,measure
2026-09-11T03:23:15.049+00:00,243.002,315.875,100,21850.9,2685,63,measure
2026-09-11T03:23:16.053+00:00,244.006,310.569,99,21850.9,2685,61,measure
2026-09-11T03:23:17.047+00:00,245.000,316.414,99,21850.9,2685,61,measure
2026-09-11T03:23:15.546+00:00,246.002,312.302,99,21850.9,2685,61,measure
2026-09-11T03:23:16.552+00:00,247.008,305.475,99,21850.9,2685,61,measure
2026-09-11T03:23:17.550+00:00,248.006,313.19,100,21850.9,2685,61,measure
2026-09-11T03:23:18.545+00:00,249.001,316.298,99,21850.9,2685,61,measure
2026-09-11T03:23:19.550+00:00,250.005,312.801,99,21850.9,2685,61,measure
2026-09-11T03:23:20.545+00:00,251.001,315.353,99,21850.9,2685,61,measure
2026-09-11T03:23:21.551+00:00,252.005,317.502,99,21850.9,2685,61,measure
2026-09-11T03:23:22.547+00:00,253.002,305.634,99,21850.9,2685,64,measure
2026-09-11T03:23:23.548+00:00,254.003,307.982,100,21850.9,2685,60,measure
2026-09-11T03:23:24.551+00:00,255.007,308.664,99,21850.9,2685,61,measure
2026-09-11T03:23:25.546+00:00,256.001,316.051,99,21850.9,2685,62,measure
2026-09-11T03:23:26.549+00:00,257.005,326.397,99,21850.9,2685,62,measure
2026-09-11T03:23:27.544+00:00,258.000,343.055,99,21850.9,2685,62,measure
2026-09-11T03:23:28.551+00:00,259.002,329.312,99,21850.9,2685,62,measure
2026-09-11T03:23:29.548+00:00,260.002,323.169,99,21850.9,2685,62,measure
2026-09-11T03:23:30.545+00:00,261.000,316.874,100,21850.9,2685,61,measure
2026-09-11T03:23:31.546+00:00,262.001,328.784,99,21850.9,2685,64,measure
2026-09-11T03:23:32.545+00:00,263.000,333.596,99,21850.9,2685,62,measure
2026-09-11T03:23:33.550+00:00,264.005,331.881,100,21850.9,2685,62,measure
2026-09-11T03:23:34.546+00:00,265.001,323.977,99,21850.9,2685,63,measure
2026-09-11T03:23:35.547+00:00,266.002,326.913,99,21850.9,2685,62,measure
2026-09-11T03:23:36.545+00:00,267.001,337.837,99,21850.9,2685,64,measure
2026-09-11T03:23:37.545+00:00,268.000,334.358,99,21850.9,2685,62,measure
2026-09-11T03:23:38.546+00:00,269.000,327.841,99,21850.9,2685,62,measure
2026-09-11T03:23:39.544+00:00,270.000,313.235,100,21850.9,2685,62,measure
2026-09-11T03:23:40.547+00:00,271.002,315.578,99,21850.9,2685,64,measure
2026-09-11T03:23:41.546+00:00,272.002,308.764,100,21850.9,2685,61,measure
2026-09-11T03:23:42.545+00:00,273.001,313.272,100,21845.6,2685,61,measure
2026-09-11T03:23:43.546+00:00,274.002,315.333,99,21841.9,2685,62,measure
2026-09-11T03:23:44.545+00:00,275.001,325.764,99,21841.9,2685,64,measure
2026-09-11T03:23:45.546+00:00,276.001,313.856,99,21841.9,2685,61,measure
2026-09-11T03:23:46.547+00:00,277.001,322.825,99,21841.9,2685,62,measure
2026-09-11T03:23:45.073+00:00,278.008,315.579,99,21841.9,2685,62,measure
2026-09-11T03:23:46.067+00:00,279.002,321.458,99,21841.9,2685,61,measure
2026-09-11T03:23:47.086+00:00,280.021,309.963,99,21841.9,2685,61,measure
2026-09-11T03:23:48.066+00:00,281.001,313.407,99,21841.9,2685,61,measure
2026-09-11T03:23:49.071+00:00,282.004,326.539,99,21841.9,2685,62,measure
2026-09-11T03:23:50.067+00:00,283.000,332.825,99,21841.9,2685,62,measure
2026-09-11T03:23:51.066+00:00,284.000,342.179,100,21841.9,2685,62,measure
2026-09-11T03:23:52.066+00:00,285.001,320.074,99,21841.9,2685,61,measure
2026-09-11T03:23:53.065+00:00,286.000,330.681,99,21841.9,2685,62,measure
2026-09-11T03:23:54.067+00:00,287.002,317.598,99,21841.9,2685,62,measure
2026-09-11T03:23:55.066+00:00,288.001,321.759,99,21841.9,2685,64,measure
2026-09-11T03:23:56.067+00:00,289.000,312.845,99,21841.9,2685,61,measure
2026-09-11T03:23:57.067+00:00,290.002,322.167,99,21841.9,2685,61,measure
2026-09-11T03:23:58.066+00:00,291.001,311.605,99,21841.9,2685,64,measure
2026-09-11T03:23:59.066+00:00,292.001,322.668,99,21841.9,2685,61,measure
2026-09-11T03:24:00.066+00:00,293.001,321.054,99,21841.9,2685,62,measure
2026-09-11T03:24:01.066+00:00,294.001,332.814,99,21841.9,2685,64,measure
2026-09-11T03:24:02.067+00:00,295.000,336.672,99,21841.9,2685,63,measure
2026-09-11T03:24:03.067+00:00,296.001,332.829,99,21841.9,2685,62,measure
2026-09-11T03:24:04.067+00:00,297.002,324.713,99,21841.9,2685,62,measure
2026-09-11T03:24:05.066+00:00,298.001,313.098,99,21841.9,2685,62,measure
2026-09-11T03:24:06.066+00:00,299.001,319.558,99,21841.9,2685,61,measure
2026-09-11T03:24:07.065+00:00,300.000,314.443,99,21841.9,2685,66,measure
2026-09-11T03:24:08.067+00:00,301.000,333.199,100,21841.9,2685,62,measure
2026-09-11T03:24:09.090+00:00,302.025,326.255,99,21841.9,2685,61,measure
2026-09-11T03:24:10.098+00:00,303.007,348.815,99,21841.9,2685,62,measure
2026-09-11T03:24:11.065+00:00,304.001,357.699,100,21841.9,2685,63,measure
2026-09-11T03:24:12.073+00:00,305.007,382.462,99,21841.9,2685,64,measure
2026-09-11T03:24:13.069+00:00,306.003,371.2,99,21841.9,2685,66,measure
2026-09-11T03:24:14.073+00:00,307.005,363.273,99,21841.9,2685,63,measure
2026-09-11T03:24:15.102+00:00,308.004,372.292,99,21841.9,2655,65,measure
2026-09-11T03:24:16.065+00:00,309.000,382.036,99,21841.9,2685,63,measure
2026-09-11T03:24:17.070+00:00,310.005,363.773,99,21841.9,2685,67,measure
2026-09-11T03:24:15.566+00:00,311.003,369.69,99,21841.9,2685,64,measure
2026-09-11T03:24:16.580+00:00,312.016,389.927,99,21841.9,2685,68,measure
2026-09-11T03:24:17.565+00:00,313.001,373.913,99,21841.9,2685,64,measure
2026-09-11T03:24:18.565+00:00,314.000,353.713,99,21841.9,2685,64,measure
2026-09-11T03:24:19.574+00:00,315.001,397.335,99,21841.9,2685,66,measure
2026-09-11T03:24:20.566+00:00,316.001,370.223,99,21841.9,2685,64,measure
2026-09-11T03:24:21.564+00:00,317.000,357.621,99,21841.9,2685,63,measure
2026-09-11T03:24:22.607+00:00,318.000,401.437,99,21841.9,2685,68,measure
2026-09-11T03:24:23.602+00:00,319.001,370.896,99,21841.9,2685,68,measure
2026-09-11T03:24:24.567+00:00,320.000,362.403,99,21841.9,2655,63,measure
2026-09-11T03:24:25.564+00:00,321.001,386.914,99,21841.9,2655,70,measure
2026-09-11T03:24:26.564+00:00,322.000,379.312,99,21841.9,2685,64,measure
2026-09-11T03:24:27.565+00:00,323.001,360.77,99,21841.9,2685,66,measure
2026-09-11T03:24:28.564+00:00,324.000,377.853,99,21841.9,2685,65,measure
2026-09-11T03:24:29.565+00:00,325.000,378.058,99,21841.9,2685,64,measure
2026-09-11T03:24:30.564+00:00,326.001,365.848,99,21841.9,2685,64,measure
2026-09-11T03:24:31.565+00:00,327.002,366.023,99,21841.9,2685,69,measure
2026-09-11T03:24:32.563+00:00,328.000,387.155,99,21841.9,2685,66,measure
2026-09-11T03:24:33.564+00:00,329.001,364.209,99,21841.9,2685,66,measure
2026-09-11T03:24:34.564+00:00,330.000,358.4,99,21841.9,2685,65,measure
2026-09-11T03:24:35.576+00:00,331.001,390.907,99,21841.9,2655,64,measure
2026-09-11T03:24:36.565+00:00,332.001,373.533,99,21841.9,2685,65,measure
2026-09-11T03:24:37.563+00:00,333.000,358.063,99,21841.9,2685,64,measure
2026-09-11T03:24:38.564+00:00,334.001,398.596,99,21841.9,2685,65,measure
2026-09-11T03:24:39.564+00:00,335.000,373.72,99,21841.9,2685,64,measure
2026-09-11T03:24:40.582+00:00,336.000,365.038,99,21841.9,2685,63,measure
2026-09-11T03:24:41.565+00:00,337.000,394.494,99,21841.9,2685,64,measure
2026-09-11T03:24:42.566+00:00,338.000,374.872,99,21839.6,2670,67,measure
2026-09-11T03:24:43.564+00:00,339.001,366.292,99,21839.2,2685,63,measure
2026-09-11T03:24:44.564+00:00,340.001,374.498,99,21839.2,2670,66,measure
2026-09-11T03:24:45.564+00:00,341.000,377.05,99,21839.2,2655,64,measure
2026-09-11T03:24:46.564+00:00,342.000,366.048,99,21839.2,2685,68,measure
2026-09-11T03:24:45.067+00:00,343.001,370.694,99,21839.2,2685,65,measure
2026-09-11T03:24:46.122+00:00,344.000,391.497,99,21839.2,2685,69,measure
2026-09-11T03:24:47.065+00:00,345.000,366.873,99,21839.2,2655,65,measure
2026-09-11T03:24:48.068+00:00,346.001,358.931,99,21839.2,2640,66,measure
2026-09-11T03:24:49.065+00:00,347.000,395.092,99,21839.2,2640,65,measure
2026-09-11T03:24:50.066+00:00,348.000,369.977,99,21839.2,2685,64,measure
2026-09-11T03:24:51.123+00:00,349.000,356.377,99,21839.2,2685,64,measure
2026-09-11T03:24:52.100+00:00,350.000,390.298,99,21839.2,2685,69,measure
2026-09-11T03:24:53.066+00:00,351.001,369.787,99,21839.2,2685,69,measure
2026-09-11T03:24:54.078+00:00,352.000,363.129,99,21839.2,2670,64,measure
2026-09-11T03:24:55.066+00:00,353.000,387.714,99,21839.2,2640,71,measure
2026-09-11T03:24:56.068+00:00,354.001,370.187,99,21839.2,2595,64,measure
2026-09-11T03:24:57.067+00:00,355.001,361.489,99,21839.2,2685,67,measure
2026-09-11T03:24:58.099+00:00,356.000,385.478,99,21839.2,2670,65,measure
2026-09-11T03:24:59.075+00:00,357.000,379.396,99,21839.2,2685,64,measure
2026-09-11T03:25:00.065+00:00,358.000,364.191,99,21839.2,2685,64,measure
2026-09-11T03:25:01.066+00:00,359.001,372.753,99,21839.2,2685,66,measure
2026-09-11T03:25:02.067+00:00,360.001,388.723,99,21839.2,2685,66,measure
2026-09-11T03:25:03.069+00:00,361.001,366.767,99,21839.2,2685,66,measure
2026-09-11T03:25:04.078+00:00,362.000,358.722,99,21839.2,2670,65,measure
2026-09-11T03:25:05.066+00:00,363.001,397.04,99,21839.2,2685,65,measure
2026-09-11T03:25:06.066+00:00,364.001,374.07,99,21839.2,2685,66,measure
2026-09-11T03:25:07.066+00:00,365.001,358.186,99,21839.2,2640,64,measure
2026-09-11T03:25:08.068+00:00,366.001,392.602,99,21839.2,2685,66,measure
2026-09-11T03:25:09.069+00:00,367.001,369.74,99,21839.2,2685,64,measure
2026-09-11T03:25:10.077+00:00,368.000,365.918,99,21839.2,2655,64,measure
2026-09-11T03:25:11.066+00:00,369.001,393.144,99,21839.2,2625,64,measure
2026-09-11T03:25:12.066+00:00,370.000,369.205,99,21839.2,2670,67,measure
2026-09-11T03:25:13.065+00:00,371.000,358.994,99,21839.2,2685,64,measure
2026-09-11T03:25:14.067+00:00,372.000,387.431,99,21839.2,2685,66,measure
2026-09-11T03:25:15.077+00:00,373.001,377.628,99,21839.2,2640,65,measure
2026-09-11T03:25:16.066+00:00,374.000,364.948,99,21839.2,2685,68,measure
2026-09-11T03:25:17.065+00:00,375.000,373.753,99,21839.2,2685,65,measure
2026-09-11T03:25:15.565+00:00,376.000,382.394,99,21839.2,2685,69,measure
2026-09-11T03:25:16.564+00:00,377.001,365.709,99,21839.2,2685,65,measure
2026-09-11T03:25:17.582+00:00,378.000,359.258,99,21839.2,2640,66,measure
2026-09-11T03:25:18.566+00:00,379.001,396.353,99,21839.2,2685,65,measure
2026-09-11T03:25:19.564+00:00,380.001,372.562,99,21839.2,2685,64,measure
2026-09-11T03:25:20.563+00:00,381.000,356.825,99,21839.2,2685,64,measure
2026-09-11T03:25:21.563+00:00,382.000,392.241,99,21839.2,2685,68,measure
2026-09-11T03:25:22.564+00:00,383.000,372.695,99,21839.2,2685,69,measure
2026-09-11T03:25:23.565+00:00,384.000,362.748,99,21839.2,2685,64,measure
2026-09-11T03:25:24.568+00:00,385.000,400.202,99,21839.2,2640,66,measure
2026-09-11T03:25:25.564+00:00,386.001,370.928,99,21839.2,2685,64,measure
2026-09-11T03:25:26.563+00:00,387.000,363.169,100,21839.2,2685,67,measure
2026-09-11T03:25:27.564+00:00,388.000,387.255,99,21839.2,2685,65,measure
2026-09-11T03:25:28.566+00:00,389.000,379.079,99,21839.2,2685,64,measure
2026-09-11T03:25:29.565+00:00,390.000,363.103,99,21839.2,2685,64,measure
2026-09-11T03:25:30.620+00:00,391.000,372.564,99,21839.2,2685,67,measure
2026-09-11T03:25:31.563+00:00,392.000,383.302,99,21839.2,2685,66,measure
2026-09-11T03:25:32.563+00:00,393.000,366.332,99,21839.2,2685,67,measure
2026-09-11T03:25:33.564+00:00,394.001,366.466,99,21839.2,2685,65,measure
2026-09-11T03:25:34.564+00:00,395.000,395.866,99,21839.2,2685,64,measure
2026-09-11T03:25:35.568+00:00,396.000,372.621,99,21839.2,2685,65,measure
2026-09-11T03:25:36.565+00:00,397.001,355.524,99,21839.2,2685,66,measure
2026-09-11T03:25:37.564+00:00,398.001,390.489,99,21839.2,2685,64,measure
2026-09-11T03:25:38.564+00:00,399.001,366.677,99,21839.2,2685,66,measure
2026-09-11T03:25:39.564+00:00,400.001,361.819,99,21839.2,2685,67,measure
2026-09-11T03:25:40.564+00:00,401.001,402.049,99,21839.2,2685,71,measure
2026-09-11T03:25:41.566+00:00,402.002,374.366,99,21839.2,2655,64,measure
2026-09-11T03:25:42.565+00:00,403.002,359.457,99,21838.7,2685,64,measure
2026-09-11T03:25:43.574+00:00,404.000,386.137,99,21836.7,2685,66,measure
2026-09-11T03:25:44.563+00:00,405.000,380.16,99,21836.7,2685,68,measure
2026-09-11T03:25:45.564+00:00,406.001,362.861,99,21836.7,2685,64,measure
2026-09-11T03:25:46.565+00:00,407.001,374.684,99,21836.7,2685,68,measure
2026-09-11T03:25:45.057+00:00,408.001,383.11,99,21836.7,2685,65,measure
2026-09-11T03:25:46.057+00:00,409.000,366.524,99,21836.7,2685,64,measure
2026-09-11T03:25:47.055+00:00,410.000,366.891,99,21836.7,2640,64,measure
2026-09-11T03:25:48.055+00:00,411.000,396.446,99,21836.7,2685,70,measure
2026-09-11T03:25:49.055+00:00,412.000,373.494,99,21836.7,2685,66,measure
2026-09-11T03:25:50.055+00:00,413.000,358.678,99,21836.7,2640,65,measure
2026-09-11T03:25:51.057+00:00,414.001,389.977,99,21836.7,2685,71,measure
2026-09-11T03:25:52.057+00:00,415.000,370.08,99,21836.7,2685,66,measure
2026-09-11T03:25:53.056+00:00,416.000,362.517,99,21836.7,2685,69,measure
2026-09-11T03:25:54.055+00:00,417.000,399.507,99,21836.7,2685,66,measure
2026-09-11T03:25:55.056+00:00,418.001,371.926,99,21836.7,2685,66,measure
2026-09-11T03:25:56.055+00:00,419.000,358.373,99,21836.7,2640,64,measure
2026-09-11T03:25:57.068+00:00,420.000,387.552,99,21836.7,2685,67,measure
2026-09-11T03:25:58.057+00:00,421.000,378.092,99,21836.7,2685,64,measure
2026-09-11T03:25:59.055+00:00,422.000,366.37,99,21836.7,2640,64,measure
2026-09-11T03:26:00.056+00:00,423.000,374.222,99,21836.7,2625,66,measure
2026-09-11T03:26:01.055+00:00,424.000,384.713,99,21836.7,2685,64,measure
2026-09-11T03:26:02.056+00:00,425.001,365.574,99,21836.7,2685,67,measure
2026-09-11T03:26:03.060+00:00,426.001,370.991,99,21836.7,2685,65,measure
2026-09-11T03:26:04.056+00:00,427.000,391.765,99,21836.7,2685,64,measure
2026-09-11T03:26:05.055+00:00,428.001,374.191,99,21836.7,2685,65,measure
2026-09-11T03:26:06.056+00:00,429.001,354.377,99,21836.7,2685,66,measure
2026-09-11T03:26:07.055+00:00,430.000,392.131,100,21836.7,2685,64,measure
2026-09-11T03:26:08.055+00:00,431.000,369.444,99,21836.7,2685,66,measure
2026-09-11T03:26:09.057+00:00,432.000,358.684,99,21836.7,2640,67,measure
2026-09-11T03:26:10.056+00:00,433.001,400.548,99,21836.7,2685,71,measure
2026-09-11T03:26:11.056+00:00,434.001,373.002,99,21836.7,2685,64,measure
2026-09-11T03:26:12.056+00:00,435.001,363.484,99,21836.7,2685,64,measure
2026-09-11T03:26:13.058+00:00,436.002,387.841,99,21836.7,2670,65,measure
2026-09-11T03:26:14.055+00:00,437.000,379.529,99,21836.7,2685,68,measure
2026-09-11T03:26:15.060+00:00,438.000,361.246,99,21836.7,2685,64,measure
2026-09-11T03:26:16.059+00:00,439.001,379.03,99,21836.7,2685,68,measure
2026-09-11T03:26:17.055+00:00,440.000,378.45,99,21836.7,2685,65,measure
2026-09-11T03:26:15.553+00:00,441.001,364.982,99,21836.7,2685,64,measure
2026-09-11T03:26:16.553+00:00,442.001,367.293,99,21836.7,2685,71,measure
2026-09-11T03:26:17.555+00:00,443.002,390.19,99,21836.7,2685,64,measure
2026-09-11T03:26:18.556+00:00,444.002,368.417,99,21836.7,2685,67,measure
2026-09-11T03:26:19.553+00:00,445.001,359.191,99,21836.7,2685,65,measure
2026-09-11T03:26:20.552+00:00,446.001,391.552,100,21836.7,2685,71,measure
2026-09-11T03:26:21.556+00:00,447.001,370.987,99,21836.7,2685,67,measure
2026-09-11T03:26:22.553+00:00,448.001,358.231,99,21836.7,2685,69,measure
2026-09-11T03:26:23.601+00:00,449.001,398.489,99,21836.7,2685,67,measure
2026-09-11T03:26:24.553+00:00,450.000,375.93,99,21836.7,2685,66,measure
2026-09-11T03:26:25.554+00:00,451.000,360.136,99,21836.7,2670,64,measure
2026-09-11T03:26:26.559+00:00,452.000,393.989,99,21836.7,2685,66,measure
2026-09-11T03:26:27.554+00:00,453.000,374.377,99,21836.7,2685,64,measure
2026-09-11T03:26:28.553+00:00,454.001,366.072,99,21836.7,2685,64,measure
2026-09-11T03:26:29.592+00:00,455.001,372.877,99,21836.7,2685,66,measure
2026-09-11T03:26:30.553+00:00,456.000,378.096,99,21836.7,2685,64,measure
2026-09-11T03:26:31.552+00:00,457.000,365.182,99,21836.7,2685,67,measure
2026-09-11T03:26:32.552+00:00,458.001,370.507,99,21836.7,2685,65,measure
2026-09-11T03:26:33.552+00:00,459.000,389.763,99,21836.7,2685,64,measure
2026-09-11T03:26:34.553+00:00,460.000,373.683,99,21836.7,2685,65,measure
2026-09-11T03:26:35.553+00:00,461.000,358.303,99,21836.7,2640,66,measure
2026-09-11T03:26:36.566+00:00,462.000,393.984,99,21836.7,2670,64,measure
2026-09-11T03:26:37.552+00:00,463.000,368.421,99,21836.7,2685,66,measure
2026-09-11T03:26:38.552+00:00,464.000,358.665,99,21836.7,2685,67,measure
2026-09-11T03:26:39.552+00:00,465.001,390.623,99,21836.7,2685,71,measure
2026-09-11T03:26:40.552+00:00,466.000,371.064,99,21836.7,2640,65,measure
2026-09-11T03:26:41.567+00:00,467.001,363.653,99,21836.7,2685,64,measure
2026-09-11T03:26:42.555+00:00,468.001,388.942,99,21834.9,2685,66,measure
2026-09-11T03:26:43.554+00:00,469.000,372.982,99,21834.9,2595,64,measure
2026-09-11T03:26:44.552+00:00,470.001,363.447,99,21834.9,2685,64,measure
2026-09-11T03:26:45.552+00:00,471.000,379.798,99,21834.9,2640,68,measure
2026-09-11T03:26:46.553+00:00,472.002,380.136,99,21834.9,2670,65,measure
2026-09-11T03:26:45.053+00:00,473.001,363.89,99,21834.9,2685,64,measure
2026-09-11T03:26:46.056+00:00,474.000,372.246,99,21834.9,2685,70,measure
2026-09-11T03:26:47.051+00:00,475.000,389.195,99,21834.9,2685,64,measure
2026-09-11T03:26:48.051+00:00,476.000,368.238,99,21834.9,2685,66,measure
2026-09-11T03:26:49.075+00:00,477.001,359.2,99,21834.9,2685,65,measure
2026-09-11T03:26:50.051+00:00,478.000,397.606,99,21834.9,2685,70,measure
2026-09-11T03:26:51.052+00:00,479.000,373.397,99,21834.9,2685,66,measure
2026-09-11T03:26:52.056+00:00,480.000,357.338,99,21834.9,2685,69,measure
2026-09-11T03:26:53.051+00:00,481.000,399.343,99,21834.9,2685,66,measure
2026-09-11T03:26:54.051+00:00,482.001,369.693,99,21834.9,2685,66,measure
2026-09-11T03:26:55.057+00:00,483.000,366.389,99,21834.9,2670,64,measure
2026-09-11T03:26:56.051+00:00,484.001,392.914,99,21834.9,2595,67,measure
2026-09-11T03:26:57.052+00:00,485.000,372.282,99,21834.9,2640,64,measure
2026-09-11T03:26:58.054+00:00,486.001,358.868,99,21834.9,2685,64,measure
2026-09-11T03:26:59.082+00:00,487.000,385.832,99,21834.9,2670,66,measure
2026-09-11T03:27:00.059+00:00,488.000,376.766,99,21834.9,2670,64,measure
2026-09-11T03:27:01.051+00:00,489.000,364.301,99,21834.9,2685,67,measure
2026-09-11T03:27:02.051+00:00,490.000,370.685,99,21834.9,2685,65,measure
2026-09-11T03:27:03.052+00:00,491.000,383.654,99,21834.9,2685,64,measure
2026-09-11T03:27:04.054+00:00,492.001,365.405,99,21834.9,2685,65,measure
2026-09-11T03:27:05.063+00:00,493.000,358.597,99,21834.9,2655,66,measure
2026-09-11T03:27:06.056+00:00,494.000,396.522,100,21834.9,2685,64,measure
2026-09-11T03:27:07.051+00:00,495.001,374.329,99,21834.9,2685,68,measure
2026-09-11T03:27:08.051+00:00,496.001,356.809,99,21834.9,2685,67,measure
2026-09-11T03:27:09.053+00:00,497.000,391.149,99,21834.9,2685,71,measure
2026-09-11T03:27:10.053+00:00,498.000,370.387,99,21834.9,2685,65,measure
2026-09-11T03:27:11.060+00:00,499.001,362.383,99,21834.9,2685,64,measure
2026-09-11T03:27:12.051+00:00,500.000,399.072,99,21834.9,2625,66,measure
2026-09-11T03:27:13.055+00:00,501.004,371.46,99,21834.9,2685,64,measure
2026-09-11T03:27:14.051+00:00,502.001,362.101,99,21834.9,2685,64,measure
2026-09-11T03:27:15.070+00:00,503.001,378.962,99,21834.9,2655,68,measure
2026-09-11T03:27:16.067+00:00,504.001,378.679,99,21834.9,2685,65,measure
2026-09-11T03:27:17.051+00:00,505.001,363.545,99,21834.9,2685,64,measure
2026-09-11T03:27:15.545+00:00,506.001,372.182,99,21834.9,2685,71,measure
2026-09-11T03:27:16.545+00:00,507.001,387.011,99,21834.9,2685,64,measure
2026-09-11T03:27:17.545+00:00,508.001,365.384,99,21834.9,2685,66,measure
2026-09-11T03:27:18.560+00:00,509.001,365.615,99,21834.9,2670,65,measure
2026-09-11T03:27:19.546+00:00,510.001,396.394,99,21834.9,2685,71,measure
2026-09-11T03:27:20.545+00:00,511.001,373.713,99,21834.9,2685,66,measure
2026-09-11T03:27:21.544+00:00,512.000,355.622,99,21834.9,2685,69,measure
2026-09-11T03:27:22.545+00:00,513.001,392.991,99,21834.9,2685,67,measure
2026-09-11T03:27:23.545+00:00,514.001,370.232,99,21834.9,2640,66,measure
2026-09-11T03:27:24.547+00:00,515.001,365.864,99,21834.9,2685,64,measure
2026-09-11T03:27:25.547+00:00,516.001,403.778,99,21834.9,2685,67,measure
2026-09-11T03:27:26.544+00:00,517.000,375.724,99,21834.9,2685,64,measure
2026-09-11T03:27:27.545+00:00,518.000,360.083,99,21834.9,2685,64,measure
2026-09-11T03:27:28.544+00:00,519.000,389.507,99,21834.9,2685,66,measure
2026-09-11T03:27:29.544+00:00,520.000,381.142,99,21834.9,2685,64,measure
2026-09-11T03:27:30.546+00:00,521.000,363.725,99,21834.9,2685,64,measure
2026-09-11T03:27:31.598+00:00,522.000,375.113,99,21834.9,2685,65,measure
2026-09-11T03:27:32.577+00:00,523.001,384.608,99,21834.9,2685,64,measure
2026-09-11T03:27:33.545+00:00,524.000,364.289,99,21834.9,2685,65,measure
2026-09-11T03:27:34.544+00:00,525.000,366.789,99,21834.9,2685,66,measure
2026-09-11T03:27:35.547+00:00,526.001,395.419,99,21834.9,2685,64,measure
2026-09-11T03:27:36.550+00:00,527.000,373.274,99,21834.9,2685,66,measure
2026-09-11T03:27:37.548+00:00,528.000,356.276,99,21834.9,2640,67,measure
2026-09-11T03:27:38.545+00:00,529.000,390.474,99,21834.9,2685,71,measure
2026-09-11T03:27:39.547+00:00,530.001,369.059,99,21834.9,2685,64,measure
2026-09-11T03:27:40.545+00:00,531.001,361.754,99,21834.9,2685,64,measure
2026-09-11T03:27:41.547+00:00,532.001,399.456,99,21834.9,2685,65,measure
2026-09-11T03:27:42.549+00:00,533.001,371.623,99,21834.9,2685,64,measure
2026-09-11T03:27:43.547+00:00,534.000,359.526,99,21830.9,2640,64,measure
2026-09-11T03:27:44.554+00:00,535.000,388.323,99,21830.9,2685,68,measure
2026-09-11T03:27:45.548+00:00,536.000,379.914,99,21830.9,2685,65,measure
2026-09-11T03:27:46.545+00:00,537.001,363.73,99,21830.9,2685,64,measure
2026-09-11T03:27:45.085+00:00,538.000,374.389,99,21830.9,2685,71,measure
2026-09-11T03:27:46.045+00:00,539.000,383.779,99,21830.9,2685,64,measure
2026-09-11T03:27:47.044+00:00,540.001,367.223,99,21830.9,2685,67,measure
2026-09-11T03:27:48.051+00:00,541.000,370.154,99,21830.9,2685,66,measure
2026-09-11T03:27:49.044+00:00,542.000,392.499,99,21830.9,2685,71,measure
2026-09-11T03:27:50.044+00:00,543.000,372.578,99,21830.9,2685,66,measure
2026-09-11T03:27:51.044+00:00,544.000,354.338,99,21830.9,2685,68,measure
2026-09-11T03:27:52.045+00:00,545.000,393.05,99,21830.9,2655,66,measure
2026-09-11T03:27:53.045+00:00,546.000,370.443,99,21830.9,2685,68,measure
2026-09-11T03:27:54.044+00:00,547.000,357.891,99,21830.9,2670,65,measure
2026-09-11T03:27:55.086+00:00,548.000,400.009,99,21830.9,2685,68,measure
2026-09-11T03:27:56.089+00:00,549.000,373.609,99,21830.9,2685,64,measure
2026-09-11T03:27:57.045+00:00,550.001,363.388,99,21830.9,2685,64,measure
2026-09-11T03:27:58.060+00:00,551.000,389.023,99,21830.9,2685,65,measure
2026-09-11T03:27:59.044+00:00,552.000,377.46,99,21830.9,2685,64,measure
2026-09-11T03:28:00.044+00:00,553.001,363.237,99,21830.9,2685,64,measure
2026-09-11T03:28:01.044+00:00,554.001,373.756,99,21830.9,2685,65,measure
2026-09-11T03:28:02.044+00:00,555.000,377.173,99,21830.9,2685,64,measure
2026-09-11T03:28:03.045+00:00,556.000,365.837,99,21830.9,2685,65,measure
2026-09-11T03:28:04.050+00:00,557.001,368.227,99,21830.9,2685,67,measure
2026-09-11T03:28:05.044+00:00,558.000,393.869,99,21830.9,2685,66,measure
2026-09-11T03:28:06.045+00:00,559.001,366.261,99,21830.9,2685,67,measure
2026-09-11T03:28:07.046+00:00,560.001,359.191,99,21830.9,2685,65,measure
2026-09-11T03:28:08.045+00:00,561.001,392.419,99,21830.9,2640,72,measure
2026-09-11T03:28:09.045+00:00,562.000,369.474,99,21830.9,2685,64,measure
2026-09-11T03:28:10.046+00:00,563.001,358.315,99,21830.9,2685,64,measure
2026-09-11T03:28:11.044+00:00,564.000,397.664,99,21830.9,2685,66,measure
2026-09-11T03:28:12.044+00:00,565.001,373.566,99,21830.9,2685,64,measure
2026-09-11T03:28:13.044+00:00,566.000,361.201,99,21830.9,2640,64,measure
2026-09-11T03:28:14.044+00:00,567.000,387.307,99,21830.9,2655,68,measure
2026-09-11T03:28:15.045+00:00,568.000,375.043,99,21830.9,2685,65,measure
2026-09-11T03:28:16.048+00:00,569.001,367.848,99,21830.9,2685,64,measure
2026-09-11T03:28:17.078+00:00,570.002,375.951,99,21830.9,2685,71,measure
2026-09-11T03:28:15.562+00:00,571.001,381.726,99,21830.9,2685,64,measure
2026-09-11T03:28:16.562+00:00,572.001,367.36,99,21830.9,2685,68,measure
2026-09-11T03:28:17.562+00:00,573.001,371.159,99,21830.9,2685,67,measure
2026-09-11T03:28:18.563+00:00,574.001,389.327,99,21830.9,2685,71,measure
2026-09-11T03:28:19.564+00:00,575.000,372.247,99,21830.9,2685,67,measure
2026-09-11T03:28:20.592+00:00,576.001,359.283,99,21830.9,2685,68,measure
2026-09-11T03:28:21.577+00:00,577.000,394.265,99,21830.9,2655,66,measure
2026-09-11T03:28:22.563+00:00,578.001,369.051,99,21830.9,2640,67,measure
2026-09-11T03:28:23.562+00:00,579.001,358.19,99,21830.9,2685,65,measure
2026-09-11T03:28:24.563+00:00,580.000,391.97,99,21830.9,2685,68,measure
2026-09-11T03:28:25.564+00:00,581.000,370.407,99,21830.9,2685,64,measure
2026-09-11T03:28:26.573+00:00,582.001,362.432,99,21830.9,2685,64,measure
2026-09-11T03:28:27.568+00:00,583.000,389.446,99,21830.9,2685,66,measure
2026-09-11T03:28:28.562+00:00,584.001,379.06,99,21830.9,2685,64,measure
2026-09-11T03:28:29.562+00:00,585.000,363.979,99,21830.9,2685,64,measure
2026-09-11T03:28:30.563+00:00,586.000,378.231,99,21830.9,2670,65,measure
2026-09-11T03:28:31.562+00:00,587.001,378.541,99,21830.9,2685,64,measure
2026-09-11T03:28:32.562+00:00,588.001,367.477,99,21830.9,2685,65,measure
2026-09-11T03:28:33.562+00:00,589.001,372.597,99,21830.9,2685,68,measure
2026-09-11T03:28:34.564+00:00,590.000,385.992,99,21830.9,2685,66,measure
2026-09-11T03:28:35.562+00:00,591.000,367.272,99,21830.9,2685,67,measure
2026-09-11T03:28:36.581+00:00,592.000,357.905,99,21830.9,2640,65,measure
2026-09-11T03:28:37.567+00:00,593.000,395.52,99,21830.9,2685,70,measure
2026-09-11T03:28:38.562+00:00,594.001,373.395,99,21830.9,2685,64,measure
2026-09-11T03:28:39.562+00:00,595.000,357.186,99,21830.9,2685,64,measure
2026-09-11T03:28:40.608+00:00,596.001,395.55,99,21830.9,2685,65,measure
2026-09-11T03:28:41.562+00:00,597.000,372.507,99,21830.9,2685,64,measure
2026-09-11T03:28:42.563+00:00,598.000,365.198,99,21830.9,2685,64,measure
2026-09-11T03:28:43.565+00:00,599.003,393.032,99,21830.9,2640,69,measure
2026-09-11T03:28:44.562+00:00,600.000,372.738,99,21830.9,2625,65,measure
2026-09-11T03:28:45.564+00:00,601.003,364.355,99,21830.9,2685,64,measure
2026-09-11T03:28:46.588+00:00,602.008,386.786,99,21830.9,2640,71,measure
2026-09-11T03:28:45.085+00:00,603.006,375.563,99,21830.9,2685,64,measure
2026-09-11T03:28:46.066+00:00,604.001,366.543,99,21830.9,2685,68,measure
2026-09-11T03:28:47.069+00:00,605.005,371.337,99,21830.9,2685,67,measure
2026-09-11T03:28:48.065+00:00,606.001,383.501,99,21830.9,2685,71,measure
2026-09-11T03:28:49.071+00:00,607.007,364.974,99,21830.9,2685,67,measure
2026-09-11T03:28:50.088+00:00,608.000,359.436,99,21830.9,2685,67,measure
2026-09-11T03:28:51.073+00:00,609.000,394.979,99,21830.9,2685,66,measure
2026-09-11T03:28:52.066+00:00,610.001,374.733,99,21830.9,2685,68,measure
2026-09-11T03:28:53.068+00:00,611.001,358.035,99,21830.9,2685,65,measure
2026-09-11T03:28:54.065+00:00,612.001,392.074,99,21830.9,2685,65,measure
2026-09-11T03:28:55.064+00:00,613.000,373.303,99,21830.9,2685,64,measure
2026-09-11T03:28:56.065+00:00,614.001,365.453,99,21830.9,2685,64,measure
2026-09-11T03:28:57.065+00:00,615.001,402.01,99,21830.9,2625,65,measure
2026-09-11T03:28:58.072+00:00,616.004,371.761,99,21830.9,2685,64,measure
2026-09-11T03:28:59.066+00:00,617.002,361.649,99,21830.9,2685,64,measure
2026-09-11T03:29:00.065+00:00,618.001,379.432,99,21830.9,2685,67,measure
2026-09-11T03:29:01.065+00:00,619.001,379.667,99,21830.9,2685,64,measure
2026-09-11T03:29:02.065+00:00,620.000,361.982,99,21830.9,2685,65,measure
2026-09-11T03:29:03.065+00:00,621.001,373.197,99,21830.9,2685,68,measure
2026-09-11T03:29:04.067+00:00,622.001,384.953,99,21830.9,2685,66,measure
2026-09-11T03:29:05.066+00:00,623.001,365.904,99,21830.9,2685,66,measure
2026-09-11T03:29:06.087+00:00,624.001,366.241,99,21830.9,2685,65,measure
2026-09-11T03:29:07.069+00:00,625.000,394.606,99,21830.9,2685,67,measure
2026-09-11T03:29:08.065+00:00,626.001,373.1,99,21830.9,2685,64,measure
2026-09-11T03:29:09.064+00:00,627.000,355.348,99,21830.9,2685,64,measure
2026-09-11T03:29:10.066+00:00,628.000,391.589,99,21830.9,2685,65,measure
2026-09-11T03:29:11.066+00:00,629.001,368.027,99,21830.9,2685,64,measure
2026-09-11T03:29:12.072+00:00,630.001,365.902,99,21830.9,2685,64,measure
2026-09-11T03:29:13.064+00:00,631.000,400.076,99,21830.9,2685,70,measure
2026-09-11T03:29:14.065+00:00,632.001,377.011,99,21830.9,2685,65,measure
2026-09-11T03:29:15.064+00:00,633.000,359.381,99,21830.9,2685,64,measure
2026-09-11T03:29:16.089+00:00,634.000,387.853,99,21830.9,2685,71,measure
2026-09-11T03:29:14.600+00:00,635.001,376.606,99,21830.9,2685,64,measure
2026-09-11T03:29:15.599+00:00,636.000,363.244,99,21830.9,2685,68,measure
2026-09-11T03:29:16.599+00:00,637.000,374.332,99,21830.9,2685,68,measure
2026-09-11T03:29:17.645+00:00,638.000,383.458,99,21830.9,2685,64,measure
2026-09-11T03:29:18.600+00:00,639.000,366.824,99,21830.9,2685,68,measure
2026-09-11T03:29:19.604+00:00,640.000,368.313,99,21830.9,2685,67,measure
2026-09-11T03:29:20.600+00:00,641.000,393.828,99,21830.9,2685,66,measure
2026-09-11T03:29:21.599+00:00,642.000,373.21,99,21830.9,2685,69,measure
2026-09-11T03:29:22.599+00:00,643.000,359.015,99,21830.9,2670,65,measure
2026-09-11T03:29:23.599+00:00,644.000,391.105,99,21830.9,2685,65,measure
2026-09-11T03:29:24.600+00:00,645.001,369.87,99,21830.9,2685,64,measure
2026-09-11T03:29:25.601+00:00,646.001,359.151,99,21830.9,2685,64,measure
2026-09-11T03:29:26.600+00:00,647.000,400.559,99,21830.9,2685,65,measure
2026-09-11T03:29:27.651+00:00,648.000,371.993,99,21830.9,2640,64,measure
2026-09-11T03:29:28.599+00:00,649.000,360.312,99,21830.9,2670,64,measure
2026-09-11T03:29:29.622+00:00,650.001,387.112,99,21830.9,2685,68,measure
2026-09-11T03:29:30.600+00:00,651.000,379.7,99,21830.9,2685,68,measure
2026-09-11T03:29:31.601+00:00,652.000,362.894,99,21830.9,2685,65,measure
2026-09-11T03:29:32.602+00:00,653.001,377.266,99,21830.9,2640,68,measure
2026-09-11T03:29:33.600+00:00,654.001,380.716,99,21830.9,2685,67,measure
2026-09-11T03:29:34.600+00:00,655.001,365.235,99,21830.9,2685,66,measure
2026-09-11T03:29:35.609+00:00,656.000,366.635,99,21830.9,2685,67,measure
2026-09-11T03:29:36.602+00:00,657.001,392.705,99,21830.9,2685,66,measure
2026-09-11T03:29:37.603+00:00,658.001,371.487,99,21830.9,2685,64,measure
2026-09-11T03:29:38.618+00:00,659.018,356.251,99,21830.9,2685,64,measure
2026-09-11T03:29:39.601+00:00,660.002,392.541,100,21830.9,2670,65,measure
2026-09-11T03:29:40.601+00:00,661.002,367.108,99,21830.9,2685,64,measure
2026-09-11T03:29:41.599+00:00,662.000,359.201,99,21830.9,2640,64,measure
2026-09-11T03:29:42.656+00:00,663.002,399.814,99,21830.9,2685,70,measure
2026-09-11T03:29:43.638+00:00,664.002,376.033,99,21830.9,2685,69,measure
2026-09-11T03:29:44.599+00:00,665.001,358.683,99,21830.9,2685,64,measure
2026-09-11T03:29:45.601+00:00,666.003,390.026,99,21830.9,2670,68,measure
2026-09-11T03:29:46.602+00:00,667.000,376.243,99,21830.9,2685,64,measure
2026-09-11T03:29:45.119+00:00,668.001,362.266,100,21830.9,2685,66,measure
2026-09-11T03:29:46.119+00:00,669.000,373.748,99,21830.9,2640,69,measure
2026-09-11T03:29:47.119+00:00,670.001,373.874,99,21830.9,2685,66,measure
2026-09-11T03:29:48.119+00:00,671.001,366.617,99,21830.9,2685,69,measure
2026-09-11T03:29:49.119+00:00,672.001,369.412,99,21830.9,2685,66,measure
2026-09-11T03:29:50.118+00:00,673.000,393.169,99,21830.9,2685,66,measure
2026-09-11T03:29:51.119+00:00,674.000,372.695,99,21830.9,2685,69,measure
2026-09-11T03:29:52.120+00:00,675.000,359.195,99,21830.9,2685,65,measure
2026-09-11T03:29:53.134+00:00,676.001,393.128,99,21830.9,2655,65,measure
2026-09-11T03:29:54.126+00:00,677.001,371.327,99,21830.9,2685,66,measure
2026-09-11T03:29:55.119+00:00,678.001,360.266,99,21830.9,2685,64,measure
2026-09-11T03:29:56.167+00:00,679.001,396.133,99,21830.9,2685,65,measure
2026-09-11T03:29:57.119+00:00,680.001,374.837,99,21830.9,2685,64,measure
2026-09-11T03:29:58.120+00:00,681.001,363.814,99,21830.9,2655,64,measure
2026-09-11T03:29:59.130+00:00,682.001,392.002,99,21830.9,2670,70,measure
2026-09-11T03:30:00.118+00:00,683.000,372.245,99,21830.9,2685,69,measure
2026-09-11T03:30:01.118+00:00,684.000,366.993,99,21830.9,2685,65,measure
2026-09-11T03:30:02.120+00:00,685.002,377.883,99,21830.9,2685,67,measure
2026-09-11T03:30:03.120+00:00,686.002,379.856,99,21830.9,2685,68,measure
2026-09-11T03:30:04.125+00:00,687.002,365.212,99,21830.9,2685,65,measure
2026-09-11T03:30:05.120+00:00,688.001,373.338,99,21830.9,2685,68,measure
2026-09-11T03:30:06.119+00:00,689.001,390.822,99,21830.9,2685,66,measure
2026-09-11T03:30:07.119+00:00,690.001,369.683,99,21830.9,2685,64,measure
2026-09-11T03:30:08.119+00:00,691.001,357.727,99,21830.9,2670,64,measure
2026-09-11T03:30:09.119+00:00,692.001,394.839,99,21830.9,2685,66,measure
2026-09-11T03:30:10.120+00:00,693.000,369.94,99,21830.9,2640,64,measure
2026-09-11T03:30:11.121+00:00,694.002,358.729,99,21830.9,2685,68,measure
2026-09-11T03:30:12.174+00:00,695.002,398.476,99,21830.9,2685,70,measure
2026-09-11T03:30:13.119+00:00,696.001,372.032,99,21830.9,2685,69,measure
2026-09-11T03:30:14.120+00:00,697.001,365.27,99,21830.9,2640,64,measure
2026-09-11T03:30:15.119+00:00,698.001,391.197,99,21830.9,2685,68,measure
2026-09-11T03:30:16.122+00:00,699.002,374.51,99,21830.9,2685,65,measure
2026-09-11T03:30:14.626+00:00,700.001,360.561,99,21830.9,2685,64,measure
2026-09-11T03:30:15.657+00:00,701.002,383.682,99,21830.9,2655,69,measure
2026-09-11T03:30:16.624+00:00,702.002,376.424,99,21830.9,2670,64,measure
2026-09-11T03:30:17.623+00:00,703.001,365.855,99,21830.9,2685,64,measure
2026-09-11T03:30:18.623+00:00,704.001,371.72,99,21830.9,2685,68,measure
2026-09-11T03:30:19.627+00:00,705.001,388.295,99,21830.9,2685,64,measure
2026-09-11T03:30:20.625+00:00,706.001,367.045,99,21830.9,2685,66,measure
2026-09-11T03:30:21.654+00:00,707.002,358.944,99,21830.9,2640,65,measure
2026-09-11T03:30:22.622+00:00,708.000,392.452,99,21830.9,2685,64,measure
2026-09-11T03:30:23.623+00:00,709.000,373.935,99,21830.9,2685,65,measure
2026-09-11T03:30:24.623+00:00,710.000,355.428,99,21830.9,2685,64,measure
2026-09-11T03:30:25.624+00:00,711.000,393.197,99,21830.9,2685,69,measure
2026-09-11T03:30:26.624+00:00,712.001,372.678,99,21830.9,2685,65,measure
2026-09-11T03:30:27.628+00:00,713.006,362.903,99,21830.9,2685,65,measure
2026-09-11T03:30:28.627+00:00,714.003,397.053,99,21830.9,2625,67,measure
2026-09-11T03:30:29.627+00:00,715.005,372.073,99,21830.9,2625,64,measure
2026-09-11T03:30:30.623+00:00,716.001,366.972,100,21830.9,2685,64,measure
2026-09-11T03:30:31.662+00:00,717.007,387.348,99,21830.9,2640,66,measure
2026-09-11T03:30:32.643+00:00,718.006,377.554,99,21830.9,2670,66,measure
2026-09-11T03:30:33.623+00:00,719.001,364.022,99,21830.9,2685,64,measure
2026-09-11T03:30:34.623+00:00,720.001,374.56,99,21830.9,2685,70,measure
2026-09-11T03:30:35.623+00:00,721.001,390.585,99,21830.9,2685,64,measure
2026-09-11T03:30:36.624+00:00,722.001,365.512,99,21830.9,2685,64,measure
2026-09-11T03:30:37.641+00:00,723.001,363.162,99,21830.9,2655,67,measure
2026-09-11T03:30:38.624+00:00,724.000,396.223,99,21830.9,2685,70,measure
2026-09-11T03:30:39.623+00:00,725.000,372.209,99,21830.9,2685,69,measure
2026-09-11T03:30:40.623+00:00,726.000,357.555,99,21830.9,2685,69,measure
2026-09-11T03:30:41.623+00:00,727.000,392.988,99,21830.9,2685,68,measure
2026-09-11T03:30:42.623+00:00,728.001,372.927,99,21830.9,2685,68,measure
2026-09-11T03:30:43.625+00:00,729.002,367.657,99,21830.9,2685,66,measure
2026-09-11T03:30:44.626+00:00,730.001,402.782,99,21830.9,2685,67,measure
2026-09-11T03:30:45.623+00:00,731.000,374.534,99,21830.9,2685,65,measure
2026-09-11T03:30:44.144+00:00,732.000,359.93,99,21830.9,2685,64,measure
2026-09-11T03:30:45.145+00:00,733.001,385.165,99,21830.9,2685,67,measure
2026-09-11T03:30:46.146+00:00,734.001,382.021,99,21830.9,2685,64,measure
2026-09-11T03:30:47.146+00:00,735.000,364.986,99,21830.9,2685,64,measure
2026-09-11T03:30:48.145+00:00,736.001,374.443,99,21830.9,2685,67,measure
2026-09-11T03:30:49.144+00:00,737.000,386.157,99,21830.9,2685,64,measure
2026-09-11T03:30:50.145+00:00,738.001,365.334,99,21830.9,2685,65,measure
2026-09-11T03:30:51.144+00:00,739.000,367.476,99,21830.9,2685,64,measure
2026-09-11T03:30:52.147+00:00,740.002,395.588,99,21830.9,2685,64,measure
2026-09-11T03:30:53.147+00:00,741.001,374.004,99,21830.9,2685,67,measure
2026-09-11T03:30:54.201+00:00,742.001,355.732,99,21830.9,2685,66,measure
2026-09-11T03:30:55.144+00:00,743.000,391.605,99,21830.9,2685,70,measure
2026-09-11T03:30:56.146+00:00,744.000,368.497,99,21830.9,2685,65,measure
2026-09-11T03:30:57.147+00:00,745.000,361.705,99,21830.9,2685,65,measure
2026-09-11T03:30:58.145+00:00,746.000,398.328,99,21830.9,2685,66,measure
2026-09-11T03:30:59.149+00:00,747.000,375.214,99,21830.9,2685,64,measure
2026-09-11T03:31:00.145+00:00,748.000,359.489,99,21830.9,2685,64,measure
2026-09-11T03:31:01.172+00:00,749.000,388.366,99,21830.9,2685,68,measure
2026-09-11T03:31:02.145+00:00,750.001,380.664,99,21830.9,2685,66,measure
2026-09-11T03:31:03.145+00:00,751.001,362.086,100,21830.9,2685,64,measure
2026-09-11T03:31:04.144+00:00,752.000,375.57,99,21830.9,2685,70,measure
2026-09-11T03:31:05.146+00:00,753.000,383.306,99,21830.9,2685,64,measure
2026-09-11T03:31:06.145+00:00,754.000,367.02,99,21830.9,2685,64,measure
2026-09-11T03:31:07.155+00:00,755.000,363.036,99,21830.9,2685,66,measure
2026-09-11T03:31:08.148+00:00,756.000,391.156,99,21830.9,2685,71,measure
2026-09-11T03:31:09.144+00:00,757.000,373.74,99,21830.9,2685,67,measure
2026-09-11T03:31:10.145+00:00,758.000,355.921,99,21830.9,2640,69,measure
2026-09-11T03:31:11.150+00:00,759.001,392.194,99,21830.9,2685,68,measure
2026-09-11T03:31:12.158+00:00,760.004,374.772,99,21830.9,2685,67,measure
2026-09-11T03:31:13.144+00:00,761.000,359.121,99,21830.9,2685,65,measure
2026-09-11T03:31:14.144+00:00,762.000,402.471,99,21830.9,2685,67,measure
2026-09-11T03:31:15.190+00:00,763.001,374.99,99,21830.9,2685,65,measure
2026-09-11T03:31:16.184+00:00,764.000,363.219,99,21830.9,2685,64,measure
2026-09-11T03:31:14.650+00:00,765.001,389.303,99,21830.9,2640,67,measure
2026-09-11T03:31:15.644+00:00,766.000,377.945,99,21830.9,2685,64,measure
2026-09-11T03:31:16.645+00:00,767.001,363.346,99,21830.9,2655,64,measure
2026-09-11T03:31:17.692+00:00,768.000,373.848,99,21830.9,2670,65,measure
2026-09-11T03:31:18.644+00:00,769.000,380.059,99,21830.9,2685,64,measure
2026-09-11T03:31:19.645+00:00,770.000,366.615,99,21830.9,2685,65,measure
2026-09-11T03:31:20.645+00:00,771.000,368.002,99,21830.9,2685,64,measure
2026-09-11T03:31:21.645+00:00,772.000,395.614,99,21830.9,2685,64,measure
2026-09-11T03:31:22.645+00:00,773.001,370.186,99,21830.9,2685,67,measure
2026-09-11T03:31:23.646+00:00,774.000,358.953,99,21830.9,2685,66,measure
2026-09-11T03:31:24.651+00:00,775.006,391.803,100,21830.9,2685,70,measure
2026-09-11T03:31:25.645+00:00,776.000,371.221,99,21830.9,2685,65,measure
2026-09-11T03:31:26.645+00:00,777.000,359.493,99,21830.9,2685,65,measure
2026-09-11T03:31:27.645+00:00,778.001,399.529,99,21830.9,2685,66,measure
2026-09-11T03:31:28.644+00:00,779.000,376.255,99,21830.9,2685,64,measure
2026-09-11T03:31:29.644+00:00,780.000,360.072,99,21830.9,2685,64,measure
2026-09-11T03:31:30.645+00:00,781.001,386.37,99,21830.9,2640,68,measure
2026-09-11T03:31:31.646+00:00,782.001,369.793,99,21830.9,2685,65,measure
2026-09-11T03:31:32.647+00:00,783.001,363.923,99,21830.9,2685,64,measure
2026-09-11T03:31:33.646+00:00,784.001,374.76,99,21830.9,2685,70,measure
2026-09-11T03:31:34.644+00:00,785.000,383.296,99,21830.9,2685,64,measure
2026-09-11T03:31:35.645+00:00,786.000,367.6,99,21830.9,2685,64,measure
2026-09-11T03:31:36.644+00:00,787.000,370.452,99,21830.9,2685,66,measure
2026-09-11T03:31:37.646+00:00,788.001,390.864,99,21830.9,2685,70,measure
2026-09-11T03:31:38.647+00:00,789.000,372.84,99,21830.9,2685,67,measure
2026-09-11T03:31:39.645+00:00,790.000,358.379,99,21830.9,2685,69,measure
2026-09-11T03:31:40.673+00:00,791.000,393.312,99,21830.9,2640,68,measure
2026-09-11T03:31:41.650+00:00,792.000,369.904,99,21830.9,2685,67,measure
2026-09-11T03:31:42.644+00:00,793.000,359.348,99,21830.9,2685,66,measure
2026-09-11T03:31:43.706+00:00,794.001,393.694,99,21830.9,2685,65,measure
2026-09-11T03:31:44.647+00:00,795.000,371.668,99,21830.9,2685,65,measure
2026-09-11T03:31:45.645+00:00,796.000,362.376,99,21830.9,2670,64,measure
2026-09-11T03:31:44.159+00:00,797.000,390.493,99,21830.9,2655,67,measure
2026-09-11T03:31:45.145+00:00,798.001,380.631,99,21830.9,2685,64,measure
2026-09-11T03:31:46.144+00:00,799.000,366.723,99,21830.9,2685,64,measure
2026-09-11T03:31:47.191+00:00,800.001,378.676,99,21830.9,2685,65,measure
2026-09-11T03:31:48.149+00:00,801.001,381.485,99,21830.9,2655,64,measure
2026-09-11T03:31:49.145+00:00,802.001,366.508,99,21830.9,2685,65,measure
2026-09-11T03:31:50.146+00:00,803.002,374.23,99,21830.9,2685,64,measure
2026-09-11T03:31:51.148+00:00,804.004,388.628,99,21830.9,2685,64,measure
2026-09-11T03:31:52.147+00:00,805.002,368.667,99,21830.9,2685,67,measure
2026-09-11T03:31:53.146+00:00,806.001,359.264,99,21830.9,2655,66,measure
2026-09-11T03:31:54.149+00:00,807.000,398.608,99,21830.9,2640,69,measure
2026-09-11T03:31:55.146+00:00,808.002,372.489,99,21830.9,2685,65,measure
2026-09-11T03:31:56.145+00:00,809.001,359.457,99,21830.9,2685,65,measure
2026-09-11T03:31:57.193+00:00,810.001,398.081,99,21830.9,2685,66,measure
2026-09-11T03:31:58.145+00:00,811.001,374.052,99,21830.9,2640,64,measure
2026-09-11T03:31:59.164+00:00,812.001,367.044,99,21830.9,2670,64,measure
2026-09-11T03:32:00.145+00:00,813.000,358.781,100,21830.9,2685,63,measure
2026-09-11T03:32:01.145+00:00,814.000,349.088,99,21830.9,2685,63,measure
2026-09-11T03:32:02.145+00:00,815.000,337.677,100,21830.9,2685,66,measure
2026-09-11T03:32:03.145+00:00,816.000,311.667,99,21830.9,2685,62,measure
2026-09-11T03:32:04.145+00:00,817.000,316.56,99,21830.9,2685,63,measure
2026-09-11T03:32:05.146+00:00,818.000,317.63,99,21830.9,2685,62,measure
2026-09-11T03:32:06.146+00:00,819.000,316.133,99,21830.9,2685,63,measure
2026-09-11T03:32:07.144+00:00,820.000,324.759,99,21830.9,2685,63,measure
2026-09-11T03:32:08.194+00:00,821.002,349.885,99,21830.9,2685,63,measure
2026-09-11T03:32:09.145+00:00,822.001,352.183,99,21830.9,2685,63,measure
2026-09-11T03:32:10.145+00:00,823.001,339.648,100,21830.9,2685,63,measure
2026-09-11T03:32:11.147+00:00,824.001,328.482,99,21830.9,2685,63,measure
2026-09-11T03:32:12.146+00:00,825.001,318.181,99,21830.9,2685,62,measure
2026-09-11T03:32:13.145+00:00,826.001,318.62,99,21830.9,2685,63,measure
2026-09-11T03:32:14.145+00:00,827.000,326.955,99,21830.9,2685,62,measure
2026-09-11T03:32:15.145+00:00,828.000,325.784,99,21830.9,2685,64,measure
2026-09-11T03:32:16.145+00:00,829.000,312.535,100,21830.9,2685,62,measure
2026-09-11T03:32:14.662+00:00,830.000,314.827,99,21830.9,2685,65,measure
2026-09-11T03:32:15.662+00:00,831.000,324.957,100,21830.9,2685,62,measure
2026-09-11T03:32:16.661+00:00,832.001,331.87,99,21830.9,2685,63,measure
2026-09-11T03:32:17.661+00:00,833.001,324.653,99,21830.9,2685,61,measure
2026-09-11T03:32:18.661+00:00,834.001,314.105,100,21830.9,2685,61,measure
2026-09-11T03:32:19.662+00:00,835.001,308.869,99,21830.9,2685,61,measure
2026-09-11T03:32:20.666+00:00,836.000,322.142,99,21830.9,2685,63,measure
2026-09-11T03:32:21.662+00:00,837.001,327.484,99,21830.9,2685,62,measure
2026-09-11T03:32:22.661+00:00,838.001,331.011,99,21832,2685,62,measure
2026-09-11T03:32:23.661+00:00,839.001,313.78,100,21957.5,2685,61,measure
2026-09-11T03:32:24.661+00:00,840.001,296.668,99,21957.5,2685,61,measure
2026-09-11T03:32:25.662+00:00,841.001,323.778,99,21959.9,2685,61,measure
2026-09-11T03:32:26.662+00:00,842.000,317.478,99,21961.8,2685,61,measure
2026-09-11T03:32:27.662+00:00,843.001,345.322,99,21961.9,2685,62,measure
2026-09-11T03:32:28.661+00:00,844.001,332.424,99,21965.4,2685,63,measure
2026-09-11T03:32:29.661+00:00,845.001,336.198,99,21970.1,2685,63,measure
2026-09-11T03:32:30.661+00:00,846.001,327.071,99,21970.1,2685,63,measure
2026-09-11T03:32:31.662+00:00,847.001,325.505,99,21970.1,2685,62,measure
2026-09-11T03:32:32.666+00:00,848.005,327.503,99,21970.1,2685,61,measure
2026-09-11T03:32:33.661+00:00,849.000,341.224,99,21970.1,2685,62,measure
2026-09-11T03:32:34.661+00:00,850.001,349.088,99,21997.5,2685,66,measure
2026-09-11T03:32:35.663+00:00,851.001,336.125,99,21835.3,2685,62,measure
2026-09-11T03:32:36.661+00:00,852.000,312.181,99,21850.3,2685,60,measure
2026-09-11T03:32:37.661+00:00,853.000,309.595,99,21859.3,2685,60,measure
2026-09-11T03:32:38.665+00:00,854.000,313.615,99,21859.6,2685,61,measure
2026-09-11T03:32:39.661+00:00,855.001,312.669,99,21859.8,2685,61,measure
2026-09-11T03:32:40.661+00:00,856.000,316.369,99,21859.8,2685,61,measure
2026-09-11T03:32:41.661+00:00,857.000,309.167,99,21859.5,2685,61,measure
2026-09-11T03:32:42.661+00:00,858.001,310.783,99,21857.1,2685,61,measure
2026-09-11T03:32:43.662+00:00,859.001,311.084,99,21863.3,2685,60,measure
2026-09-11T03:32:44.662+00:00,860.000,305.054,99,21864.6,2685,63,measure
2026-09-11T03:32:45.661+00:00,861.000,309.708,99,21864.2,2685,60,measure
2026-09-11T03:32:44.163+00:00,862.000,313.888,99,21863.6,2685,61,measure
2026-09-11T03:32:45.163+00:00,863.000,319.121,99,21863.6,2685,61,measure
2026-09-11T03:32:46.163+00:00,864.001,325.74,99,21863.6,2685,63,measure
2026-09-11T03:32:47.164+00:00,865.000,329.136,99,21863.6,2685,61,measure
2026-09-11T03:32:48.164+00:00,866.000,335.222,99,21861.8,2685,62,measure
2026-09-11T03:32:49.164+00:00,867.001,334.97,99,21855.2,2685,62,measure
2026-09-11T03:32:50.163+00:00,868.001,333.942,99,21870.6,2685,62,measure
2026-09-11T03:32:51.163+00:00,869.000,338.512,99,21870.6,2685,63,measure
2026-09-11T03:32:52.165+00:00,870.003,332.893,99,21871.6,2685,62,measure
2026-09-11T03:32:53.164+00:00,871.001,331.699,99,21871.6,2685,62,measure
2026-09-11T03:32:54.165+00:00,872.001,321.638,99,21871.6,2685,61,measure
2026-09-11T03:32:55.163+00:00,873.001,334.472,99,21871.6,2685,62,measure
2026-09-11T03:32:56.165+00:00,874.003,337.648,99,21870.7,2685,62,measure
2026-09-11T03:32:57.163+00:00,875.000,333.039,99,21869.3,2685,64,measure
2026-09-11T03:32:58.163+00:00,876.000,304.591,100,21855.8,2685,60,measure
2026-09-11T03:32:59.164+00:00,877.000,288.593,99,21855.8,2685,61,measure
2026-09-11T03:33:00.166+00:00,878.000,298.46,99,21855.8,2685,60,measure
2026-09-11T03:33:01.163+00:00,879.001,298.678,99,21854,2685,59,measure
2026-09-11T03:33:02.163+00:00,880.001,310.012,99,21854,2685,60,measure
2026-09-11T03:33:03.165+00:00,881.000,310.884,99,21854,2685,61,measure
2026-09-11T03:33:04.163+00:00,882.000,309.51,99,21854,2685,60,measure
2026-09-11T03:33:05.164+00:00,883.000,316.633,99,21854,2685,61,measure
2026-09-11T03:33:06.164+00:00,884.000,308.165,99,21854,2685,60,measure
2026-09-11T03:33:07.163+00:00,885.000,308.407,99,21854,2685,60,measure
2026-09-11T03:33:08.163+00:00,886.000,322.042,99,21854,2685,60,measure
2026-09-11T03:33:09.163+00:00,887.000,317.611,99,21854,2685,62,measure
2026-09-11T03:33:10.163+00:00,888.000,319.56,99,21854,2685,66,measure
2026-09-11T03:33:11.164+00:00,889.001,324.971,99,21854,2685,60,measure
2026-09-11T03:33:12.163+00:00,890.000,322.419,99,21854,2685,60,measure
2026-09-11T03:33:13.163+00:00,891.000,322.488,99,21854,2685,60,measure
2026-09-11T03:33:14.163+00:00,892.000,310.339,99,21854,2685,60,measure
2026-09-11T03:33:15.162+00:00,893.000,307.548,100,21854,2685,60,measure
2026-09-11T03:33:13.682+00:00,894.000,311.456,99,21854,2685,60,measure
2026-09-11T03:33:14.683+00:00,895.000,332.067,99,21854,2685,61,measure
2026-09-11T03:33:15.684+00:00,896.000,329.754,99,21854,2685,61,measure
2026-09-11T03:33:16.682+00:00,897.001,332.93,99,21854,2685,62,measure
2026-09-11T03:33:17.683+00:00,898.001,327.502,99,21854.8,2685,63,measure
2026-09-11T03:33:18.731+00:00,899.002,344.737,99,21854.9,2685,64,measure
2026-09-11T03:33:19.682+00:00,900.000,357.053,99,21854.9,2685,63,measure
2026-09-11T03:33:20.684+00:00,901.000,341.999,99,21854.9,2685,62,measure
2026-09-11T03:33:21.684+00:00,902.000,330.723,99,21854.9,2685,63,measure
2026-09-11T03:33:22.682+00:00,903.001,331.706,99,21855.1,2685,61,measure
2026-09-11T03:33:23.683+00:00,904.001,309.075,99,21870.3,2685,60,measure
2026-09-11T03:33:24.682+00:00,905.000,331.143,99,21871.3,2685,64,measure
2026-09-11T03:33:25.682+00:00,906.000,328.621,99,21878.1,2685,63,measure
2026-09-11T03:33:26.685+00:00,907.002,330.646,99,21877.4,2685,61,measure
2026-09-11T03:33:27.696+00:00,908.015,329.672,99,21868.3,2685,63,measure
2026-09-11T03:33:28.682+00:00,909.001,328.135,99,21837.4,2685,63,measure
2026-09-11T03:33:29.689+00:00,910.007,336.32,99,21837.4,2685,62,measure
2026-09-11T03:33:30.685+00:00,911.003,339.869,99,21984.7,2685,62,measure
2026-09-11T03:33:31.692+00:00,912.007,348.466,99,22027.3,2685,64,measure
2026-09-11T03:33:32.694+00:00,913.012,343.922,99,22013,2685,62,measure
2026-09-11T03:33:33.685+00:00,914.000,334.231,99,22013,2685,61,measure
2026-09-11T03:33:34.682+00:00,915.000,324.189,99,22066.2,2685,61,measure
2026-09-11T03:33:35.682+00:00,916.000,308.23,99,22112.8,2685,60,measure
2026-09-11T03:33:36.682+00:00,917.000,316.962,99,22116.8,2685,63,measure
2026-09-11T03:33:37.682+00:00,918.000,295.881,99,22131.2,2685,61,measure
2026-09-11T03:33:38.683+00:00,919.000,291.662,99,22122.8,2685,60,measure
2026-09-11T03:33:39.684+00:00,920.001,295.402,99,22122.8,2685,60,measure
2026-09-11T03:33:40.693+00:00,921.011,296.462,99,22139.7,2685,60,measure
2026-09-11T03:33:41.689+00:00,922.007,303.33,99,22124.3,2685,60,measure
2026-09-11T03:33:42.682+00:00,923.000,318.672,99,22110.4,2685,62,measure
2026-09-11T03:33:43.682+00:00,924.000,332.058,99,22105.3,2685,65,measure
2026-09-11T03:33:44.686+00:00,925.000,347.008,99,22105.6,2685,62,measure
2026-09-11T03:33:45.683+00:00,926.001,359.309,99,22127.3,2685,62,measure
2026-09-11T03:33:44.183+00:00,927.001,351.253,99,22127.3,2685,63,measure
2026-09-11T03:33:45.185+00:00,928.001,349.785,99,22124.6,2685,64,measure
2026-09-11T03:33:46.184+00:00,929.001,324.009,99,22124.8,2685,61,measure
2026-09-11T03:33:47.183+00:00,930.001,308.645,99,22126.7,2685,61,measure
2026-09-11T03:33:48.185+00:00,931.002,302.718,99,22121.8,2685,61,measure
2026-09-11T03:33:49.185+00:00,932.002,307.796,99,22140.3,2685,60,measure
2026-09-11T03:33:50.183+00:00,933.001,316.636,99,22122.3,2685,61,measure
2026-09-11T03:33:51.182+00:00,934.000,317.739,99,22108.4,2685,61,measure
2026-09-11T03:33:52.182+00:00,935.000,302.486,99,22135.7,2685,60,measure
2026-09-11T03:33:53.182+00:00,936.000,310.032,99,22186.2,2685,61,measure
2026-09-11T03:33:54.184+00:00,937.001,317.839,99,22186.2,2685,62,measure
2026-09-11T03:33:55.183+00:00,938.001,336.174,99,22190.5,2685,61,measure
2026-09-11T03:33:56.182+00:00,939.000,316.12,99,22245.8,2685,61,measure
2026-09-11T03:33:57.182+00:00,940.000,304.966,99,22225.3,2685,60,measure
2026-09-11T03:33:58.183+00:00,941.000,306.616,99,22224.4,2685,60,measure
2026-09-11T03:33:59.183+00:00,942.000,301.806,99,22216.2,2685,61,measure
2026-09-11T03:34:00.190+00:00,943.008,334.985,99,22208.2,2685,62,measure
2026-09-11T03:34:01.184+00:00,944.001,340.147,99,22259.9,2685,61,measure
2026-09-11T03:34:02.186+00:00,945.004,338.303,99,22313.5,2685,62,measure
2026-09-11T03:34:03.215+00:00,946.031,331.83,99,22403.6,2685,61,measure
2026-09-11T03:34:04.192+00:00,947.009,330.511,99,22396.4,2685,61,measure
2026-09-11T03:34:05.203+00:00,948.021,332.111,99,22396.3,2685,68,measure
2026-09-11T03:34:06.184+00:00,949.000,346.817,99,22380.3,2685,65,measure
2026-09-11T03:34:07.192+00:00,950.010,351.576,99,22380.3,2670,63,measure
2026-09-11T03:34:08.203+00:00,951.017,347.339,99,22316.3,2685,62,measure
2026-09-11T03:34:09.183+00:00,952.000,336.514,99,22316.3,2685,61,measure
2026-09-11T03:34:10.182+00:00,953.000,343.697,99,22316.3,2685,61,measure
2026-09-11T03:34:11.183+00:00,954.000,328.795,99,22316.3,2685,61,measure
2026-09-11T03:34:12.184+00:00,955.000,322.568,99,22316.3,2685,61,measure
2026-09-11T03:34:13.183+00:00,956.000,311.002,99,22316.3,2685,60,measure
2026-09-11T03:34:14.183+00:00,957.001,317.201,99,22228.2,2685,60,measure
2026-09-11T03:34:15.186+00:00,958.004,310.369,99,22240.7,2685,63,measure
2026-09-11T03:34:13.699+00:00,959.003,323.3,99,22240.6,2685,64,measure
2026-09-11T03:34:14.699+00:00,960.003,307.907,99,22240.6,2685,60,measure
2026-09-11T03:34:15.703+00:00,961.008,325.48,99,22239.8,2685,62,measure
2026-09-11T03:34:16.751+00:00,962.007,344.698,99,22239.8,2685,62,measure
2026-09-11T03:34:17.736+00:00,963.006,363.512,99,22239.1,2685,66,measure
2026-09-11T03:34:18.695+00:00,964.000,350.546,99,22251.4,2685,67,measure
2026-09-11T03:34:19.695+00:00,965.000,338.774,99,22237.3,2685,61,measure
2026-09-11T03:34:20.696+00:00,966.000,347.609,99,22237.3,2685,62,measure
2026-09-11T03:34:21.698+00:00,967.000,329.795,99,22237.3,2685,61,measure
2026-09-11T03:34:22.696+00:00,968.000,326.66,99,22237.3,2685,61,measure
2026-09-11T03:34:23.696+00:00,969.001,306.899,99,22237.3,2685,59,measure
2026-09-11T03:34:24.695+00:00,970.000,315.503,99,22237.3,2685,61,measure
2026-09-11T03:34:25.695+00:00,971.000,306.221,99,22237.3,2685,61,measure
2026-09-11T03:34:26.697+00:00,972.001,303.335,99,22237.3,2685,60,measure
2026-09-11T03:34:27.697+00:00,973.001,312.318,99,22231.6,2685,63,measure
2026-09-11T03:34:28.696+00:00,974.001,305.15,99,22231.6,2685,62,measure
2026-09-11T03:34:29.695+00:00,975.000,305.435,99,22231.6,2685,60,measure
2026-09-11T03:34:30.695+00:00,976.000,298.133,99,22169.1,2685,60,measure
2026-09-11T03:34:31.696+00:00,977.001,301.298,99,22188.2,2685,60,measure
2026-09-11T03:34:32.697+00:00,978.001,295.462,99,22188.4,2685,59,measure
2026-09-11T03:34:33.699+00:00,979.002,301.512,99,22187.4,2685,60,measure
2026-09-11T03:34:34.725+00:00,980.030,307.85,99,22187.6,2685,62,measure
2026-09-11T03:34:35.702+00:00,981.006,313.491,99,22187.9,2685,60,measure
2026-09-11T03:34:36.703+00:00,982.007,346.768,99,22182.9,2685,61,measure
2026-09-11T03:34:37.700+00:00,983.004,327.327,99,22179.9,2685,61,measure
2026-09-11T03:34:38.696+00:00,984.000,323.422,99,22180.2,2685,61,measure
2026-09-11T03:34:39.698+00:00,985.002,300.943,99,22227.7,2685,59,measure
2026-09-11T03:34:40.696+00:00,986.001,313.914,99,22226.6,2685,60,measure
2026-09-11T03:34:41.697+00:00,987.002,340.101,99,22228.1,2685,65,measure
2026-09-11T03:34:42.700+00:00,988.005,336.411,99,22232.1,2685,61,measure
2026-09-11T03:34:43.740+00:00,989.005,336.275,99,22231.3,2685,67,measure
2026-09-11T03:34:44.699+00:00,990.002,343.967,99,22231.3,2685,63,measure
2026-09-11T03:34:45.701+00:00,991.002,344.682,99,22231.3,2610,64,measure
2026-09-11T03:34:44.183+00:00,992.002,338.145,99,22231.3,2685,61,measure
2026-09-11T03:34:45.183+00:00,993.001,361.628,99,22228.7,2685,62,measure
2026-09-11T03:34:46.183+00:00,994.001,340.935,99,22228.7,2685,61,measure
2026-09-11T03:34:47.193+00:00,995.005,330.17,99,22228.7,2685,62,measure
2026-09-11T03:34:48.200+00:00,996.002,315.878,99,22228.7,2685,60,measure
2026-09-11T03:34:49.187+00:00,997.005,310.89,99,22228.7,2685,60,measure
2026-09-11T03:34:50.184+00:00,998.003,301.941,99,22228.7,2685,60,measure
2026-09-11T03:34:51.191+00:00,999.009,309.121,99,22255.7,2685,64,measure
2026-09-11T03:34:52.197+00:00,1000.015,308.291,99,22259.7,2685,60,measure
2026-09-11T03:34:53.192+00:00,1001.009,307.911,99,22259.7,2685,61,measure
2026-09-11T03:34:54.190+00:00,1002.009,319.49,99,22259.7,2685,60,measure
2026-09-11T03:34:55.185+00:00,1003.000,313.245,99,22218.2,2685,60,measure
2026-09-11T03:34:56.186+00:00,1004.005,311.213,99,22218.2,2685,64,measure
2026-09-11T03:34:57.182+00:00,1005.001,310.14,99,22218.2,2685,60,measure
2026-09-11T03:34:58.195+00:00,1006.011,307.527,99,22217.6,2685,63,measure
2026-09-11T03:34:59.197+00:00,1007.015,318.5,99,22217.1,2685,60,measure
2026-09-11T03:35:00.194+00:00,1008.013,328.813,99,22194.4,2685,62,measure
2026-09-11T03:35:01.194+00:00,1009.010,334.864,99,22194.4,2685,61,measure
2026-09-11T03:35:02.189+00:00,1010.007,318.446,99,22223,2685,60,measure
2026-09-11T03:35:03.186+00:00,1011.005,321.298,99,22223,2685,60,measure
2026-09-11T03:35:04.183+00:00,1012.001,319.585,99,22218,2685,60,measure
2026-09-11T03:35:05.182+00:00,1013.000,320.252,99,22218,2685,61,measure
2026-09-11T03:35:06.188+00:00,1014.003,310.91,99,22218,2685,60,measure
2026-09-11T03:35:07.195+00:00,1015.014,311.494,99,22218,2685,60,measure
2026-09-11T03:35:08.192+00:00,1016.010,315.728,99,22218,2685,60,measure
2026-09-11T03:35:09.190+00:00,1017.008,317.956,99,22218,2685,60,measure
2026-09-11T03:35:10.187+00:00,1018.005,315.698,99,22218,2685,60,measure
2026-09-11T03:35:11.183+00:00,1019.001,315.909,99,22218,2685,62,measure
2026-09-11T03:35:12.201+00:00,1020.020,332.887,99,22218,2685,61,measure
2026-09-11T03:35:13.185+00:00,1021.003,341.791,99,22212.4,2685,61,measure
2026-09-11T03:35:14.193+00:00,1022.012,326.606,99,22197.9,2685,61,measure
2026-09-11T03:35:15.182+00:00,1023.000,310.533,99,22203.9,2685,61,measure
2026-09-11T03:35:13.696+00:00,1024.014,302.834,99,22166.2,2685,59,measure
2026-09-11T03:35:14.712+00:00,1025.030,297.585,99,22159,2685,60,measure
2026-09-11T03:35:15.692+00:00,1026.010,305.131,99,22159,2685,60,measure
2026-09-11T03:35:16.695+00:00,1027.013,317.825,99,22162.5,2685,60,measure
2026-09-11T03:35:17.690+00:00,1028.009,332.255,99,22161.5,2670,62,measure
2026-09-11T03:35:18.687+00:00,1029.005,357.938,99,22161.5,2685,62,measure
2026-09-11T03:35:19.683+00:00,1030.001,338.305,99,22161.5,2685,61,measure
2026-09-11T03:35:20.682+00:00,1031.000,324.331,99,22172.3,2685,61,measure
2026-09-11T03:35:21.702+00:00,1032.019,297.879,99,22172.3,2685,60,measure
2026-09-11T03:35:22.684+00:00,1033.000,303.848,99,22197.6,2685,60,measure
2026-09-11T03:35:23.689+00:00,1034.007,303.592,99,22182.3,2685,60,measure
2026-09-11T03:35:24.698+00:00,1035.016,335.237,99,22182.3,2685,61,measure
2026-09-11T03:35:25.684+00:00,1036.002,342.026,99,22182.3,2685,61,measure
2026-09-11T03:35:26.689+00:00,1037.005,339.422,99,22182.3,2685,65,measure
2026-09-11T03:35:27.692+00:00,1038.010,329.036,99,22182.3,2685,64,measure
2026-09-11T03:35:28.685+00:00,1039.003,307.305,99,22182.3,2685,60,measure
2026-09-11T03:35:29.684+00:00,1040.002,307.794,99,22180,2685,61,measure
2026-09-11T03:35:30.689+00:00,1041.007,305.333,99,22180,2685,62,measure
2026-09-11T03:35:31.701+00:00,1042.019,302.695,99,22180,2685,60,measure
2026-09-11T03:35:32.692+00:00,1043.010,305.752,99,22193,2685,60,measure
2026-09-11T03:35:33.687+00:00,1044.003,318.072,99,22181,2685,60,measure
2026-09-11T03:35:34.684+00:00,1045.000,307.691,99,22181,2685,60,measure
2026-09-11T03:35:35.695+00:00,1046.012,351.767,99,22181,2685,61,measure
2026-09-11T03:35:36.684+00:00,1047.002,333.571,99,22181,2685,62,measure
2026-09-11T03:35:37.685+00:00,1048.003,336.393,99,22197,2685,65,measure
2026-09-11T03:35:38.695+00:00,1049.013,328.232,99,22197,2685,60,measure
2026-09-11T03:35:39.709+00:00,1050.023,329.285,99,22197.1,2685,63,measure
2026-09-11T03:35:40.686+00:00,1051.003,342.879,99,22197.1,2685,65,measure
2026-09-11T03:35:41.682+00:00,1052.000,336.458,99,22197.1,2685,61,measure
2026-09-11T03:35:42.685+00:00,1053.003,326.515,99,22196.5,2685,63,measure
2026-09-11T03:35:43.690+00:00,1054.006,322.587,99,22195.9,2685,62,measure
2026-09-11T03:35:44.684+00:00,1055.001,320.042,99,22195.9,2685,63,measure
2026-09-11T03:35:45.693+00:00,1056.011,337.902,99,22195.9,2685,61,measure
2026-09-11T03:35:44.195+00:00,1057.013,332.883,99,22189.9,2685,61,measure
2026-09-11T03:35:45.183+00:00,1058.000,323.395,99,22189.9,2685,61,measure
2026-09-11T03:35:46.186+00:00,1059.004,300.589,99,22189.9,2685,60,measure
2026-09-11T03:35:47.207+00:00,1060.025,302.573,100,22189.9,2685,60,measure
2026-09-11T03:35:48.184+00:00,1061.001,308.274,99,22189.9,2685,63,measure
2026-09-11T03:35:49.187+00:00,1062.003,311.847,99,22173.9,2685,60,measure
2026-09-11T03:35:50.183+00:00,1063.000,316.24,99,22173.9,2685,60,measure
2026-09-11T03:35:51.190+00:00,1064.008,311.612,99,22173.9,2685,61,measure
2026-09-11T03:35:52.186+00:00,1065.001,308.168,99,22228.1,2685,60,measure
2026-09-11T03:35:53.189+00:00,1066.006,307.3,99,22228.1,2685,60,measure
2026-09-11T03:35:54.186+00:00,1067.001,318.448,99,22226.8,2685,61,measure
2026-09-11T03:35:55.200+00:00,1068.018,320.249,99,22236.2,2685,61,measure
2026-09-11T03:35:56.189+00:00,1069.006,313.315,99,22232.2,2685,61,measure
2026-09-11T03:35:57.196+00:00,1070.012,309.366,99,22230.2,2685,61,measure
2026-09-11T03:35:58.185+00:00,1071.002,305.091,99,22230.4,2685,60,measure
2026-09-11T03:35:59.200+00:00,1072.018,305.586,99,22235.8,2685,63,measure
2026-09-11T03:36:00.206+00:00,1073.022,310.863,99,22221.7,2685,60,measure
2026-09-11T03:36:01.185+00:00,1074.001,297.918,99,22222.7,2685,60,measure
2026-09-11T03:36:02.183+00:00,1075.001,298.768,99,22227.3,2685,60,measure
2026-09-11T03:36:03.189+00:00,1076.007,310.489,99,22229.6,2685,59,measure
2026-09-11T03:36:04.185+00:00,1077.003,316.225,99,22243.9,2685,60,measure
2026-09-11T03:36:05.185+00:00,1078.003,323.169,99,22272.5,2685,61,measure
2026-09-11T03:36:06.190+00:00,1079.005,319.302,99,22256.5,2685,60,measure
2026-09-11T03:36:07.186+00:00,1080.002,319.282,99,22256.5,2685,60,measure
2026-09-11T03:36:08.183+00:00,1081.000,330.027,99,22196.5,2685,62,measure
2026-09-11T03:36:09.189+00:00,1082.004,329.511,99,22196.5,2685,61,measure
2026-09-11T03:36:10.197+00:00,1083.015,337.426,99,22198.5,2685,61,measure
2026-09-11T03:36:11.189+00:00,1084.005,329.021,99,22199.2,2685,61,measure
2026-09-11T03:36:12.190+00:00,1085.008,316.506,99,22184.2,2685,61,measure
2026-09-11T03:36:13.186+00:00,1086.003,319.279,99,22184.2,2685,61,measure
2026-09-11T03:36:14.185+00:00,1087.003,325.143,99,22184.3,2685,60,measure
2026-09-11T03:36:15.186+00:00,1088.004,317.882,99,22172.6,2685,60,measure
2026-09-11T03:36:13.698+00:00,1089.012,316.448,99,22172.6,2685,61,measure
2026-09-11T03:36:14.719+00:00,1090.036,302.755,99,22172.6,2685,60,measure
2026-09-11T03:36:15.686+00:00,1091.001,306.429,99,22172.6,2685,60,measure
2026-09-11T03:36:16.692+00:00,1092.009,313.895,99,22172.6,2685,63,measure
2026-09-11T03:36:17.700+00:00,1093.015,328.573,99,22172.6,2685,62,measure
2026-09-11T03:36:18.704+00:00,1094.020,349.017,99,22184.3,2685,62,measure
2026-09-11T03:36:19.695+00:00,1095.010,344.934,99,22184.3,2685,61,measure
2026-09-11T03:36:20.685+00:00,1096.002,350.088,99,22184.3,2685,63,measure
2026-09-11T03:36:21.712+00:00,1097.026,349.092,99,22184.3,2685,66,measure
2026-09-11T03:36:22.687+00:00,1098.001,332.106,99,22184.3,2685,62,measure
2026-09-11T03:36:23.696+00:00,1099.013,336.643,99,22184.3,2685,65,measure
2026-09-11T03:36:24.723+00:00,1100.037,325.08,99,22184.3,2685,61,measure
2026-09-11T03:36:25.700+00:00,1101.017,318.332,99,22184.3,2685,62,measure
2026-09-11T03:36:26.715+00:00,1102.032,310.449,99,22184.3,2685,60,measure
2026-09-11T03:36:27.718+00:00,1103.035,306.327,99,22182,2685,60,measure
2026-09-11T03:36:28.717+00:00,1104.034,300.213,99,22182,2685,59,measure
2026-09-11T03:36:29.689+00:00,1105.006,289.581,99,22197,2685,59,measure
2026-09-11T03:36:30.716+00:00,1106.032,299.595,99,22197,2685,60,measure
2026-09-11T03:36:31.719+00:00,1107.036,309.672,99,22197,2685,62,measure
2026-09-11T03:36:32.707+00:00,1108.024,340.052,99,22197,2685,63,measure
2026-09-11T03:36:33.690+00:00,1109.006,357.105,99,22197,2685,61,measure
2026-09-11T03:36:34.718+00:00,1110.035,336.023,99,22188,2685,62,measure
2026-09-11T03:36:35.695+00:00,1111.002,335.301,99,22164.6,2685,62,measure
2026-09-11T03:36:36.744+00:00,1112.061,354.608,99,22167.6,2685,62,measure
2026-09-11T03:36:37.721+00:00,1113.038,332.946,99,22167.2,2595,64,measure
2026-09-11T03:36:38.686+00:00,1114.002,330.014,99,22168.4,2685,63,measure
2026-09-11T03:36:39.690+00:00,1115.004,337.023,99,22171.7,2685,62,measure
2026-09-11T03:36:40.768+00:00,1116.083,334.038,99,22178.9,2685,64,measure
2026-09-11T03:36:41.685+00:00,1117.002,330.089,99,22180.3,2685,61,measure
2026-09-11T03:36:42.703+00:00,1118.017,328.196,99,22187.5,2685,61,measure
2026-09-11T03:36:43.714+00:00,1119.029,332.07,99,22185.2,2685,62,measure
2026-09-11T03:36:44.704+00:00,1120.021,338.639,99,22191.1,2685,62,measure
2026-09-11T03:36:45.690+00:00,1121.006,327.31,99,22221.9,2685,61,measure
2026-09-11T03:36:44.216+00:00,1122.035,323.381,99,22243.8,2685,63,measure
2026-09-11T03:36:45.197+00:00,1123.014,324.776,99,22261.1,2685,63,measure
2026-09-11T03:36:46.235+00:00,1124.053,316.963,99,22244.2,2685,64,measure
2026-09-11T03:36:47.191+00:00,1125.008,310.75,99,22309.7,2685,63,measure
2026-09-11T03:36:48.197+00:00,1126.016,301.318,99,22355.7,2685,60,measure
2026-09-11T03:36:49.232+00:00,1127.051,322.395,99,22331.4,2685,62,measure
2026-09-11T03:36:50.205+00:00,1128.020,313.694,99,22348.8,2685,61,measure
2026-09-11T03:36:51.182+00:00,1129.001,318.345,99,22361.7,2685,61,measure
2026-09-11T03:36:52.232+00:00,1130.028,325.362,99,22361,2685,60,measure
2026-09-11T03:36:53.260+00:00,1131.079,336.273,99,22318.6,2685,61,measure
2026-09-11T03:36:54.207+00:00,1132.025,319.785,99,22318.6,2685,61,measure
2026-09-11T03:36:55.190+00:00,1133.002,324.443,99,22301.1,2685,62,measure
2026-09-11T03:36:56.192+00:00,1134.011,344.655,99,22322.2,2685,62,measure
2026-09-11T03:36:57.205+00:00,1135.024,334.76,99,22322.2,2685,62,measure
2026-09-11T03:36:58.185+00:00,1136.004,337.417,99,22226.5,2685,64,measure
2026-09-11T03:36:59.192+00:00,1137.009,350.157,99,22231.8,2685,62,measure
2026-09-11T03:37:00.184+00:00,1138.002,324.626,99,22245.4,2685,61,measure
2026-09-11T03:37:01.197+00:00,1139.016,343.387,99,22233.9,2685,62,measure
2026-09-11T03:37:02.191+00:00,1140.010,331.687,99,22233.9,2685,63,measure
2026-09-11T03:37:03.183+00:00,1141.002,324.075,99,22225.5,2685,62,measure
2026-09-11T03:37:04.188+00:00,1142.007,303.629,99,22314.9,2685,60,measure
2026-09-11T03:37:05.224+00:00,1143.043,301.745,99,22289.6,2685,60,measure
2026-09-11T03:37:06.199+00:00,1144.017,302.598,99,22247.2,2685,61,measure
2026-09-11T03:37:07.187+00:00,1145.004,314.598,99,22247.2,2685,61,measure
2026-09-11T03:37:08.184+00:00,1146.002,305.816,99,22297.4,2685,60,measure
2026-09-11T03:37:09.183+00:00,1147.002,307.754,99,22269,2685,61,measure
2026-09-11T03:37:10.182+00:00,1148.001,305.23,99,22269,2685,61,measure
2026-09-11T03:37:11.184+00:00,1149.003,310.729,99,22355.9,2685,62,measure
2026-09-11T03:37:12.189+00:00,1150.006,306.341,99,22054.8,2685,60,measure
2026-09-11T03:37:13.195+00:00,1151.014,302.924,100,21858.7,2685,60,measure
2026-09-11T03:37:14.188+00:00,1152.007,312.43,99,21854,2685,61,measure
2026-09-11T03:37:15.181+00:00,1153.000,322.918,99,21854,2685,63,measure
2026-09-11T03:37:13.688+00:00,1154.004,334.03,99,21854,2685,63,measure
2026-09-11T03:37:14.688+00:00,1155.003,325.662,99,21853.5,2685,61,measure
2026-09-11T03:37:15.685+00:00,1156.000,310.566,99,21849,2685,60,measure
2026-09-11T03:37:16.686+00:00,1157.000,306.936,99,21849,2685,60,measure
2026-09-11T03:37:17.688+00:00,1158.004,313.674,99,21849,2685,60,measure
2026-09-11T03:37:18.704+00:00,1159.019,305.088,99,21849,2685,61,measure
2026-09-11T03:37:19.687+00:00,1160.003,311.472,99,21849,2685,60,measure
2026-09-11T03:37:20.688+00:00,1161.003,316.643,99,21849,2685,62,measure
2026-09-11T03:37:21.727+00:00,1162.008,329.532,99,21849,2685,62,measure
2026-09-11T03:37:22.691+00:00,1163.007,328.399,100,21849,2685,62,measure
2026-09-11T03:37:23.695+00:00,1164.011,325.695,99,21849,2685,62,measure
2026-09-11T03:37:24.695+00:00,1165.011,319.721,99,21849,2685,61,measure
2026-09-11T03:37:25.685+00:00,1166.000,317.094,99,21849,2685,63,measure
2026-09-11T03:37:26.684+00:00,1167.000,331.613,100,21849,2685,61,measure
2026-09-11T03:37:27.693+00:00,1168.008,338.126,99,21849,2685,62,measure
2026-09-11T03:37:28.686+00:00,1169.000,326.905,99,21849,2685,62,measure
2026-09-11T03:37:29.685+00:00,1170.000,315.46,99,21849,2685,64,measure
2026-09-11T03:37:30.685+00:00,1171.000,314.181,99,21849,2685,61,measure
2026-09-11T03:37:31.687+00:00,1172.000,314.32,99,21849,2685,62,measure
2026-09-11T03:37:32.686+00:00,1173.001,314.458,99,21849,2685,61,measure
2026-09-11T03:37:33.704+00:00,1174.019,315.408,99,21849,2685,61,measure
2026-09-11T03:37:34.689+00:00,1175.000,321.897,100,21849,2685,62,measure
2026-09-11T03:37:35.685+00:00,1176.000,328.063,100,21849,2685,62,measure
2026-09-11T03:37:36.699+00:00,1177.014,329.308,99,21849,2685,61,measure
2026-09-11T03:37:37.685+00:00,1178.001,329.853,99,21849,2685,63,measure
2026-09-11T03:37:38.685+00:00,1179.000,326.689,99,21849,2685,61,measure
2026-09-11T03:37:39.687+00:00,1180.001,329.774,99,21849,2685,62,measure
2026-09-11T03:37:40.686+00:00,1181.001,324.695,99,21849,2685,61,measure
2026-09-11T03:37:41.685+00:00,1182.001,334.629,99,21849,2685,61,measure
2026-09-11T03:37:42.686+00:00,1183.002,321.651,99,21849,2685,61,measure
2026-09-11T03:37:43.685+00:00,1184.001,306.654,99,21849,2685,61,measure
2026-09-11T03:37:44.685+00:00,1185.000,320.643,100,21849,2685,61,measure
2026-09-11T03:37:45.686+00:00,1186.001,329.864,100,21849,2685,64,measure
2026-09-11T03:37:44.187+00:00,1187.001,361.026,99,21849,2685,64,measure
2026-09-11T03:37:45.184+00:00,1188.001,350.873,99,21849,2685,62,measure
2026-09-11T03:37:46.183+00:00,1189.000,354.643,99,21849,2685,66,measure
2026-09-11T03:37:47.183+00:00,1190.001,346.278,99,21849,2685,64,measure
2026-09-11T03:37:48.184+00:00,1191.002,327.531,100,21849,2685,62,measure
2026-09-11T03:37:49.191+00:00,1192.004,307.301,99,21849,2685,62,measure
2026-09-11T03:37:50.205+00:00,1193.021,326.546,99,21849,2685,63,measure
2026-09-11T03:37:51.221+00:00,1194.036,313.48,100,21849,2685,61,measure
2026-09-11T03:37:52.223+00:00,1195.040,325.983,99,21849,2685,63,measure
2026-09-11T03:37:53.252+00:00,1196.036,316.223,99,21849,2685,61,measure
2026-09-11T03:37:54.185+00:00,1197.002,323.376,99,21849,2655,61,measure
2026-09-11T03:37:55.198+00:00,1198.015,329.913,99,21849,2685,63,measure
2026-09-11T03:37:56.192+00:00,1199.010,364.642,99,21849,2685,66,measure
2026-09-11T03:37:57.190+00:00,1200.007,350.342,99,21849,2685,64,measure
2026-09-11T03:37:58.185+00:00,1201.002,342.755,99,21849,2685,63,measure
2026-09-11T03:37:59.203+00:00,1202.021,322.524,99,21849,2685,61,measure
2026-09-11T03:38:00.203+00:00,1203.020,321.199,99,21849,2685,61,measure
2026-09-11T03:38:01.185+00:00,1204.001,309.19,99,21849,2685,61,measure
2026-09-11T03:38:02.186+00:00,1205.001,325.04,99,21849,2685,62,measure
2026-09-11T03:38:03.183+00:00,1206.001,321.978,99,21849,2685,61,measure
2026-09-11T03:38:04.183+00:00,1207.001,336.252,99,21849,2685,62,measure
2026-09-11T03:38:05.183+00:00,1208.001,336.817,99,21849,2655,62,measure
2026-09-11T03:38:06.235+00:00,1209.002,346.211,99,21849,2685,62,measure
2026-09-11T03:38:07.185+00:00,1210.001,330.228,99,21849,2685,62,measure
2026-09-11T03:38:08.186+00:00,1211.002,319.358,99,21849,2685,61,measure
2026-09-11T03:38:09.183+00:00,1212.000,314.771,99,21849,2685,62,measure
2026-09-11T03:38:10.183+00:00,1213.000,310.063,99,21849,2685,61,measure
2026-09-11T03:38:11.183+00:00,1214.000,328.236,99,21849,2685,62,measure
2026-09-11T03:38:12.183+00:00,1215.001,349.176,99,21849,2685,63,measure
2026-09-11T03:38:13.185+00:00,1216.000,355.757,99,21849,2685,64,measure
2026-09-11T03:38:14.185+00:00,1217.001,346.92,99,21849,2685,66,measure
2026-09-11T03:38:15.183+00:00,1218.001,343.753,99,21849,2685,63,measure
2026-09-11T03:38:13.683+00:00,1219.001,337.024,99,21849,2685,62,measure
2026-09-11T03:38:14.682+00:00,1220.001,340.157,99,21849,2685,63,measure
2026-09-11T03:38:15.682+00:00,1221.001,350.485,99,21849,2685,63,measure
2026-09-11T03:38:16.689+00:00,1222.001,334.961,99,21849,2685,62,measure
2026-09-11T03:38:17.683+00:00,1223.000,337.12,99,21849,2685,62,measure
2026-09-11T03:38:18.683+00:00,1224.001,311.066,99,21849,2685,62,measure
2026-09-11T03:38:19.687+00:00,1225.005,301.097,99,21849,2685,61,measure
2026-09-11T03:38:20.686+00:00,1226.004,298.502,99,21849,2685,60,measure
2026-09-11T03:38:21.696+00:00,1227.014,326.758,99,21849,2685,62,measure
2026-09-11T03:38:22.686+00:00,1228.003,333.32,99,21849,2685,62,measure
2026-09-11T03:38:23.742+00:00,1229.001,334.75,99,21849,2685,62,measure
2026-09-11T03:38:24.684+00:00,1230.002,331.947,99,21849,2685,62,measure
2026-09-11T03:38:25.682+00:00,1231.000,311.684,99,21849,2685,61,measure
2026-09-11T03:38:26.684+00:00,1232.000,312.199,99,21849,2685,61,measure
2026-09-11T03:38:27.683+00:00,1233.001,314.911,99,21849,2685,61,measure
2026-09-11T03:38:28.684+00:00,1234.000,312.905,99,21849,2685,61,measure
2026-09-11T03:38:29.685+00:00,1235.001,308.503,99,21849,2685,62,measure
2026-09-11T03:38:30.682+00:00,1236.000,309.271,99,21849,2685,61,measure
2026-09-11T03:38:31.683+00:00,1237.001,311.485,99,21849,2685,64,measure
2026-09-11T03:38:32.698+00:00,1238.016,310.283,99,21849,2685,61,measure
2026-09-11T03:38:33.695+00:00,1239.013,310.152,99,21849,2685,61,measure
2026-09-11T03:38:34.690+00:00,1240.008,298.089,100,21849,2685,60,measure
2026-09-11T03:38:35.684+00:00,1241.002,326.781,99,21849,2685,61,measure
2026-09-11T03:38:36.702+00:00,1242.019,312.112,99,21849,2685,61,measure
2026-09-11T03:38:37.701+00:00,1243.013,344.715,99,21849,2685,62,measure
2026-09-11T03:38:38.693+00:00,1244.008,320.342,99,21849,2685,61,measure
2026-09-11T03:38:39.683+00:00,1245.001,331.115,99,21849,2685,65,measure
2026-09-11T03:38:40.699+00:00,1246.017,333.41,99,21849,2685,63,measure
2026-09-11T03:38:41.694+00:00,1247.012,332.325,99,21849,2685,63,measure
2026-09-11T03:38:42.688+00:00,1248.006,334.904,99,21849,2685,65,measure
2026-09-11T03:38:43.687+00:00,1249.005,347.213,99,21849,2685,63,measure
2026-09-11T03:38:44.694+00:00,1250.012,328.862,99,21849,2685,62,measure
2026-09-11T03:38:45.692+00:00,1251.010,330.837,99,21849,2685,62,measure
2026-09-11T03:38:44.203+00:00,1252.019,337.667,99,21849,2685,62,measure
2026-09-11T03:38:45.267+00:00,1253.082,348.251,99,21849,2685,64,measure
2026-09-11T03:38:46.191+00:00,1254.008,340.862,99,21849,2685,62,measure
2026-09-11T03:38:47.185+00:00,1255.001,348.509,99,21849,2685,67,measure
2026-09-11T03:38:48.197+00:00,1256.012,350.839,99,21849,2685,63,measure
2026-09-11T03:38:49.196+00:00,1257.012,355.426,99,21849,2685,63,measure
2026-09-11T03:38:50.191+00:00,1258.007,360.442,99,21849,2685,65,measure
2026-09-11T03:38:51.188+00:00,1259.001,361.193,99,21849,2670,64,measure
2026-09-11T03:38:52.202+00:00,1260.017,345.325,99,21849,2685,63,measure
2026-09-11T03:38:53.196+00:00,1261.011,337.204,99,21849,2685,62,measure
2026-09-11T03:38:54.184+00:00,1262.000,337.456,99,21849,2685,65,measure
2026-09-11T03:38:55.185+00:00,1263.001,318.819,99,21849,2685,63,measure
2026-09-11T03:38:56.201+00:00,1264.017,309.147,100,21849,2685,61,measure
2026-09-11T03:38:57.197+00:00,1265.013,309.449,99,21849,2685,63,measure
2026-09-11T03:38:58.193+00:00,1266.009,313.271,99,21849,2685,64,measure
2026-09-11T03:38:59.221+00:00,1267.000,315.472,99,21849,2685,62,measure
2026-09-11T03:39:00.198+00:00,1268.014,325.579,99,21849,2685,62,measure
2026-09-11T03:39:01.193+00:00,1269.006,320.605,99,21849,2685,62,measure
2026-09-11T03:39:02.188+00:00,1270.003,311.045,99,21849,2685,61,measure
2026-09-11T03:39:03.191+00:00,1271.008,320.455,99,21849,2685,62,measure
2026-09-11T03:39:04.187+00:00,1272.003,313.874,99,21849,2685,61,measure
2026-09-11T03:39:05.189+00:00,1273.005,310.661,99,21849,2685,64,measure
2026-09-11T03:39:06.186+00:00,1274.002,307.858,99,21849,2685,63,measure
2026-09-11T03:39:07.192+00:00,1275.007,316.784,99,21849,2685,61,measure
2026-09-11T03:39:08.189+00:00,1276.001,322.158,99,21849,2685,61,measure
2026-09-11T03:39:09.186+00:00,1277.002,313.72,99,21849,2685,62,measure
2026-09-11T03:39:10.186+00:00,1278.002,312.102,99,21849,2685,61,measure
2026-09-11T03:39:11.198+00:00,1279.001,302.443,99,21849,2685,60,measure
2026-09-11T03:39:12.185+00:00,1280.001,317.712,99,21849,2685,61,measure
2026-09-11T03:39:13.187+00:00,1281.002,347.415,99,21849,2685,63,measure
2026-09-11T03:39:14.189+00:00,1282.000,342.656,99,21849,2685,62,measure
2026-09-11T03:39:15.185+00:00,1283.001,355.156,99,21849,2685,66,measure
2026-09-11T03:39:13.683+00:00,1284.001,347.44,99,21849,2685,63,measure
2026-09-11T03:39:14.683+00:00,1285.001,333.624,99,21849,2685,62,measure
2026-09-11T03:39:15.684+00:00,1286.001,339.831,99,21849,2685,64,measure
2026-09-11T03:39:16.684+00:00,1287.001,328.651,99,21849,2685,62,measure
2026-09-11T03:39:17.687+00:00,1288.004,328.657,99,21849,2685,63,measure
2026-09-11T03:39:18.684+00:00,1289.001,327.321,99,21849,2685,62,measure
2026-09-11T03:39:19.683+00:00,1290.000,328.367,99,21849,2685,63,measure
2026-09-11T03:39:20.686+00:00,1291.004,335.527,100,21849,2685,65,measure
2026-09-11T03:39:21.683+00:00,1292.001,314.659,99,21849,2685,61,measure
2026-09-11T03:39:22.683+00:00,1293.000,312.3,99,21849,2685,62,measure
2026-09-11T03:39:23.686+00:00,1294.001,304.872,99,21849,2685,61,measure
2026-09-11T03:39:24.683+00:00,1295.000,309.594,99,21849,2685,61,measure
2026-09-11T03:39:25.683+00:00,1296.000,309.136,99,21849,2685,61,measure
2026-09-11T03:39:26.683+00:00,1297.001,315.708,99,21849,2685,62,measure
2026-09-11T03:39:27.683+00:00,1298.001,325.815,99,21849,2685,65,measure
2026-09-11T03:39:28.684+00:00,1299.001,344.305,99,21849,2685,62,measure
2026-09-11T03:39:29.684+00:00,1300.001,357.82,99,21849,2685,63,measure
2026-09-11T03:39:30.683+00:00,1301.001,339.933,99,21849,2685,62,measure
2026-09-11T03:39:31.683+00:00,1302.001,342.307,99,21849,2685,63,measure
2026-09-11T03:39:32.683+00:00,1303.001,334.194,99,21849,2685,62,measure
2026-09-11T03:39:33.684+00:00,1304.002,332.381,99,21849,2685,63,measure
2026-09-11T03:39:34.683+00:00,1305.000,324.939,99,21849,2685,62,measure
2026-09-11T03:39:35.700+00:00,1306.018,317.501,99,21849,2685,62,measure
2026-09-11T03:39:36.684+00:00,1307.002,320.176,99,21849,2685,62,measure
2026-09-11T03:39:37.688+00:00,1308.005,314.785,99,21849,2685,61,measure
2026-09-11T03:39:38.685+00:00,1309.002,312.978,99,21849,2685,61,measure
2026-09-11T03:39:39.687+00:00,1310.003,313.562,99,21849,2685,61,measure
2026-09-11T03:39:40.684+00:00,1311.000,331.98,99,21849,2685,65,measure
2026-09-11T03:39:41.686+00:00,1312.004,348.784,99,21849,2685,62,measure
2026-09-11T03:39:42.683+00:00,1313.000,353.982,100,21849,2685,62,measure
2026-09-11T03:39:43.692+00:00,1314.009,339.656,99,21849,2625,65,measure
2026-09-11T03:39:44.686+00:00,1315.003,339.041,99,21849,2685,62,measure
2026-09-11T03:39:45.683+00:00,1316.001,322.76,99,21849,2685,63,measure
2026-09-11T03:39:44.201+00:00,1317.000,319.333,99,21849,2685,63,measure
2026-09-11T03:39:45.202+00:00,1318.001,329.541,99,21849,2685,63,measure
2026-09-11T03:39:46.199+00:00,1319.001,331.907,99,21849,2685,63,measure
2026-09-11T03:39:47.199+00:00,1320.000,339.122,99,21849,2685,63,measure
2026-09-11T03:39:48.200+00:00,1321.002,346.058,99,21849,2685,64,measure
2026-09-11T03:39:49.199+00:00,1322.000,342.023,100,21849,2685,63,measure
2026-09-11T03:39:50.200+00:00,1323.000,333.437,99,21849,2685,62,measure
2026-09-11T03:39:51.200+00:00,1324.000,328.436,99,21849,2685,61,measure
2026-09-11T03:39:52.199+00:00,1325.001,303.531,99,21849,2685,62,measure
2026-09-11T03:39:53.204+00:00,1326.003,310.927,99,21849,2685,61,measure
2026-09-11T03:39:54.201+00:00,1327.002,316.784,99,21849,2685,63,measure
2026-09-11T03:39:55.199+00:00,1328.000,322.148,100,21849,2685,62,measure
2026-09-11T03:39:56.205+00:00,1329.001,318.843,99,21849,2685,63,measure
2026-09-11T03:39:57.200+00:00,1330.001,313.081,99,21849,2685,62,measure
2026-09-11T03:39:58.210+00:00,1331.001,310.922,99,21849,2685,61,measure
2026-09-11T03:39:59.200+00:00,1332.001,318.635,99,21849,2685,61,measure
2026-09-11T03:40:00.200+00:00,1333.000,317.722,100,21849,2685,61,measure
2026-09-11T03:40:01.199+00:00,1334.000,333.71,99,21849,2685,62,measure
2026-09-11T03:40:02.200+00:00,1335.000,338.463,100,21849,2685,63,measure
2026-09-11T03:40:03.203+00:00,1336.001,331.906,99,21849,2685,62,measure
2026-09-11T03:40:04.207+00:00,1337.001,342.517,100,21849,2685,62,measure
2026-09-11T03:40:05.199+00:00,1338.000,330.575,99,21849,2685,63,measure
2026-09-11T03:40:06.201+00:00,1339.002,333.316,99,21849,2685,62,measure
2026-09-11T03:40:07.199+00:00,1340.000,340.493,99,21849,2685,63,measure
2026-09-11T03:40:08.201+00:00,1341.001,326.336,100,21849,2685,62,measure
2026-09-11T03:40:09.201+00:00,1342.002,333.061,99,21849,2685,62,measure
2026-09-11T03:40:10.199+00:00,1343.000,325.608,99,21849,2685,63,measure
2026-09-11T03:40:11.201+00:00,1344.002,326.895,99,21849,2685,62,measure
2026-09-11T03:40:12.207+00:00,1345.007,318.715,99,21849,2685,61,measure
2026-09-11T03:40:13.203+00:00,1346.003,315.953,100,21849,2685,64,measure
2026-09-11T03:40:14.205+00:00,1347.006,332.429,99,21849,2685,62,measure
2026-09-11T03:40:15.203+00:00,1348.004,341.301,99,21849,2685,64,measure
2026-09-11T03:40:13.702+00:00,1349.000,345.611,99,21849,2685,63,measure
2026-09-11T03:40:14.705+00:00,1350.003,331.953,99,21849,2685,63,measure
2026-09-11T03:40:15.705+00:00,1351.002,325.424,99,21849,2685,61,measure
2026-09-11T03:40:16.705+00:00,1352.002,313.694,99,21849,2685,62,measure
2026-09-11T03:40:17.710+00:00,1353.007,312.862,99,21849,2685,61,measure
2026-09-11T03:40:18.704+00:00,1354.000,314.574,99,21849,2685,63,measure
2026-09-11T03:40:19.706+00:00,1355.004,315.34,99,21849,2685,61,measure
2026-09-11T03:40:20.706+00:00,1356.002,323.129,100,21849,2685,62,measure
2026-09-11T03:40:21.710+00:00,1357.007,326.034,99,21849,2685,61,measure
2026-09-11T03:40:22.707+00:00,1358.003,312.729,99,21849,2685,62,measure
2026-09-11T03:40:23.705+00:00,1359.001,318.829,99,21849,2685,64,measure
2026-09-11T03:40:24.704+00:00,1360.000,313.182,99,21849,2685,61,measure
2026-09-11T03:40:25.706+00:00,1361.004,308.28,99,21849,2685,61,measure
2026-09-11T03:40:26.703+00:00,1362.000,309.864,99,21849,2685,61,measure
2026-09-11T03:40:27.708+00:00,1363.005,309.792,99,21849,2685,62,measure
2026-09-11T03:40:28.703+00:00,1364.001,320.851,99,21849,2685,61,measure
2026-09-11T03:40:29.708+00:00,1365.000,327.897,99,21849,2685,63,measure
2026-09-11T03:40:30.703+00:00,1366.000,334.914,99,21849,2685,62,measure
2026-09-11T03:40:31.704+00:00,1367.001,350.456,99,21849,2685,63,measure
2026-09-11T03:40:32.706+00:00,1368.004,334.437,99,21849,2685,62,measure
2026-09-11T03:40:33.703+00:00,1369.000,333.97,99,21849,2685,63,measure
2026-09-11T03:40:34.702+00:00,1370.000,321.157,99,21849,2685,62,measure
2026-09-11T03:40:35.704+00:00,1371.001,307.577,99,21849,2685,61,measure
2026-09-11T03:40:36.703+00:00,1372.001,307.343,99,21849,2685,61,measure
2026-09-11T03:40:37.708+00:00,1373.004,305.284,99,21849,2685,60,measure
2026-09-11T03:40:38.711+00:00,1374.008,304.178,100,21849,2685,61,measure
2026-09-11T03:40:39.703+00:00,1375.001,315.392,99,21849,2685,64,measure
2026-09-11T03:40:40.711+00:00,1376.004,330.076,99,21849,2685,64,measure
2026-09-11T03:40:41.707+00:00,1377.003,336.143,99,21849,2685,64,measure
2026-09-11T03:40:42.709+00:00,1378.007,324.971,99,21849,2685,61,measure
2026-09-11T03:40:43.704+00:00,1379.002,308.92,99,21849,2685,61,measure
2026-09-11T03:40:44.709+00:00,1380.007,313.386,99,21849,2685,61,measure
2026-09-11T03:40:43.229+00:00,1381.006,312.034,99,21849,2685,63,measure
2026-09-11T03:40:44.227+00:00,1382.004,305.303,99,21849,2685,61,measure
2026-09-11T03:40:45.226+00:00,1383.003,300.464,99,21849,2685,60,measure
2026-09-11T03:40:46.223+00:00,1384.001,297.033,99,21849,2685,60,measure
2026-09-11T03:40:47.223+00:00,1385.001,305.447,99,21849,2685,61,measure
2026-09-11T03:40:48.224+00:00,1386.000,304.512,99,21849,2685,61,measure
2026-09-11T03:40:49.223+00:00,1387.002,311.643,100,21849,2685,61,measure
2026-09-11T03:40:50.225+00:00,1388.002,314.033,99,21849,2685,65,measure
2026-09-11T03:40:51.228+00:00,1389.006,320.43,99,21849,2685,62,measure
2026-09-11T03:40:52.225+00:00,1390.003,325.334,99,21849,2685,63,measure
2026-09-11T03:40:53.222+00:00,1391.000,320.349,99,21849,2685,61,measure
2026-09-11T03:40:54.223+00:00,1392.001,313.705,99,21849,2685,61,measure
2026-09-11T03:40:55.223+00:00,1393.001,332.661,99,21849,2685,64,measure
2026-09-11T03:40:56.227+00:00,1394.004,331.913,99,21849,2685,64,measure
2026-09-11T03:40:57.232+00:00,1395.011,348.668,99,21849,2685,68,measure
2026-09-11T03:40:58.232+00:00,1396.011,349.201,99,21849,2685,62,measure
2026-09-11T03:40:59.229+00:00,1397.007,343.435,99,21849,2685,62,measure
2026-09-11T03:41:00.225+00:00,1398.004,336.525,99,21849,2685,63,measure
2026-09-11T03:41:01.244+00:00,1399.008,328.2,99,21849,2685,62,measure
2026-09-11T03:41:02.224+00:00,1400.001,337.29,99,21849,2685,62,measure
2026-09-11T03:41:03.226+00:00,1401.002,332.772,99,21849,2685,62,measure
2026-09-11T03:41:04.223+00:00,1402.002,332.376,100,21849,2685,62,measure
2026-09-11T03:41:05.222+00:00,1403.001,308.117,100,21849,2685,61,measure
2026-09-11T03:41:06.222+00:00,1404.001,307.563,99,21849,2685,64,measure
2026-09-11T03:41:07.222+00:00,1405.000,305.462,99,21849,2685,63,measure
2026-09-11T03:41:08.223+00:00,1406.000,310.278,99,21849,2685,61,measure
2026-09-11T03:41:09.225+00:00,1407.001,312.975,100,21849,2685,61,measure
2026-09-11T03:41:10.222+00:00,1408.000,308.453,99,21849,2685,61,measure
2026-09-11T03:41:11.222+00:00,1409.001,328.94,99,21849,2685,64,measure
2026-09-11T03:41:12.222+00:00,1410.000,347.162,99,21849,2685,62,measure
2026-09-11T03:41:13.228+00:00,1411.006,345.981,99,21849,2685,64,measure
2026-09-11T03:41:14.229+00:00,1412.003,323.402,99,21849,2685,62,measure
2026-09-11T03:41:15.223+00:00,1413.000,307.509,100,21849,2685,61,measure
2026-09-11T03:41:13.725+00:00,1414.001,308.103,99,21849,2685,60,measure
2026-09-11T03:41:14.724+00:00,1415.000,307.05,99,21849,2685,61,measure
2026-09-11T03:41:15.730+00:00,1416.006,309.321,99,21849,2685,63,measure
2026-09-11T03:41:16.725+00:00,1417.001,318.859,99,21849,2685,62,measure
2026-09-11T03:41:17.726+00:00,1418.002,312.406,99,21849,2685,61,measure
2026-09-11T03:41:18.725+00:00,1419.000,321.244,99,21849,2685,62,measure
2026-09-11T03:41:19.724+00:00,1420.000,331.042,100,21849,2685,62,measure
2026-09-11T03:41:20.725+00:00,1421.002,334.834,99,21849,2685,64,measure
2026-09-11T03:41:21.724+00:00,1422.001,351.572,99,21849,2685,62,measure
2026-09-11T03:41:22.725+00:00,1423.000,389.306,99,21849,2655,64,measure
2026-09-11T03:41:23.725+00:00,1424.000,336.781,99,21849,2685,64,measure
2026-09-11T03:41:24.727+00:00,1425.001,340.913,99,21849,2685,62,measure
2026-09-11T03:41:25.724+00:00,1426.000,320.544,99,21849,2685,62,measure
2026-09-11T03:41:26.724+00:00,1427.000,328.389,99,21849,2685,63,measure
2026-09-11T03:41:27.741+00:00,1428.018,352.07,99,21849,2685,63,measure
2026-09-11T03:41:28.728+00:00,1429.003,340.917,99,21849,2685,62,measure
2026-09-11T03:41:29.727+00:00,1430.002,322.805,100,21849,2685,61,measure
2026-09-11T03:41:30.728+00:00,1431.005,317.644,99,21849,2685,62,measure
2026-09-11T03:41:31.724+00:00,1432.000,331.1,99,21849,2685,62,measure
2026-09-11T03:41:32.730+00:00,1433.004,341,99,21849,2685,64,measure
2026-09-11T03:41:33.724+00:00,1434.000,315.461,99,21849,2685,62,measure
2026-09-11T03:41:34.725+00:00,1435.001,301.995,100,21849,2685,62,measure
2026-09-11T03:41:35.730+00:00,1436.001,299.672,99,21849,2685,60,measure
2026-09-11T03:41:36.726+00:00,1437.000,319.369,99,21849,2685,63,measure
2026-09-11T03:41:37.724+00:00,1438.000,321.798,99,21849,2685,61,measure
2026-09-11T03:41:38.724+00:00,1439.001,325.008,99,21849,2685,61,measure
2026-09-11T03:41:39.751+00:00,1440.000,332.278,99,21849,2685,61,measure
2026-09-11T03:41:40.724+00:00,1441.000,342.995,99,21849,2685,62,measure
2026-09-11T03:41:41.726+00:00,1442.000,349.473,99,21849,2685,62,measure
2026-09-11T03:41:42.726+00:00,1443.001,328.497,99,21849,2685,62,measure
2026-09-11T03:41:43.724+00:00,1444.000,334.923,99,21849,2685,62,measure
2026-09-11T03:41:44.724+00:00,1445.001,319.345,99,21849,2685,62,measure
2026-09-11T03:41:43.225+00:00,1446.001,316.84,100,21849,2685,61,measure
2026-09-11T03:41:44.224+00:00,1447.000,305.791,99,21849,2685,61,measure
2026-09-11T03:41:45.225+00:00,1448.000,303.366,100,21849,2685,61,measure
2026-09-11T03:41:46.225+00:00,1449.000,303.117,99,21849,2685,61,measure
2026-09-11T03:41:47.224+00:00,1450.001,306.852,99,21849,2685,62,measure
2026-09-11T03:41:48.224+00:00,1451.000,316.16,99,21849,2685,61,measure
2026-09-11T03:41:49.224+00:00,1452.000,314.835,99,21849,2685,61,measure
2026-09-11T03:41:50.224+00:00,1453.001,338.764,99,21849,2685,65,measure
2026-09-11T03:41:51.228+00:00,1454.000,335.093,99,21849,2610,62,measure
2026-09-11T03:41:52.224+00:00,1455.000,331.117,99,21849,2685,62,measure
2026-09-11T03:41:53.224+00:00,1456.000,315.574,99,21849,2685,61,measure
2026-09-11T03:41:54.224+00:00,1457.000,312.049,99,21849,2685,61,measure
2026-09-11T03:41:55.224+00:00,1458.000,323.886,99,21849,2685,67,measure
2026-09-11T03:41:56.224+00:00,1459.000,328.698,99,21849,2685,62,measure
2026-09-11T03:41:57.225+00:00,1460.000,323.699,99,21849,2685,62,measure
2026-09-11T03:41:58.225+00:00,1461.000,313.694,99,21849,2685,61,measure
2026-09-11T03:41:59.230+00:00,1462.007,346.581,99,21849,2595,64,measure
2026-09-11T03:42:00.223+00:00,1463.000,348.568,99,21849,2685,62,measure
2026-09-11T03:42:01.224+00:00,1464.000,348.617,99,21849,2685,63,measure
2026-09-11T03:42:02.223+00:00,1465.000,345.123,99,21849,2685,62,measure
2026-09-11T03:42:03.225+00:00,1466.000,320.367,99,21849,2685,62,measure
2026-09-11T03:42:04.224+00:00,1467.001,301.584,100,21849,2685,61,measure
2026-09-11T03:42:05.224+00:00,1468.000,298.14,99,21849,2685,62,measure
2026-09-11T03:42:06.224+00:00,1469.000,309.605,99,21849,2685,61,measure
2026-09-11T03:42:07.226+00:00,1470.003,321.796,99,21849,2685,61,measure
2026-09-11T03:42:08.225+00:00,1471.001,320.088,99,21849,2685,62,measure
2026-09-11T03:42:09.226+00:00,1472.001,322.588,99,21849,2685,61,measure
2026-09-11T03:42:10.225+00:00,1473.000,314.275,99,21849,2685,61,measure
2026-09-11T03:42:11.224+00:00,1474.000,313.48,99,21849,2685,61,measure
2026-09-11T03:42:12.224+00:00,1475.001,309.765,99,21849,2685,61,measure
2026-09-11T03:42:13.224+00:00,1476.001,314.118,100,21849,2685,64,measure
2026-09-11T03:42:14.224+00:00,1477.000,319.276,99,21849,2685,61,measure
2026-09-11T03:42:15.225+00:00,1478.001,328.374,99,21849,2685,62,measure
2026-09-11T03:42:13.724+00:00,1479.000,328.185,99,21849,2685,63,measure
2026-09-11T03:42:14.723+00:00,1480.000,319.168,99,21849,2685,61,measure
2026-09-11T03:42:15.723+00:00,1481.000,318.01,99,21849,2685,61,measure
2026-09-11T03:42:16.723+00:00,1482.000,321.504,99,21849,2685,61,measure
2026-09-11T03:42:17.723+00:00,1483.000,324.665,99,21849,2685,62,measure
2026-09-11T03:42:18.724+00:00,1484.000,315.165,99,21849,2685,61,measure
2026-09-11T03:42:19.724+00:00,1485.000,319.872,99,21849,2685,61,measure
2026-09-11T03:42:20.723+00:00,1486.000,334.035,99,21849,2685,63,measure
2026-09-11T03:42:21.723+00:00,1487.000,330.414,99,21849,2685,62,measure
2026-09-11T03:42:22.723+00:00,1488.000,346.272,99,21849,2685,63,measure
2026-09-11T03:42:23.724+00:00,1489.001,321.788,99,21849,2685,63,measure
2026-09-11T03:42:24.725+00:00,1490.000,326.941,99,21849,2685,64,measure
2026-09-11T03:42:25.724+00:00,1491.000,329.219,99,21849,2685,61,measure
2026-09-11T03:42:26.724+00:00,1492.001,336.337,99,21849,2685,62,measure
2026-09-11T03:42:27.725+00:00,1493.000,337.543,99,21849,2685,63,measure
2026-09-11T03:42:28.724+00:00,1494.001,355.344,99,21849,2685,64,measure
2026-09-11T03:42:29.724+00:00,1495.001,350.144,99,21850.8,2685,63,measure
2026-09-11T03:42:30.730+00:00,1496.007,347.91,99,21850.9,2685,63,measure
2026-09-11T03:42:31.728+00:00,1497.005,344.347,99,21854.3,2685,64,measure
2026-09-11T03:42:32.723+00:00,1498.000,334.514,99,21855.1,2685,62,measure
2026-09-11T03:42:33.723+00:00,1499.000,325.708,99,21864,2685,61,measure
2026-09-11T03:42:34.725+00:00,1500.002,310.739,99,21870.7,2685,61,measure
2026-09-11T03:42:35.724+00:00,1501.000,300.665,99,21866,2685,62,measure
2026-09-11T03:42:36.725+00:00,1502.001,296.232,99,21866,2685,60,measure
2026-09-11T03:42:37.723+00:00,1503.000,311.354,99,21879.4,2685,61,measure
2026-09-11T03:42:38.723+00:00,1504.000,309.779,99,21879.4,2685,63,measure
2026-09-11T03:42:39.724+00:00,1505.001,311.866,99,21879.4,2685,61,measure
2026-09-11T03:42:40.723+00:00,1506.000,293.11,99,21879.4,2685,60,measure
2026-09-11T03:42:41.765+00:00,1507.000,280.29,99,21879.4,2700,60,measure
2026-09-11T03:42:42.725+00:00,1508.000,118.593,0,21879.4,2700,53,measure
2026-09-11T03:42:43.732+00:00,1509.000,74.709,3,21894.7,690,53,measure
2026-09-11T03:42:44.725+00:00,1510.000,48.398,5,21936.9,510,51,measure
2026-09-11T03:42:43.240+00:00,1511.017,36.422,1,21927.2,375,51,measure
2026-09-11T03:42:44.305+00:00,1512.082,30.122,3,21990.4,285,50,measure
2026-09-11T03:42:45.225+00:00,1513.001,25.284,6,22128.8,255,50,measure
2026-09-11T03:42:46.225+00:00,1514.000,20.622,0,22133.1,210,49,measure
2026-09-11T03:42:47.224+00:00,1515.001,17.397,1,22130.5,210,49,measure
2026-09-11T03:42:48.223+00:00,1516.000,17.055,0,22055.8,210,49,measure
2026-09-11T03:42:49.223+00:00,1517.000,16.796,0,22056,210,49,measure
2026-09-11T03:42:50.223+00:00,1518.000,16.828,1,22054.3,210,48,measure
2026-09-11T03:42:51.225+00:00,1519.000,16.898,6,22062.8,240,48,measure
2026-09-11T03:42:52.224+00:00,1520.001,49.53,2,22154.2,2520,49,measure
2026-09-11T03:42:53.224+00:00,1521.001,62.983,2,22193.9,2520,49,measure
2026-09-11T03:42:54.223+00:00,1522.000,62.881,1,22198,2520,49,measure
2026-09-11T03:42:55.224+00:00,1523.001,32.037,4,22199.8,2520,48,measure
2026-09-11T03:42:56.223+00:00,1524.000,55.619,3,22205.3,2520,48,measure
2026-09-11T03:42:57.224+00:00,1525.000,62.676,0,22168.7,2520,48,measure
2026-09-11T03:42:58.224+00:00,1526.000,58.43,12,22180.1,2520,48,measure
2026-09-11T03:42:59.223+00:00,1527.000,62.522,4,22218,2520,48,measure
2026-09-11T03:43:00.222+00:00,1528.000,62.105,2,22201.2,2520,48,measure
2026-09-11T03:43:01.224+00:00,1529.001,48.826,4,22201.2,660,48,measure
2026-09-11T03:43:02.223+00:00,1530.000,22.186,5,22193,495,46,measure
2026-09-11T03:43:03.226+00:00,1531.001,16.712,5,22201.4,375,46,measure
2026-09-11T03:43:04.225+00:00,1532.001,16.416,5,22209.8,300,46,measure
2026-09-11T03:43:05.223+00:00,1533.001,16.158,5,22193,270,46,measure
2026-09-11T03:43:06.223+00:00,1534.001,16.466,10,22197.7,300,45,measure
2026-09-11T03:43:07.226+00:00,1535.003,17.048,11,22209.9,330,45,measure
2026-09-11T03:43:08.231+00:00,1536.007,16.968,11,22201.5,315,45,measure
2026-09-11T03:43:09.228+00:00,1537.003,16.109,6,22219.9,270,45,measure
2026-09-11T03:43:10.230+00:00,1538.007,16.76,13,22203.1,330,45,measure
2026-09-11T03:43:11.225+00:00,1539.002,16.663,8,22203.6,300,45,measure
2026-09-11T03:43:12.229+00:00,1540.006,16.229,9,22212,285,45,measure
2026-09-11T03:43:13.223+00:00,1541.000,16.233,6,22196.9,270,44,measure
2026-09-11T03:43:14.224+00:00,1542.001,15.951,8,22207.5,255,44,measure
2026-09-11T03:43:15.238+00:00,1543.001,16.144,5,22199.1,270,44,measure
2026-09-11T03:43:13.723+00:00,1544.001,15.414,5,22217.5,255,44,measure
2026-09-11T03:43:14.722+00:00,1545.001,15.776,8,22217.3,270,44,measure
2026-09-11T03:43:15.721+00:00,1546.000,16.331,12,22217.3,315,44,measure
2026-09-11T03:43:16.721+00:00,1547.000,35.927,5,22337.1,2520,45,measure
2026-09-11T03:43:17.721+00:00,1548.000,61.182,3,22363.3,2520,45,measure
2026-09-11T03:43:18.723+00:00,1549.000,60.501,3,22347.9,2520,45,measure
2026-09-11T03:43:19.723+00:00,1550.002,34.357,4,22347.9,525,44,measure
2026-09-11T03:43:20.728+00:00,1551.006,19.726,5,22339.9,405,44,measure
2026-09-11T03:43:21.740+00:00,1552.019,15.514,5,22343.5,330,43,measure
2026-09-11T03:43:22.737+00:00,1553.008,15.407,9,22297.9,285,43,measure
2026-09-11T03:43:23.729+00:00,1554.006,16.2,7,22358.7,300,43,measure
2026-09-11T03:43:24.726+00:00,1555.003,15.336,6,22350.3,270,43,measure
2026-09-11T03:43:25.729+00:00,1556.008,15.261,8,22356.6,255,43,measure
2026-09-11T03:43:26.724+00:00,1557.003,15.244,6,22344.2,270,43,measure
2026-09-11T03:43:27.722+00:00,1558.001,15.03,5,22335.7,240,43,measure
2026-09-11T03:43:28.723+00:00,1559.002,15.318,5,22331.7,240,43,measure
2026-09-11T03:43:29.727+00:00,1560.004,15.389,5,22331.7,225,42,measure
2026-09-11T03:43:30.730+00:00,1561.008,15.325,5,22299.7,225,42,measure
2026-09-11T03:43:31.756+00:00,1562.035,15.287,5,22267.7,225,42,measure
2026-09-11T03:43:32.743+00:00,1563.022,15.494,11,22259.7,315,42,measure
2026-09-11T03:43:33.740+00:00,1564.011,15.932,5,22262.7,315,42,measure
2026-09-11T03:43:34.723+00:00,1565.002,16.108,11,22323.6,330,42,measure
2026-09-11T03:43:35.729+00:00,1566.006,15.708,8,22319.2,300,42,measure
2026-09-11T03:43:36.725+00:00,1567.001,15.582,8,22288.2,270,42,measure
2026-09-11T03:43:37.726+00:00,1568.005,15.08,5,22342.4,255,42,measure
2026-09-11T03:43:38.730+00:00,1569.001,15.51,6,22373.8,255,42,measure
2026-09-11T03:43:39.739+00:00,1570.018,16.616,28,22548.3,555,42,measure
2026-09-11T03:43:40.726+00:00,1571.005,17.129,20,22579.1,450,42,measure
2026-09-11T03:43:41.728+00:00,1572.004,16.379,16,22595.7,390,41,measure
2026-09-11T03:43:42.727+00:00,1573.004,15.249,4,22576.9,315,41,measure
2026-09-11T03:43:43.730+00:00,1574.008,15.272,14,22593.3,345,41,measure
2026-09-11T03:43:44.722+00:00,1575.001,15.182,8,22594.4,315,41,measure
2026-09-11T03:43:43.225+00:00,1576.001,14.861,5,22597,270,41,measure
2026-09-11T03:43:44.225+00:00,1577.000,15.594,6,22554.5,315,41,measure
2026-09-11T03:43:45.225+00:00,1578.001,15.346,5,22506.2,285,41,measure
