timestamp_iso,t_s,power_w,util_gpu_pct,mem_used_mib,clocks_sm_mhz,temp_c,phase
2026-09-12T14:16:34.080+00:00,0.000,227.256,94,22641.6,2700,57,measure
2026-09-12T14:16:35.129+00:00,1.049,85.583,0,22641.4,2700,52,measure
2026-09-12T14:16:36.079+00:00,2.002,70.069,0,22635.1,630,51,measure
2026-09-12T14:16:37.083+00:00,3.005,41.426,0,22635.1,420,50,measure
2026-09-12T14:16:38.091+00:00,4.014,35.971,0,22635.1,315,49,measure
2026-09-12T14:16:39.079+00:00,5.000,38.755,31,22635.1,600,49,measure
2026-09-12T14:16:40.079+00:00,6.001,212.476,99,22637.1,2700,57,measure
2026-09-12T14:16:41.083+00:00,7.005,293.486,99,22699.6,2685,59,measure
2026-09-12T14:16:42.077+00:00,8.000,297.841,99,22678.8,2685,59,measure
2026-09-12T14:16:43.077+00:00,9.000,309.655,99,22699.6,2685,60,measure
2026-09-12T14:16:44.078+00:00,10.000,311.342,99,22699.6,2685,61,measure
2026-09-12T14:16:45.080+00:00,11.000,328.372,99,22703.1,2685,64,measure
2026-09-12T14:16:46.084+00:00,12.007,354.879,99,22688.3,2685,65,measure
2026-09-12T14:16:47.079+00:00,13.002,358.668,99,22688.3,2685,63,measure
2026-09-12T14:16:48.078+00:00,14.002,364.604,99,22688.3,2685,63,measure
2026-09-12T14:16:49.077+00:00,15.000,366.663,99,22628.3,2685,63,measure
2026-09-12T14:16:50.078+00:00,16.001,371.113,99,22638.2,2685,64,measure
2026-09-12T14:16:51.080+00:00,17.003,362.344,99,22650.5,2685,67,measure
2026-09-12T14:16:49.596+00:00,18.003,356.023,99,22645.9,2685,65,measure
2026-09-12T14:16:50.599+00:00,19.006,333.809,99,22612.2,2685,65,measure
2026-09-12T14:16:51.596+00:00,20.003,314.163,99,22640.6,2685,61,measure
2026-09-12T14:16:52.595+00:00,21.002,308.642,99,22640.6,2685,63,measure
2026-09-12T14:16:53.595+00:00,22.000,329.833,99,22643.9,2685,62,measure
2026-09-12T14:16:54.596+00:00,23.001,344.98,99,22643.9,2685,64,measure
2026-09-12T14:16:55.594+00:00,24.001,357.297,99,22634.5,2685,65,measure
2026-09-12T14:16:56.594+00:00,25.001,357.32,99,22649.9,2685,65,measure
2026-09-12T14:16:57.593+00:00,26.000,346.271,99,22649.9,2685,64,measure
2026-09-12T14:16:58.595+00:00,27.002,328.837,99,22636,2685,61,measure
2026-09-12T14:16:59.595+00:00,28.000,348.419,99,22652.5,2685,65,measure
2026-09-12T14:17:00.596+00:00,29.001,339.575,99,22652.5,2685,64,measure
2026-09-12T14:17:01.594+00:00,30.001,334.459,99,22652.5,2685,61,measure
2026-09-12T14:17:02.594+00:00,31.001,349.879,99,22652.5,2685,65,measure
2026-09-12T14:17:03.594+00:00,32.001,340.577,99,22652.5,2685,63,measure
2026-09-12T14:17:04.594+00:00,33.001,355.69,99,22668.9,2685,64,measure
2026-09-12T14:17:05.595+00:00,34.000,352.439,99,22670.9,2685,65,measure
2026-09-12T14:17:06.596+00:00,35.001,360.247,99,22692.8,2685,64,measure
2026-09-12T14:17:07.595+00:00,36.002,358.604,99,22681.6,2685,66,measure
2026-09-12T14:17:08.599+00:00,37.003,354.601,99,22683.7,2685,64,measure
2026-09-12T14:17:09.595+00:00,38.002,369.754,99,22683.7,2685,66,measure
2026-09-12T14:17:10.593+00:00,39.000,366.206,99,22683.7,2685,66,measure
2026-09-12T14:17:11.595+00:00,40.000,351.359,99,22683.7,2685,63,measure
2026-09-12T14:17:12.596+00:00,41.001,347.239,99,22698.5,2685,67,measure
2026-09-12T14:17:13.594+00:00,42.001,357.052,99,22681.7,2685,65,measure
2026-09-12T14:17:14.593+00:00,43.000,344.343,99,22698.5,2685,64,measure
2026-09-12T14:17:15.593+00:00,44.000,348.582,99,22681.7,2685,64,measure
2026-09-12T14:17:16.594+00:00,45.001,329.981,99,22688.7,2685,61,measure
2026-09-12T14:17:17.595+00:00,46.000,316.83,99,22688.9,2685,64,measure
2026-09-12T14:17:18.595+00:00,47.001,328.348,99,22683.4,2685,63,measure
2026-09-12T14:17:19.594+00:00,48.001,325.736,99,22687.1,2685,63,measure
2026-09-12T14:17:20.594+00:00,49.001,343.837,99,22626.3,2685,65,measure
2026-09-12T14:17:19.100+00:00,50.002,355.381,99,22613.8,2685,65,measure
2026-09-12T14:17:20.099+00:00,51.001,357.138,99,22614.1,2685,65,measure
2026-09-12T14:17:21.102+00:00,52.000,350.539,99,22631.9,2685,66,measure
2026-09-12T14:17:22.100+00:00,53.001,352.664,99,22637.2,2685,64,measure
2026-09-12T14:17:23.098+00:00,54.000,344.255,99,22621.5,2685,65,measure
2026-09-12T14:17:24.100+00:00,55.002,349.555,99,22612.7,2685,65,measure
2026-09-12T14:17:25.099+00:00,56.001,363.99,99,22635.5,2685,66,measure
2026-09-12T14:17:26.102+00:00,57.002,360.915,99,22623.3,2685,65,measure
2026-09-12T14:17:27.100+00:00,58.001,356.129,99,22648.9,2685,66,measure
2026-09-12T14:17:28.106+00:00,59.001,353.356,99,22618.4,2685,64,measure
2026-09-12T14:17:29.099+00:00,60.001,338.332,99,22646.2,2685,67,measure
2026-09-12T14:17:30.099+00:00,61.001,332.088,99,22739.1,2685,63,measure
2026-09-12T14:17:31.098+00:00,62.000,332.937,99,22777.8,2685,66,measure
2026-09-12T14:17:32.100+00:00,63.001,356.857,99,22769.4,2685,64,measure
2026-09-12T14:17:33.100+00:00,64.000,347.658,99,22767.1,2685,62,measure
2026-09-12T14:17:34.100+00:00,65.002,347.974,99,22764.4,2685,66,measure
2026-09-12T14:17:35.099+00:00,66.001,362.242,99,22760.3,2685,66,measure
2026-09-12T14:17:36.101+00:00,67.001,350.242,99,22680.5,2685,65,measure
2026-09-12T14:17:37.145+00:00,68.000,354.732,99,22680.5,2685,65,measure
2026-09-12T14:17:38.100+00:00,69.001,326.797,99,22680.5,2685,66,measure
2026-09-12T14:17:39.100+00:00,70.001,314.659,99,22680.5,2685,61,measure
2026-09-12T14:17:40.099+00:00,71.001,328.304,99,22718.5,2685,65,measure
2026-09-12T14:17:41.098+00:00,72.000,331.033,99,22704,2685,65,measure
2026-09-12T14:17:42.098+00:00,73.000,351.116,99,22708.6,2685,66,measure
2026-09-12T14:17:43.098+00:00,74.001,354.542,99,22722,2685,66,measure
2026-09-12T14:17:44.100+00:00,75.001,356.042,99,22706.1,2685,65,measure
2026-09-12T14:17:45.100+00:00,76.001,360.865,99,22753.1,2685,64,measure
2026-09-12T14:17:46.099+00:00,77.000,350.255,99,22748.4,2685,66,measure
2026-09-12T14:17:47.099+00:00,78.001,349.943,99,22732.4,2685,67,measure
2026-09-12T14:17:48.099+00:00,79.001,351.596,99,22691.7,2685,65,measure
2026-09-12T14:17:49.099+00:00,80.002,354.998,99,22685,2685,66,measure
2026-09-12T14:17:50.099+00:00,81.001,363.036,99,22694,2685,66,measure
2026-09-12T14:17:51.100+00:00,82.000,359.032,99,22634,2685,65,measure
2026-09-12T14:17:49.579+00:00,83.001,367.997,99,22630,2685,67,measure
2026-09-12T14:17:50.628+00:00,84.000,379.39,99,22630,2685,66,measure
2026-09-12T14:17:51.578+00:00,85.000,362.461,99,22630,2685,67,measure
2026-09-12T14:17:52.578+00:00,86.000,361.792,99,22630,2685,65,measure
2026-09-12T14:17:53.578+00:00,87.000,370.715,99,22630,2685,67,measure
2026-09-12T14:17:54.579+00:00,88.001,363.561,99,22630,2685,66,measure
2026-09-12T14:17:55.578+00:00,89.000,367.893,99,22630,2685,67,measure
2026-09-12T14:17:56.578+00:00,90.001,372.991,99,22630,2685,67,measure
2026-09-12T14:17:57.578+00:00,91.000,374.942,99,22630,2685,66,measure
2026-09-12T14:17:58.578+00:00,92.000,378.724,99,22630,2685,67,measure
2026-09-12T14:17:59.579+00:00,93.001,371.378,99,22630,2685,65,measure
2026-09-12T14:18:00.582+00:00,94.000,367.673,99,22630,2685,66,measure
2026-09-12T14:18:01.578+00:00,95.000,359.088,99,22627.2,2685,65,measure
2026-09-12T14:18:02.578+00:00,96.001,358.316,99,22625.8,2685,66,measure
2026-09-12T14:18:03.580+00:00,97.000,341.522,99,22625.8,2685,64,measure
2026-09-12T14:18:04.578+00:00,98.000,319.546,99,22634.8,2685,62,measure
2026-09-12T14:18:05.579+00:00,99.001,314.586,99,22624.8,2685,63,measure
2026-09-12T14:18:06.582+00:00,100.001,325.396,99,22624.8,2685,64,measure
2026-09-12T14:18:07.578+00:00,101.000,337.686,99,22624.8,2685,65,measure
2026-09-12T14:18:08.578+00:00,102.000,355.631,99,22624.8,2685,66,measure
2026-09-12T14:18:09.578+00:00,103.000,341.485,99,22624.8,2685,63,measure
2026-09-12T14:18:10.578+00:00,104.000,317.233,99,22624.8,2685,63,measure
2026-09-12T14:18:11.579+00:00,105.001,331.144,99,22624.8,2685,66,measure
2026-09-12T14:18:12.579+00:00,106.000,333.131,99,22624.8,2685,62,measure
2026-09-12T14:18:13.578+00:00,107.001,332.35,99,22623.4,2685,64,measure
2026-09-12T14:18:14.578+00:00,108.000,356.471,99,22631.4,2685,65,measure
2026-09-12T14:18:15.579+00:00,109.002,333.314,99,22631.4,2685,64,measure
2026-09-12T14:18:16.630+00:00,110.001,315.127,99,22629.3,2685,64,measure
2026-09-12T14:18:17.580+00:00,111.001,316.896,99,22629.3,2685,65,measure
2026-09-12T14:18:18.579+00:00,112.000,312.43,99,22620.9,2685,64,measure
2026-09-12T14:18:19.578+00:00,113.001,321.884,99,22620.9,2685,64,measure
2026-09-12T14:18:20.578+00:00,114.000,329.453,99,22620.9,2685,66,measure
2026-09-12T14:18:19.079+00:00,115.000,321.232,99,22620.9,2685,65,measure
2026-09-12T14:18:20.078+00:00,116.000,337.675,99,22620.9,2685,65,measure
2026-09-12T14:18:21.080+00:00,117.000,317.725,99,22620.9,2685,63,measure
2026-09-12T14:18:22.081+00:00,118.001,323.003,99,22620.9,2685,63,measure
2026-09-12T14:18:23.078+00:00,119.001,327.486,99,22620.9,2685,63,measure
2026-09-12T14:18:24.078+00:00,120.000,321.234,99,22620.9,2685,63,measure
2026-09-12T14:18:25.079+00:00,121.000,347.352,99,22620.9,2685,66,measure
2026-09-12T14:18:26.080+00:00,122.002,332.189,99,22620.9,2685,65,measure
2026-09-12T14:18:27.079+00:00,123.000,364.553,99,22620.9,2685,65,measure
2026-09-12T14:18:28.081+00:00,124.001,368.573,99,22620.9,2685,66,measure
2026-09-12T14:18:29.079+00:00,125.002,363.583,99,22620.9,2685,68,measure
2026-09-12T14:18:30.079+00:00,126.000,379.034,99,22620.9,2685,67,measure
2026-09-12T14:18:31.080+00:00,127.000,366.2,99,22620.9,2685,65,measure
2026-09-12T14:18:32.079+00:00,128.001,356.886,99,22620.9,2685,66,measure
2026-09-12T14:18:33.081+00:00,129.002,354.369,99,22623.6,2685,67,measure
2026-09-12T14:18:34.079+00:00,130.001,354.381,99,22623.6,2685,65,measure
2026-09-12T14:18:35.078+00:00,131.000,344.121,99,22610.9,2685,65,measure
2026-09-12T14:18:36.085+00:00,132.007,336.433,99,22626.4,2685,66,measure
2026-09-12T14:18:37.078+00:00,133.000,308.85,99,22626.4,2685,64,measure
2026-09-12T14:18:38.079+00:00,134.000,336.667,99,22626.3,2685,64,measure
2026-09-12T14:18:39.080+00:00,135.000,361.836,99,22649.8,2685,67,measure
2026-09-12T14:18:40.081+00:00,136.002,359.416,99,22652.2,2685,68,measure
2026-09-12T14:18:41.078+00:00,137.000,373.237,99,22670.4,2685,68,measure
2026-09-12T14:18:42.078+00:00,138.000,368.936,99,22644.4,2685,66,measure
2026-09-12T14:18:43.080+00:00,139.002,367.6,99,22644.4,2685,67,measure
2026-09-12T14:18:44.082+00:00,140.003,358.032,99,22640.3,2685,66,measure
2026-09-12T14:18:45.080+00:00,141.000,358.64,99,22653.3,2685,66,measure
2026-09-12T14:18:46.116+00:00,142.001,360.354,99,22652.3,2685,65,measure
2026-09-12T14:18:47.079+00:00,143.001,337.736,99,22653.3,2685,65,measure
2026-09-12T14:18:48.078+00:00,144.000,360.242,99,22653.3,2685,66,measure
2026-09-12T14:18:49.079+00:00,145.001,353.055,99,22653.3,2685,65,measure
2026-09-12T14:18:50.086+00:00,146.004,360.821,99,22653.3,2685,67,measure
2026-09-12T14:18:51.088+00:00,147.002,351.804,99,22653.3,2685,67,measure
2026-09-12T14:18:49.578+00:00,148.001,338.775,99,22653.3,2685,63,measure
2026-09-12T14:18:50.578+00:00,149.001,364,99,22653.3,2685,65,measure
2026-09-12T14:18:51.580+00:00,150.002,337.386,99,22651.3,2685,66,measure
2026-09-12T14:18:52.578+00:00,151.001,355.557,99,22650.3,2685,67,measure
2026-09-12T14:18:53.583+00:00,152.005,343.106,99,22640.3,2685,65,measure
2026-09-12T14:18:54.578+00:00,153.001,356.695,99,22646.3,2685,65,measure
2026-09-12T14:18:55.579+00:00,154.000,366.668,99,22646.3,2685,68,measure
2026-09-12T14:18:56.577+00:00,155.001,363.369,99,22646.3,2685,67,measure
2026-09-12T14:18:57.578+00:00,156.002,362.083,99,22646.3,2685,65,measure
2026-09-12T14:18:58.578+00:00,157.001,338.01,99,22646.3,2685,65,measure
2026-09-12T14:18:59.577+00:00,158.000,318.28,99,22641.3,2685,63,measure
2026-09-12T14:19:00.579+00:00,159.002,339.354,99,22620.8,2685,65,measure
2026-09-12T14:19:01.581+00:00,160.002,353.699,99,22622.8,2685,65,measure
2026-09-12T14:19:02.578+00:00,161.001,357.044,99,22624.1,2685,66,measure
2026-09-12T14:19:03.577+00:00,162.000,363.998,99,22624.1,2685,66,measure
2026-09-12T14:19:04.577+00:00,163.000,360.81,99,22624.1,2685,67,measure
2026-09-12T14:19:05.578+00:00,164.001,357.722,99,22624.1,2685,67,measure
2026-09-12T14:19:06.578+00:00,165.000,363.809,99,22624.1,2685,68,measure
2026-09-12T14:19:07.578+00:00,166.001,355.267,99,22624.1,2685,66,measure
2026-09-12T14:19:08.578+00:00,167.001,360.988,99,22624.1,2685,67,measure
2026-09-12T14:19:09.577+00:00,168.000,321.434,99,22624.1,2685,63,measure
2026-09-12T14:19:10.577+00:00,169.000,307.886,99,22644.3,2685,62,measure
2026-09-12T14:19:11.579+00:00,170.002,314.045,99,22628.8,2685,65,measure
2026-09-12T14:19:12.578+00:00,171.000,319.368,99,22637.2,2685,65,measure
2026-09-12T14:19:13.579+00:00,172.003,316.548,99,22628.8,2685,64,measure
2026-09-12T14:19:14.577+00:00,173.000,326.095,99,22639.2,2685,62,measure
2026-09-12T14:19:15.577+00:00,174.000,326.916,99,22645.6,2685,65,measure
2026-09-12T14:19:16.579+00:00,175.002,334.401,99,22631.1,2685,66,measure
2026-09-12T14:19:17.577+00:00,176.000,366.779,99,22631.1,2685,68,measure
2026-09-12T14:19:18.579+00:00,177.001,374.488,99,22631.1,2685,68,measure
2026-09-12T14:19:19.578+00:00,178.001,374.583,99,22600.7,2685,67,measure
2026-09-12T14:19:20.577+00:00,179.000,370.478,99,22600.7,2685,66,measure
2026-09-12T14:19:19.076+00:00,180.001,363.181,99,22600.7,2685,67,measure
2026-09-12T14:19:20.076+00:00,181.000,357.344,99,22600.7,2685,65,measure
2026-09-12T14:19:21.077+00:00,182.001,358.094,99,22624.3,2685,65,measure
2026-09-12T14:19:22.081+00:00,183.001,368.263,99,22624.3,2685,66,measure
2026-09-12T14:19:23.077+00:00,184.000,366.828,99,22624.3,2685,68,measure
2026-09-12T14:19:24.078+00:00,185.002,371.327,99,22651.3,2685,69,measure
2026-09-12T14:19:25.076+00:00,186.000,366.909,99,22652.9,2685,67,measure
2026-09-12T14:19:26.076+00:00,187.000,364.294,99,22642.9,2685,66,measure
2026-09-12T14:19:27.076+00:00,188.000,374.74,99,22651.9,2685,66,measure
2026-09-12T14:19:28.077+00:00,189.000,375.016,99,22651.9,2685,66,measure
2026-09-12T14:19:29.077+00:00,190.002,366.612,99,22652.9,2685,66,measure
2026-09-12T14:19:30.078+00:00,191.002,368.261,99,22653.9,2685,66,measure
2026-09-12T14:19:31.077+00:00,192.001,358.53,99,22653.9,2685,65,measure
2026-09-12T14:19:32.078+00:00,193.002,366.005,99,22653.9,2685,66,measure
2026-09-12T14:19:33.077+00:00,194.000,357.246,99,22649.9,2685,67,measure
2026-09-12T14:19:34.078+00:00,195.001,347.685,99,22653.9,2685,66,measure
2026-09-12T14:19:35.077+00:00,196.001,339.347,99,22661.9,2685,64,measure
2026-09-12T14:19:36.076+00:00,197.000,329.847,99,22651.9,2685,65,measure
2026-09-12T14:19:37.076+00:00,198.000,318.436,99,22651.9,2685,62,measure
2026-09-12T14:19:38.076+00:00,199.000,339.401,99,22649.9,2685,63,measure
2026-09-12T14:19:39.077+00:00,200.001,336.06,99,22655.9,2685,66,measure
2026-09-12T14:19:40.080+00:00,201.001,344.001,99,22653.9,2685,66,measure
2026-09-12T14:19:41.076+00:00,202.000,364.218,99,22642.9,2685,65,measure
2026-09-12T14:19:42.076+00:00,203.001,354.904,99,22651.9,2685,67,measure
2026-09-12T14:19:43.079+00:00,204.001,360.1,99,22653.9,2685,66,measure
2026-09-12T14:19:44.076+00:00,205.001,359.313,99,22650.9,2685,67,measure
2026-09-12T14:19:45.077+00:00,206.000,348.546,99,22650.9,2685,66,measure
2026-09-12T14:19:46.080+00:00,207.000,363.434,99,22613.9,2685,65,measure
2026-09-12T14:19:47.076+00:00,208.000,358.557,99,22614.9,2685,65,measure
2026-09-12T14:19:48.076+00:00,209.000,354.636,99,22711.5,2685,66,measure
2026-09-12T14:19:49.076+00:00,210.000,348.177,99,22703.2,2685,64,measure
2026-09-12T14:19:50.100+00:00,211.001,336.945,99,22722.3,2685,65,measure
2026-09-12T14:19:51.076+00:00,212.000,349.324,99,22724,2685,65,measure
2026-09-12T14:19:49.599+00:00,213.002,354.771,99,22724,2685,65,measure
2026-09-12T14:19:50.598+00:00,214.003,360.369,99,22721.9,2685,66,measure
2026-09-12T14:19:51.597+00:00,215.001,363.333,99,22741.7,2685,65,measure
2026-09-12T14:19:52.596+00:00,216.000,364.764,99,22711.6,2685,66,measure
2026-09-12T14:19:53.596+00:00,217.000,359.426,99,22742.7,2685,66,measure
2026-09-12T14:19:54.597+00:00,218.000,354.354,99,22723.9,2685,65,measure
2026-09-12T14:19:55.597+00:00,219.000,328.347,99,22705.8,2685,63,measure
2026-09-12T14:19:56.599+00:00,220.000,343.683,99,22702.8,2685,64,measure
2026-09-12T14:19:57.595+00:00,221.000,344.1,99,22700.6,2685,63,measure
2026-09-12T14:19:58.596+00:00,222.001,353.069,99,22710.1,2685,65,measure
2026-09-12T14:19:59.596+00:00,223.001,351.444,99,22718,2685,66,measure
2026-09-12T14:20:00.598+00:00,224.000,354.79,99,22722.2,2685,65,measure
2026-09-12T14:20:01.599+00:00,225.001,320.892,99,22723.2,2685,63,measure
2026-09-12T14:20:02.628+00:00,226.001,318.852,99,22720.9,2685,64,measure
2026-09-12T14:20:03.596+00:00,227.000,335.168,99,22710.6,2685,62,measure
2026-09-12T14:20:04.596+00:00,228.000,345.475,99,22710.6,2685,65,measure
2026-09-12T14:20:05.596+00:00,229.001,360.171,99,22710.6,2685,65,measure
2026-09-12T14:20:06.597+00:00,230.000,335.007,99,22710.6,2685,67,measure
2026-09-12T14:20:07.598+00:00,231.000,323.633,99,22654.3,2685,62,measure
2026-09-12T14:20:08.597+00:00,232.001,311.209,99,22653.4,2685,62,measure
2026-09-12T14:20:09.596+00:00,233.000,321.924,99,22653.4,2685,64,measure
2026-09-12T14:20:10.598+00:00,234.001,342.401,99,22653.4,2685,67,measure
2026-09-12T14:20:11.597+00:00,235.002,356.704,99,22653.4,2685,65,measure
2026-09-12T14:20:12.598+00:00,236.001,365.21,99,22650.6,2685,67,measure
2026-09-12T14:20:13.599+00:00,237.000,363.227,99,22650.6,2685,65,measure
2026-09-12T14:20:14.596+00:00,238.001,365.486,99,22650.6,2685,66,measure
2026-09-12T14:20:15.597+00:00,239.002,370.697,99,22647.7,2685,68,measure
2026-09-12T14:20:16.596+00:00,240.001,365.695,99,22647.7,2685,67,measure
2026-09-12T14:20:17.596+00:00,241.000,371.138,99,22646,2685,67,measure
2026-09-12T14:20:18.597+00:00,242.000,371.673,99,22646,2685,66,measure
2026-09-12T14:20:19.596+00:00,243.001,365.44,99,22646,2685,67,measure
2026-09-12T14:20:20.598+00:00,244.002,371.725,99,22646,2685,67,measure
2026-09-12T14:20:19.099+00:00,245.001,371.042,99,22646,2685,67,measure
2026-09-12T14:20:20.099+00:00,246.001,369.415,99,22646,2685,65,measure
2026-09-12T14:20:21.100+00:00,247.002,361.724,99,22645.7,2685,65,measure
2026-09-12T14:20:22.100+00:00,248.001,360.048,99,22645.7,2685,67,measure
2026-09-12T14:20:23.100+00:00,249.000,336.348,99,22645.3,2685,65,measure
2026-09-12T14:20:24.098+00:00,250.000,320.006,99,22645.3,2685,65,measure
2026-09-12T14:20:25.098+00:00,251.000,319.39,99,22645.3,2685,65,measure
2026-09-12T14:20:26.098+00:00,252.000,312.286,99,22645.3,2685,63,measure
2026-09-12T14:20:27.098+00:00,253.001,322.572,99,22645.3,2685,62,measure
2026-09-12T14:20:28.104+00:00,254.001,328.835,99,22645.3,2685,64,measure
2026-09-12T14:20:29.099+00:00,255.001,324.886,99,22645.3,2685,66,measure
2026-09-12T14:20:30.098+00:00,256.000,309.959,99,22645.3,2685,62,measure
2026-09-12T14:20:31.098+00:00,257.000,318.561,99,22645.3,2685,62,measure
2026-09-12T14:20:32.100+00:00,258.002,324.816,99,22645.3,2685,65,measure
2026-09-12T14:20:33.099+00:00,259.001,319.979,99,22645.3,2685,64,measure
2026-09-12T14:20:34.100+00:00,260.001,330.289,99,22645.3,2685,64,measure
2026-09-12T14:20:35.100+00:00,261.002,330.879,99,22645.3,2685,63,measure
2026-09-12T14:20:36.098+00:00,262.000,338.7,99,22645.3,2685,63,measure
2026-09-12T14:20:37.098+00:00,263.000,366.873,99,22645.3,2685,65,measure
2026-09-12T14:20:38.103+00:00,264.005,364.183,99,22645.3,2685,67,measure
2026-09-12T14:20:39.107+00:00,265.010,365.461,99,22645.3,2685,67,measure
2026-09-12T14:20:40.107+00:00,266.009,366.459,99,22645.3,2685,66,measure
2026-09-12T14:20:41.100+00:00,267.001,351.315,99,22573.6,2685,66,measure
2026-09-12T14:20:42.099+00:00,268.001,321.608,99,22573.6,2685,63,measure
2026-09-12T14:20:43.098+00:00,269.000,315.507,99,22573.6,2685,66,measure
2026-09-12T14:20:44.098+00:00,270.001,314.778,99,22573.6,2685,64,measure
2026-09-12T14:20:45.098+00:00,271.001,324.145,99,22573.6,2685,64,measure
2026-09-12T14:20:46.099+00:00,272.000,325.351,99,22589.6,2685,62,measure
2026-09-12T14:20:47.099+00:00,273.000,330.378,99,22589,2685,63,measure
2026-09-12T14:20:48.098+00:00,274.000,353.548,99,22589,2685,65,measure
2026-09-12T14:20:49.105+00:00,275.001,359.443,99,22589,2685,64,measure
2026-09-12T14:20:50.098+00:00,276.000,364.259,99,22589,2685,65,measure
2026-09-12T14:20:48.618+00:00,277.001,359.259,99,22589,2685,67,measure
2026-09-12T14:20:49.619+00:00,278.000,346.784,99,22589,2685,65,measure
2026-09-12T14:20:50.619+00:00,279.001,353.926,99,22589,2685,67,measure
2026-09-12T14:20:51.618+00:00,280.000,344.977,99,22589,2685,65,measure
2026-09-12T14:20:52.623+00:00,281.001,369.179,99,22589,2685,68,measure
2026-09-12T14:20:53.618+00:00,282.001,372.284,99,22589,2685,66,measure
2026-09-12T14:20:54.661+00:00,283.001,366.593,99,22589,2685,66,measure
2026-09-12T14:20:55.619+00:00,284.000,374.245,99,22589,2685,65,measure
2026-09-12T14:20:56.619+00:00,285.000,367.793,99,22589,2685,67,measure
2026-09-12T14:20:57.624+00:00,286.001,338.779,99,22589,2685,63,measure
2026-09-12T14:20:58.618+00:00,287.000,328.157,99,22589,2685,62,measure
2026-09-12T14:20:59.618+00:00,288.000,314.041,99,22642.9,2685,64,measure
2026-09-12T14:21:00.658+00:00,289.000,335.48,99,22642.9,2685,63,measure
2026-09-12T14:21:01.619+00:00,290.000,324.277,99,22642.9,2685,65,measure
2026-09-12T14:21:02.627+00:00,291.001,352.8,99,22642.9,2685,66,measure
2026-09-12T14:21:03.619+00:00,292.001,333.187,99,22642.9,2685,66,measure
2026-09-12T14:21:04.618+00:00,293.000,359.348,99,22642.9,2685,67,measure
2026-09-12T14:21:05.619+00:00,294.001,359.935,99,22642.9,2685,65,measure
2026-09-12T14:21:06.620+00:00,295.001,364.795,99,22642.9,2685,66,measure
2026-09-12T14:21:07.619+00:00,296.000,364.365,99,22642.9,2685,66,measure
2026-09-12T14:21:08.619+00:00,297.001,366.764,99,22642.9,2685,68,measure
2026-09-12T14:21:09.620+00:00,298.003,363.294,99,22642.9,2685,66,measure
2026-09-12T14:21:10.618+00:00,299.001,360.196,99,22582.9,2685,67,measure
2026-09-12T14:21:11.618+00:00,300.000,347.856,99,22582.9,2685,65,measure
2026-09-12T14:21:12.618+00:00,301.000,344.189,99,22582.9,2685,64,measure
2026-09-12T14:21:13.620+00:00,302.001,357.158,99,22582.9,2685,66,measure
2026-09-12T14:21:14.620+00:00,303.002,365.851,99,22582.9,2685,67,measure
2026-09-12T14:21:15.619+00:00,304.001,364.786,99,22582.9,2685,65,measure
2026-09-12T14:21:16.618+00:00,305.000,365.962,99,22582.9,2685,66,measure
2026-09-12T14:21:17.618+00:00,306.000,390.134,99,22582.9,2685,68,measure
2026-09-12T14:21:18.618+00:00,307.000,407.417,99,22582.9,2685,70,measure
2026-09-12T14:21:19.622+00:00,308.001,411.092,99,22582.9,2685,68,measure
2026-09-12T14:21:20.618+00:00,309.001,394.083,99,22582.9,2685,68,measure
2026-09-12T14:21:19.119+00:00,310.000,387.835,99,22582.9,2685,69,measure
2026-09-12T14:21:20.122+00:00,311.000,397.338,99,22582.9,2685,69,measure
2026-09-12T14:21:21.120+00:00,312.000,397.577,99,22582.9,2685,69,measure
2026-09-12T14:21:22.121+00:00,313.001,408.86,99,22582.9,2685,69,measure
2026-09-12T14:21:23.124+00:00,314.001,409.255,99,22582.9,2685,68,measure
2026-09-12T14:21:24.120+00:00,315.001,391.951,99,22582.9,2685,68,measure
2026-09-12T14:21:25.119+00:00,316.000,388.541,99,22582.9,2685,69,measure
2026-09-12T14:21:26.120+00:00,317.001,396.034,99,22582.9,2685,68,measure
2026-09-12T14:21:27.120+00:00,318.000,395.993,99,22582.9,2685,70,measure
2026-09-12T14:21:28.120+00:00,319.000,407.267,100,22690.9,2685,70,measure
2026-09-12T14:21:29.123+00:00,320.000,408.945,99,22690.9,2685,71,measure
2026-09-12T14:21:30.120+00:00,321.001,394.196,99,22690.9,2685,68,measure
2026-09-12T14:21:31.120+00:00,322.000,388.246,99,22690.9,2685,68,measure
2026-09-12T14:21:32.119+00:00,323.000,397.434,99,22690.9,2685,69,measure
2026-09-12T14:21:33.119+00:00,324.000,398.443,99,22690.9,2685,69,measure
2026-09-12T14:21:34.121+00:00,325.000,407.056,99,22690.9,2685,71,measure
2026-09-12T14:21:35.121+00:00,326.001,414.599,99,22690.9,2685,71,measure
2026-09-12T14:21:36.119+00:00,327.000,396.083,99,22690.9,2685,68,measure
2026-09-12T14:21:37.120+00:00,328.000,387.219,99,22690.9,2685,69,measure
2026-09-12T14:21:38.119+00:00,329.000,397.742,99,22690.9,2685,69,measure
2026-09-12T14:21:39.119+00:00,330.000,398.599,99,22690.9,2685,69,measure
2026-09-12T14:21:40.122+00:00,331.001,405.577,99,22690.9,2685,70,measure
2026-09-12T14:21:41.121+00:00,332.000,415.902,99,22690.9,2685,71,measure
2026-09-12T14:21:42.120+00:00,333.000,402.526,100,22690.9,2685,69,measure
2026-09-12T14:21:43.120+00:00,334.001,388.989,99,22690.9,2685,69,measure
2026-09-12T14:21:44.120+00:00,335.000,396.852,99,22690.9,2685,70,measure
2026-09-12T14:21:45.120+00:00,336.001,398.424,100,22690.9,2685,69,measure
2026-09-12T14:21:46.121+00:00,337.000,401.299,99,22690.9,2685,69,measure
2026-09-12T14:21:47.122+00:00,338.000,415.764,100,22690.9,2685,70,measure
2026-09-12T14:21:48.120+00:00,339.000,399.994,100,22690.9,2685,69,measure
2026-09-12T14:21:49.120+00:00,340.000,389.048,100,22690.9,2685,69,measure
2026-09-12T14:21:50.122+00:00,341.001,395.066,99,22690.9,2685,71,measure
2026-09-12T14:21:48.622+00:00,342.004,394.693,99,22690.9,2685,69,measure
2026-09-12T14:21:49.619+00:00,343.000,418.091,99,22690.9,2685,71,measure
2026-09-12T14:21:50.618+00:00,344.001,410.366,99,22690.9,2685,71,measure
2026-09-12T14:21:51.618+00:00,345.000,395.704,99,22690.9,2685,68,measure
2026-09-12T14:21:52.617+00:00,346.000,390.14,100,22690.9,2685,68,measure
2026-09-12T14:21:53.618+00:00,347.000,394.923,100,22690.9,2685,70,measure
2026-09-12T14:21:54.618+00:00,348.000,398.514,100,22690.9,2685,70,measure
2026-09-12T14:21:55.619+00:00,349.000,414.122,99,22690.9,2685,71,measure
2026-09-12T14:21:56.620+00:00,350.000,411.531,99,22690.9,2685,71,measure
2026-09-12T14:21:57.620+00:00,351.002,397.225,99,22690.9,2685,70,measure
2026-09-12T14:21:58.618+00:00,352.000,391.105,99,22690.9,2685,70,measure
2026-09-12T14:21:59.618+00:00,353.001,391.976,99,22690.9,2685,68,measure
2026-09-12T14:22:00.618+00:00,354.001,407.417,99,22690.9,2685,71,measure
2026-09-12T14:22:01.620+00:00,355.002,414.67,99,22690.9,2685,71,measure
2026-09-12T14:22:02.620+00:00,356.000,406.359,99,22690.9,2685,71,measure
2026-09-12T14:22:03.618+00:00,357.000,392.012,99,22690.9,2685,69,measure
2026-09-12T14:22:04.618+00:00,358.001,393.976,99,22690.9,2685,71,measure
2026-09-12T14:22:05.620+00:00,359.002,391.917,99,22690.9,2685,70,measure
2026-09-12T14:22:06.618+00:00,360.001,412.463,99,22690.9,2685,71,measure
2026-09-12T14:22:07.624+00:00,361.000,414.936,99,22690.9,2685,71,measure
2026-09-12T14:22:08.619+00:00,362.000,399.369,99,22690.9,2685,69,measure
2026-09-12T14:22:09.618+00:00,363.000,384.869,99,22734.9,2685,69,measure
2026-09-12T14:22:10.618+00:00,364.000,394.492,99,22734.9,2685,70,measure
2026-09-12T14:22:11.618+00:00,365.001,390.756,100,22734.9,2685,70,measure
2026-09-12T14:22:12.620+00:00,366.002,420.407,100,22734.9,2685,71,measure
2026-09-12T14:22:13.620+00:00,367.002,415.632,100,22734.9,2685,71,measure
2026-09-12T14:22:14.619+00:00,368.001,398.539,99,22734.9,2685,69,measure
2026-09-12T14:22:15.617+00:00,369.000,391.714,99,22734.9,2685,69,measure
2026-09-12T14:22:16.617+00:00,370.000,397.339,99,22734.9,2685,68,measure
2026-09-12T14:22:17.618+00:00,371.000,395.749,99,22734.9,2685,71,measure
2026-09-12T14:22:18.619+00:00,372.001,411.424,99,22734.9,2685,72,measure
2026-09-12T14:22:19.619+00:00,373.000,407.244,99,22732.9,2685,71,measure
2026-09-12T14:22:20.619+00:00,374.001,393.259,100,22671.9,2685,69,measure
2026-09-12T14:22:19.118+00:00,375.000,387.814,99,22671.9,2685,69,measure
2026-09-12T14:22:20.118+00:00,376.000,393.38,99,22671.9,2685,68,measure
2026-09-12T14:22:21.120+00:00,377.002,388.653,99,22695.9,2685,70,measure
2026-09-12T14:22:22.118+00:00,378.000,411.484,99,22695.9,2685,71,measure
2026-09-12T14:22:23.120+00:00,379.001,417.024,99,22695.9,2685,72,measure
2026-09-12T14:22:24.118+00:00,380.000,393.564,99,22695.6,2685,69,measure
2026-09-12T14:22:25.117+00:00,381.000,390.618,99,22692.2,2685,68,measure
2026-09-12T14:22:26.118+00:00,382.000,395.122,99,22691.9,2685,68,measure
2026-09-12T14:22:27.118+00:00,383.001,396.088,99,22677.6,2685,70,measure
2026-09-12T14:22:28.118+00:00,384.001,400.233,99,22733.2,2685,69,measure
2026-09-12T14:22:29.123+00:00,385.001,408.702,99,22743.5,2685,70,measure
2026-09-12T14:22:30.118+00:00,386.000,392.877,99,22743.9,2685,69,measure
2026-09-12T14:22:31.119+00:00,387.001,390.829,100,22744.9,2685,69,measure
2026-09-12T14:22:32.118+00:00,388.000,391.71,99,22736.9,2685,68,measure
2026-09-12T14:22:33.118+00:00,389.000,408.156,99,22735.8,2685,71,measure
2026-09-12T14:22:34.155+00:00,390.038,405.744,100,22702,2685,70,measure
2026-09-12T14:22:35.173+00:00,391.056,416.717,100,22692.2,2685,71,measure
2026-09-12T14:22:36.196+00:00,392.078,400.435,99,22695,2685,68,measure
2026-09-12T14:22:37.194+00:00,393.077,397.074,99,22691.4,2685,70,measure
2026-09-12T14:22:38.118+00:00,394.000,390.795,100,22687.2,2685,69,measure
2026-09-12T14:22:39.118+00:00,395.001,407.213,99,22688.4,2685,71,measure
2026-09-12T14:22:40.122+00:00,396.003,401.214,100,22691.5,2685,71,measure
2026-09-12T14:22:41.119+00:00,397.000,407.838,99,22690.7,2685,70,measure
2026-09-12T14:22:42.118+00:00,398.000,394.895,99,22691,2685,68,measure
2026-09-12T14:22:43.118+00:00,399.000,397.657,99,22691,2685,70,measure
2026-09-12T14:22:44.118+00:00,400.000,392.255,100,22690.8,2685,69,measure
2026-09-12T14:22:45.118+00:00,401.000,409.083,100,22690.8,2685,71,measure
2026-09-12T14:22:46.118+00:00,402.000,405.725,99,22690.8,2685,70,measure
2026-09-12T14:22:47.124+00:00,403.007,410.734,99,22686,2685,71,measure
2026-09-12T14:22:48.118+00:00,404.000,392.521,100,22763.4,2685,69,measure
2026-09-12T14:22:49.118+00:00,405.000,391.452,99,22769.1,2685,70,measure
2026-09-12T14:22:50.118+00:00,406.001,389.59,99,22759.8,2685,70,measure
2026-09-12T14:22:48.638+00:00,407.001,401.815,99,22780,2685,71,measure
2026-09-12T14:22:49.639+00:00,408.001,400.592,99,22760.5,2685,70,measure
2026-09-12T14:22:50.639+00:00,409.000,410.094,99,22760.9,2685,71,measure
2026-09-12T14:22:51.638+00:00,410.000,395.907,99,22760.4,2685,69,measure
2026-09-12T14:22:52.638+00:00,411.000,391.372,99,22691,2685,68,measure
2026-09-12T14:22:53.639+00:00,412.001,392.574,99,22681,2685,70,measure
2026-09-12T14:22:54.638+00:00,413.000,402.548,99,22679.2,2685,71,measure
2026-09-12T14:22:55.639+00:00,414.001,403.754,99,22679.2,2685,71,measure
2026-09-12T14:22:56.640+00:00,415.001,407.493,99,22666,2685,70,measure
2026-09-12T14:22:57.638+00:00,416.001,392.61,99,22746.4,2685,69,measure
2026-09-12T14:22:58.638+00:00,417.000,393.679,99,22745.9,2685,68,measure
2026-09-12T14:22:59.640+00:00,418.000,391.913,99,22748.4,2685,70,measure
2026-09-12T14:23:00.638+00:00,419.000,404.234,99,22746.4,2685,71,measure
2026-09-12T14:23:01.639+00:00,420.000,407.288,99,22746.4,2685,71,measure
2026-09-12T14:23:02.640+00:00,421.000,405.959,99,22746.4,2685,71,measure
2026-09-12T14:23:03.638+00:00,422.000,396.6,99,22746.4,2685,70,measure
2026-09-12T14:23:04.638+00:00,423.000,395.879,99,22746.4,2685,69,measure
2026-09-12T14:23:05.637+00:00,424.000,398.035,100,22746.4,2685,69,measure
2026-09-12T14:23:06.639+00:00,425.001,404.819,99,22746.4,2685,71,measure
2026-09-12T14:23:07.639+00:00,426.000,407.204,99,22760.2,2685,71,measure
2026-09-12T14:23:08.641+00:00,427.001,398.335,99,22758.6,2685,70,measure
2026-09-12T14:23:09.638+00:00,428.000,391.51,100,22758.9,2685,69,measure
2026-09-12T14:23:10.638+00:00,429.000,391.233,99,22721.5,2685,68,measure
2026-09-12T14:23:11.638+00:00,430.000,395.534,99,22738.9,2685,70,measure
2026-09-12T14:23:12.638+00:00,431.000,397.06,99,22734.9,2685,71,measure
2026-09-12T14:23:13.639+00:00,432.000,400.604,100,22728.5,2685,71,measure
2026-09-12T14:23:14.639+00:00,433.001,410.39,99,22733.8,2685,70,measure
2026-09-12T14:23:15.638+00:00,434.000,395.311,100,22733.7,2685,69,measure
2026-09-12T14:23:16.638+00:00,435.000,389.25,99,22698.2,2685,68,measure
2026-09-12T14:23:17.639+00:00,436.002,394.091,99,22699.2,2685,70,measure
2026-09-12T14:23:18.638+00:00,437.001,393.279,99,22655.5,2685,69,measure
2026-09-12T14:23:19.639+00:00,438.000,400.152,99,22654.5,2685,70,measure
2026-09-12T14:23:20.639+00:00,439.001,408.845,99,22671.8,2685,70,measure
2026-09-12T14:23:19.139+00:00,440.001,391.683,99,22724.5,2685,69,measure
2026-09-12T14:23:20.142+00:00,441.004,384.171,99,22739.2,2685,67,measure
2026-09-12T14:23:21.139+00:00,442.000,391.348,99,22739.2,2685,70,measure
2026-09-12T14:23:22.141+00:00,443.003,404.086,99,22725.6,2685,70,measure
2026-09-12T14:23:23.140+00:00,444.001,402.599,99,22754.4,2685,70,measure
2026-09-12T14:23:24.141+00:00,445.000,416.32,100,22753.8,2685,71,measure
2026-09-12T14:23:25.139+00:00,446.001,395.789,99,22752.5,2685,69,measure
2026-09-12T14:23:26.138+00:00,447.000,391.916,99,22750.2,2685,68,measure
2026-09-12T14:23:27.140+00:00,448.002,398.316,100,22748.8,2685,69,measure
2026-09-12T14:23:28.143+00:00,449.004,403.472,99,22781.4,2685,70,measure
2026-09-12T14:23:29.140+00:00,450.000,397.664,99,22844,2685,70,measure
2026-09-12T14:23:30.141+00:00,451.001,403.627,99,22855.3,2685,70,measure
2026-09-12T14:23:31.139+00:00,452.001,400.002,99,22795.3,2685,69,measure
2026-09-12T14:23:32.139+00:00,453.001,392.385,99,22787.9,2685,68,measure
2026-09-12T14:23:33.138+00:00,454.000,394.783,99,22787.9,2685,70,measure
2026-09-12T14:23:34.139+00:00,455.000,396.417,99,22785.2,2685,69,measure
2026-09-12T14:23:35.140+00:00,456.001,403.511,100,22785.2,2685,71,measure
2026-09-12T14:23:36.141+00:00,457.000,405.225,99,22783.2,2685,71,measure
2026-09-12T14:23:37.139+00:00,458.000,392.593,99,22780.1,2685,68,measure
2026-09-12T14:23:38.139+00:00,459.000,394.474,100,22780.1,2685,68,measure
2026-09-12T14:23:39.139+00:00,460.001,397.52,99,22769.5,2685,70,measure
2026-09-12T14:23:40.139+00:00,461.001,402.743,99,22769.5,2685,68,measure
2026-09-12T14:23:41.140+00:00,462.001,406.355,100,22770.7,2685,71,measure
2026-09-12T14:23:42.140+00:00,463.000,409.37,100,22770.7,2685,72,measure
2026-09-12T14:23:43.138+00:00,464.000,393.007,99,22763.7,2685,68,measure
2026-09-12T14:23:44.139+00:00,465.000,392.213,99,22763.7,2685,68,measure
2026-09-12T14:23:45.139+00:00,466.001,398.966,99,22763.7,2685,71,measure
2026-09-12T14:23:46.142+00:00,467.002,401.351,99,22763.7,2685,68,measure
2026-09-12T14:23:47.142+00:00,468.000,401.738,99,22734,2685,69,measure
2026-09-12T14:23:48.140+00:00,469.001,413.495,100,22734,2685,72,measure
2026-09-12T14:23:49.138+00:00,470.000,398.86,99,22735,2685,68,measure
2026-09-12T14:23:50.138+00:00,471.000,386.667,99,22734.6,2685,68,measure
2026-09-12T14:23:48.636+00:00,472.000,397.021,99,22734.6,2685,70,measure
2026-09-12T14:23:49.636+00:00,473.000,402.426,99,22734.6,2685,69,measure
2026-09-12T14:23:50.638+00:00,474.000,405.796,100,22734.1,2685,69,measure
2026-09-12T14:23:51.638+00:00,475.000,413.553,100,22731.9,2685,71,measure
2026-09-12T14:23:52.636+00:00,476.000,403.29,99,22731.9,2685,70,measure
2026-09-12T14:23:53.637+00:00,477.000,388.795,99,22732.9,2685,68,measure
2026-09-12T14:23:54.637+00:00,478.000,394.737,99,22732.9,2685,70,measure
2026-09-12T14:23:55.637+00:00,479.001,394.568,99,22727,2685,70,measure
2026-09-12T14:23:56.638+00:00,480.000,405.592,99,22735,2685,71,measure
2026-09-12T14:23:57.636+00:00,481.000,412.542,100,22796.9,2685,71,measure
2026-09-12T14:23:58.636+00:00,482.000,395.842,99,22814.3,2685,69,measure
2026-09-12T14:23:59.636+00:00,483.000,384.884,99,22795.4,2685,68,measure
2026-09-12T14:24:00.636+00:00,484.000,384.438,99,22797.6,2685,68,measure
2026-09-12T14:24:01.636+00:00,485.000,393.437,99,22821.6,2685,71,measure
2026-09-12T14:24:02.638+00:00,486.000,395.205,100,22821.3,2685,69,measure
2026-09-12T14:24:03.689+00:00,487.000,406.454,99,22818,2685,71,measure
2026-09-12T14:24:04.636+00:00,488.000,405.892,99,22818,2685,70,measure
2026-09-12T14:24:05.636+00:00,489.000,394.233,99,22818,2685,69,measure
2026-09-12T14:24:06.636+00:00,490.000,396.661,99,22791.7,2685,70,measure
2026-09-12T14:24:07.636+00:00,491.000,404.087,99,22791.7,2685,72,measure
2026-09-12T14:24:08.641+00:00,492.000,402.218,99,22791.7,2685,70,measure
2026-09-12T14:24:09.637+00:00,493.000,413.306,99,22791.7,2685,71,measure
2026-09-12T14:24:10.636+00:00,494.000,402.448,99,22791.7,2685,70,measure
2026-09-12T14:24:11.639+00:00,495.000,389.192,99,22791.7,2685,68,measure
2026-09-12T14:24:12.636+00:00,496.000,390.135,99,22799.9,2685,70,measure
2026-09-12T14:24:13.637+00:00,497.000,401.129,99,22799.9,2685,71,measure
2026-09-12T14:24:14.638+00:00,498.001,405.33,99,22799.9,2685,70,measure
2026-09-12T14:24:15.637+00:00,499.000,413.908,100,22799.9,2685,71,measure
2026-09-12T14:24:16.636+00:00,500.000,403.911,99,22736.4,2685,71,measure
2026-09-12T14:24:17.636+00:00,501.000,394.991,99,22736.4,2685,69,measure
2026-09-12T14:24:18.636+00:00,502.000,396.33,99,22736.4,2685,70,measure
2026-09-12T14:24:19.637+00:00,503.000,398.413,99,22736.4,2685,71,measure
2026-09-12T14:24:20.638+00:00,504.000,403.061,99,22736.4,2685,70,measure
2026-09-12T14:24:19.132+00:00,505.001,407.499,99,22736.4,2685,71,measure
2026-09-12T14:24:20.132+00:00,506.001,403.149,99,22736.4,2685,70,measure
2026-09-12T14:24:21.132+00:00,507.001,394.025,99,22736.4,2685,68,measure
2026-09-12T14:24:22.132+00:00,508.000,396.638,99,22736.4,2685,70,measure
2026-09-12T14:24:23.135+00:00,509.002,394.284,99,22736.4,2685,71,measure
2026-09-12T14:24:24.135+00:00,510.003,400.619,100,22736.4,2685,71,measure
2026-09-12T14:24:25.137+00:00,511.006,411.994,99,22736.4,2685,70,measure
2026-09-12T14:24:26.140+00:00,512.008,404.525,100,22731.3,2685,70,measure
2026-09-12T14:24:27.134+00:00,513.003,390.492,99,22731.3,2685,69,measure
2026-09-12T14:24:28.138+00:00,514.006,399.383,99,22731.3,2685,70,measure
2026-09-12T14:24:29.133+00:00,515.000,397.717,100,22731.3,2685,69,measure
2026-09-12T14:24:30.134+00:00,516.003,402.788,99,22731.3,2685,70,measure
2026-09-12T14:24:31.136+00:00,517.005,404.093,99,22735.3,2685,70,measure
2026-09-12T14:24:32.139+00:00,518.008,404.44,99,22735.3,2685,70,measure
2026-09-12T14:24:33.135+00:00,519.003,391.157,99,22735.3,2685,68,measure
2026-09-12T14:24:34.161+00:00,520.006,357.068,57,22735.3,2685,65,measure
2026-09-12T14:24:35.141+00:00,521.008,353.731,99,22735.3,2685,69,measure
2026-09-12T14:24:36.216+00:00,522.082,371.6,99,22735.3,2685,68,measure
2026-09-12T14:24:37.133+00:00,523.000,380.278,87,22735.3,2685,66,measure
2026-09-12T14:24:38.133+00:00,524.000,401.154,99,22735.3,2685,70,measure
2026-09-12T14:24:39.135+00:00,525.001,386.786,99,22728.3,2685,71,measure
2026-09-12T14:24:40.133+00:00,526.000,381.234,93,22739.3,2685,68,measure
2026-09-12T14:24:41.166+00:00,527.000,383.378,99,22739.3,2685,69,measure
2026-09-12T14:24:42.135+00:00,528.000,386.493,99,22739.3,2685,70,measure
2026-09-12T14:24:43.133+00:00,529.001,418.297,99,22739.3,2685,73,measure
2026-09-12T14:24:44.133+00:00,530.001,400.413,99,22731.3,2685,69,measure
2026-09-12T14:24:45.133+00:00,531.001,386.999,99,22729.3,2685,68,measure
2026-09-12T14:24:46.132+00:00,532.000,387.116,99,22793.3,2685,68,measure
2026-09-12T14:24:47.134+00:00,533.001,394.554,99,22804.3,2685,69,measure
2026-09-12T14:24:48.135+00:00,534.001,386.572,99,22804.3,2685,69,measure
2026-09-12T14:24:49.132+00:00,535.001,404.031,99,22804.3,2685,72,measure
2026-09-12T14:24:50.132+00:00,536.000,400.765,99,22781.1,2685,71,measure
2026-09-12T14:24:48.640+00:00,537.000,391.923,99,22773.1,2685,69,measure
2026-09-12T14:24:49.641+00:00,538.001,392.316,99,22773.1,2685,69,measure
2026-09-12T14:24:50.641+00:00,539.000,394.468,99,22773.1,2685,70,measure
2026-09-12T14:24:51.642+00:00,540.001,393.954,99,22773.1,2685,70,measure
2026-09-12T14:24:52.640+00:00,541.000,413.598,99,22790.1,2685,71,measure
2026-09-12T14:24:53.640+00:00,542.001,408.318,100,22790.1,2685,70,measure
2026-09-12T14:24:54.640+00:00,543.000,395.099,100,22790.1,2685,69,measure
2026-09-12T14:24:55.640+00:00,544.001,390.036,99,22790.1,2685,68,measure
2026-09-12T14:24:56.641+00:00,545.000,396.283,99,22790.1,2685,69,measure
2026-09-12T14:24:57.642+00:00,546.001,389.829,99,22790.1,2685,71,measure
2026-09-12T14:24:58.640+00:00,547.001,414.74,100,22790.1,2685,71,measure
2026-09-12T14:24:59.647+00:00,548.000,412.412,99,22790.1,2685,69,measure
2026-09-12T14:25:00.643+00:00,549.003,392.599,99,22719.1,2685,69,measure
2026-09-12T14:25:01.640+00:00,550.000,388.932,99,22719.1,2685,68,measure
2026-09-12T14:25:02.642+00:00,551.001,394.721,99,22727.1,2685,70,measure
2026-09-12T14:25:03.640+00:00,552.000,388.279,99,22785.5,2685,70,measure
2026-09-12T14:25:04.645+00:00,553.005,407.616,100,22776.6,2685,71,measure
2026-09-12T14:25:05.640+00:00,554.000,408.486,99,22776.6,2685,69,measure
2026-09-12T14:25:06.642+00:00,555.000,392.046,99,22790.5,2685,70,measure
2026-09-12T14:25:07.639+00:00,556.000,385.106,99,22781.5,2685,69,measure
2026-09-12T14:25:08.641+00:00,557.001,397.472,100,22781.5,2685,70,measure
2026-09-12T14:25:09.642+00:00,558.001,397.613,100,22781.5,2685,70,measure
2026-09-12T14:25:10.639+00:00,559.000,414.615,100,22781.5,2685,71,measure
2026-09-12T14:25:11.640+00:00,560.001,417.342,99,22781.5,2685,69,measure
2026-09-12T14:25:12.640+00:00,561.001,398.242,100,22781.5,2685,70,measure
2026-09-12T14:25:13.641+00:00,562.001,390.462,99,22781.5,2685,69,measure
2026-09-12T14:25:14.641+00:00,563.000,397.32,99,22781.5,2685,70,measure
2026-09-12T14:25:15.640+00:00,564.001,398.513,99,22781.5,2685,70,measure
2026-09-12T14:25:16.641+00:00,565.001,414.656,100,22781.5,2685,72,measure
2026-09-12T14:25:17.641+00:00,566.001,413.862,100,22781.5,2685,69,measure
2026-09-12T14:25:18.640+00:00,567.001,393.349,99,22781.5,2685,69,measure
2026-09-12T14:25:19.640+00:00,568.000,387.071,99,22716.9,2685,69,measure
2026-09-12T14:25:20.641+00:00,569.000,392.283,99,22716.9,2685,70,measure
2026-09-12T14:25:19.142+00:00,570.000,397.429,99,22716.9,2685,70,measure
2026-09-12T14:25:20.141+00:00,571.001,404.879,99,22742,2685,71,measure
2026-09-12T14:25:21.145+00:00,572.004,410.216,99,22742,2685,69,measure
2026-09-12T14:25:22.141+00:00,573.001,394.312,99,22742,2685,70,measure
2026-09-12T14:25:23.141+00:00,574.001,385.99,100,22724,2685,69,measure
2026-09-12T14:25:24.144+00:00,575.001,389.053,100,22716,2685,70,measure
2026-09-12T14:25:25.143+00:00,576.003,401.897,99,22716,2685,70,measure
2026-09-12T14:25:26.140+00:00,577.000,406.66,100,22732,2685,70,measure
2026-09-12T14:25:27.142+00:00,578.003,408.985,99,22732,2685,69,measure
2026-09-12T14:25:28.141+00:00,579.001,394.069,99,22732,2685,69,measure
2026-09-12T14:25:29.141+00:00,580.001,394.756,100,22732,2685,71,measure
2026-09-12T14:25:30.145+00:00,581.000,396.414,99,22732,2685,70,measure
2026-09-12T14:25:31.142+00:00,582.000,398.397,99,22732,2685,70,measure
2026-09-12T14:25:32.141+00:00,583.000,410.548,99,22732,2685,71,measure
2026-09-12T14:25:33.141+00:00,584.000,386.63,85,22732,2685,69,measure
2026-09-12T14:25:34.141+00:00,585.000,385.919,99,22732,2685,69,measure
2026-09-12T14:25:35.149+00:00,586.004,391.762,99,22732,2685,70,measure
2026-09-12T14:25:36.145+00:00,587.000,392.844,99,22732,2685,69,measure
2026-09-12T14:25:37.146+00:00,588.005,366.575,91,22716,2685,67,measure
2026-09-12T14:25:38.142+00:00,589.001,343.911,96,22700,2685,67,measure
2026-09-12T14:25:39.142+00:00,590.001,415.761,99,22700,2685,71,measure
2026-09-12T14:25:40.144+00:00,591.004,400.397,99,22700,2685,70,measure
2026-09-12T14:25:41.141+00:00,592.000,388.063,99,22700,2685,70,measure
2026-09-12T14:25:42.141+00:00,593.000,393.297,99,22700,2685,69,measure
2026-09-12T14:25:43.143+00:00,594.003,388.31,99,22770.7,2685,69,measure
2026-09-12T14:25:44.140+00:00,595.000,399.207,99,22834.3,2685,71,measure
2026-09-12T14:25:45.156+00:00,596.011,410.359,99,22868.3,2685,71,measure
2026-09-12T14:25:46.141+00:00,597.001,388.043,99,22851.4,2685,70,measure
2026-09-12T14:25:47.140+00:00,598.000,384.924,99,22858.7,2685,70,measure
2026-09-12T14:25:48.141+00:00,599.001,390.166,99,22884,2685,69,measure
2026-09-12T14:25:49.140+00:00,600.000,384.184,99,22873.7,2685,70,measure
2026-09-12T14:25:50.140+00:00,601.001,392.41,100,22798.2,2685,70,measure
2026-09-12T14:25:48.661+00:00,602.001,413.912,99,22801.2,2685,71,measure
2026-09-12T14:25:49.659+00:00,603.001,394.931,99,22753,2685,71,measure
2026-09-12T14:25:50.659+00:00,604.001,393.909,99,22748.2,2685,71,measure
2026-09-12T14:25:51.660+00:00,605.001,392.265,99,22739.9,2685,69,measure
2026-09-12T14:25:52.658+00:00,606.001,388.93,99,22732.9,2685,69,measure
2026-09-12T14:25:53.658+00:00,607.000,385.363,99,22732,2685,69,measure
2026-09-12T14:25:54.658+00:00,608.001,363.009,99,22732,2685,66,measure
2026-09-12T14:25:55.659+00:00,609.001,359.374,99,22832.5,2685,67,measure
2026-09-12T14:25:56.662+00:00,610.003,331.524,99,22831.4,2685,64,measure
2026-09-12T14:25:57.660+00:00,611.001,348.633,99,22829.8,2685,67,measure
2026-09-12T14:25:58.660+00:00,612.002,341.201,99,22829.8,2685,66,measure
2026-09-12T14:25:59.659+00:00,613.001,349.568,99,22821.3,2685,68,measure
2026-09-12T14:26:00.658+00:00,614.000,360.731,99,22773.5,2685,67,measure
2026-09-12T14:26:01.659+00:00,615.001,359.383,99,22774.3,2685,66,measure
2026-09-12T14:26:02.661+00:00,616.002,369.533,99,22771.3,2685,67,measure
2026-09-12T14:26:03.662+00:00,617.002,360.744,99,22771.3,2685,66,measure
2026-09-12T14:26:04.680+00:00,618.020,366.329,99,22769.3,2685,68,measure
2026-09-12T14:26:05.660+00:00,619.002,356.669,99,22768.6,2685,66,measure
2026-09-12T14:26:06.658+00:00,620.001,351.19,99,22769.1,2685,66,measure
2026-09-12T14:26:07.659+00:00,621.001,373.023,99,22766,2685,70,measure
2026-09-12T14:26:08.660+00:00,622.001,353.476,99,22772.3,2685,67,measure
2026-09-12T14:26:09.660+00:00,623.000,351.049,99,22773.7,2685,66,measure
2026-09-12T14:26:10.659+00:00,624.001,330.67,99,22773.7,2685,62,measure
2026-09-12T14:26:11.659+00:00,625.001,318.952,99,22773.7,2685,67,measure
2026-09-12T14:26:12.658+00:00,626.001,320.831,99,22772.3,2685,63,measure
2026-09-12T14:26:13.659+00:00,627.001,341.227,99,22772.3,2685,65,measure
2026-09-12T14:26:14.664+00:00,628.002,363.292,99,22766.8,2685,68,measure
2026-09-12T14:26:15.661+00:00,629.001,367.025,99,22830.6,2685,67,measure
2026-09-12T14:26:16.658+00:00,630.001,383.433,99,22799.4,2685,67,measure
2026-09-12T14:26:17.659+00:00,631.001,377.505,99,22799.2,2685,67,measure
2026-09-12T14:26:18.660+00:00,632.000,375.637,99,22789.8,2685,68,measure
2026-09-12T14:26:19.658+00:00,633.001,380.776,99,22798.3,2685,69,measure
2026-09-12T14:26:18.161+00:00,634.000,384.553,99,22815.7,2685,68,measure
2026-09-12T14:26:19.164+00:00,635.002,366.149,99,22824.3,2685,66,measure
2026-09-12T14:26:20.161+00:00,636.002,365.208,99,22822.1,2685,68,measure
2026-09-12T14:26:21.165+00:00,637.001,348.393,99,22822.2,2685,65,measure
2026-09-12T14:26:22.162+00:00,638.002,331.324,99,22830.2,2685,63,measure
2026-09-12T14:26:23.163+00:00,639.002,341.284,99,22829.2,2685,65,measure
2026-09-12T14:26:24.163+00:00,640.001,354.441,99,22855.5,2685,65,measure
2026-09-12T14:26:25.163+00:00,641.002,357.245,99,22855.4,2685,66,measure
2026-09-12T14:26:26.161+00:00,642.000,352.2,99,22855.4,2685,65,measure
2026-09-12T14:26:27.160+00:00,643.000,357.607,99,22855.4,2685,67,measure
2026-09-12T14:26:28.160+00:00,644.000,345.169,99,22855.4,2685,64,measure
2026-09-12T14:26:29.161+00:00,645.001,312.39,99,22855.4,2685,67,measure
2026-09-12T14:26:30.162+00:00,646.000,322.326,99,22792.6,2685,63,measure
2026-09-12T14:26:31.164+00:00,647.004,324.535,99,22792,2685,62,measure
2026-09-12T14:26:32.161+00:00,648.001,357.927,99,22793.8,2685,67,measure
2026-09-12T14:26:33.160+00:00,649.001,369.718,99,22793.8,2685,66,measure
2026-09-12T14:26:34.160+00:00,650.001,380.674,99,22793.8,2685,67,measure
2026-09-12T14:26:35.161+00:00,651.001,382.054,99,22793.8,2685,68,measure
2026-09-12T14:26:36.162+00:00,652.001,378.705,99,22793.8,2685,66,measure
2026-09-12T14:26:37.163+00:00,653.000,378.169,99,22793.3,2685,67,measure
2026-09-12T14:26:38.160+00:00,654.000,365.035,99,22793.3,2685,67,measure
2026-09-12T14:26:39.162+00:00,655.002,364.009,99,22793.3,2685,66,measure
2026-09-12T14:26:40.187+00:00,656.001,332.19,99,22792.8,2685,66,measure
2026-09-12T14:26:41.160+00:00,657.000,353.868,99,22792.8,2685,63,measure
2026-09-12T14:26:42.162+00:00,658.000,337.231,99,22792.8,2685,67,measure
2026-09-12T14:26:43.162+00:00,659.000,367.154,99,22792.8,2685,67,measure
2026-09-12T14:26:44.160+00:00,660.000,363.23,99,22792,2685,66,measure
2026-09-12T14:26:45.160+00:00,661.000,360.576,99,22828.2,2685,66,measure
2026-09-12T14:26:46.162+00:00,662.000,348.446,99,22821.1,2685,65,measure
2026-09-12T14:26:47.160+00:00,663.000,365.375,99,22814.1,2685,67,measure
2026-09-12T14:26:48.162+00:00,664.000,364.344,99,22814.1,2685,67,measure
2026-09-12T14:26:49.167+00:00,665.007,362.363,99,22814.1,2685,67,measure
2026-09-12T14:26:50.161+00:00,666.001,343.377,99,22814.1,2685,66,measure
2026-09-12T14:26:48.658+00:00,667.001,311.051,99,22814.1,2685,65,measure
2026-09-12T14:26:49.658+00:00,668.000,315.431,99,22832.1,2685,66,measure
2026-09-12T14:26:50.658+00:00,669.000,308.203,99,22815.1,2685,64,measure
2026-09-12T14:26:51.659+00:00,670.000,331.52,99,22831.1,2685,64,measure
2026-09-12T14:26:52.660+00:00,671.000,324.603,99,22829.1,2685,61,measure
2026-09-12T14:26:53.657+00:00,672.000,320.183,99,22829.1,2685,65,measure
2026-09-12T14:26:54.665+00:00,673.002,313.254,99,22829.1,2685,61,measure
2026-09-12T14:26:55.657+00:00,674.000,348.785,99,22829.1,2685,64,measure
2026-09-12T14:26:56.658+00:00,675.000,361.121,99,22814.1,2685,66,measure
2026-09-12T14:26:57.660+00:00,676.000,351.445,99,22820.1,2685,65,measure
2026-09-12T14:26:58.659+00:00,677.000,344.274,98,22816.1,2685,64,measure
2026-09-12T14:26:59.659+00:00,678.000,318.731,99,22824.1,2685,66,measure
2026-09-12T14:27:00.665+00:00,679.001,300.363,86,22824.1,2685,63,measure
2026-09-12T14:27:01.659+00:00,680.000,308.912,91,22796.6,2685,65,measure
2026-09-12T14:27:02.660+00:00,681.000,349.085,92,22796.6,2685,65,measure
2026-09-12T14:27:03.666+00:00,682.000,338.921,92,22804.1,2685,64,measure
2026-09-12T14:27:04.660+00:00,683.001,332.647,94,22887.1,2685,65,measure
2026-09-12T14:27:05.661+00:00,684.001,323.582,92,22893.1,2685,64,measure
2026-09-12T14:27:06.659+00:00,685.001,320.99,84,22899.1,2685,63,measure
2026-09-12T14:27:07.661+00:00,686.002,280.762,56,22926.1,2685,63,measure
2026-09-12T14:27:08.662+00:00,687.002,331.789,99,22926.1,2685,64,measure
2026-09-12T14:27:09.675+00:00,688.001,359.837,98,22811.1,2685,66,measure
2026-09-12T14:27:10.659+00:00,689.000,365.053,99,22809.5,2685,66,measure
2026-09-12T14:27:11.660+00:00,690.001,339.502,82,22809.5,2685,67,measure
2026-09-12T14:27:12.662+00:00,691.003,359.937,89,22809.5,2685,66,measure
2026-09-12T14:27:13.659+00:00,692.001,363.591,97,22809.5,2685,65,measure
2026-09-12T14:27:14.680+00:00,693.000,356.659,95,22809.5,2685,66,measure
2026-09-12T14:27:15.662+00:00,694.001,364.335,99,22817.7,2685,67,measure
2026-09-12T14:27:16.662+00:00,695.000,363.792,99,22817.8,2685,66,measure
2026-09-12T14:27:17.658+00:00,696.000,374.65,99,22770.2,2685,66,measure
2026-09-12T14:27:18.659+00:00,697.000,381.152,99,22760.2,2685,68,measure
2026-09-12T14:27:19.659+00:00,698.001,381.345,99,22749.4,2685,67,measure
2026-09-12T14:27:18.190+00:00,699.000,374.121,99,22749.4,2685,67,measure
2026-09-12T14:27:19.177+00:00,700.001,386.536,99,22749.4,2685,68,measure
2026-09-12T14:27:20.174+00:00,701.000,373.996,99,22749.4,2685,66,measure
2026-09-12T14:27:21.174+00:00,702.000,352.887,89,22749.4,2685,64,measure
2026-09-12T14:27:22.174+00:00,703.001,363.552,99,22749.4,2685,67,measure
2026-09-12T14:27:23.173+00:00,704.001,368.814,99,22749.4,2685,67,measure
2026-09-12T14:27:24.174+00:00,705.000,350.387,99,22792.5,2685,65,measure
2026-09-12T14:27:25.174+00:00,706.000,351.851,99,22796.2,2685,66,measure
2026-09-12T14:27:26.174+00:00,707.002,363.267,99,22780.2,2685,64,measure
2026-09-12T14:27:27.173+00:00,708.001,343.807,99,22748.8,2685,66,measure
2026-09-12T14:27:28.175+00:00,709.000,343.229,99,22750.1,2685,64,measure
2026-09-12T14:27:29.173+00:00,710.001,321.629,99,22746,2685,65,measure
2026-09-12T14:27:30.173+00:00,711.000,308.261,99,22744.3,2685,64,measure
2026-09-12T14:27:31.176+00:00,712.001,314.891,99,22744.3,2685,66,measure
2026-09-12T14:27:32.172+00:00,713.000,294.731,99,22744.3,2685,61,measure
2026-09-12T14:27:33.172+00:00,714.000,317.925,99,22744.3,2685,62,measure
2026-09-12T14:27:34.173+00:00,715.001,325.452,99,22744.3,2685,63,measure
2026-09-12T14:27:35.172+00:00,716.000,309.822,99,22744.3,2685,62,measure
2026-09-12T14:27:36.172+00:00,717.000,327.972,99,22740.1,2685,64,measure
2026-09-12T14:27:37.176+00:00,718.003,327.985,99,22722.9,2685,64,measure
2026-09-12T14:27:38.176+00:00,719.004,335.151,99,22797.6,2685,67,measure
2026-09-12T14:27:39.173+00:00,720.001,354.636,99,22780.8,2685,66,measure
2026-09-12T14:27:40.173+00:00,721.001,356.063,99,22815,2685,66,measure
2026-09-12T14:27:41.178+00:00,722.004,364.105,99,22788.6,2685,66,measure
2026-09-12T14:27:42.173+00:00,723.000,348.343,99,22788.2,2685,64,measure
2026-09-12T14:27:43.176+00:00,724.003,340.818,99,22791.6,2685,64,measure
2026-09-12T14:27:44.172+00:00,725.000,333.285,99,22808,2685,65,measure
2026-09-12T14:27:45.174+00:00,726.002,341.993,99,22808.5,2685,66,measure
2026-09-12T14:27:46.172+00:00,727.001,344.875,99,22812.7,2685,64,measure
2026-09-12T14:27:47.173+00:00,728.001,354.295,99,22846.6,2685,65,measure
2026-09-12T14:27:48.174+00:00,729.001,358.949,99,22864.6,2685,64,measure
2026-09-12T14:27:49.174+00:00,730.002,355.035,99,22882.2,2685,64,measure
2026-09-12T14:27:50.172+00:00,731.000,353.849,99,22887.3,2685,64,measure
2026-09-12T14:27:48.660+00:00,732.001,355.186,99,22897.2,2685,66,measure
2026-09-12T14:27:49.662+00:00,733.003,366.263,99,22899.4,2685,67,measure
2026-09-12T14:27:50.660+00:00,734.001,351.13,99,22828.3,2685,64,measure
2026-09-12T14:27:51.662+00:00,735.001,357.503,99,22829.9,2685,65,measure
2026-09-12T14:27:52.663+00:00,736.000,352.38,99,22829.4,2685,65,measure
2026-09-12T14:27:53.660+00:00,737.001,354.934,99,22829.4,2685,66,measure
2026-09-12T14:27:54.662+00:00,738.002,361.893,99,22828.9,2685,66,measure
2026-09-12T14:27:55.664+00:00,739.005,359.143,99,22846.5,2685,67,measure
2026-09-12T14:27:56.662+00:00,740.003,356.536,99,22829.6,2685,65,measure
2026-09-12T14:27:57.662+00:00,741.001,360.572,99,22829.5,2685,65,measure
2026-09-12T14:27:58.663+00:00,742.002,350.287,99,22829.5,2685,66,measure
2026-09-12T14:27:59.661+00:00,743.001,360.283,99,22829.5,2685,66,measure
2026-09-12T14:28:00.661+00:00,744.001,368.957,99,22829.5,2685,65,measure
2026-09-12T14:28:01.660+00:00,745.000,378.857,99,22769.1,2685,68,measure
2026-09-12T14:28:02.662+00:00,746.002,363.894,99,22785.9,2685,67,measure
2026-09-12T14:28:03.663+00:00,747.003,371.757,99,22767.3,2685,66,measure
2026-09-12T14:28:04.662+00:00,748.001,360.543,99,22767.1,2685,65,measure
2026-09-12T14:28:05.663+00:00,749.004,359.344,99,22767.8,2685,66,measure
2026-09-12T14:28:06.661+00:00,750.002,364.464,99,22767.8,2685,66,measure
2026-09-12T14:28:07.663+00:00,751.003,371.228,99,22767.8,2685,65,measure
2026-09-12T14:28:08.661+00:00,752.001,386.502,99,22767.8,2685,68,measure
2026-09-12T14:28:09.666+00:00,753.007,372.389,99,22767.8,2685,66,measure
2026-09-12T14:28:10.662+00:00,754.000,376.168,99,22767.8,2685,68,measure
2026-09-12T14:28:11.663+00:00,755.003,378.346,99,22767.8,2685,66,measure
2026-09-12T14:28:12.660+00:00,756.001,374.042,99,22767.8,2685,68,measure
2026-09-12T14:28:13.661+00:00,757.001,357.935,99,22767.8,2685,67,measure
2026-09-12T14:28:14.660+00:00,758.001,365.602,99,22767.8,2685,65,measure
2026-09-12T14:28:15.718+00:00,759.006,332.918,99,22784.7,2685,62,measure
2026-09-12T14:28:16.665+00:00,760.006,318.547,99,22767.8,2685,64,measure
2026-09-12T14:28:17.660+00:00,761.000,317.908,99,22767.8,2685,62,measure
2026-09-12T14:28:18.669+00:00,762.002,315.844,99,22784.7,2685,65,measure
2026-09-12T14:28:19.660+00:00,763.001,344.512,99,22767.3,2685,65,measure
2026-09-12T14:28:18.160+00:00,764.001,344.857,99,22767.3,2685,65,measure
2026-09-12T14:28:19.160+00:00,765.000,340.987,99,22767.3,2685,66,measure
2026-09-12T14:28:20.161+00:00,766.000,328.174,99,22767.3,2685,62,measure
2026-09-12T14:28:21.160+00:00,767.001,306.919,99,22767.8,2685,61,measure
2026-09-12T14:28:22.159+00:00,768.000,310.121,99,22767.8,2685,63,measure
2026-09-12T14:28:23.161+00:00,769.000,314.585,99,22767.8,2685,62,measure
2026-09-12T14:28:24.159+00:00,770.000,324.936,99,22784.7,2685,62,measure
2026-09-12T14:28:25.161+00:00,771.001,328.974,99,22767.8,2685,64,measure
2026-09-12T14:28:26.161+00:00,772.000,346.217,99,22784.2,2685,65,measure
2026-09-12T14:28:27.159+00:00,773.001,326.212,99,22767.3,2685,63,measure
2026-09-12T14:28:28.160+00:00,774.001,318.819,99,22767.1,2685,63,measure
2026-09-12T14:28:29.160+00:00,775.001,315.909,99,22767.1,2685,64,measure
2026-09-12T14:28:30.162+00:00,776.002,302.763,99,22767.8,2685,61,measure
2026-09-12T14:28:31.161+00:00,777.000,314.329,99,22767.8,2685,63,measure
2026-09-12T14:28:32.167+00:00,778.005,324.308,99,22767.8,2685,64,measure
2026-09-12T14:28:33.160+00:00,779.001,331.398,99,22767.8,2685,66,measure
2026-09-12T14:28:34.160+00:00,780.001,353.663,99,22767.8,2685,65,measure
2026-09-12T14:28:35.160+00:00,781.001,362.094,99,22767.8,2685,65,measure
2026-09-12T14:28:36.160+00:00,782.001,360.739,99,22767.8,2685,65,measure
2026-09-12T14:28:37.161+00:00,783.000,352.086,99,22767.8,2685,65,measure
2026-09-12T14:28:38.163+00:00,784.004,354.829,99,22767.8,2685,65,measure
2026-09-12T14:28:39.159+00:00,785.000,321.777,99,22784.7,2685,63,measure
2026-09-12T14:28:40.159+00:00,786.000,347.681,99,22776.3,2685,65,measure
2026-09-12T14:28:41.159+00:00,787.000,363.624,99,22784.7,2685,64,measure
2026-09-12T14:28:42.159+00:00,788.000,361.123,99,22767.8,2685,65,measure
2026-09-12T14:28:43.165+00:00,789.000,370.962,99,22767.8,2685,66,measure
2026-09-12T14:28:44.160+00:00,790.000,358.052,99,22784.7,2685,64,measure
2026-09-12T14:28:45.159+00:00,791.000,338.971,99,22767.8,2685,65,measure
2026-09-12T14:28:46.160+00:00,792.001,330.799,99,22767.8,2685,67,measure
2026-09-12T14:28:47.159+00:00,793.000,338.005,99,22767.8,2685,65,measure
2026-09-12T14:28:48.160+00:00,794.001,356.426,99,22767.8,2685,66,measure
2026-09-12T14:28:49.161+00:00,795.001,359.52,99,22767.8,2685,66,measure
2026-09-12T14:28:50.161+00:00,796.000,363.154,99,22767.8,2685,66,measure
2026-09-12T14:28:48.660+00:00,797.000,361.021,99,22767.8,2685,66,measure
2026-09-12T14:28:49.660+00:00,798.000,370.224,99,22767.8,2685,64,measure
2026-09-12T14:28:50.661+00:00,799.001,373.838,99,22767.8,2685,66,measure
2026-09-12T14:28:51.660+00:00,800.000,372.382,99,22767.8,2685,65,measure
2026-09-12T14:28:52.665+00:00,801.001,371.727,99,22776.3,2685,66,measure
2026-09-12T14:28:53.662+00:00,802.001,365.393,99,22767.1,2685,65,measure
2026-09-12T14:28:54.661+00:00,803.001,376.868,99,22767.8,2685,66,measure
2026-09-12T14:28:55.663+00:00,804.003,368.793,99,22767.8,2685,68,measure
2026-09-12T14:28:56.660+00:00,805.000,361.142,99,22767.8,2685,66,measure
2026-09-12T14:28:57.661+00:00,806.000,373.8,99,22767.8,2685,68,measure
2026-09-12T14:28:58.661+00:00,807.000,376.728,99,22767.8,2685,66,measure
2026-09-12T14:28:59.661+00:00,808.000,368.611,99,22767.8,2685,66,measure
2026-09-12T14:29:00.661+00:00,809.001,375.576,99,22775.8,2685,67,measure
2026-09-12T14:29:01.663+00:00,810.003,361.514,99,22775.8,2685,67,measure
2026-09-12T14:29:02.661+00:00,811.001,353.524,99,22767.8,2685,66,measure
2026-09-12T14:29:03.660+00:00,812.000,354.195,99,22784.7,2685,65,measure
2026-09-12T14:29:04.662+00:00,813.000,356.596,99,22784.7,2685,68,measure
2026-09-12T14:29:05.660+00:00,814.000,359.562,99,22767.8,2685,65,measure
2026-09-12T14:29:06.660+00:00,815.000,355.526,99,22767.8,2685,65,measure
2026-09-12T14:29:07.662+00:00,816.000,359.1,99,22776.3,2685,66,measure
2026-09-12T14:29:08.660+00:00,817.000,335.265,99,22767.8,2685,65,measure
2026-09-12T14:29:09.662+00:00,818.001,316.829,99,22767.8,2685,64,measure
2026-09-12T14:29:10.664+00:00,819.004,322.968,99,22767.8,2685,64,measure
2026-09-12T14:29:11.660+00:00,820.000,330.275,99,22767.9,2685,65,measure
2026-09-12T14:29:12.660+00:00,821.000,351.919,99,22767.9,2685,65,measure
2026-09-12T14:29:13.660+00:00,822.000,361.658,99,22767.9,2685,65,measure
2026-09-12T14:29:14.661+00:00,823.001,357.079,99,22767.9,2685,66,measure
2026-09-12T14:29:15.661+00:00,824.000,348.938,99,22767.8,2685,64,measure
2026-09-12T14:29:16.661+00:00,825.000,363.957,99,22776.3,2685,67,measure
2026-09-12T14:29:17.660+00:00,826.001,351.914,99,22784.2,2685,66,measure
2026-09-12T14:29:18.661+00:00,827.001,354.917,99,22767.8,2685,65,measure
2026-09-12T14:29:19.661+00:00,828.001,336.848,99,22767.8,2685,64,measure
2026-09-12T14:29:18.161+00:00,829.001,337.983,99,22767.8,2685,65,measure
2026-09-12T14:29:19.164+00:00,830.002,342.966,99,22767.8,2685,65,measure
2026-09-12T14:29:20.164+00:00,831.003,348.918,99,22767.8,2685,66,measure
2026-09-12T14:29:21.209+00:00,832.007,359.801,99,22784.7,2685,66,measure
2026-09-12T14:29:22.161+00:00,833.001,352.131,99,22767.8,2685,64,measure
2026-09-12T14:29:23.161+00:00,834.001,352.164,99,22767.8,2685,65,measure
2026-09-12T14:29:24.161+00:00,835.001,358.811,99,22767.8,2685,67,measure
2026-09-12T14:29:25.162+00:00,836.001,357.808,99,22767.3,2685,65,measure
2026-09-12T14:29:26.164+00:00,837.001,359.748,99,22767.3,2685,66,measure
2026-09-12T14:29:27.161+00:00,838.000,350.435,99,22767.3,2685,65,measure
2026-09-12T14:29:28.160+00:00,839.000,354.652,99,22784.7,2685,66,measure
2026-09-12T14:29:29.186+00:00,840.000,329.908,99,22767.8,2685,62,measure
2026-09-12T14:29:30.161+00:00,841.001,329.486,99,22784.7,2685,62,measure
2026-09-12T14:29:31.162+00:00,842.000,350.556,99,22767.8,2685,63,measure
2026-09-12T14:29:32.164+00:00,843.000,360.439,99,22767.8,2685,67,measure
2026-09-12T14:29:33.161+00:00,844.000,358.197,99,22767.8,2685,66,measure
2026-09-12T14:29:34.161+00:00,845.000,356.483,99,22767.8,2685,66,measure
2026-09-12T14:29:35.163+00:00,846.000,348.26,99,22767.8,2685,65,measure
2026-09-12T14:29:36.160+00:00,847.000,350.936,99,22767.8,2685,66,measure
2026-09-12T14:29:37.162+00:00,848.001,355.677,99,22767.8,2685,66,measure
2026-09-12T14:29:38.162+00:00,849.001,358.568,99,22784.7,2685,66,measure
2026-09-12T14:29:39.169+00:00,850.007,362.641,99,22767.8,2685,67,measure
2026-09-12T14:29:40.164+00:00,851.004,359.318,99,22776.3,2685,68,measure
2026-09-12T14:29:41.162+00:00,852.001,376.612,99,22767.8,2685,65,measure
2026-09-12T14:29:42.169+00:00,853.005,348.626,99,22767.8,2685,64,measure
2026-09-12T14:29:43.163+00:00,854.001,354.49,99,22767.8,2685,65,measure
2026-09-12T14:29:44.169+00:00,855.008,330.205,99,22767.8,2685,63,measure
2026-09-12T14:29:45.162+00:00,856.001,308.425,99,22767.8,2685,64,measure
2026-09-12T14:29:46.161+00:00,857.000,320.832,99,22767.8,2685,64,measure
2026-09-12T14:29:47.161+00:00,858.001,326.416,99,22767.8,2685,64,measure
2026-09-12T14:29:48.161+00:00,859.000,345.578,99,22767.8,2685,66,measure
2026-09-12T14:29:49.164+00:00,860.002,359.603,99,22767.8,2685,65,measure
2026-09-12T14:29:50.171+00:00,861.011,369.828,99,22767.8,2685,66,measure
2026-09-12T14:29:48.694+00:00,862.016,378.14,99,22767.8,2685,67,measure
2026-09-12T14:29:49.683+00:00,863.004,380.588,99,22776.3,2685,67,measure
2026-09-12T14:29:50.679+00:00,864.002,373.859,99,22784.7,2685,68,measure
2026-09-12T14:29:51.679+00:00,865.002,373.263,99,22767.8,2685,66,measure
2026-09-12T14:29:52.696+00:00,866.003,367.931,99,22784.7,2685,66,measure
2026-09-12T14:29:53.682+00:00,867.005,354.114,99,22767.8,2685,67,measure
2026-09-12T14:29:54.680+00:00,868.003,346.295,99,22767.8,2685,67,measure
2026-09-12T14:29:55.678+00:00,869.001,339.74,99,22767.6,2685,67,measure
2026-09-12T14:29:56.679+00:00,870.002,369.668,99,22767.6,2685,67,measure
2026-09-12T14:29:57.701+00:00,871.005,366.967,99,22767.8,2685,68,measure
2026-09-12T14:29:58.681+00:00,872.003,368.581,99,22767.8,2685,67,measure
2026-09-12T14:29:59.680+00:00,873.001,370.487,99,22767.8,2685,67,measure
2026-09-12T14:30:00.685+00:00,874.007,363.811,99,22767.8,2685,65,measure
2026-09-12T14:30:01.678+00:00,875.001,354.836,99,22767.8,2685,65,measure
2026-09-12T14:30:02.679+00:00,876.001,348.008,99,22767.8,2685,65,measure
2026-09-12T14:30:03.697+00:00,877.009,329.808,99,22767.8,2685,64,measure
2026-09-12T14:30:04.681+00:00,878.003,341.37,99,22767.8,2685,66,measure
2026-09-12T14:30:05.679+00:00,879.001,351.035,99,22767.8,2685,64,measure
2026-09-12T14:30:06.678+00:00,880.001,346.176,99,22767.8,2685,66,measure
2026-09-12T14:30:07.682+00:00,881.004,358.951,99,22767.8,2685,66,measure
2026-09-12T14:30:08.681+00:00,882.004,332.032,99,22767.8,2685,62,measure
2026-09-12T14:30:09.679+00:00,883.000,334.024,99,22767.8,2685,62,measure
2026-09-12T14:30:10.682+00:00,884.005,318.28,99,22767.8,2685,65,measure
2026-09-12T14:30:11.681+00:00,885.003,312.256,99,22767.8,2685,62,measure
2026-09-12T14:30:12.680+00:00,886.002,319.79,99,22767.8,2685,64,measure
2026-09-12T14:30:13.678+00:00,887.001,347.14,99,22767.8,2685,65,measure
2026-09-12T14:30:14.678+00:00,888.001,363.636,99,22767.8,2685,66,measure
2026-09-12T14:30:15.679+00:00,889.001,374.973,99,22767.8,2685,66,measure
2026-09-12T14:30:16.682+00:00,890.004,377.471,99,22767.8,2685,66,measure
2026-09-12T14:30:17.679+00:00,891.001,367.072,99,22767.8,2685,66,measure
2026-09-12T14:30:18.678+00:00,892.001,369.625,99,22767.8,2685,68,measure
2026-09-12T14:30:19.681+00:00,893.001,356.244,99,22767.8,2685,66,measure
2026-09-12T14:30:18.190+00:00,894.009,352.525,99,22767.1,2685,67,measure
2026-09-12T14:30:19.187+00:00,895.006,356.686,99,22767.1,2685,65,measure
2026-09-12T14:30:20.185+00:00,896.000,352.177,99,22767.1,2685,66,measure
2026-09-12T14:30:21.181+00:00,897.001,360.454,99,22767.1,2685,66,measure
2026-09-12T14:30:22.180+00:00,898.001,358.453,99,22767.1,2685,67,measure
2026-09-12T14:30:23.183+00:00,899.004,360.994,99,22767.1,2685,65,measure
2026-09-12T14:30:24.180+00:00,900.000,359.004,99,22767.8,2685,65,measure
2026-09-12T14:30:25.179+00:00,901.000,352.526,99,22767.8,2685,67,measure
2026-09-12T14:30:26.181+00:00,902.000,354.868,99,22767.8,2685,67,measure
2026-09-12T14:30:27.180+00:00,903.001,357.213,99,22767.3,2685,66,measure
2026-09-12T14:30:28.179+00:00,904.000,351.449,99,22767.3,2685,66,measure
2026-09-12T14:30:29.180+00:00,905.001,336.587,99,22767.8,2685,66,measure
2026-09-12T14:30:30.180+00:00,906.001,314.647,99,22767.8,2685,64,measure
2026-09-12T14:30:31.180+00:00,907.000,327.843,99,22767.8,2685,67,measure
2026-09-12T14:30:32.181+00:00,908.001,317.411,99,22767.8,2685,63,measure
2026-09-12T14:30:33.181+00:00,909.001,339.328,99,22767.8,2685,65,measure
2026-09-12T14:30:34.180+00:00,910.000,326.751,99,22767.3,2685,63,measure
2026-09-12T14:30:35.180+00:00,911.001,337.032,99,22767.3,2685,65,measure
2026-09-12T14:30:36.179+00:00,912.000,350.885,99,22776.3,2685,65,measure
2026-09-12T14:30:37.180+00:00,913.000,360.415,99,22767.8,2685,65,measure
2026-09-12T14:30:38.181+00:00,914.001,357.893,99,22767.8,2685,66,measure
2026-09-12T14:30:39.180+00:00,915.001,356.309,99,22767.8,2685,66,measure
2026-09-12T14:30:40.179+00:00,916.000,353.246,99,22776.3,2685,66,measure
2026-09-12T14:30:41.180+00:00,917.001,329.235,99,22767.8,2685,64,measure
2026-09-12T14:30:42.180+00:00,918.001,356.91,99,22767.8,2685,65,measure
2026-09-12T14:30:43.180+00:00,919.001,358.708,99,22776.3,2685,66,measure
2026-09-12T14:30:44.181+00:00,920.001,360.247,99,22767.8,2685,65,measure
2026-09-12T14:30:45.180+00:00,921.001,353.688,99,22767.8,2685,65,measure
2026-09-12T14:30:46.184+00:00,922.005,361.26,99,22767.8,2685,66,measure
2026-09-12T14:30:47.182+00:00,923.001,356.818,99,22767.8,2685,66,measure
2026-09-12T14:30:48.179+00:00,924.000,364.265,99,22767.8,2685,65,measure
2026-09-12T14:30:49.180+00:00,925.000,369.454,99,22767.8,2685,67,measure
2026-09-12T14:30:50.181+00:00,926.001,360.675,99,22767.8,2685,65,measure
2026-09-12T14:30:48.680+00:00,927.000,353.073,99,22767.8,2685,67,measure
2026-09-12T14:30:49.716+00:00,928.000,352.396,99,22767.8,2685,65,measure
2026-09-12T14:30:50.679+00:00,929.000,331.375,99,22767.8,2685,65,measure
2026-09-12T14:30:51.679+00:00,930.000,344.269,99,22767.8,2685,66,measure
2026-09-12T14:30:52.681+00:00,931.001,362.445,99,22767.8,2685,68,measure
2026-09-12T14:30:53.738+00:00,932.000,363.709,99,22767.8,2685,65,measure
2026-09-12T14:30:54.679+00:00,933.000,382.802,99,22767.8,2685,67,measure
2026-09-12T14:30:55.680+00:00,934.001,376.397,99,22767.6,2685,67,measure
2026-09-12T14:30:56.679+00:00,935.000,369.586,99,22767.8,2685,67,measure
2026-09-12T14:30:57.680+00:00,936.001,381.905,99,22767.8,2685,68,measure
2026-09-12T14:30:58.680+00:00,937.000,364.242,99,22767.8,2685,66,measure
2026-09-12T14:30:59.681+00:00,938.001,373.247,99,22767.8,2685,68,measure
2026-09-12T14:31:00.679+00:00,939.000,372.937,99,22767.8,2685,67,measure
2026-09-12T14:31:01.680+00:00,940.001,376.322,99,22767.8,2685,67,measure
2026-09-12T14:31:02.679+00:00,941.000,368.806,99,22767.8,2685,68,measure
2026-09-12T14:31:03.679+00:00,942.000,366.385,99,22767.8,2685,66,measure
2026-09-12T14:31:04.681+00:00,943.000,374.645,99,22767.8,2685,69,measure
2026-09-12T14:31:05.681+00:00,944.000,369.646,99,22767.8,2685,67,measure
2026-09-12T14:31:06.680+00:00,945.000,370.296,99,22767.8,2685,67,measure
2026-09-12T14:31:07.679+00:00,946.000,371.781,99,22767.8,2685,68,measure
2026-09-12T14:31:08.680+00:00,947.001,355.772,99,22784.7,2685,67,measure
2026-09-12T14:31:09.679+00:00,948.000,366.584,99,22767.8,2685,67,measure
2026-09-12T14:31:10.681+00:00,949.001,377.583,99,22767.8,2685,69,measure
2026-09-12T14:31:11.683+00:00,950.004,377.785,99,22767.6,2685,68,measure
2026-09-12T14:31:12.679+00:00,951.000,381.084,99,22767.8,2685,69,measure
2026-09-12T14:31:13.679+00:00,952.000,372.203,99,22767.8,2685,67,measure
2026-09-12T14:31:14.682+00:00,953.000,362.554,99,22767.8,2685,65,measure
2026-09-12T14:31:15.681+00:00,954.001,353.322,99,22784.7,2685,67,measure
2026-09-12T14:31:16.681+00:00,955.000,327.016,99,22767.8,2685,63,measure
2026-09-12T14:31:17.682+00:00,956.002,352.141,99,22767.8,2685,66,measure
2026-09-12T14:31:18.679+00:00,957.000,357.955,99,22784.7,2685,66,measure
2026-09-12T14:31:19.679+00:00,958.000,359.853,99,22767.8,2685,66,measure
2026-09-12T14:31:18.181+00:00,959.001,358.186,99,22767.8,2685,66,measure
2026-09-12T14:31:19.181+00:00,960.001,342.852,99,22767.8,2685,65,measure
2026-09-12T14:31:20.182+00:00,961.000,336.117,99,22767.8,2685,66,measure
2026-09-12T14:31:21.183+00:00,962.002,317.321,99,22767.8,2685,64,measure
2026-09-12T14:31:22.185+00:00,963.004,332.85,99,22767.8,2685,64,measure
2026-09-12T14:31:23.183+00:00,964.002,323.111,99,22767.8,2685,64,measure
2026-09-12T14:31:24.181+00:00,965.000,333.074,99,22767.8,2685,66,measure
2026-09-12T14:31:25.181+00:00,966.001,337.562,99,22767.8,2685,63,measure
2026-09-12T14:31:26.183+00:00,967.001,336.462,99,22767.8,2685,66,measure
2026-09-12T14:31:27.183+00:00,968.003,363.351,99,22767.8,2685,67,measure
2026-09-12T14:31:28.182+00:00,969.002,353.906,99,22776.3,2685,66,measure
2026-09-12T14:31:29.181+00:00,970.001,352.915,99,22767.8,2685,68,measure
2026-09-12T14:31:30.181+00:00,971.001,348.642,99,22767.8,2685,65,measure
2026-09-12T14:31:31.181+00:00,972.000,313.304,99,22767.8,2685,66,measure
2026-09-12T14:31:32.182+00:00,973.000,312.858,99,22767.8,2685,65,measure
2026-09-12T14:31:33.183+00:00,974.000,318.307,99,22767.8,2685,62,measure
2026-09-12T14:31:34.181+00:00,975.000,326.29,99,22767.3,2685,65,measure
2026-09-12T14:31:35.206+00:00,976.001,334.658,99,22775.8,2685,66,measure
2026-09-12T14:31:36.181+00:00,977.001,347.035,99,22767.1,2685,66,measure
2026-09-12T14:31:37.182+00:00,978.001,355.733,99,22767.8,2685,66,measure
2026-09-12T14:31:38.185+00:00,979.001,359.599,99,22767.8,2685,66,measure
2026-09-12T14:31:39.183+00:00,980.002,358.525,99,22767.8,2685,65,measure
2026-09-12T14:31:40.181+00:00,981.000,365.496,99,22776.3,2685,66,measure
2026-09-12T14:31:41.181+00:00,982.000,371.332,99,22767.8,2685,66,measure
2026-09-12T14:31:42.182+00:00,983.000,374.757,99,22776.3,2685,66,measure
2026-09-12T14:31:43.183+00:00,984.002,383.273,99,22784.7,2685,67,measure
2026-09-12T14:31:44.186+00:00,985.003,381.965,99,22767.8,2685,66,measure
2026-09-12T14:31:45.183+00:00,986.001,367.894,99,22767.8,2685,68,measure
2026-09-12T14:31:46.182+00:00,987.002,373.035,99,22767.8,2685,69,measure
2026-09-12T14:31:47.183+00:00,988.002,358.442,99,22767.8,2685,68,measure
2026-09-12T14:31:48.181+00:00,989.000,356.329,99,22767.1,2685,65,measure
2026-09-12T14:31:49.181+00:00,990.000,337.32,99,22767.1,2685,63,measure
2026-09-12T14:31:50.182+00:00,991.000,332.54,99,22767.1,2685,65,measure
2026-09-12T14:31:48.698+00:00,992.000,334.205,99,22783.9,2685,66,measure
2026-09-12T14:31:49.697+00:00,993.001,351.023,99,22767.1,2685,66,measure
2026-09-12T14:31:50.697+00:00,994.000,336.308,99,22767.1,2685,66,measure
2026-09-12T14:31:51.743+00:00,995.001,345.618,99,22767.8,2685,64,measure
2026-09-12T14:31:52.736+00:00,996.001,313.951,99,22767.8,2685,65,measure
2026-09-12T14:31:53.698+00:00,997.000,317.298,99,22784.7,2685,67,measure
2026-09-12T14:31:54.697+00:00,998.001,329.649,99,22767.3,2685,67,measure
2026-09-12T14:31:55.697+00:00,999.001,337.372,99,22767.3,2685,65,measure
2026-09-12T14:31:56.697+00:00,1000.001,364.934,99,22767.8,2685,65,measure
2026-09-12T14:31:57.697+00:00,1001.000,356.445,99,22767.8,2685,66,measure
2026-09-12T14:31:58.697+00:00,1002.001,357.018,99,22767.9,2685,66,measure
2026-09-12T14:31:59.702+00:00,1003.001,358.292,99,22767.9,2685,67,measure
2026-09-12T14:32:00.697+00:00,1004.000,343.934,99,22767.9,2685,65,measure
2026-09-12T14:32:01.697+00:00,1005.001,323.507,99,22767.9,2685,62,measure
2026-09-12T14:32:02.696+00:00,1006.000,324.487,99,22767.9,2685,63,measure
2026-09-12T14:32:03.721+00:00,1007.001,330.042,99,22767.8,2685,64,measure
2026-09-12T14:32:04.697+00:00,1008.001,356.511,99,22767.8,2685,67,measure
2026-09-12T14:32:05.698+00:00,1009.000,350.634,99,22767.8,2685,65,measure
2026-09-12T14:32:06.697+00:00,1010.000,349.501,99,22767.8,2685,66,measure
2026-09-12T14:32:07.698+00:00,1011.002,350.001,99,22767.8,2685,64,measure
2026-09-12T14:32:08.724+00:00,1012.000,367.522,99,22767.8,2685,67,measure
2026-09-12T14:32:09.697+00:00,1013.000,376.045,99,22767.8,2685,68,measure
2026-09-12T14:32:10.697+00:00,1014.000,378.233,99,22767.8,2685,68,measure
2026-09-12T14:32:11.699+00:00,1015.003,375.989,99,22767.8,2685,66,measure
2026-09-12T14:32:12.698+00:00,1016.000,377.805,99,22767.8,2685,68,measure
2026-09-12T14:32:13.697+00:00,1017.000,370.237,99,22767.8,2685,67,measure
2026-09-12T14:32:14.696+00:00,1018.000,360.766,99,22767.8,2685,65,measure
2026-09-12T14:32:15.697+00:00,1019.001,360.218,99,22767.8,2685,67,measure
2026-09-12T14:32:16.698+00:00,1020.001,344.547,99,22767.8,2685,65,measure
2026-09-12T14:32:17.700+00:00,1021.001,349.008,99,22784.7,2685,66,measure
2026-09-12T14:32:18.697+00:00,1022.000,347.887,99,22767.8,2685,62,measure
2026-09-12T14:32:19.696+00:00,1023.000,364.652,99,22784.7,2685,66,measure
2026-09-12T14:32:18.197+00:00,1024.000,356.863,99,22767.8,2685,67,measure
2026-09-12T14:32:19.204+00:00,1025.005,355.574,99,22767.8,2685,66,measure
2026-09-12T14:32:20.200+00:00,1026.002,356.599,99,22767.8,2685,65,measure
2026-09-12T14:32:21.199+00:00,1027.000,360.062,99,22767.8,2685,66,measure
2026-09-12T14:32:22.198+00:00,1028.001,360.952,99,22767.8,2685,66,measure
2026-09-12T14:32:23.197+00:00,1029.000,357.843,99,22784.7,2685,66,measure
2026-09-12T14:32:24.203+00:00,1030.006,350.54,99,22767.8,2685,66,measure
2026-09-12T14:32:25.199+00:00,1031.002,338.36,99,22784.7,2685,63,measure
2026-09-12T14:32:26.200+00:00,1032.002,359.003,99,22767.8,2685,67,measure
2026-09-12T14:32:27.198+00:00,1033.000,353.398,99,22767.8,2685,66,measure
2026-09-12T14:32:28.198+00:00,1034.001,357.619,99,22773.7,2685,66,measure
2026-09-12T14:32:29.198+00:00,1035.000,359.766,99,22765.3,2685,66,measure
2026-09-12T14:32:30.197+00:00,1036.000,361.959,99,22765.3,2685,68,measure
2026-09-12T14:32:31.198+00:00,1037.000,363.499,99,22765.3,2685,66,measure
2026-09-12T14:32:32.198+00:00,1038.000,372.081,99,22782.1,2685,68,measure
2026-09-12T14:32:33.199+00:00,1039.000,371.021,99,22765,2685,67,measure
2026-09-12T14:32:34.197+00:00,1040.000,371.085,99,22765,2685,66,measure
2026-09-12T14:32:35.197+00:00,1041.001,368.041,99,22765,2685,67,measure
2026-09-12T14:32:36.197+00:00,1042.000,355.774,99,22765,2685,67,measure
2026-09-12T14:32:37.197+00:00,1043.000,355.938,99,22764.8,2685,66,measure
2026-09-12T14:32:38.199+00:00,1044.001,360.2,99,22765.3,2685,66,measure
2026-09-12T14:32:39.198+00:00,1045.000,359.835,99,22765.3,2685,65,measure
2026-09-12T14:32:40.197+00:00,1046.000,355.947,99,22765.3,2685,66,measure
2026-09-12T14:32:41.197+00:00,1047.000,359.524,99,22773.7,2685,66,measure
2026-09-12T14:32:42.241+00:00,1048.000,359.249,99,22765.3,2685,69,measure
2026-09-12T14:32:43.197+00:00,1049.000,370.383,99,22765.3,2685,69,measure
2026-09-12T14:32:44.198+00:00,1050.000,354.13,99,22765.3,2685,67,measure
2026-09-12T14:32:45.198+00:00,1051.000,348.482,99,22765.3,2685,65,measure
2026-09-12T14:32:46.197+00:00,1052.000,336.964,99,22765.3,2685,63,measure
2026-09-12T14:32:47.247+00:00,1053.000,307.866,99,22765.3,2685,62,measure
2026-09-12T14:32:48.199+00:00,1054.002,337.518,99,22765.3,2685,66,measure
2026-09-12T14:32:49.198+00:00,1055.001,342.514,99,22765.3,2685,64,measure
2026-09-12T14:32:47.745+00:00,1056.007,339.468,99,22764.8,2685,65,measure
2026-09-12T14:32:48.741+00:00,1057.001,344.888,99,22764.8,2685,66,measure
2026-09-12T14:32:49.739+00:00,1058.001,328.915,99,22764.8,2685,65,measure
2026-09-12T14:32:50.768+00:00,1059.000,337.001,99,22765.3,2685,65,measure
2026-09-12T14:32:51.741+00:00,1060.000,360.515,99,22765.3,2685,65,measure
2026-09-12T14:32:52.740+00:00,1061.001,362.216,99,22765.3,2685,68,measure
2026-09-12T14:32:53.741+00:00,1062.002,354.516,99,22765.3,2685,66,measure
2026-09-12T14:32:54.742+00:00,1063.000,348.215,99,22765.3,2685,65,measure
2026-09-12T14:32:55.739+00:00,1064.000,325.904,99,22765.3,2685,63,measure
2026-09-12T14:32:56.739+00:00,1065.001,290.047,99,22765.3,2685,62,measure
2026-09-12T14:32:57.739+00:00,1066.000,313.657,99,22765.3,2685,65,measure
2026-09-12T14:32:58.740+00:00,1067.002,302.787,99,22765.3,2685,64,measure
2026-09-12T14:32:59.740+00:00,1068.001,335.257,99,22765.3,2685,64,measure
2026-09-12T14:33:00.741+00:00,1069.001,337.941,99,22765.3,2685,66,measure
2026-09-12T14:33:01.769+00:00,1070.000,337.149,99,22765.3,2685,65,measure
2026-09-12T14:33:02.738+00:00,1071.000,326.018,99,22773.7,2685,66,measure
2026-09-12T14:33:03.739+00:00,1072.000,317.12,99,22765.3,2685,63,measure
2026-09-12T14:33:04.739+00:00,1073.001,314.007,99,22765.3,2685,64,measure
2026-09-12T14:33:05.740+00:00,1074.000,308.168,99,22773.7,2685,63,measure
2026-09-12T14:33:06.740+00:00,1075.000,317.681,99,22765.3,2685,65,measure
2026-09-12T14:33:07.739+00:00,1076.001,316.846,99,22765.3,2685,62,measure
2026-09-12T14:33:08.739+00:00,1077.001,309.398,99,22765.3,2685,62,measure
2026-09-12T14:33:09.739+00:00,1078.000,312.323,99,22765.3,2685,62,measure
2026-09-12T14:33:10.739+00:00,1079.001,314.279,99,22765.3,2685,66,measure
2026-09-12T14:33:11.778+00:00,1080.000,314.305,99,22765.3,2685,62,measure
2026-09-12T14:33:12.741+00:00,1081.000,313.341,99,22765.3,2685,62,measure
2026-09-12T14:33:13.745+00:00,1082.001,309.715,99,22765.3,2685,62,measure
2026-09-12T14:33:14.738+00:00,1083.000,314.351,99,22765.3,2685,62,measure
2026-09-12T14:33:15.739+00:00,1084.001,334.672,99,22765.3,2685,63,measure
2026-09-12T14:33:16.739+00:00,1085.001,347.618,99,22765.3,2685,67,measure
2026-09-12T14:33:17.740+00:00,1086.000,357.32,99,22765.3,2685,66,measure
2026-09-12T14:33:18.740+00:00,1087.000,363.046,99,22765.3,2685,65,measure
2026-09-12T14:33:17.254+00:00,1088.000,362.253,99,22764.8,2685,65,measure
2026-09-12T14:33:18.253+00:00,1089.000,359.762,99,22764.5,2685,66,measure
2026-09-12T14:33:19.256+00:00,1090.003,358.733,99,22765.3,2685,67,measure
2026-09-12T14:33:20.257+00:00,1091.002,362.557,99,22765.3,2685,66,measure
2026-09-12T14:33:21.255+00:00,1092.000,366.632,99,22765.3,2685,68,measure
2026-09-12T14:33:22.255+00:00,1093.000,376.56,99,22765.3,2685,67,measure
2026-09-12T14:33:23.254+00:00,1094.000,370.505,99,22765.3,2685,67,measure
2026-09-12T14:33:24.254+00:00,1095.000,371.946,99,22765.3,2685,66,measure
2026-09-12T14:33:25.253+00:00,1096.000,380.98,99,22765.3,2685,69,measure
2026-09-12T14:33:26.254+00:00,1097.000,367.833,99,22765,2685,68,measure
2026-09-12T14:33:27.255+00:00,1098.000,374.173,99,22765.3,2685,67,measure
2026-09-12T14:33:28.255+00:00,1099.001,361.02,99,22765.3,2685,65,measure
2026-09-12T14:33:29.258+00:00,1100.004,349.79,99,22773.7,2685,66,measure
2026-09-12T14:33:30.253+00:00,1101.000,360.429,99,22765.3,2685,66,measure
2026-09-12T14:33:31.285+00:00,1102.001,337.01,99,22764.8,2685,65,measure
2026-09-12T14:33:32.253+00:00,1103.000,345.582,99,22765.3,2685,66,measure
2026-09-12T14:33:33.255+00:00,1104.001,357.111,99,22765.3,2685,65,measure
2026-09-12T14:33:34.255+00:00,1105.000,352.767,99,22765.3,2685,66,measure
2026-09-12T14:33:35.255+00:00,1106.002,357.13,99,22765.3,2685,66,measure
2026-09-12T14:33:36.254+00:00,1107.000,356.521,99,22782.1,2685,67,measure
2026-09-12T14:33:37.254+00:00,1108.001,359.969,99,22765.3,2685,65,measure
2026-09-12T14:33:38.254+00:00,1109.000,354.63,99,22765.3,2685,66,measure
2026-09-12T14:33:39.259+00:00,1110.000,345.011,99,22773.7,2685,68,measure
2026-09-12T14:33:40.254+00:00,1111.001,354.081,99,22765.3,2685,66,measure
2026-09-12T14:33:41.254+00:00,1112.000,348.357,99,22765.3,2685,65,measure
2026-09-12T14:33:42.254+00:00,1113.000,342.566,99,22765.3,2685,65,measure
2026-09-12T14:33:43.254+00:00,1114.000,346.156,99,22782.1,2685,66,measure
2026-09-12T14:33:44.255+00:00,1115.001,312.164,99,22764.8,2685,62,measure
2026-09-12T14:33:45.256+00:00,1116.001,309.811,99,22764.8,2685,66,measure
2026-09-12T14:33:46.255+00:00,1117.000,310.684,99,22764.8,2685,62,measure
2026-09-12T14:33:47.254+00:00,1118.000,318.5,99,22764.8,2685,63,measure
2026-09-12T14:33:48.256+00:00,1119.001,334.021,99,22764.8,2685,67,measure
2026-09-12T14:33:49.256+00:00,1120.002,343.515,99,22764.5,2685,66,measure
2026-09-12T14:33:47.757+00:00,1121.000,350.24,99,22764.5,2685,65,measure
2026-09-12T14:33:48.758+00:00,1122.001,352.209,99,22781.4,2685,66,measure
2026-09-12T14:33:49.758+00:00,1123.000,318.647,99,22764.5,2685,62,measure
2026-09-12T14:33:50.757+00:00,1124.001,319.502,99,22765.3,2685,63,measure
2026-09-12T14:33:51.756+00:00,1125.000,332.498,99,22773.7,2685,67,measure
2026-09-12T14:33:52.757+00:00,1126.001,338.114,99,22765.3,2685,66,measure
2026-09-12T14:33:53.758+00:00,1127.001,352.301,99,22782.1,2685,66,measure
2026-09-12T14:33:54.758+00:00,1128.000,357.171,99,22765.3,2685,66,measure
2026-09-12T14:33:55.757+00:00,1129.000,331.778,99,22765.3,2685,63,measure
2026-09-12T14:33:56.756+00:00,1130.000,319.611,99,22765.3,2685,63,measure
2026-09-12T14:33:57.757+00:00,1131.000,314.849,99,22765.3,2685,62,measure
2026-09-12T14:33:58.757+00:00,1132.001,310.858,99,22765.3,2685,65,measure
2026-09-12T14:33:59.758+00:00,1133.001,321.109,99,22765.3,2685,62,measure
2026-09-12T14:34:00.768+00:00,1134.001,332.294,99,22765.3,2685,64,measure
2026-09-12T14:34:01.757+00:00,1135.001,351.809,99,22765.3,2685,66,measure
2026-09-12T14:34:02.756+00:00,1136.000,362.77,99,22773.7,2685,66,measure
2026-09-12T14:34:03.759+00:00,1137.002,362.594,99,22765.3,2685,66,measure
2026-09-12T14:34:04.759+00:00,1138.003,353.071,99,22765.3,2685,65,measure
2026-09-12T14:34:05.758+00:00,1139.001,360.872,99,22773.7,2685,67,measure
2026-09-12T14:34:06.760+00:00,1140.002,341.708,99,22765.3,2685,66,measure
2026-09-12T14:34:07.756+00:00,1141.000,359.921,99,22765.3,2685,67,measure
2026-09-12T14:34:08.757+00:00,1142.001,361.791,99,22765.3,2685,68,measure
2026-09-12T14:34:09.757+00:00,1143.000,353.904,99,22765.3,2685,66,measure
2026-09-12T14:34:10.757+00:00,1144.001,370.921,99,22765.3,2685,68,measure
2026-09-12T14:34:11.757+00:00,1145.000,357.191,99,22765.3,2685,65,measure
2026-09-12T14:34:12.758+00:00,1146.001,353.564,99,22765.3,2685,66,measure
2026-09-12T14:34:13.757+00:00,1147.001,341.903,99,22765.3,2685,66,measure
2026-09-12T14:34:14.756+00:00,1148.000,329.966,99,22782.1,2685,67,measure
2026-09-12T14:34:15.756+00:00,1149.000,330.709,99,22765.3,2685,66,measure
2026-09-12T14:34:16.757+00:00,1150.001,347.278,99,22765.3,2685,65,measure
2026-09-12T14:34:17.758+00:00,1151.001,352.269,99,22765.3,2685,67,measure
2026-09-12T14:34:18.760+00:00,1152.001,355.46,99,22765.3,2685,67,measure
2026-09-12T14:34:17.310+00:00,1153.000,362.648,99,22765.3,2685,67,measure
2026-09-12T14:34:18.276+00:00,1154.000,360.745,99,22765.3,2685,67,measure
2026-09-12T14:34:19.275+00:00,1155.000,365.243,99,22765.3,2685,68,measure
2026-09-12T14:34:20.276+00:00,1156.002,368.759,99,22765.3,2685,67,measure
2026-09-12T14:34:21.277+00:00,1157.000,369.843,99,22765.3,2685,67,measure
2026-09-12T14:34:22.278+00:00,1158.002,377.736,99,22765.3,2685,67,measure
2026-09-12T14:34:23.276+00:00,1159.001,379.009,99,22765.3,2685,67,measure
2026-09-12T14:34:24.277+00:00,1160.002,367.493,99,22765.3,2685,66,measure
2026-09-12T14:34:25.275+00:00,1161.000,362.773,99,22765.3,2685,66,measure
2026-09-12T14:34:26.275+00:00,1162.000,357.109,99,22765.3,2685,66,measure
2026-09-12T14:34:27.277+00:00,1163.001,353.214,99,22765.3,2685,65,measure
2026-09-12T14:34:28.278+00:00,1164.001,361.247,99,22765.3,2685,68,measure
2026-09-12T14:34:29.278+00:00,1165.003,359.443,99,22765.3,2685,67,measure
2026-09-12T14:34:30.275+00:00,1166.000,357.956,99,22765.3,2685,66,measure
2026-09-12T14:34:31.277+00:00,1167.001,362.647,99,22765.3,2685,68,measure
2026-09-12T14:34:32.275+00:00,1168.001,359.937,99,22765.3,2685,67,measure
2026-09-12T14:34:33.277+00:00,1169.000,353,99,22765.3,2685,68,measure
2026-09-12T14:34:34.278+00:00,1170.002,361.092,99,22765.3,2685,68,measure
2026-09-12T14:34:35.275+00:00,1171.000,360.404,99,22765.3,2685,67,measure
2026-09-12T14:34:36.275+00:00,1172.000,356.745,99,22764.5,2685,67,measure
2026-09-12T14:34:37.277+00:00,1173.002,353.977,99,22764.5,2685,68,measure
2026-09-12T14:34:38.276+00:00,1174.002,356.771,99,22764.5,2685,68,measure
2026-09-12T14:34:39.281+00:00,1175.005,345.536,99,22764.5,2685,68,measure
2026-09-12T14:34:40.277+00:00,1176.000,358.993,99,22781.4,2685,66,measure
2026-09-12T14:34:41.280+00:00,1177.005,360.056,99,22764.5,2685,67,measure
2026-09-12T14:34:42.275+00:00,1178.001,363.533,99,22765.3,2685,66,measure
2026-09-12T14:34:43.275+00:00,1179.000,376.783,99,22765.3,2685,66,measure
2026-09-12T14:34:44.277+00:00,1180.002,384.863,99,22765.3,2685,69,measure
2026-09-12T14:34:45.288+00:00,1181.014,371.992,99,22765.3,2685,66,measure
2026-09-12T14:34:46.276+00:00,1182.001,374.602,99,22765.3,2685,69,measure
2026-09-12T14:34:47.279+00:00,1183.004,358.109,99,22765.3,2685,69,measure
2026-09-12T14:34:48.276+00:00,1184.001,360.43,99,22765.3,2685,66,measure
2026-09-12T14:34:46.794+00:00,1185.001,346.977,99,22782.1,2685,65,measure
2026-09-12T14:34:47.794+00:00,1186.001,324.349,99,22765.3,2685,63,measure
2026-09-12T14:34:48.797+00:00,1187.002,320.706,99,22782.1,2685,62,measure
2026-09-12T14:34:49.795+00:00,1188.000,326.888,99,22765.3,2685,66,measure
2026-09-12T14:34:50.794+00:00,1189.000,316.488,99,22765.3,2685,63,measure
2026-09-12T14:34:51.795+00:00,1190.001,336.138,99,22765.3,2685,65,measure
2026-09-12T14:34:52.794+00:00,1191.001,360.279,99,22765.3,2685,66,measure
2026-09-12T14:34:53.795+00:00,1192.001,349.929,99,22765.3,2685,67,measure
2026-09-12T14:34:54.796+00:00,1193.001,355.874,99,22765.3,2685,67,measure
2026-09-12T14:34:55.796+00:00,1194.002,354.749,99,22782.1,2685,68,measure
2026-09-12T14:34:56.794+00:00,1195.000,353.51,99,22765.3,2685,66,measure
2026-09-12T14:34:57.795+00:00,1196.002,351.867,99,22765.3,2685,65,measure
2026-09-12T14:34:58.794+00:00,1197.001,314.968,99,22765.3,2685,63,measure
2026-09-12T14:34:59.794+00:00,1198.000,314.543,99,22765.3,2685,67,measure
2026-09-12T14:35:00.797+00:00,1199.001,310.081,99,22765.3,2685,65,measure
2026-09-12T14:35:01.795+00:00,1200.000,313.639,99,22782.1,2685,66,measure
2026-09-12T14:35:02.794+00:00,1201.000,317.976,99,22765.3,2685,66,measure
2026-09-12T14:35:03.794+00:00,1202.001,358.582,99,22782.1,2685,66,measure
2026-09-12T14:35:04.793+00:00,1203.000,360.228,99,22782.1,2685,67,measure
2026-09-12T14:35:05.794+00:00,1204.001,359.279,99,22765.3,2685,66,measure
2026-09-12T14:35:06.795+00:00,1205.001,362.263,99,22765.3,2685,66,measure
2026-09-12T14:35:07.795+00:00,1206.001,360.551,99,22765.3,2685,66,measure
2026-09-12T14:35:08.795+00:00,1207.002,359.725,99,22764.5,2685,66,measure
2026-09-12T14:35:09.796+00:00,1208.001,354.798,99,22764.5,2685,69,measure
2026-09-12T14:35:10.876+00:00,1209.083,335.91,99,22765.3,2685,66,measure
2026-09-12T14:35:11.843+00:00,1210.001,312.613,99,22765.3,2685,62,measure
2026-09-12T14:35:12.850+00:00,1211.057,319.291,99,22765.3,2685,66,measure
2026-09-12T14:35:13.824+00:00,1212.031,331.502,99,22765.3,2685,64,measure
2026-09-12T14:35:14.868+00:00,1213.074,354.518,99,22765.3,2685,67,measure
2026-09-12T14:35:15.831+00:00,1214.036,329.126,99,22765.3,2685,62,measure
2026-09-12T14:35:16.840+00:00,1215.011,347.992,99,22773.7,2685,65,measure
2026-09-12T14:35:17.902+00:00,1216.079,329.551,99,22765.3,2685,67,measure
2026-09-12T14:35:18.802+00:00,1217.008,351.442,99,22765.3,2685,67,measure
2026-09-12T14:35:17.309+00:00,1218.012,364.149,99,22773.7,2685,66,measure
2026-09-12T14:35:18.297+00:00,1219.000,358.605,99,22773.7,2685,67,measure
2026-09-12T14:35:19.297+00:00,1220.000,353.796,99,22765.3,2685,65,measure
2026-09-12T14:35:20.298+00:00,1221.000,348.266,99,22765.3,2685,65,measure
2026-09-12T14:35:21.298+00:00,1222.000,353.288,99,22765.3,2685,66,measure
2026-09-12T14:35:22.299+00:00,1223.001,363.016,99,22765.3,2685,66,measure
2026-09-12T14:35:23.298+00:00,1224.000,372.313,99,22779.8,2685,67,measure
2026-09-12T14:35:24.298+00:00,1225.001,379.677,99,22818.8,2685,66,measure
2026-09-12T14:35:25.297+00:00,1226.000,359.954,99,22818.8,2685,68,measure
2026-09-12T14:35:26.298+00:00,1227.001,367.714,99,22826,2685,66,measure
2026-09-12T14:35:27.299+00:00,1228.001,361.609,99,22873.7,2685,65,measure
2026-09-12T14:35:28.299+00:00,1229.000,353.25,99,22853.6,2685,67,measure
2026-09-12T14:35:29.298+00:00,1230.000,357.862,99,22433.9,2685,66,measure
2026-09-12T14:35:30.297+00:00,1231.000,356.527,99,22433.9,2685,66,measure
2026-09-12T14:35:31.297+00:00,1232.000,324.088,99,22433.8,2685,63,measure
2026-09-12T14:35:32.318+00:00,1233.000,314.997,99,22428.3,2685,63,measure
2026-09-12T14:35:33.299+00:00,1234.000,329.329,99,22430.9,2685,63,measure
2026-09-12T14:35:34.299+00:00,1235.000,323.623,99,22417.5,2685,65,measure
2026-09-12T14:35:35.298+00:00,1236.001,356.757,99,22417.5,2685,67,measure
2026-09-12T14:35:36.298+00:00,1237.000,332.241,99,22418.5,2685,64,measure
2026-09-12T14:35:37.298+00:00,1238.001,323.208,99,22428,2685,63,measure
2026-09-12T14:35:38.298+00:00,1239.001,345.421,99,22428,2685,64,measure
2026-09-12T14:35:39.299+00:00,1240.001,366.19,99,22428,2685,67,measure
2026-09-12T14:35:40.301+00:00,1241.001,352.575,99,22429,2685,65,measure
2026-09-12T14:35:41.297+00:00,1242.000,341.384,99,22429,2685,66,measure
2026-09-12T14:35:42.326+00:00,1243.000,330.377,99,22428.9,2685,66,measure
2026-09-12T14:35:43.300+00:00,1244.000,334.835,99,22428.6,2685,65,measure
2026-09-12T14:35:44.298+00:00,1245.000,336.303,99,22428.6,2685,67,measure
2026-09-12T14:35:45.298+00:00,1246.000,327.342,99,22428.6,2685,63,measure
2026-09-12T14:35:46.299+00:00,1247.001,323.574,99,22428.6,2685,64,measure
2026-09-12T14:35:47.298+00:00,1248.000,321.532,99,22428.6,2685,64,measure
2026-09-12T14:35:48.298+00:00,1249.000,333.869,99,22428.6,2685,63,measure
2026-09-12T14:35:46.780+00:00,1250.001,360.645,99,22428.6,2685,68,measure
2026-09-12T14:35:47.780+00:00,1251.000,356.267,99,22414.9,2685,67,measure
2026-09-12T14:35:48.781+00:00,1252.001,367.782,99,22416,2685,68,measure
2026-09-12T14:35:49.782+00:00,1253.000,376.564,99,22416,2685,67,measure
2026-09-12T14:35:50.780+00:00,1254.001,360.987,99,22415.9,2685,67,measure
2026-09-12T14:35:51.779+00:00,1255.000,372.894,99,22415.9,2685,69,measure
2026-09-12T14:35:52.779+00:00,1256.000,360.493,99,22415.9,2685,67,measure
2026-09-12T14:35:53.780+00:00,1257.001,321.157,99,22415.9,2685,63,measure
2026-09-12T14:35:54.781+00:00,1258.001,338.753,99,22415.9,2685,64,measure
2026-09-12T14:35:55.780+00:00,1259.000,337.274,99,22415.9,2685,67,measure
2026-09-12T14:35:56.779+00:00,1260.000,363.149,99,22415.9,2685,66,measure
2026-09-12T14:35:57.780+00:00,1261.001,364.195,99,22415.9,2685,68,measure
2026-09-12T14:35:58.779+00:00,1262.000,366.013,99,22415.9,2685,67,measure
2026-09-12T14:35:59.780+00:00,1263.000,362.258,99,22415.9,2685,67,measure
2026-09-12T14:36:00.781+00:00,1264.000,365.993,99,22415.9,2685,68,measure
2026-09-12T14:36:01.793+00:00,1265.000,355.493,99,22415.9,2685,67,measure
2026-09-12T14:36:02.780+00:00,1266.001,342.827,99,22415.9,2685,66,measure
2026-09-12T14:36:03.780+00:00,1267.001,357.988,99,22418,2685,67,measure
2026-09-12T14:36:04.779+00:00,1268.000,360.229,99,22413.2,2685,67,measure
2026-09-12T14:36:05.780+00:00,1269.001,370.131,99,22406.2,2685,68,measure
2026-09-12T14:36:06.781+00:00,1270.000,363.895,99,22406.2,2685,67,measure
2026-09-12T14:36:07.782+00:00,1271.000,374.375,99,22406.2,2685,67,measure
2026-09-12T14:36:08.779+00:00,1272.000,372.224,99,22407.2,2685,66,measure
2026-09-12T14:36:09.779+00:00,1273.000,367.67,99,22407.2,2685,66,measure
2026-09-12T14:36:10.781+00:00,1274.000,357.529,99,22407.2,2685,66,measure
2026-09-12T14:36:11.779+00:00,1275.000,365.971,99,22405.6,2685,66,measure
2026-09-12T14:36:12.781+00:00,1276.001,371.096,99,22405.6,2685,67,measure
2026-09-12T14:36:13.782+00:00,1277.000,363.138,99,22405.6,2685,67,measure
2026-09-12T14:36:14.782+00:00,1278.003,358.812,99,22405.6,2685,69,measure
2026-09-12T14:36:15.779+00:00,1279.001,354.741,99,22403.2,2685,66,measure
2026-09-12T14:36:16.779+00:00,1280.000,323.219,99,22403.2,2685,64,measure
2026-09-12T14:36:17.779+00:00,1281.000,316.25,99,22403.2,2685,64,measure
2026-09-12T14:36:18.781+00:00,1282.001,323.613,99,22411.1,2685,65,measure
2026-09-12T14:36:17.296+00:00,1283.000,328.903,99,22412.7,2685,65,measure
2026-09-12T14:36:18.293+00:00,1284.000,349.975,99,22412.7,2685,68,measure
2026-09-12T14:36:19.294+00:00,1285.001,369.269,99,22410.4,2685,66,measure
2026-09-12T14:36:20.294+00:00,1286.000,359.276,99,22411.4,2685,66,measure
2026-09-12T14:36:21.293+00:00,1287.001,362.186,99,22416.9,2685,68,measure
2026-09-12T14:36:22.295+00:00,1288.000,342.897,99,22416.4,2685,66,measure
2026-09-12T14:36:23.295+00:00,1289.001,324.165,99,22408.3,2685,63,measure
2026-09-12T14:36:24.293+00:00,1290.000,325.017,99,22412.3,2685,63,measure
2026-09-12T14:36:25.294+00:00,1291.001,312.184,99,22412.3,2685,65,measure
2026-09-12T14:36:26.293+00:00,1292.000,308.245,99,22412.3,2685,63,measure
2026-09-12T14:36:27.293+00:00,1293.000,321.979,99,22411.7,2685,65,measure
2026-09-12T14:36:28.295+00:00,1294.001,350.534,99,22404.3,2685,67,measure
2026-09-12T14:36:29.294+00:00,1295.001,362.905,99,22404.3,2685,66,measure
2026-09-12T14:36:30.293+00:00,1296.000,372.864,99,22404.3,2685,68,measure
2026-09-12T14:36:31.294+00:00,1297.001,363.67,99,22404.3,2685,68,measure
2026-09-12T14:36:32.294+00:00,1298.001,358.924,99,22404.3,2685,67,measure
2026-09-12T14:36:33.294+00:00,1299.001,351.235,99,22418.5,2685,67,measure
2026-09-12T14:36:34.295+00:00,1300.000,355.026,99,22418.5,2685,66,measure
2026-09-12T14:36:35.295+00:00,1301.000,356.546,99,22418.2,2685,67,measure
2026-09-12T14:36:36.294+00:00,1302.001,360.147,99,22416.5,2685,69,measure
2026-09-12T14:36:37.293+00:00,1303.000,361.237,99,22412.5,2685,67,measure
2026-09-12T14:36:38.294+00:00,1304.000,362.8,99,22404.9,2685,66,measure
2026-09-12T14:36:39.293+00:00,1305.000,353.729,99,22402.9,2685,64,measure
2026-09-12T14:36:40.295+00:00,1306.000,355.484,99,22402.9,2685,67,measure
2026-09-12T14:36:41.295+00:00,1307.000,356.53,99,22402.9,2685,68,measure
2026-09-12T14:36:42.293+00:00,1308.000,342.967,99,22402.9,2685,68,measure
2026-09-12T14:36:43.294+00:00,1309.000,369.484,99,22402.9,2685,68,measure
2026-09-12T14:36:44.293+00:00,1310.000,363.178,99,22402.9,2685,67,measure
2026-09-12T14:36:45.293+00:00,1311.000,359.987,99,22402.9,2685,66,measure
2026-09-12T14:36:46.294+00:00,1312.000,360.972,99,22402.9,2685,66,measure
2026-09-12T14:36:47.295+00:00,1313.001,357.926,99,22402.9,2685,66,measure
2026-09-12T14:36:48.294+00:00,1314.001,360.74,99,22402.9,2685,67,measure
2026-09-12T14:36:46.845+00:00,1315.001,340.73,99,22402.9,2685,65,measure
2026-09-12T14:36:47.798+00:00,1316.000,363.088,99,22403,2685,68,measure
2026-09-12T14:36:48.798+00:00,1317.001,361.716,99,22403,2685,66,measure
2026-09-12T14:36:49.800+00:00,1318.001,363.498,99,22403,2685,68,measure
2026-09-12T14:36:50.800+00:00,1319.002,369.275,99,22403,2685,67,measure
2026-09-12T14:36:51.798+00:00,1320.000,371.009,99,22411,2685,66,measure
2026-09-12T14:36:52.801+00:00,1321.001,368.115,99,22411,2685,68,measure
2026-09-12T14:36:53.798+00:00,1322.000,358.488,99,22554,2685,69,measure
2026-09-12T14:36:54.799+00:00,1323.000,346.916,99,22601,2685,65,measure
2026-09-12T14:36:55.803+00:00,1324.000,360.094,99,22601.1,2685,66,measure
2026-09-12T14:36:56.799+00:00,1325.000,356.003,99,22618.2,2685,66,measure
2026-09-12T14:36:57.799+00:00,1326.001,347.404,99,22661.4,2685,65,measure
2026-09-12T14:36:58.799+00:00,1327.001,352.473,99,22679.7,2685,67,measure
2026-09-12T14:36:59.798+00:00,1328.000,343.26,99,22679.7,2685,66,measure
2026-09-12T14:37:00.799+00:00,1329.001,331.374,99,22676.7,2685,65,measure
2026-09-12T14:37:01.803+00:00,1330.000,361.177,99,22675.7,2685,67,measure
2026-09-12T14:37:02.798+00:00,1331.000,362.775,99,22675.7,2685,67,measure
2026-09-12T14:37:03.798+00:00,1332.000,375.111,99,22675.7,2685,66,measure
2026-09-12T14:37:04.798+00:00,1333.000,367.897,99,22675.7,2685,68,measure
2026-09-12T14:37:05.798+00:00,1334.000,356.957,99,22675.7,2685,66,measure
2026-09-12T14:37:06.799+00:00,1335.000,361.773,99,22675.7,2685,68,measure
2026-09-12T14:37:07.799+00:00,1336.000,350.241,99,22684.1,2685,66,measure
2026-09-12T14:37:08.833+00:00,1337.001,339.914,99,22669.3,2685,66,measure
2026-09-12T14:37:09.799+00:00,1338.001,353.313,99,22669.3,2685,65,measure
2026-09-12T14:37:10.799+00:00,1339.001,315.879,99,22669.3,2685,64,measure
2026-09-12T14:37:11.798+00:00,1340.001,321.308,99,22669.3,2685,65,measure
2026-09-12T14:37:12.799+00:00,1341.000,335.446,99,22669.3,2685,63,measure
2026-09-12T14:37:13.834+00:00,1342.001,324.645,99,22669.3,2685,65,measure
2026-09-12T14:37:14.798+00:00,1343.000,340.228,99,22669.3,2685,67,measure
2026-09-12T14:37:15.798+00:00,1344.000,312.526,99,22669.3,2685,63,measure
2026-09-12T14:37:16.798+00:00,1345.001,327.217,99,22669.3,2685,64,measure
2026-09-12T14:37:17.799+00:00,1346.001,305.439,99,22669.3,2685,64,measure
2026-09-12T14:37:18.836+00:00,1347.001,329.228,99,22669.3,2685,63,measure
2026-09-12T14:37:17.299+00:00,1348.003,345.372,99,22669.3,2685,63,measure
2026-09-12T14:37:18.297+00:00,1349.001,358.872,99,22669.3,2685,67,measure
2026-09-12T14:37:19.300+00:00,1350.005,353.637,99,22669.3,2685,67,measure
2026-09-12T14:37:20.299+00:00,1351.003,323.028,99,22669.3,2685,63,measure
2026-09-12T14:37:21.297+00:00,1352.001,302.955,99,22669.3,2685,62,measure
2026-09-12T14:37:22.298+00:00,1353.001,312.542,99,22669.3,2685,62,measure
2026-09-12T14:37:23.299+00:00,1354.001,310.819,99,22669.3,2685,62,measure
2026-09-12T14:37:24.296+00:00,1355.001,318.662,99,22669.3,2685,64,measure
2026-09-12T14:37:25.296+00:00,1356.001,315.024,99,22669.3,2685,63,measure
2026-09-12T14:37:26.296+00:00,1357.000,319.751,99,22669.3,2685,66,measure
2026-09-12T14:37:27.321+00:00,1358.000,340.04,99,22669.3,2685,66,measure
2026-09-12T14:37:28.301+00:00,1359.004,317.867,99,22669.3,2685,62,measure
2026-09-12T14:37:29.300+00:00,1360.003,318.485,99,22669.3,2685,63,measure
2026-09-12T14:37:30.296+00:00,1361.000,335.309,99,22669.3,2685,63,measure
2026-09-12T14:37:31.297+00:00,1362.001,352.373,99,22669.3,2685,67,measure
2026-09-12T14:37:32.297+00:00,1363.001,364.15,99,22669.3,2685,65,measure
2026-09-12T14:37:33.297+00:00,1364.001,359.833,99,22669.3,2685,65,measure
2026-09-12T14:37:34.298+00:00,1365.001,341.482,99,22669.3,2685,66,measure
2026-09-12T14:37:35.299+00:00,1366.000,334.145,99,22669.3,2685,65,measure
2026-09-12T14:37:36.297+00:00,1367.001,322.175,99,22669.3,2685,65,measure
2026-09-12T14:37:37.296+00:00,1368.001,345.26,99,22669.3,2685,67,measure
2026-09-12T14:37:38.296+00:00,1369.001,340.369,99,22669.3,2685,66,measure
2026-09-12T14:37:39.296+00:00,1370.000,313.162,99,22669.3,2685,62,measure
2026-09-12T14:37:40.303+00:00,1371.004,319.139,99,22669.3,2685,65,measure
2026-09-12T14:37:41.310+00:00,1372.014,310.214,99,22669.3,2685,61,measure
2026-09-12T14:37:42.297+00:00,1373.001,301.761,99,22669.3,2685,65,measure
2026-09-12T14:37:43.323+00:00,1374.001,301.08,99,22669.3,2685,61,measure
2026-09-12T14:37:44.296+00:00,1375.001,324.473,99,22669.3,2685,65,measure
2026-09-12T14:37:45.296+00:00,1376.000,318.283,99,22669.3,2685,64,measure
2026-09-12T14:37:46.297+00:00,1377.000,331.941,99,22669.3,2685,65,measure
2026-09-12T14:37:47.299+00:00,1378.002,332.468,99,22669.3,2685,66,measure
2026-09-12T14:37:48.296+00:00,1379.001,320.787,99,22669.3,2685,63,measure
2026-09-12T14:37:46.797+00:00,1380.001,314.861,99,22669.3,2685,62,measure
2026-09-12T14:37:47.800+00:00,1381.003,316.877,99,22669.3,2685,65,measure
2026-09-12T14:37:48.798+00:00,1382.000,323.508,99,22669.3,2685,66,measure
2026-09-12T14:37:49.800+00:00,1383.002,321.385,99,22693.3,2685,62,measure
2026-09-12T14:37:50.800+00:00,1384.001,350.307,99,22694.8,2685,65,measure
2026-09-12T14:37:51.799+00:00,1385.002,354.101,99,22700.3,2685,65,measure
2026-09-12T14:37:52.799+00:00,1386.002,351.807,99,22700.3,2685,65,measure
2026-09-12T14:37:53.797+00:00,1387.000,345.576,99,22704.1,2685,67,measure
2026-09-12T14:37:54.798+00:00,1388.001,347.248,99,22704.1,2685,67,measure
2026-09-12T14:37:55.798+00:00,1389.000,335.937,99,22704.1,2685,66,measure
2026-09-12T14:37:56.799+00:00,1390.001,360.675,99,22704.1,2685,67,measure
2026-09-12T14:37:57.798+00:00,1391.001,360.597,99,22704.1,2685,68,measure
2026-09-12T14:37:58.798+00:00,1392.001,349.998,99,22696,2685,67,measure
2026-09-12T14:37:59.797+00:00,1393.000,360.794,99,22699.2,2685,68,measure
2026-09-12T14:38:00.801+00:00,1394.003,347.487,99,22679,2685,66,measure
2026-09-12T14:38:01.799+00:00,1395.001,337.663,99,22757.5,2685,66,measure
2026-09-12T14:38:02.799+00:00,1396.000,344.493,99,22803.9,2685,66,measure
2026-09-12T14:38:03.797+00:00,1397.000,315.702,99,22848.1,2685,64,measure
2026-09-12T14:38:04.798+00:00,1398.001,311.519,99,22831.2,2685,62,measure
2026-09-12T14:38:05.797+00:00,1399.001,310.085,99,22831.2,2685,62,measure
2026-09-12T14:38:06.798+00:00,1400.001,322.507,99,22840.6,2685,65,measure
2026-09-12T14:38:07.799+00:00,1401.001,318.471,99,22832.2,2685,65,measure
2026-09-12T14:38:08.799+00:00,1402.001,348.593,99,22837.8,2685,66,measure
2026-09-12T14:38:09.798+00:00,1403.001,364.989,99,22780.8,2685,65,measure
2026-09-12T14:38:10.798+00:00,1404.000,358.119,99,22780.8,2685,65,measure
2026-09-12T14:38:11.797+00:00,1405.000,360.076,99,22780.8,2685,67,measure
2026-09-12T14:38:12.797+00:00,1406.000,357.945,99,22789.6,2685,63,measure
2026-09-12T14:38:13.799+00:00,1407.001,326.311,99,22786.9,2685,65,measure
2026-09-12T14:38:14.799+00:00,1408.001,319.735,99,22786.9,2685,63,measure
2026-09-12T14:38:15.798+00:00,1409.001,320.312,99,22786.9,2685,66,measure
2026-09-12T14:38:16.797+00:00,1410.001,327.984,99,22786.9,2685,65,measure
2026-09-12T14:38:17.798+00:00,1411.000,319.435,99,22786.9,2685,62,measure
2026-09-12T14:38:18.797+00:00,1412.000,310.177,99,22786.9,2685,62,measure
2026-09-12T14:38:17.298+00:00,1413.000,323.373,99,22786.9,2685,66,measure
2026-09-12T14:38:18.298+00:00,1414.000,359.904,99,22777.9,2685,66,measure
2026-09-12T14:38:19.297+00:00,1415.001,371.104,99,22777.9,2685,68,measure
2026-09-12T14:38:20.298+00:00,1416.001,380.047,99,22777.9,2685,69,measure
2026-09-12T14:38:21.299+00:00,1417.002,370.87,99,22795,2685,66,measure
2026-09-12T14:38:22.297+00:00,1418.000,372.025,99,22794.9,2685,66,measure
2026-09-12T14:38:23.302+00:00,1419.001,351.95,99,22834.1,2685,65,measure
2026-09-12T14:38:24.298+00:00,1420.000,350.373,99,22939.4,2685,66,measure
2026-09-12T14:38:25.297+00:00,1421.001,325.82,99,22887.6,2685,62,measure
2026-09-12T14:38:26.297+00:00,1422.001,314.176,99,22894.3,2685,63,measure
2026-09-12T14:38:27.297+00:00,1423.000,323.597,99,22894.3,2685,65,measure
2026-09-12T14:38:28.300+00:00,1424.002,321.304,99,22787.8,2685,66,measure
2026-09-12T14:38:29.298+00:00,1425.000,359.527,99,22775.1,2685,67,measure
2026-09-12T14:38:30.299+00:00,1426.002,355.458,99,22894,2685,67,measure
2026-09-12T14:38:31.297+00:00,1427.000,354.177,99,22889,2685,65,measure
2026-09-12T14:38:32.299+00:00,1428.000,353.62,99,22870.3,2685,66,measure
2026-09-12T14:38:33.297+00:00,1429.000,347.326,99,22925.4,2685,66,measure
2026-09-12T14:38:34.298+00:00,1430.000,354.275,99,22925.4,2685,67,measure
2026-09-12T14:38:35.342+00:00,1431.001,304.261,100,22925.4,2685,68,measure
2026-09-12T14:38:36.298+00:00,1432.001,359.928,99,22900.7,2685,66,measure
2026-09-12T14:38:37.299+00:00,1433.002,315.422,99,22821.6,2685,65,measure
2026-09-12T14:38:38.297+00:00,1434.001,326.064,99,22821.2,2685,65,measure
2026-09-12T14:38:39.342+00:00,1435.001,340.853,99,22821.2,2685,66,measure
2026-09-12T14:38:40.299+00:00,1436.001,331.232,99,22812,2685,66,measure
2026-09-12T14:38:41.298+00:00,1437.000,335.915,99,22885.6,2685,66,measure
2026-09-12T14:38:42.297+00:00,1438.000,350.479,99,22807.9,2685,66,measure
2026-09-12T14:38:43.297+00:00,1439.000,355.674,99,22805.3,2685,66,measure
2026-09-12T14:38:44.297+00:00,1440.000,357.139,99,22797.3,2685,66,measure
2026-09-12T14:38:45.298+00:00,1441.001,363.024,99,22795.3,2685,67,measure
2026-09-12T14:38:46.298+00:00,1442.000,362.46,99,22790.7,2685,68,measure
2026-09-12T14:38:47.298+00:00,1443.000,361.789,99,22775.6,2685,66,measure
2026-09-12T14:38:48.297+00:00,1444.001,357.803,99,22775.6,2685,66,measure
2026-09-12T14:38:46.799+00:00,1445.001,357.353,99,22775.6,2685,66,measure
2026-09-12T14:38:47.801+00:00,1446.002,358.402,99,22774.3,2685,67,measure
2026-09-12T14:38:48.800+00:00,1447.002,358.993,99,22774.3,2685,67,measure
2026-09-12T14:38:49.801+00:00,1448.001,355.032,99,22774.3,2685,66,measure
2026-09-12T14:38:50.800+00:00,1449.000,354.175,99,22774.3,2685,68,measure
2026-09-12T14:38:51.799+00:00,1450.001,334.579,99,22774.3,2685,63,measure
2026-09-12T14:38:52.801+00:00,1451.003,352.407,99,22774.3,2685,67,measure
2026-09-12T14:38:53.799+00:00,1452.001,366.504,99,22774.3,2685,67,measure
2026-09-12T14:38:54.799+00:00,1453.000,371.372,99,22774.3,2685,67,measure
2026-09-12T14:38:55.800+00:00,1454.001,370.523,99,22774.3,2685,66,measure
2026-09-12T14:38:56.800+00:00,1455.001,367.925,99,22774.3,2685,67,measure
2026-09-12T14:38:57.799+00:00,1456.001,383.22,99,22774.3,2685,69,measure
2026-09-12T14:38:58.799+00:00,1457.001,371.005,99,22774.3,2685,68,measure
2026-09-12T14:38:59.821+00:00,1458.000,378.499,99,22774.3,2685,66,measure
2026-09-12T14:39:00.799+00:00,1459.000,358.138,99,22774.3,2685,66,measure
2026-09-12T14:39:01.799+00:00,1460.000,358.932,99,22774.3,2685,67,measure
2026-09-12T14:39:02.802+00:00,1461.001,353.829,99,22774.3,2685,65,measure
2026-09-12T14:39:03.798+00:00,1462.000,350.604,99,22774.3,2685,65,measure
2026-09-12T14:39:04.799+00:00,1463.001,326.323,99,22774.3,2685,64,measure
2026-09-12T14:39:05.804+00:00,1464.000,323.748,99,22814.3,2685,65,measure
2026-09-12T14:39:06.799+00:00,1465.000,328.72,99,22805.8,2685,64,measure
2026-09-12T14:39:07.799+00:00,1466.000,348.681,99,22814.3,2685,65,measure
2026-09-12T14:39:08.801+00:00,1467.000,354.076,99,22822.7,2685,65,measure
2026-09-12T14:39:09.799+00:00,1468.001,350.998,99,22797.4,2685,65,measure
2026-09-12T14:39:10.799+00:00,1469.001,329.872,99,22789.4,2685,65,measure
2026-09-12T14:39:11.799+00:00,1470.001,340.391,99,22789.4,2685,66,measure
2026-09-12T14:39:12.799+00:00,1471.001,326.291,99,22814.3,2685,65,measure
2026-09-12T14:39:13.800+00:00,1472.000,363.292,99,22814.3,2685,68,measure
2026-09-12T14:39:14.801+00:00,1473.000,359.527,99,22774.3,2685,67,measure
2026-09-12T14:39:15.799+00:00,1474.001,371.276,99,22774.3,2685,68,measure
2026-09-12T14:39:16.799+00:00,1475.001,374.032,99,22774.3,2685,68,measure
2026-09-12T14:39:17.798+00:00,1476.001,362.127,99,22774.3,2685,67,measure
2026-09-12T14:39:18.798+00:00,1477.000,356.411,99,22774.3,2685,67,measure
2026-09-12T14:39:17.303+00:00,1478.001,346.563,99,22774.3,2685,66,measure
2026-09-12T14:39:18.298+00:00,1479.001,351.834,99,22774.3,2685,65,measure
2026-09-12T14:39:19.297+00:00,1480.001,362.415,99,22774.3,2685,65,measure
2026-09-12T14:39:20.297+00:00,1481.001,349.886,99,22774.3,2685,66,measure
2026-09-12T14:39:21.304+00:00,1482.005,359.395,99,22774.3,2685,66,measure
2026-09-12T14:39:22.298+00:00,1483.001,358.446,99,22774.3,2685,65,measure
2026-09-12T14:39:23.300+00:00,1484.001,353.144,99,22774.3,2685,66,measure
2026-09-12T14:39:24.299+00:00,1485.000,352.309,99,22774.3,2685,67,measure
2026-09-12T14:39:25.299+00:00,1486.002,351.963,92,22774.3,2685,67,measure
2026-09-12T14:39:26.298+00:00,1487.000,338.085,99,22774.3,2685,65,measure
2026-09-12T14:39:27.299+00:00,1488.002,352.527,93,22774.3,2685,67,measure
2026-09-12T14:39:28.298+00:00,1489.001,343.325,90,22774.3,2685,65,measure
2026-09-12T14:39:29.312+00:00,1490.001,318.601,72,22774.3,2685,62,measure
2026-09-12T14:39:30.299+00:00,1491.002,346.347,92,22774.3,2685,65,measure
2026-09-12T14:39:31.299+00:00,1492.001,331.723,84,22774.3,2685,65,measure
2026-09-12T14:39:32.343+00:00,1493.002,338.442,95,22774.3,2685,67,measure
2026-09-12T14:39:33.297+00:00,1494.000,333.718,99,22774.3,2685,65,measure
2026-09-12T14:39:34.299+00:00,1495.001,351.23,99,22774.3,2685,67,measure
2026-09-12T14:39:35.302+00:00,1496.001,327.908,97,22774.3,2685,68,measure
2026-09-12T14:39:36.299+00:00,1497.000,340.595,90,22774.3,2685,63,measure
2026-09-12T14:39:37.348+00:00,1498.001,321.919,93,22774.3,2685,65,measure
2026-09-12T14:39:38.299+00:00,1499.001,329.796,98,22774.3,2685,65,measure
2026-09-12T14:39:39.298+00:00,1500.000,341.812,98,22774.3,2685,65,measure
2026-09-12T14:39:40.298+00:00,1501.000,344.184,97,22774.3,2685,67,measure
2026-09-12T14:39:41.300+00:00,1502.000,362.065,99,22774.3,2685,67,measure
2026-09-12T14:39:42.301+00:00,1503.003,355.372,99,22774.3,2685,66,measure
2026-09-12T14:39:43.299+00:00,1504.001,359.635,99,22774.3,2685,67,measure
2026-09-12T14:39:44.301+00:00,1505.001,362.94,99,22774.3,2685,66,measure
2026-09-12T14:39:45.299+00:00,1506.001,324.903,99,22774.3,2685,63,measure
2026-09-12T14:39:46.300+00:00,1507.001,269.973,99,22774.3,2685,61,measure
2026-09-12T14:39:47.301+00:00,1508.003,176.714,1,22774.3,2700,55,measure
2026-09-12T14:39:48.301+00:00,1509.001,75.786,1,22774.3,2700,54,measure
2026-09-12T14:39:46.902+00:00,1510.059,58.119,3,22774.3,495,53,measure
2026-09-12T14:39:47.872+00:00,1511.039,39.813,3,22774.3,375,51,measure
2026-09-12T14:39:48.888+00:00,1512.056,38.885,3,22774.3,300,51,measure
2026-09-12T14:39:49.912+00:00,1513.079,37.88,3,22774.3,255,50,measure
2026-09-12T14:39:50.867+00:00,1514.035,29.7,3,22774.3,225,50,measure
2026-09-12T14:39:51.887+00:00,1515.055,27.464,3,22774.3,210,50,measure
2026-09-12T14:39:52.863+00:00,1516.031,22.035,3,22774.3,210,49,measure
2026-09-12T14:39:53.869+00:00,1517.034,21.851,3,22774.3,210,49,measure
2026-09-12T14:39:54.913+00:00,1518.080,21.897,4,22774.3,210,49,measure
2026-09-12T14:39:55.889+00:00,1519.056,21.668,3,22774.3,210,49,measure
2026-09-12T14:39:56.912+00:00,1520.079,21.534,4,22774.3,210,48,measure
2026-09-12T14:39:57.854+00:00,1521.019,21.428,3,22774.3,210,48,measure
2026-09-12T14:39:58.898+00:00,1522.065,21.398,3,22774.3,210,48,measure
2026-09-12T14:39:59.893+00:00,1523.056,21.335,4,22774.3,210,48,measure
2026-09-12T14:40:00.911+00:00,1524.078,21.261,3,22774.3,210,47,measure
2026-09-12T14:40:01.911+00:00,1525.077,21.193,3,22774.3,210,47,measure
2026-09-12T14:40:02.911+00:00,1526.077,21.223,3,22774.3,210,47,measure
2026-09-12T14:40:03.891+00:00,1527.056,21.159,3,22774.3,210,47,measure
2026-09-12T14:40:04.914+00:00,1528.078,21.216,4,22774.3,210,47,measure
2026-09-12T14:40:05.914+00:00,1529.076,21.001,3,22774.3,210,47,measure
2026-09-12T14:40:06.910+00:00,1530.076,20.86,3,22774.3,210,46,measure
2026-09-12T14:40:07.889+00:00,1531.056,20.828,3,22774.3,210,46,measure
2026-09-12T14:40:08.912+00:00,1532.079,20.85,3,22774.3,210,46,measure
2026-09-12T14:40:09.910+00:00,1533.077,20.856,3,22774.3,210,46,measure
2026-09-12T14:40:10.917+00:00,1534.077,20.737,3,22774.3,210,46,measure
2026-09-12T14:40:11.892+00:00,1535.056,20.75,3,22774.3,210,46,measure
2026-09-12T14:40:12.912+00:00,1536.078,20.645,3,22774.3,210,46,measure
2026-09-12T14:40:13.887+00:00,1537.052,20.547,3,22774.3,210,45,measure
2026-09-12T14:40:14.912+00:00,1538.079,20.584,3,22774.3,210,45,measure
2026-09-12T14:40:15.889+00:00,1539.056,20.692,3,22774.3,210,45,measure
2026-09-12T14:40:16.914+00:00,1540.079,20.803,4,22774.3,210,45,measure
2026-09-12T14:40:17.912+00:00,1541.076,20.831,3,22774.3,210,45,measure
2026-09-12T14:40:16.373+00:00,1542.035,20.786,4,22774.3,210,45,measure
2026-09-12T14:40:17.393+00:00,1543.055,20.877,3,22774.3,210,45,measure
2026-09-12T14:40:18.369+00:00,1544.031,20.802,3,22774.3,210,45,measure
2026-09-12T14:40:19.357+00:00,1545.017,20.604,3,22774.3,210,45,measure
2026-09-12T14:40:20.420+00:00,1546.082,20.767,3,22774.3,210,44,measure
2026-09-12T14:40:21.394+00:00,1547.056,20.758,3,22774.3,210,44,measure
2026-09-12T14:40:22.415+00:00,1548.078,20.729,3,22774.3,210,44,measure
2026-09-12T14:40:23.413+00:00,1549.077,20.628,3,22774.3,210,44,measure
2026-09-12T14:40:24.413+00:00,1550.077,20.721,3,22774.3,210,44,measure
2026-09-12T14:40:25.392+00:00,1551.056,20.551,3,22774.3,210,44,measure
2026-09-12T14:40:26.379+00:00,1552.042,20.498,4,22774.3,210,44,measure
2026-09-12T14:40:27.416+00:00,1553.080,20.54,4,22774.3,210,44,measure
2026-09-12T14:40:28.413+00:00,1554.076,20.711,4,22774.3,210,44,measure
2026-09-12T14:40:29.392+00:00,1555.055,20.728,3,22774.3,210,44,measure
2026-09-12T14:40:30.415+00:00,1556.079,20.71,4,22774.3,210,43,measure
2026-09-12T14:40:31.413+00:00,1557.076,20.772,3,22774.3,210,43,measure
2026-09-12T14:40:32.415+00:00,1558.077,20.655,4,22774.3,210,43,measure
2026-09-12T14:40:33.394+00:00,1559.056,20.41,4,22774.3,210,43,measure
2026-09-12T14:40:34.415+00:00,1560.078,20.445,3,22774.3,210,43,measure
2026-09-12T14:40:35.413+00:00,1561.077,20.367,4,22774.3,210,43,measure
2026-09-12T14:40:36.361+00:00,1562.023,20.47,3,22774.3,210,43,measure
2026-09-12T14:40:37.392+00:00,1563.055,20.508,4,22774.3,210,43,measure
2026-09-12T14:40:38.417+00:00,1564.079,20.677,3,22774.3,210,43,measure
2026-09-12T14:40:39.417+00:00,1565.076,20.535,3,22774.3,210,43,measure
2026-09-12T14:40:40.413+00:00,1566.076,20.473,4,22774.3,210,43,measure
2026-09-12T14:40:41.392+00:00,1567.056,20.356,3,22774.3,210,42,measure
2026-09-12T14:40:42.415+00:00,1568.079,20.691,3,22774.3,210,42,measure
2026-09-12T14:40:43.413+00:00,1569.077,20.771,3,22774.3,210,42,measure
2026-09-12T14:40:44.415+00:00,1570.077,20.751,3,22774.3,210,42,measure
2026-09-12T14:40:45.394+00:00,1571.056,20.563,4,22774.3,210,42,measure
2026-09-12T14:40:46.340+00:00,1572.003,20.405,4,22774.3,210,42,measure
2026-09-12T14:40:47.420+00:00,1573.083,20.355,4,22774.3,210,42,measure
2026-09-12T14:40:48.366+00:00,1574.030,20.379,4,22774.3,210,42,measure
2026-09-12T14:40:46.891+00:00,1575.055,20.127,4,22774.3,210,42,measure
2026-09-12T14:40:47.858+00:00,1576.022,20.086,4,22774.3,210,42,measure
2026-09-12T14:40:48.917+00:00,1577.081,19.833,3,22774.3,210,42,measure
2026-09-12T14:40:49.898+00:00,1578.061,19.931,4,22774.3,210,42,measure
2026-09-12T14:40:50.891+00:00,1579.055,20.057,4,22774.3,210,41,measure
2026-09-12T14:40:51.915+00:00,1580.079,20.314,3,22774.3,210,41,measure
2026-09-12T14:40:52.905+00:00,1581.069,20.021,3,22774.3,210,41,measure
2026-09-12T14:40:53.915+00:00,1582.077,19.991,3,22774.3,210,41,measure
2026-09-12T14:40:54.894+00:00,1583.056,19.926,4,22774.3,210,41,measure
2026-09-12T14:40:55.914+00:00,1584.078,19.406,4,22774.3,210,41,measure
2026-09-12T14:40:56.912+00:00,1585.076,19.34,3,22774.3,210,41,measure
2026-09-12T14:40:57.871+00:00,1586.035,19.224,3,22774.3,210,41,measure
2026-09-12T14:40:58.893+00:00,1587.056,19.267,4,22774.3,210,41,measure
2026-09-12T14:40:59.916+00:00,1588.078,19.306,3,22774.3,210,41,measure
2026-09-12T14:41:00.914+00:00,1589.077,19.421,4,22774.3,210,41,measure
2026-09-12T14:41:01.913+00:00,1590.077,19.402,3,22774.3,210,41,measure
2026-09-12T14:41:02.891+00:00,1591.056,19.282,3,22774.3,210,41,measure
2026-09-12T14:41:03.914+00:00,1592.079,19.599,3,22774.3,210,41,measure
2026-09-12T14:41:04.882+00:00,1593.046,19.383,4,22774.3,210,41,measure
2026-09-12T14:41:05.917+00:00,1594.079,19.092,4,22774.3,210,41,measure
2026-09-12T14:41:06.892+00:00,1595.056,18.843,4,22774.3,210,41,measure
2026-09-12T14:41:07.914+00:00,1596.079,18.986,3,22774.3,210,41,measure
2026-09-12T14:41:08.912+00:00,1597.077,19.033,4,22774.3,210,41,measure
2026-09-12T14:41:09.913+00:00,1598.077,19.128,3,22774.3,210,41,measure
2026-09-12T14:41:10.892+00:00,1599.056,19.29,4,22774.3,210,41,measure
2026-09-12T14:41:11.916+00:00,1600.078,18.966,4,22774.3,210,41,measure
2026-09-12T14:41:12.914+00:00,1601.077,18.836,3,22774.3,210,41,measure
2026-09-12T14:41:13.913+00:00,1602.077,18.918,3,22774.3,210,41,measure
2026-09-12T14:41:14.863+00:00,1603.026,19.148,3,22774.3,210,41,measure
2026-09-12T14:41:15.904+00:00,1604.063,19.117,4,22774.3,210,41,measure
2026-09-12T14:41:16.914+00:00,1605.078,19.154,4,22774.3,210,41,measure
2026-09-12T14:41:17.914+00:00,1606.077,19.198,3,22774.3,210,41,measure
2026-09-12T14:41:16.371+00:00,1607.036,18.838,3,22774.3,210,41,measure
2026-09-12T14:41:17.416+00:00,1608.080,18.828,4,22774.3,210,41,measure
2026-09-12T14:41:18.365+00:00,1609.029,18.656,4,22774.3,210,41,measure
2026-09-12T14:41:19.417+00:00,1610.081,18.734,4,22774.3,210,41,measure
2026-09-12T14:41:20.392+00:00,1611.056,18.63,3,22774.3,210,42,measure
2026-09-12T14:41:21.418+00:00,1612.079,19.03,4,22774.3,210,42,measure
2026-09-12T14:41:22.343+00:00,1613.006,18.853,4,22774.3,210,42,measure
2026-09-12T14:41:23.419+00:00,1614.083,19.022,4,22774.3,210,42,measure
2026-09-12T14:41:24.391+00:00,1615.056,19.255,3,22774.3,210,42,measure
2026-09-12T14:41:25.414+00:00,1616.079,19.295,3,22774.3,210,42,measure
2026-09-12T14:41:26.412+00:00,1617.076,19.311,4,22774.3,210,42,measure
2026-09-12T14:41:27.417+00:00,1618.077,19.496,4,22774.3,210,42,measure
2026-09-12T14:41:28.392+00:00,1619.056,19.47,4,22774.3,210,42,measure
2026-09-12T14:41:29.414+00:00,1620.079,19.337,3,22774.3,210,42,measure
2026-09-12T14:41:30.412+00:00,1621.077,19.387,4,22774.3,210,42,measure
2026-09-12T14:41:31.412+00:00,1622.077,19.102,3,22774.3,210,42,measure
2026-09-12T14:41:32.393+00:00,1623.056,19.287,3,22774.3,210,42,measure
2026-09-12T14:41:33.401+00:00,1624.066,19.159,4,22774.3,210,42,measure
2026-09-12T14:41:34.414+00:00,1625.078,19.352,4,22774.3,210,42,measure
2026-09-12T14:41:35.412+00:00,1626.077,19.578,4,22774.3,210,42,measure
2026-09-12T14:41:36.391+00:00,1627.055,19.453,4,22774.3,210,42,measure
2026-09-12T14:41:37.415+00:00,1628.079,19.861,6,22814.3,330,42,measure
2026-09-12T14:41:38.413+00:00,1629.076,19.505,4,22811,285,42,measure
2026-09-12T14:41:39.415+00:00,1630.077,19.203,5,22811,300,42,measure
2026-09-12T14:41:40.392+00:00,1631.056,18.917,3,22811,270,42,measure
2026-09-12T14:41:41.415+00:00,1632.079,18.768,1,22808.8,225,42,measure
2026-09-12T14:41:42.412+00:00,1633.076,18.832,1,22803.6,210,42,measure
2026-09-12T14:41:43.355+00:00,1634.016,18.773,1,22736.9,210,42,measure
2026-09-12T14:41:44.399+00:00,1635.056,18.921,1,22719,210,42,measure
2026-09-12T14:41:45.337+00:00,1636.001,18.989,1,22719,210,42,measure
2026-09-12T14:41:46.420+00:00,1637.083,18.535,1,22719,210,42,measure
2026-09-12T14:41:47.412+00:00,1638.076,18.611,1,22719,210,42,measure
2026-09-12T14:41:48.390+00:00,1639.055,18.512,1,22719,210,42,measure
2026-09-12T14:41:46.896+00:00,1640.060,18.456,1,22719,210,42,measure
2026-09-12T14:41:47.915+00:00,1641.078,18.301,1,22719,210,42,measure
2026-09-12T14:41:48.913+00:00,1642.076,18.412,1,22723.3,210,42,measure
2026-09-12T14:41:49.891+00:00,1643.050,18.448,1,22723.3,210,42,measure
2026-09-12T14:41:50.859+00:00,1644.022,18.627,1,22723.1,210,42,measure
2026-09-12T14:41:51.905+00:00,1645.069,18.602,1,22720.8,210,42,measure
2026-09-12T14:41:52.913+00:00,1646.077,18.452,1,22720.8,210,42,measure
2026-09-12T14:41:53.892+00:00,1647.055,18.717,1,22720.6,210,42,measure
2026-09-12T14:41:54.915+00:00,1648.078,18.444,1,22720.6,210,42,measure
2026-09-12T14:41:55.912+00:00,1649.077,18.387,1,22720.6,210,42,measure
2026-09-12T14:41:56.912+00:00,1650.077,18.712,1,22720.6,210,42,measure
2026-09-12T14:41:57.891+00:00,1651.056,18.821,1,22720.6,210,42,measure
2026-09-12T14:41:58.914+00:00,1652.079,18.889,1,22720.6,210,42,measure
2026-09-12T14:41:59.912+00:00,1653.076,18.807,1,22720.6,210,42,measure
2026-09-12T14:42:00.850+00:00,1654.009,18.811,1,22720.6,210,42,measure
2026-09-12T14:42:01.890+00:00,1655.055,19.145,1,22720.6,210,42,measure
2026-09-12T14:42:02.914+00:00,1656.079,18.657,1,22720.6,210,42,measure
2026-09-12T14:42:03.912+00:00,1657.077,18.636,1,22720.6,210,42,measure
2026-09-12T14:42:04.912+00:00,1658.077,18.693,1,22720.6,210,42,measure
2026-09-12T14:42:05.894+00:00,1659.056,18.629,1,22720.6,210,42,measure
2026-09-12T14:42:06.915+00:00,1660.078,18.886,1,22720.6,210,42,measure
2026-09-12T14:42:07.911+00:00,1661.077,18.807,1,22720.6,210,42,measure
2026-09-12T14:42:08.912+00:00,1662.077,18.831,1,22720.6,210,42,measure
2026-09-12T14:42:09.890+00:00,1663.056,18.937,1,22720.6,210,42,measure
2026-09-12T14:42:10.915+00:00,1664.079,18.733,1,22720.6,210,42,measure
2026-09-12T14:42:11.908+00:00,1665.073,18.465,1,22718.9,210,42,measure
2026-09-12T14:42:12.858+00:00,1666.023,18.763,1,22725.5,210,42,measure
2026-09-12T14:42:13.890+00:00,1667.055,18.825,1,22725.5,210,42,measure
2026-09-12T14:42:14.913+00:00,1668.079,18.834,1,22725.5,210,42,measure
2026-09-12T14:42:15.912+00:00,1669.077,19.005,2,22724.8,210,42,measure
2026-09-12T14:42:16.912+00:00,1670.077,19.224,1,22724.8,210,42,measure
2026-09-12T14:42:17.893+00:00,1671.056,19.048,1,22724.7,210,42,measure
2026-09-12T14:42:16.373+00:00,1672.035,18.977,1,22723,210,42,measure
2026-09-12T14:42:17.417+00:00,1673.080,18.678,1,22723,210,42,measure
2026-09-12T14:42:18.367+00:00,1674.030,18.399,1,22724,210,42,measure
2026-09-12T14:42:19.367+00:00,1675.031,18.586,1,22722.2,210,42,measure
2026-09-12T14:42:20.420+00:00,1676.081,18.442,1,22723.1,210,42,measure
2026-09-12T14:42:21.415+00:00,1677.076,18.308,1,22723.1,210,42,measure
2026-09-12T14:42:22.415+00:00,1678.077,18.272,1,22723.1,210,42,measure
2026-09-12T14:42:23.393+00:00,1679.056,18.232,1,22723.1,210,42,measure
2026-09-12T14:42:24.415+00:00,1680.079,18.268,1,22722.2,210,42,measure
2026-09-12T14:42:25.414+00:00,1681.077,18.373,1,22722.7,210,42,measure
2026-09-12T14:42:26.414+00:00,1682.077,18.567,1,22722.7,210,42,measure
2026-09-12T14:42:27.395+00:00,1683.056,18.911,1,22722.7,210,42,measure
2026-09-12T14:42:28.415+00:00,1684.078,18.587,2,22722.7,210,42,measure
2026-09-12T14:42:29.414+00:00,1685.077,18.012,1,22722.7,210,42,measure
2026-09-12T14:42:30.414+00:00,1686.077,18.076,1,22722.7,210,42,measure
2026-09-12T14:42:31.393+00:00,1687.056,18.424,1,22720.6,210,42,measure
2026-09-12T14:42:32.417+00:00,1688.078,18.39,1,22720.6,210,42,measure
2026-09-12T14:42:33.416+00:00,1689.077,18.34,1,22720.7,210,42,measure
2026-09-12T14:42:34.415+00:00,1690.077,18.311,1,22720.7,210,42,measure
2026-09-12T14:42:35.392+00:00,1691.056,18.368,1,22720.7,210,42,measure
2026-09-12T14:42:36.415+00:00,1692.079,18.695,1,22720.7,210,42,measure
2026-09-12T14:42:37.414+00:00,1693.076,18.446,1,22720.7,210,42,measure
2026-09-12T14:42:38.414+00:00,1694.077,18.258,1,22718.7,210,42,measure
2026-09-12T14:42:39.395+00:00,1695.056,18.544,1,22718.7,210,42,measure
2026-09-12T14:42:40.394+00:00,1696.055,18.622,2,22719.3,210,42,measure
2026-09-12T14:42:41.415+00:00,1697.078,18.335,1,22719.3,210,42,measure
2026-09-12T14:42:42.414+00:00,1698.077,35.929,0,22719.3,2520,44,measure
2026-09-12T14:42:43.392+00:00,1699.055,55.219,0,22719.4,2520,44,measure
2026-09-12T14:42:44.416+00:00,1700.079,55.238,0,22719.4,2520,44,measure
2026-09-12T14:42:45.415+00:00,1701.077,55.352,0,22725.6,2520,44,measure
2026-09-12T14:42:46.414+00:00,1702.077,35.404,0,22725.7,420,43,measure
2026-09-12T14:42:47.398+00:00,1703.056,21.554,1,22725.6,315,43,measure
2026-09-12T14:42:45.933+00:00,1704.078,18.637,1,22725,255,43,measure
2026-09-12T14:42:46.931+00:00,1705.077,18.7,1,22725,210,43,measure
2026-09-12T14:42:47.891+00:00,1706.035,18.784,2,22723.4,210,43,measure
2026-09-12T14:42:48.912+00:00,1707.055,18.952,2,22722.8,2520,43,measure
2026-09-12T14:42:49.934+00:00,1708.078,48.95,0,22722.8,2520,44,measure
2026-09-12T14:42:50.931+00:00,1709.077,55.441,0,22722.8,2520,44,measure
2026-09-12T14:42:51.932+00:00,1710.077,55.36,0,22722.8,2520,44,measure
2026-09-12T14:42:52.911+00:00,1711.056,55.275,0,22722.4,2520,44,measure
2026-09-12T14:42:53.936+00:00,1712.079,29.463,0,22722.4,390,43,measure
2026-09-12T14:42:54.934+00:00,1713.077,20.822,1,22722.4,285,43,measure
2026-09-12T14:42:55.933+00:00,1714.077,18.641,1,22722.4,240,43,measure
2026-09-12T14:42:56.911+00:00,1715.056,18.47,1,22725.6,210,43,measure
2026-09-12T14:42:57.889+00:00,1716.035,18.705,1,22723.9,210,43,measure
2026-09-12T14:42:58.936+00:00,1717.080,18.898,1,22723.9,210,43,measure
2026-09-12T14:42:59.931+00:00,1718.076,18.47,1,22723.9,210,43,measure
2026-09-12T14:43:00.915+00:00,1719.055,18.285,2,22723.9,210,43,measure
2026-09-12T14:43:01.934+00:00,1720.078,18.59,2,22723.6,2520,43,measure
2026-09-12T14:43:02.932+00:00,1721.076,48.385,0,22723.6,2520,44,measure
2026-09-12T14:43:03.932+00:00,1722.077,55.742,0,22723.6,2520,44,measure
2026-09-12T14:43:04.910+00:00,1723.056,55.706,0,22724.1,2520,44,measure
2026-09-12T14:43:05.857+00:00,1724.002,55.702,0,22724.1,2520,44,measure
2026-09-12T14:43:06.938+00:00,1725.083,30.1,0,22724.1,390,43,measure
2026-09-12T14:43:07.856+00:00,1726.001,21.508,1,22729.8,300,43,measure
2026-09-12T14:43:08.855+00:00,1727.000,18.405,1,22729.6,240,43,measure
2026-09-12T14:43:09.860+00:00,1728.000,18.642,1,22729.6,210,43,measure
2026-09-12T14:43:10.857+00:00,1729.001,18.506,2,22729.6,210,43,measure
2026-09-12T14:43:11.855+00:00,1730.000,18.729,1,22729.9,210,43,measure
2026-09-12T14:43:12.855+00:00,1731.000,18.735,2,22722.1,210,43,measure
2026-09-12T14:43:13.856+00:00,1732.001,18.872,1,22720.1,210,43,measure
2026-09-12T14:43:14.855+00:00,1733.000,19.001,1,22720.1,210,43,measure
2026-09-12T14:43:15.857+00:00,1734.000,19.145,1,22720.1,210,43,measure
2026-09-12T14:43:16.878+00:00,1735.000,19.099,1,22720.1,210,43,measure
2026-09-12T14:43:17.855+00:00,1736.000,18.819,1,22717,210,43,measure
2026-09-12T14:43:16.365+00:00,1737.007,18.884,1,22717,210,43,measure
2026-09-12T14:43:17.360+00:00,1738.002,18.805,1,22717,210,43,measure
2026-09-12T14:43:18.361+00:00,1739.001,19.142,1,22717,210,43,measure
2026-09-12T14:43:19.362+00:00,1740.002,19.186,1,22717,210,43,measure
2026-09-12T14:43:20.443+00:00,1741.083,18.925,1,22717,210,43,measure
2026-09-12T14:43:21.402+00:00,1742.044,19.027,1,22717,210,43,measure
2026-09-12T14:43:22.415+00:00,1743.056,18.667,1,22717,210,43,measure
2026-09-12T14:43:24.085+00:00,1744.023,18.64,1,22717,210,43,measure
2026-09-12T14:43:24.364+00:00,1745.005,18.654,1,22717,210,43,measure
2026-09-12T14:43:25.368+00:00,1746.010,18.79,1,22717,210,43,measure
2026-09-12T14:43:26.388+00:00,1747.030,18.832,1,22717,210,43,measure
2026-09-12T14:43:27.420+00:00,1748.060,18.76,1,22717,210,43,measure
2026-09-12T14:43:28.371+00:00,1749.010,18.958,2,22717,210,43,measure
2026-09-12T14:43:29.373+00:00,1750.013,18.879,1,22717,210,43,measure
2026-09-12T14:43:30.362+00:00,1751.000,19.114,1,22717,210,43,measure
2026-09-12T14:43:31.363+00:00,1752.000,19.258,1,22717,210,43,measure
2026-09-12T14:43:32.362+00:00,1753.000,18.951,1,22717,210,43,measure
2026-09-12T14:43:33.360+00:00,1754.001,18.883,1,22717.1,210,43,measure
2026-09-12T14:43:34.361+00:00,1755.000,18.905,1,22717.1,210,43,measure
2026-09-12T14:43:35.361+00:00,1756.001,18.818,1,22717.1,210,43,measure
2026-09-12T14:43:36.360+00:00,1757.001,19.02,1,22717.1,210,43,measure
2026-09-12T14:43:37.363+00:00,1758.005,19.015,1,22717.1,210,43,measure
2026-09-12T14:43:38.359+00:00,1759.000,18.99,1,22717.1,210,43,measure
2026-09-12T14:43:39.360+00:00,1760.000,18.926,1,22717.1,210,43,measure
2026-09-12T14:43:40.360+00:00,1761.001,18.93,1,22717.1,210,43,measure
2026-09-12T14:43:41.364+00:00,1762.005,18.94,1,22717.1,210,43,measure
2026-09-12T14:43:42.364+00:00,1763.000,18.561,1,22717.1,210,43,measure
2026-09-12T14:43:43.362+00:00,1764.001,18.844,1,22717.1,210,43,measure
2026-09-12T14:43:44.360+00:00,1765.002,18.927,1,22717.1,210,43,measure
2026-09-12T14:43:45.359+00:00,1766.001,18.671,1,22717.1,210,43,measure
2026-09-12T14:43:46.360+00:00,1767.001,18.972,1,22717.1,210,43,measure
2026-09-12T14:43:47.365+00:00,1768.004,18.746,1,22717.1,210,43,measure
2026-09-12T14:43:45.862+00:00,1769.001,19.046,1,22717.1,210,43,measure
2026-09-12T14:43:46.862+00:00,1770.001,18.787,1,22717.1,210,43,measure
2026-09-12T14:43:47.861+00:00,1771.001,18.832,1,22717.1,210,43,measure
2026-09-12T14:43:48.857+00:00,1772.001,18.893,1,22717.1,210,43,measure
2026-09-12T14:43:49.857+00:00,1773.000,19.137,1,22729.4,210,43,measure
2026-09-12T14:43:50.858+00:00,1774.000,19.31,2,22729.4,210,43,measure
2026-09-12T14:43:51.870+00:00,1775.011,19.514,3,22729.7,210,43,measure
2026-09-12T14:43:52.860+00:00,1776.001,19.283,6,22731.1,225,43,measure
2026-09-12T14:43:53.872+00:00,1777.014,19.12,5,22731.1,225,43,measure
2026-09-12T14:43:54.860+00:00,1778.002,19.019,4,22771.8,210,43,measure
2026-09-12T14:43:55.858+00:00,1779.000,18.744,1,22765.1,210,43,measure
