timestamp_iso,t_s,power_w,util_gpu_pct,mem_used_mib,clocks_sm_mhz,temp_c,phase
2026-09-11T04:15:11.242+00:00,0.000,294.027,99,22611.7,2700,58,measure
2026-09-11T04:15:12.228+00:00,1.001,96.252,3,22611.7,2700,51,measure
2026-09-11T04:15:13.226+00:00,2.001,74.293,3,22620.1,750,51,measure
2026-09-11T04:15:11.720+00:00,3.000,47.068,6,22611.7,555,49,measure
2026-09-11T04:15:12.797+00:00,4.078,34.106,6,22611.7,420,48,measure
2026-09-11T04:15:13.754+00:00,5.033,28.672,9,22628.6,345,48,measure
2026-09-11T04:15:14.719+00:00,6.001,24.678,10,22628.6,315,48,measure
2026-09-11T04:15:15.729+00:00,7.001,124.696,99,22628.6,2685,48,measure
2026-09-11T04:15:16.722+00:00,8.000,290.063,99,22580.5,2685,56,measure
2026-09-11T04:15:17.719+00:00,9.000,288.749,99,22564.7,2685,56,measure
2026-09-11T04:15:18.719+00:00,10.001,302.756,99,22563.7,2685,57,measure
2026-09-11T04:15:19.722+00:00,11.001,299.673,99,22563.7,2685,57,measure
2026-09-11T04:15:20.719+00:00,12.001,309.793,99,22553.1,2685,59,measure
2026-09-11T04:15:21.719+00:00,13.001,295.635,99,22568.7,2685,58,measure
2026-09-11T04:15:22.720+00:00,14.000,292.658,99,22560.6,2685,57,measure
2026-09-11T04:15:23.719+00:00,15.001,297.846,99,22577.7,2685,58,measure
2026-09-11T04:15:24.719+00:00,16.000,304.725,99,22569.7,2685,58,measure
2026-09-11T04:15:25.723+00:00,17.005,295.619,99,22550.4,2685,58,measure
2026-09-11T04:15:26.720+00:00,18.002,289.214,99,22560.3,2685,57,measure
2026-09-11T04:15:27.722+00:00,19.002,278.328,99,22582.9,2685,57,measure
2026-09-11T04:15:28.725+00:00,20.002,294.618,99,22661.4,2685,58,measure
2026-09-11T04:15:29.719+00:00,21.000,299.309,99,22661.4,2685,58,measure
2026-09-11T04:15:30.719+00:00,22.001,300.747,99,22630.7,2685,58,measure
2026-09-11T04:15:31.719+00:00,23.000,300.033,99,22316.3,2685,58,measure
2026-09-11T04:15:32.719+00:00,24.000,292.511,99,22462.3,2685,59,measure
2026-09-11T04:15:33.720+00:00,25.001,288.224,99,22472.2,2685,58,measure
2026-09-11T04:15:34.720+00:00,26.000,307.95,99,22536,2685,59,measure
2026-09-11T04:15:35.723+00:00,27.004,293.695,99,22523.1,2685,60,measure
2026-09-11T04:15:36.721+00:00,28.003,315.191,99,22523.1,2685,60,measure
2026-09-11T04:15:37.719+00:00,29.000,308.725,99,22460.3,2685,59,measure
2026-09-11T04:15:38.720+00:00,30.001,298.304,99,22458.2,2685,59,measure
2026-09-11T04:15:39.721+00:00,31.001,323.396,99,22458.2,2685,60,measure
2026-09-11T04:15:40.720+00:00,32.000,327.068,99,22458.2,2685,60,measure
2026-09-11T04:15:41.719+00:00,33.001,336.831,99,22458.2,2685,61,measure
2026-09-11T04:15:42.719+00:00,34.001,345.387,99,22458.2,2685,60,measure
2026-09-11T04:15:43.719+00:00,35.001,350.173,99,22458.2,2685,63,measure
2026-09-11T04:15:42.204+00:00,36.000,335.317,99,22458.2,2685,61,measure
2026-09-11T04:15:43.205+00:00,37.000,337.23,99,22443.3,2685,63,measure
2026-09-11T04:15:44.206+00:00,38.000,327.314,99,22491.6,2685,60,measure
2026-09-11T04:15:45.204+00:00,39.000,331.74,99,22499.6,2685,63,measure
2026-09-11T04:15:46.205+00:00,40.001,327.827,99,22489,2685,61,measure
2026-09-11T04:15:47.207+00:00,41.000,306.457,99,22506.3,2685,59,measure
2026-09-11T04:15:48.205+00:00,42.000,292.929,99,22507.1,2685,59,measure
2026-09-11T04:15:49.206+00:00,43.001,288.748,99,22507.8,2685,59,measure
2026-09-11T04:15:50.208+00:00,44.001,312.173,99,22509,2685,60,measure
2026-09-11T04:15:51.205+00:00,45.001,304.64,99,22509,2685,60,measure
2026-09-11T04:15:52.205+00:00,46.000,305.313,99,22509,2685,59,measure
2026-09-11T04:15:53.204+00:00,47.000,309.983,99,22509,2685,60,measure
2026-09-11T04:15:54.205+00:00,48.000,304.562,99,22509,2685,60,measure
2026-09-11T04:15:55.206+00:00,49.000,317.521,99,22423.6,2685,61,measure
2026-09-11T04:15:56.208+00:00,50.001,304.7,99,22525.7,2685,59,measure
2026-09-11T04:15:57.204+00:00,51.000,318.647,99,22525.8,2685,61,measure
2026-09-11T04:15:58.243+00:00,52.039,323.88,99,22452.7,2685,61,measure
2026-09-11T04:15:59.207+00:00,53.003,336.843,99,22452.7,2685,62,measure
2026-09-11T04:16:00.211+00:00,54.005,357.571,99,22452.7,2685,65,measure
2026-09-11T04:16:01.211+00:00,55.005,336.119,99,22455.4,2685,63,measure
2026-09-11T04:16:02.241+00:00,56.037,346.552,99,22455.4,2685,62,measure
2026-09-11T04:16:03.205+00:00,57.001,326.895,99,22455.4,2685,61,measure
2026-09-11T04:16:04.210+00:00,58.004,318.988,99,22451.5,2685,61,measure
2026-09-11T04:16:05.211+00:00,59.006,313.998,99,22450.4,2685,60,measure
2026-09-11T04:16:06.205+00:00,60.001,310.858,99,22358.3,2685,60,measure
2026-09-11T04:16:07.211+00:00,61.004,327.899,99,22360.3,2685,62,measure
2026-09-11T04:16:08.210+00:00,62.006,317.047,99,22363.4,2685,63,measure
2026-09-11T04:16:09.205+00:00,63.000,318.431,99,22368.7,2685,61,measure
2026-09-11T04:16:10.205+00:00,64.001,309.069,99,22387.7,2685,60,measure
2026-09-11T04:16:11.204+00:00,65.000,310.846,99,22387.7,2685,60,measure
2026-09-11T04:16:12.210+00:00,66.004,331.939,99,22387.7,2685,61,measure
2026-09-11T04:16:13.207+00:00,67.001,319.304,99,22387.7,2685,61,measure
2026-09-11T04:16:11.707+00:00,68.001,325.476,99,22376,2685,61,measure
2026-09-11T04:16:12.705+00:00,69.000,312.69,99,22376,2685,60,measure
2026-09-11T04:16:13.705+00:00,70.001,323.152,99,22376,2685,61,measure
2026-09-11T04:16:14.708+00:00,71.004,323.286,99,22382,2685,61,measure
2026-09-11T04:16:15.747+00:00,72.001,342.605,99,22382,2685,67,measure
2026-09-11T04:16:16.707+00:00,73.001,333.192,99,22382.1,2685,61,measure
2026-09-11T04:16:17.707+00:00,74.001,321.481,99,22382.1,2685,63,measure
2026-09-11T04:16:18.705+00:00,75.000,315.997,99,22382,2685,60,measure
2026-09-11T04:16:19.705+00:00,76.000,304.637,99,22373.8,2685,62,measure
2026-09-11T04:16:20.706+00:00,77.001,305.821,99,22373.8,2685,60,measure
2026-09-11T04:16:21.706+00:00,78.001,307.073,99,22373.8,2685,61,measure
2026-09-11T04:16:22.707+00:00,79.001,302.491,99,22379.2,2685,60,measure
2026-09-11T04:16:23.707+00:00,80.001,317.135,99,22379.2,2685,63,measure
2026-09-11T04:16:24.705+00:00,81.000,327.021,99,22362.4,2685,61,measure
2026-09-11T04:16:25.705+00:00,82.000,330.5,99,22398.1,2685,61,measure
2026-09-11T04:16:26.705+00:00,83.000,318.819,99,22371.6,2685,62,measure
2026-09-11T04:16:27.705+00:00,84.000,306.276,99,22416.1,2685,61,measure
2026-09-11T04:16:28.707+00:00,85.001,300.47,99,22416.1,2685,61,measure
2026-09-11T04:16:29.707+00:00,86.000,306.217,99,22398,2685,63,measure
2026-09-11T04:16:30.705+00:00,87.000,309.117,99,22412,2685,61,measure
2026-09-11T04:16:31.706+00:00,88.001,312.991,99,22412,2685,63,measure
2026-09-11T04:16:32.706+00:00,89.001,332.051,99,22413,2685,61,measure
2026-09-11T04:16:33.706+00:00,90.001,325.723,99,22460,2685,61,measure
2026-09-11T04:16:34.711+00:00,91.000,340.17,99,22460.1,2685,61,measure
2026-09-11T04:16:35.762+00:00,92.001,344.567,99,22447.6,2685,61,measure
2026-09-11T04:16:36.706+00:00,93.000,339.849,99,22484.4,2685,62,measure
2026-09-11T04:16:37.735+00:00,94.000,347.302,99,22486.4,2685,64,measure
2026-09-11T04:16:38.705+00:00,95.000,333.015,99,22486.6,2685,62,measure
2026-09-11T04:16:39.705+00:00,96.001,321.437,99,22486.6,2685,62,measure
2026-09-11T04:16:40.711+00:00,97.000,308.67,99,22469.7,2685,60,measure
2026-09-11T04:16:41.707+00:00,98.000,308.804,99,22439.9,2685,60,measure
2026-09-11T04:16:42.705+00:00,99.000,315.018,99,22438,2685,63,measure
2026-09-11T04:16:41.225+00:00,100.000,320.235,99,22438,2685,61,measure
2026-09-11T04:16:42.228+00:00,101.003,329.857,99,22438,2685,63,measure
2026-09-11T04:16:43.227+00:00,102.001,318.767,99,22436.3,2685,61,measure
2026-09-11T04:16:44.228+00:00,103.002,310.16,99,22436.3,2685,60,measure
2026-09-11T04:16:45.228+00:00,104.003,306.874,99,22443.5,2685,62,measure
2026-09-11T04:16:46.227+00:00,105.003,306.184,99,22443.8,2685,60,measure
2026-09-11T04:16:47.225+00:00,106.001,327.213,99,22412.3,2685,64,measure
2026-09-11T04:16:48.227+00:00,107.002,332.551,99,22411.1,2685,61,measure
2026-09-11T04:16:49.226+00:00,108.001,348.246,99,22410.6,2685,62,measure
2026-09-11T04:16:50.226+00:00,109.000,377.047,99,22410.6,2685,67,measure
2026-09-11T04:16:51.240+00:00,110.002,360.342,99,22410.6,2685,62,measure
2026-09-11T04:16:52.227+00:00,111.002,363.78,99,22410.6,2685,63,measure
2026-09-11T04:16:53.225+00:00,112.000,343.99,99,22410.6,2685,62,measure
2026-09-11T04:16:54.226+00:00,113.001,326.61,99,22415.1,2685,62,measure
2026-09-11T04:16:55.231+00:00,114.004,343.19,100,22415.1,2685,62,measure
2026-09-11T04:16:56.249+00:00,115.000,324.774,99,22415.1,2685,62,measure
2026-09-11T04:16:57.225+00:00,116.000,317.019,99,22415.1,2685,61,measure
2026-09-11T04:16:58.225+00:00,117.001,313.681,99,22415.1,2685,63,measure
2026-09-11T04:16:59.228+00:00,118.001,316.158,99,22415.1,2685,60,measure
2026-09-11T04:17:00.225+00:00,119.001,306.079,99,22415.1,2685,61,measure
2026-09-11T04:17:01.228+00:00,120.002,314.562,99,22352.1,2685,64,measure
2026-09-11T04:17:02.227+00:00,121.001,322.002,99,22347.2,2685,67,measure
2026-09-11T04:17:03.226+00:00,122.000,340.5,99,22347.2,2685,62,measure
2026-09-11T04:17:04.226+00:00,123.001,329.523,99,22347.2,2685,62,measure
2026-09-11T04:17:05.227+00:00,124.002,318.595,99,22347.2,2685,61,measure
2026-09-11T04:17:06.225+00:00,125.000,324.332,99,22347.2,2685,63,measure
2026-09-11T04:17:07.228+00:00,126.001,338.841,99,22347.2,2655,63,measure
2026-09-11T04:17:08.226+00:00,127.000,348.326,99,22347.2,2685,62,measure
2026-09-11T04:17:09.226+00:00,128.001,344.134,99,22347.2,2685,65,measure
2026-09-11T04:17:10.225+00:00,129.000,325.625,99,22347.2,2685,62,measure
2026-09-11T04:17:11.225+00:00,130.000,323.246,99,22347.2,2685,62,measure
2026-09-11T04:17:12.225+00:00,131.000,317.405,99,22341.2,2685,62,measure
2026-09-11T04:17:13.230+00:00,132.002,336.853,99,22341.2,2685,62,measure
2026-09-11T04:17:11.748+00:00,133.007,330.448,99,22356.2,2685,62,measure
2026-09-11T04:17:12.742+00:00,134.000,324.673,99,22502.7,2685,62,measure
2026-09-11T04:17:13.741+00:00,135.000,310.914,99,22573,2685,61,measure
2026-09-11T04:17:14.741+00:00,136.001,304.63,99,22547.7,2685,60,measure
2026-09-11T04:17:15.744+00:00,137.003,302.115,99,22547.7,2685,60,measure
2026-09-11T04:17:16.742+00:00,138.001,294.478,99,22547.7,2685,60,measure
2026-09-11T04:17:17.745+00:00,139.004,303.094,99,22547.7,2685,60,measure
2026-09-11T04:17:18.759+00:00,140.017,291.078,99,22441.4,2685,61,measure
2026-09-11T04:17:19.741+00:00,141.001,308.675,99,22441.4,2610,61,measure
2026-09-11T04:17:20.744+00:00,142.004,315.597,99,22449.9,2685,62,measure
2026-09-11T04:17:21.743+00:00,143.002,340.432,99,22441.4,2685,63,measure
2026-09-11T04:17:22.743+00:00,144.001,317.723,99,22441.4,2685,61,measure
2026-09-11T04:17:23.743+00:00,145.001,317.006,99,22441.4,2685,63,measure
2026-09-11T04:17:24.741+00:00,146.001,314.674,100,22441.4,2685,60,measure
2026-09-11T04:17:25.751+00:00,147.000,335.109,99,22449.9,2685,62,measure
2026-09-11T04:17:26.748+00:00,148.007,333.858,99,22446.2,2685,61,measure
2026-09-11T04:17:27.742+00:00,149.001,311.946,99,22478,2685,61,measure
2026-09-11T04:17:28.756+00:00,150.015,343.569,99,22443.2,2685,62,measure
2026-09-11T04:17:29.745+00:00,151.001,331.633,99,22443.2,2685,62,measure
2026-09-11T04:17:30.747+00:00,152.006,336.468,99,22460.8,2685,64,measure
2026-09-11T04:17:31.751+00:00,153.010,332.09,99,22447.4,2685,61,measure
2026-09-11T04:17:32.746+00:00,154.005,310.096,99,22447.4,2685,61,measure
2026-09-11T04:17:33.743+00:00,155.002,315.036,99,22447.4,2685,61,measure
2026-09-11T04:17:34.742+00:00,156.000,306.775,99,22441,2685,60,measure
2026-09-11T04:17:35.742+00:00,157.000,310.436,99,22442.4,2685,60,measure
2026-09-11T04:17:36.741+00:00,158.001,308.076,99,22443.2,2685,61,measure
2026-09-11T04:17:37.743+00:00,159.002,309.836,99,22443.2,2685,61,measure
2026-09-11T04:17:38.744+00:00,160.003,313.934,99,22430.2,2685,60,measure
2026-09-11T04:17:39.742+00:00,161.001,312.596,99,22430.2,2685,61,measure
2026-09-11T04:17:40.743+00:00,162.001,308.161,99,22430.2,2685,61,measure
2026-09-11T04:17:41.745+00:00,163.004,312.556,99,22430.2,2685,63,measure
2026-09-11T04:17:42.743+00:00,164.003,313.952,99,22430.2,2685,63,measure
2026-09-11T04:17:41.247+00:00,165.001,321.415,99,22430.2,2685,64,measure
2026-09-11T04:17:42.246+00:00,166.000,318.6,99,22430.2,2685,60,measure
2026-09-11T04:17:43.251+00:00,167.004,335.49,99,22430.2,2685,62,measure
2026-09-11T04:17:44.249+00:00,168.002,328.729,100,22430.2,2685,64,measure
2026-09-11T04:17:45.249+00:00,169.000,310.775,99,22430.2,2685,60,measure
2026-09-11T04:17:46.253+00:00,170.008,319.981,100,22430.2,2685,64,measure
2026-09-11T04:17:47.246+00:00,171.000,307.649,99,22430.2,2685,60,measure
2026-09-11T04:17:48.247+00:00,172.001,311.939,99,22414,2685,60,measure
2026-09-11T04:17:49.251+00:00,173.004,322.325,99,22414,2685,61,measure
2026-09-11T04:17:50.250+00:00,174.004,301.59,99,22414,2685,60,measure
2026-09-11T04:17:51.248+00:00,175.000,304.463,99,22414,2685,60,measure
2026-09-11T04:17:52.246+00:00,176.000,304.217,99,22414,2685,60,measure
2026-09-11T04:17:53.246+00:00,177.000,318.16,99,22414,2685,61,measure
2026-09-11T04:17:54.248+00:00,178.000,315.801,99,22414,2685,61,measure
2026-09-11T04:17:55.252+00:00,179.005,309.939,99,22414,2685,60,measure
2026-09-11T04:17:56.259+00:00,180.013,312.777,100,22414,2685,60,measure
2026-09-11T04:17:57.249+00:00,181.000,311.885,99,22414,2685,62,measure
2026-09-11T04:17:58.250+00:00,182.004,301.335,99,22414,2685,60,measure
2026-09-11T04:17:59.248+00:00,183.002,306.699,99,22413.9,2685,60,measure
2026-09-11T04:18:00.246+00:00,184.000,315.461,99,22411.6,2685,60,measure
2026-09-11T04:18:01.246+00:00,185.000,298.84,99,22403.6,2685,60,measure
2026-09-11T04:18:02.251+00:00,186.001,301.859,99,22403.6,2685,60,measure
2026-09-11T04:18:03.246+00:00,187.000,305.133,99,22403.6,2685,60,measure
2026-09-11T04:18:04.246+00:00,188.001,305.893,99,22403.6,2685,60,measure
2026-09-11T04:18:05.246+00:00,189.000,299.118,99,22403.6,2685,60,measure
2026-09-11T04:18:06.246+00:00,190.000,307.647,99,22403.6,2685,61,measure
2026-09-11T04:18:07.249+00:00,191.002,304.458,99,22403.6,2685,60,measure
2026-09-11T04:18:08.249+00:00,192.002,303.955,99,22403.6,2685,60,measure
2026-09-11T04:18:09.248+00:00,193.000,308.494,99,22403.6,2685,62,measure
2026-09-11T04:18:10.247+00:00,194.001,315.679,99,22403.6,2685,62,measure
2026-09-11T04:18:11.254+00:00,195.008,343.34,99,22403.6,2685,62,measure
2026-09-11T04:18:12.246+00:00,196.001,329.321,99,22403.6,2685,62,measure
2026-09-11T04:18:13.246+00:00,197.000,320.391,99,22403.6,2685,62,measure
2026-09-11T04:18:11.751+00:00,198.000,309.074,99,22403.6,2685,61,measure
2026-09-11T04:18:12.746+00:00,199.001,333.558,99,22403.6,2685,64,measure
2026-09-11T04:18:13.745+00:00,200.001,330.303,99,22403.6,2685,61,measure
2026-09-11T04:18:14.745+00:00,201.001,326.541,99,22403.6,2685,62,measure
2026-09-11T04:18:15.745+00:00,202.001,312.429,99,22403.6,2685,63,measure
2026-09-11T04:18:16.745+00:00,203.000,303.847,99,22403.6,2685,61,measure
2026-09-11T04:18:17.746+00:00,204.000,310.83,99,22403.6,2685,60,measure
2026-09-11T04:18:18.746+00:00,205.000,326.823,99,22403.6,2685,62,measure
2026-09-11T04:18:19.745+00:00,206.001,315.57,99,22403.6,2685,61,measure
2026-09-11T04:18:20.745+00:00,207.001,321.398,99,22403.6,2685,62,measure
2026-09-11T04:18:21.746+00:00,208.000,306.639,99,22403.6,2685,60,measure
2026-09-11T04:18:22.745+00:00,209.000,323.597,99,22403.6,2685,61,measure
2026-09-11T04:18:23.747+00:00,210.000,308.349,99,22403.6,2685,61,measure
2026-09-11T04:18:24.747+00:00,211.000,325.844,99,22403.6,2685,62,measure
2026-09-11T04:18:25.745+00:00,212.001,345.146,99,22403.6,2685,65,measure
2026-09-11T04:18:26.745+00:00,213.001,347.349,99,22403.6,2685,64,measure
2026-09-11T04:18:27.745+00:00,214.000,340.528,99,22403.6,2685,64,measure
2026-09-11T04:18:28.750+00:00,215.004,329.865,99,22403.6,2685,63,measure
2026-09-11T04:18:29.747+00:00,216.001,313.587,99,22403.6,2685,61,measure
2026-09-11T04:18:30.745+00:00,217.001,296.961,99,22403.6,2685,60,measure
2026-09-11T04:18:31.745+00:00,218.000,302.718,99,22403.6,2685,60,measure
2026-09-11T04:18:32.745+00:00,219.001,308.317,99,22403.6,2685,61,measure
2026-09-11T04:18:33.745+00:00,220.001,311.838,99,22403.6,2685,62,measure
2026-09-11T04:18:34.753+00:00,221.007,325.451,99,22403.6,2685,62,measure
2026-09-11T04:18:35.747+00:00,222.001,299.839,99,22403.6,2685,60,measure
2026-09-11T04:18:36.746+00:00,223.000,306.114,99,22403.6,2685,64,measure
2026-09-11T04:18:37.783+00:00,224.001,314.599,99,22403.6,2685,61,measure
2026-09-11T04:18:38.747+00:00,225.001,348.554,99,22403.6,2685,66,measure
2026-09-11T04:18:39.745+00:00,226.001,345.558,99,22403.6,2685,61,measure
2026-09-11T04:18:40.745+00:00,227.000,339.623,99,22403.6,2685,64,measure
2026-09-11T04:18:41.804+00:00,228.001,326.807,99,22403.6,2685,62,measure
2026-09-11T04:18:42.747+00:00,229.002,316.73,99,22403.6,2685,62,measure
2026-09-11T04:18:41.247+00:00,230.003,304.814,99,22403.6,2685,61,measure
2026-09-11T04:18:42.245+00:00,231.001,306.243,99,22403.6,2685,60,measure
2026-09-11T04:18:43.258+00:00,232.013,305.854,99,22403.6,2685,60,measure
2026-09-11T04:18:44.247+00:00,233.001,308.731,99,22403.6,2685,60,measure
2026-09-11T04:18:45.246+00:00,234.000,310.131,99,22403.6,2685,61,measure
2026-09-11T04:18:46.253+00:00,235.009,330.499,99,22403.6,2685,62,measure
2026-09-11T04:18:47.261+00:00,236.001,319.954,99,22403.6,2685,62,measure
2026-09-11T04:18:48.245+00:00,237.000,327.621,99,22402.2,2685,61,measure
2026-09-11T04:18:49.245+00:00,238.000,309.353,99,22402.2,2685,61,measure
2026-09-11T04:18:50.245+00:00,239.000,316.489,99,22402.2,2685,61,measure
2026-09-11T04:18:51.246+00:00,240.000,322.508,99,22402.2,2685,62,measure
2026-09-11T04:18:52.248+00:00,241.004,317.51,99,22402.2,2685,61,measure
2026-09-11T04:18:53.245+00:00,242.001,331.074,99,22402.2,2685,62,measure
2026-09-11T04:18:54.247+00:00,243.003,311.947,99,22402.2,2685,61,measure
2026-09-11T04:18:55.247+00:00,244.003,327.666,99,22402.2,2685,62,measure
2026-09-11T04:18:56.252+00:00,245.008,354.476,99,22402.2,2685,67,measure
2026-09-11T04:18:57.250+00:00,246.006,346.875,99,22402.2,2685,63,measure
2026-09-11T04:18:58.247+00:00,247.002,343.487,99,22402.2,2685,63,measure
2026-09-11T04:18:59.246+00:00,248.001,329.392,99,22402.2,2685,62,measure
2026-09-11T04:19:00.249+00:00,249.005,300.758,99,22402.2,2685,62,measure
2026-09-11T04:19:01.246+00:00,250.001,283.938,99,22402.2,2685,60,measure
2026-09-11T04:19:02.263+00:00,251.000,299.667,99,22402.2,2685,61,measure
2026-09-11T04:19:03.250+00:00,252.003,308.422,99,22402.2,2625,60,measure
2026-09-11T04:19:04.245+00:00,253.001,327.349,99,22412,2685,62,measure
2026-09-11T04:19:05.245+00:00,254.000,320.341,99,22412,2685,62,measure
2026-09-11T04:19:06.248+00:00,255.003,326.534,99,22412,2685,64,measure
2026-09-11T04:19:07.245+00:00,256.000,318.766,99,22403.7,2685,60,measure
2026-09-11T04:19:08.246+00:00,257.000,318.567,99,22403.7,2685,61,measure
2026-09-11T04:19:09.249+00:00,258.001,327.788,99,22363.5,2685,62,measure
2026-09-11T04:19:10.253+00:00,259.006,322.925,99,22363.5,2685,62,measure
2026-09-11T04:19:11.245+00:00,260.000,355.601,99,22364,2685,68,measure
2026-09-11T04:19:12.245+00:00,261.001,336.217,99,22381.6,2685,63,measure
2026-09-11T04:19:13.247+00:00,262.000,344.486,99,22493.1,2685,64,measure
2026-09-11T04:19:11.764+00:00,263.000,342.941,99,22487,2685,66,measure
2026-09-11T04:19:12.764+00:00,264.000,328.745,99,22466.1,2685,62,measure
2026-09-11T04:19:13.763+00:00,265.000,312.601,99,22466.1,2685,61,measure
2026-09-11T04:19:14.764+00:00,266.001,297.353,99,22466.1,2685,61,measure
2026-09-11T04:19:15.763+00:00,267.000,299.983,99,22466.1,2685,60,measure
2026-09-11T04:19:16.763+00:00,268.000,302.242,99,22466.1,2685,62,measure
2026-09-11T04:19:17.765+00:00,269.001,306.449,99,22483,2685,61,measure
2026-09-11T04:19:18.765+00:00,270.000,301.97,99,22491,2685,60,measure
2026-09-11T04:19:19.766+00:00,271.004,308.217,99,22487,2685,61,measure
2026-09-11T04:19:20.768+00:00,272.002,306.119,99,22467,2685,61,measure
2026-09-11T04:19:21.763+00:00,273.001,317.772,99,22467,2685,62,measure
2026-09-11T04:19:22.763+00:00,274.001,315.705,99,22467,2685,61,measure
2026-09-11T04:19:23.764+00:00,275.000,307.579,99,22467,2685,61,measure
2026-09-11T04:19:24.766+00:00,276.000,307.365,99,22467,2685,61,measure
2026-09-11T04:19:25.763+00:00,277.000,301.909,99,22467,2685,60,measure
2026-09-11T04:19:26.763+00:00,278.001,307.449,99,22467,2685,63,measure
2026-09-11T04:19:27.763+00:00,279.000,328.689,99,22467,2685,63,measure
2026-09-11T04:19:28.763+00:00,280.000,346.198,99,22467,2685,62,measure
2026-09-11T04:19:29.764+00:00,281.000,344.399,99,22467,2685,62,measure
2026-09-11T04:19:30.765+00:00,282.000,350.705,99,22467,2685,62,measure
2026-09-11T04:19:31.765+00:00,283.002,334.128,99,22467,2685,62,measure
2026-09-11T04:19:32.764+00:00,284.002,328.092,99,22467,2685,64,measure
2026-09-11T04:19:33.765+00:00,285.001,315.047,99,22467,2685,61,measure
2026-09-11T04:19:34.763+00:00,286.000,301.99,99,22467,2685,60,measure
2026-09-11T04:19:35.804+00:00,287.000,304.8,99,22467,2685,60,measure
2026-09-11T04:19:36.766+00:00,288.000,296.705,99,22467,2685,60,measure
2026-09-11T04:19:37.763+00:00,289.000,299.932,99,22467,2685,61,measure
2026-09-11T04:19:38.763+00:00,290.000,312.861,99,22467,2685,61,measure
2026-09-11T04:19:39.763+00:00,291.000,313.288,99,22467,2685,61,measure
2026-09-11T04:19:40.763+00:00,292.001,325.162,99,22467,2685,62,measure
2026-09-11T04:19:41.765+00:00,293.001,315.558,99,22467,2685,62,measure
2026-09-11T04:19:42.765+00:00,294.001,319.035,99,22467,2685,61,measure
2026-09-11T04:19:41.244+00:00,295.001,317.592,99,22467,2685,61,measure
2026-09-11T04:19:42.244+00:00,296.000,324.407,99,22467,2685,62,measure
2026-09-11T04:19:43.244+00:00,297.000,324.559,99,22467,2685,62,measure
2026-09-11T04:19:44.244+00:00,298.001,320.973,99,22467,2685,61,measure
2026-09-11T04:19:45.246+00:00,299.001,314.382,99,22467,2685,60,measure
2026-09-11T04:19:46.245+00:00,300.000,315.097,99,22476.9,2685,62,measure
2026-09-11T04:19:47.245+00:00,301.001,322.799,99,22476.9,2685,61,measure
2026-09-11T04:19:48.245+00:00,302.001,337.405,99,22468.4,2685,64,measure
2026-09-11T04:19:49.243+00:00,303.000,329.865,99,22468.4,2685,62,measure
2026-09-11T04:19:50.244+00:00,304.000,339.584,99,22468.4,2685,64,measure
2026-09-11T04:19:51.251+00:00,305.000,337.134,99,22468.4,2685,62,measure
2026-09-11T04:19:52.245+00:00,306.001,350.23,99,22468.4,2685,62,measure
2026-09-11T04:19:53.295+00:00,307.000,350.63,99,22468.4,2685,62,measure
2026-09-11T04:19:54.244+00:00,308.000,365.577,99,22468.4,2685,67,measure
2026-09-11T04:19:55.244+00:00,309.000,370.558,99,22468.4,2685,63,measure
2026-09-11T04:19:56.249+00:00,310.004,343.743,99,22468.4,2685,62,measure
2026-09-11T04:19:57.245+00:00,311.000,362.779,99,22468.4,2685,67,measure
2026-09-11T04:19:58.248+00:00,312.000,370.894,99,22468.4,2685,64,measure
2026-09-11T04:19:59.244+00:00,313.000,353.165,99,22468.4,2685,63,measure
2026-09-11T04:20:00.247+00:00,314.004,363.47,99,22466.9,2685,67,measure
2026-09-11T04:20:01.256+00:00,315.002,358.758,99,22464.5,2685,67,measure
2026-09-11T04:20:02.245+00:00,316.001,362.012,99,22447.6,2685,65,measure
2026-09-11T04:20:03.247+00:00,317.000,350.575,99,22447.6,2685,64,measure
2026-09-11T04:20:04.245+00:00,318.001,352.069,99,22480.5,2685,65,measure
2026-09-11T04:20:05.245+00:00,319.002,367.039,99,22453.1,2685,64,measure
2026-09-11T04:20:06.245+00:00,320.001,342.456,99,22413.1,2685,64,measure
2026-09-11T04:20:07.245+00:00,321.002,357.238,99,22362.1,2685,64,measure
2026-09-11T04:20:08.245+00:00,322.001,362.182,99,22494.2,2685,64,measure
2026-09-11T04:20:09.246+00:00,323.001,350.829,99,22477.3,2685,63,measure
2026-09-11T04:20:10.247+00:00,324.001,357.414,99,22494.2,2685,63,measure
2026-09-11T04:20:11.244+00:00,325.001,364.924,99,22494.2,2685,66,measure
2026-09-11T04:20:12.244+00:00,326.001,370.663,99,22477.3,2685,64,measure
2026-09-11T04:20:13.244+00:00,327.001,345.82,99,22494.2,2685,63,measure
2026-09-11T04:20:11.795+00:00,328.000,363.145,99,22494.2,2685,67,measure
2026-09-11T04:20:12.785+00:00,329.000,376.956,99,22544.3,2685,69,measure
2026-09-11T04:20:13.746+00:00,330.000,349.942,99,22534.8,2685,65,measure
2026-09-11T04:20:14.745+00:00,331.000,358.958,99,22526.8,2685,66,measure
2026-09-11T04:20:15.748+00:00,332.000,360.997,99,22509.9,2685,67,measure
2026-09-11T04:20:16.746+00:00,333.001,358.226,99,22534.8,2685,63,measure
2026-09-11T04:20:17.746+00:00,334.000,350.351,99,22534.8,2685,69,measure
2026-09-11T04:20:18.762+00:00,335.000,362.376,99,22540,2685,63,measure
2026-09-11T04:20:19.759+00:00,336.001,371.125,99,22537.8,2685,63,measure
2026-09-11T04:20:20.746+00:00,337.000,343.607,99,22520.9,2685,64,measure
2026-09-11T04:20:21.792+00:00,338.001,360.94,99,22520.9,2685,65,measure
2026-09-11T04:20:22.790+00:00,339.001,367.684,99,22419,2670,64,measure
2026-09-11T04:20:23.767+00:00,340.003,359.283,99,22419.2,2670,65,measure
2026-09-11T04:20:24.747+00:00,341.000,356.515,99,22432.9,2685,65,measure
2026-09-11T04:20:25.746+00:00,342.001,364.996,99,22432.9,2685,68,measure
2026-09-11T04:20:26.745+00:00,343.000,363.65,99,22536.9,2685,63,measure
2026-09-11T04:20:27.793+00:00,344.001,348.395,99,22528.9,2685,63,measure
2026-09-11T04:20:28.745+00:00,345.000,359.461,99,22512,2685,63,measure
2026-09-11T04:20:29.745+00:00,346.000,370.19,99,22512,2685,68,measure
2026-09-11T04:20:30.746+00:00,347.000,346.06,99,22512,2685,68,measure
2026-09-11T04:20:31.746+00:00,348.000,355.891,99,22512,2685,63,measure
2026-09-11T04:20:32.794+00:00,349.000,364.749,99,22536.9,2685,67,measure
2026-09-11T04:20:33.746+00:00,350.000,354.399,99,22529.1,2685,63,measure
2026-09-11T04:20:34.746+00:00,351.001,355.286,99,22537.1,2655,68,measure
2026-09-11T04:20:35.747+00:00,352.001,368.88,99,22512.2,2685,64,measure
2026-09-11T04:20:36.749+00:00,353.001,370.531,99,22512.2,2685,63,measure
2026-09-11T04:20:37.800+00:00,354.001,351.41,99,22537.1,2685,63,measure
2026-09-11T04:20:38.748+00:00,355.003,365.733,99,22527.7,2685,65,measure
2026-09-11T04:20:39.771+00:00,356.005,370.758,99,22544.5,2685,66,measure
2026-09-11T04:20:40.745+00:00,357.000,350.495,99,22546,2685,63,measure
2026-09-11T04:20:41.753+00:00,358.005,362.908,99,22529.5,2685,65,measure
2026-09-11T04:20:42.749+00:00,359.003,363.754,99,22529.5,2685,67,measure
2026-09-11T04:20:41.242+00:00,360.000,361.363,99,22541,2685,66,measure
2026-09-11T04:20:42.270+00:00,361.005,350.274,99,22533,2685,64,measure
2026-09-11T04:20:43.248+00:00,362.003,361.355,99,22493.1,2640,63,measure
2026-09-11T04:20:44.242+00:00,363.000,371.134,99,22460.8,2685,65,measure
2026-09-11T04:20:45.244+00:00,364.001,341.904,99,22460.8,2685,63,measure
2026-09-11T04:20:46.245+00:00,365.000,362.106,99,22460.8,2685,64,measure
2026-09-11T04:20:47.273+00:00,366.006,371.081,99,22460.8,2640,65,measure
2026-09-11T04:20:48.242+00:00,367.000,356.198,99,22460.8,2685,64,measure
2026-09-11T04:20:49.243+00:00,368.000,360.027,99,22466.2,2685,70,measure
2026-09-11T04:20:50.243+00:00,369.001,370.37,99,22466.2,2685,65,measure
2026-09-11T04:20:51.244+00:00,370.001,364.148,99,22466.2,2685,64,measure
2026-09-11T04:20:52.245+00:00,371.001,353.059,99,22466.2,2685,63,measure
2026-09-11T04:20:53.242+00:00,372.001,364.489,99,22466.2,2685,65,measure
2026-09-11T04:20:54.242+00:00,373.001,371.783,99,22466.2,2685,69,measure
2026-09-11T04:20:55.242+00:00,374.000,341.484,99,22466.2,2685,64,measure
2026-09-11T04:20:56.241+00:00,375.000,356.271,99,22466.2,2685,64,measure
2026-09-11T04:20:57.243+00:00,376.000,367.703,99,22466.2,2685,67,measure
2026-09-11T04:20:58.243+00:00,377.000,356.971,99,22466.2,2685,66,measure
2026-09-11T04:20:59.242+00:00,378.000,360.125,99,22466.2,2685,64,measure
2026-09-11T04:21:00.242+00:00,379.000,369.796,99,22466.2,2685,65,measure
2026-09-11T04:21:01.290+00:00,380.000,368.78,99,22466.2,2685,64,measure
2026-09-11T04:21:02.242+00:00,381.001,349.504,99,22466.2,2685,70,measure
2026-09-11T04:21:03.243+00:00,382.000,363.91,99,22466.2,2685,64,measure
2026-09-11T04:21:04.257+00:00,383.000,370.16,99,22466.2,2685,65,measure
2026-09-11T04:21:05.242+00:00,384.000,349.098,99,22466.2,2685,64,measure
2026-09-11T04:21:06.242+00:00,385.001,364.359,99,22466.2,2685,67,measure
2026-09-11T04:21:07.242+00:00,386.000,365.59,99,22466.2,2685,65,measure
2026-09-11T04:21:08.242+00:00,387.000,354.06,99,22466.2,2685,63,measure
2026-09-11T04:21:09.243+00:00,388.000,358.189,99,22466.2,2640,68,measure
2026-09-11T04:21:10.246+00:00,389.001,368.92,99,22466.2,2670,64,measure
2026-09-11T04:21:11.241+00:00,390.000,370.567,99,22466.2,2685,69,measure
2026-09-11T04:21:12.287+00:00,391.000,349.879,99,22466.2,2685,64,measure
2026-09-11T04:21:13.268+00:00,392.001,367.451,99,22466.2,2685,64,measure
2026-09-11T04:21:11.783+00:00,393.000,375.686,99,22466.2,2685,69,measure
2026-09-11T04:21:12.766+00:00,394.001,357.111,99,22466.2,2685,67,measure
2026-09-11T04:21:13.766+00:00,395.001,361.101,99,22466.2,2685,66,measure
2026-09-11T04:21:14.764+00:00,396.000,366.528,99,22466.2,2685,67,measure
2026-09-11T04:21:15.764+00:00,397.000,356.295,99,22466.2,2685,63,measure
2026-09-11T04:21:16.764+00:00,398.001,359.184,99,22466.2,2685,66,measure
2026-09-11T04:21:17.764+00:00,399.000,367.875,99,22466.2,2685,63,measure
2026-09-11T04:21:18.765+00:00,400.000,373.334,99,22466.2,2670,66,measure
2026-09-11T04:21:19.768+00:00,401.000,349.769,99,22466.2,2685,66,measure
2026-09-11T04:21:20.764+00:00,402.001,364.787,99,22466.2,2685,64,measure
2026-09-11T04:21:21.791+00:00,403.001,375.819,99,22466.2,2685,64,measure
2026-09-11T04:21:22.765+00:00,404.002,357.014,99,22466.2,2685,67,measure
2026-09-11T04:21:23.764+00:00,405.001,362.783,99,22466.2,2685,65,measure
2026-09-11T04:21:24.765+00:00,406.000,364.19,99,22466.2,2685,68,measure
2026-09-11T04:21:25.766+00:00,407.000,361.08,99,22466.2,2685,63,measure
2026-09-11T04:21:26.768+00:00,408.004,356.011,99,22466.2,2685,66,measure
2026-09-11T04:21:27.764+00:00,409.000,368.548,99,22466.2,2685,63,measure
2026-09-11T04:21:28.764+00:00,410.000,372.438,99,22466.2,2685,68,measure
2026-09-11T04:21:29.765+00:00,411.001,341.465,99,22466.2,2685,65,measure
2026-09-11T04:21:30.770+00:00,412.000,367.441,99,22466.2,2685,66,measure
2026-09-11T04:21:31.798+00:00,413.005,378.366,99,22466.2,2685,64,measure
2026-09-11T04:21:32.775+00:00,414.002,357.325,99,22466.2,2685,64,measure
2026-09-11T04:21:33.765+00:00,415.001,363.166,99,22466.2,2685,64,measure
2026-09-11T04:21:34.765+00:00,416.002,365.915,99,22466.2,2685,63,measure
2026-09-11T04:21:35.766+00:00,417.002,359.953,99,22466.1,2685,64,measure
2026-09-11T04:21:36.800+00:00,418.000,353.623,99,22466.1,2685,68,measure
2026-09-11T04:21:37.785+00:00,419.005,359.739,99,22466.1,2640,64,measure
2026-09-11T04:21:38.770+00:00,420.006,370.086,99,22466.1,2685,64,measure
2026-09-11T04:21:39.764+00:00,421.000,341.356,99,22466.1,2685,63,measure
2026-09-11T04:21:40.812+00:00,422.000,359.493,99,22466,2685,65,measure
2026-09-11T04:21:41.804+00:00,423.000,369.87,99,22466,2655,67,measure
2026-09-11T04:21:42.766+00:00,424.001,357.02,99,22466,2685,63,measure
2026-09-11T04:21:41.271+00:00,425.000,363.54,99,22466,2670,68,measure
2026-09-11T04:21:42.267+00:00,426.000,364.778,99,22466,2685,66,measure
2026-09-11T04:21:43.267+00:00,427.000,366.419,99,22466,2685,64,measure
2026-09-11T04:21:44.268+00:00,428.002,354.212,99,22466,2685,64,measure
2026-09-11T04:21:45.267+00:00,429.000,361.622,99,22466,2625,64,measure
2026-09-11T04:21:46.269+00:00,430.000,370.489,99,22466,2685,64,measure
2026-09-11T04:21:47.268+00:00,431.001,342.63,99,22466,2685,68,measure
2026-09-11T04:21:48.267+00:00,432.000,356.946,99,22466,2685,64,measure
2026-09-11T04:21:49.267+00:00,433.000,366.249,99,22466,2640,67,measure
2026-09-11T04:21:50.267+00:00,434.000,355.68,99,22466,2685,63,measure
2026-09-11T04:21:51.287+00:00,435.000,359.003,99,22466,2685,70,measure
2026-09-11T04:21:52.268+00:00,436.000,369.817,99,22466,2685,64,measure
2026-09-11T04:21:53.267+00:00,437.001,370.458,99,22466,2685,63,measure
2026-09-11T04:21:54.268+00:00,438.001,353.594,99,22466,2685,63,measure
2026-09-11T04:21:55.269+00:00,439.001,363.959,99,22466,2685,68,measure
2026-09-11T04:21:56.267+00:00,440.001,372.44,99,22466,2685,64,measure
2026-09-11T04:21:57.267+00:00,441.001,349.424,99,22466,2685,63,measure
2026-09-11T04:21:58.268+00:00,442.001,356.495,99,22466,2685,67,measure
2026-09-11T04:21:59.268+00:00,443.001,366.245,99,22466,2685,65,measure
2026-09-11T04:22:00.268+00:00,444.001,355.388,99,22466,2685,64,measure
2026-09-11T04:22:01.294+00:00,445.000,358.529,99,22466,2685,64,measure
2026-09-11T04:22:02.267+00:00,446.000,366.892,99,22466,2670,67,measure
2026-09-11T04:22:03.268+00:00,447.000,369.438,99,22466,2685,67,measure
2026-09-11T04:22:04.272+00:00,448.001,349.573,99,22466,2685,67,measure
2026-09-11T04:22:05.267+00:00,449.000,367.107,99,22466,2685,64,measure
2026-09-11T04:22:06.296+00:00,450.001,377.983,99,22466,2685,67,measure
2026-09-11T04:22:07.279+00:00,451.001,343.808,99,22466,2685,63,measure
2026-09-11T04:22:08.268+00:00,452.002,363.78,99,22466,2685,64,measure
2026-09-11T04:22:09.269+00:00,453.001,364.844,99,22466,2685,65,measure
2026-09-11T04:22:10.268+00:00,454.000,358,99,22466,2685,63,measure
2026-09-11T04:22:11.267+00:00,455.001,358.697,99,22466,2685,63,measure
2026-09-11T04:22:12.268+00:00,456.002,367.687,99,22466,2685,68,measure
2026-09-11T04:22:13.267+00:00,457.001,370.597,99,22466,2685,64,measure
2026-09-11T04:22:11.782+00:00,458.007,345.33,99,22466,2685,63,measure
2026-09-11T04:22:12.773+00:00,459.001,368.229,99,22466,2685,64,measure
2026-09-11T04:22:13.807+00:00,460.007,377.178,99,22466,2685,68,measure
2026-09-11T04:22:14.784+00:00,461.002,357.005,99,22466,2685,64,measure
2026-09-11T04:22:15.774+00:00,462.003,362.907,99,22466,2685,67,measure
2026-09-11T04:22:16.774+00:00,463.003,365.775,99,22466,2685,65,measure
2026-09-11T04:22:17.779+00:00,464.007,356.653,99,22466,2685,65,measure
2026-09-11T04:22:18.773+00:00,465.001,353.287,99,22466,2685,66,measure
2026-09-11T04:22:19.774+00:00,466.001,364.952,99,22466,2685,67,measure
2026-09-11T04:22:20.782+00:00,467.000,376.881,99,22466,2685,68,measure
2026-09-11T04:22:21.772+00:00,468.002,346.382,99,22466,2685,66,measure
2026-09-11T04:22:22.779+00:00,469.007,363.261,99,22466,2685,66,measure
2026-09-11T04:22:23.813+00:00,470.003,375.41,99,22466,2670,64,measure
2026-09-11T04:22:24.793+00:00,471.004,352.104,99,22466,2685,63,measure
2026-09-11T04:22:25.775+00:00,472.001,363.688,99,22466,2685,66,measure
2026-09-11T04:22:26.786+00:00,473.014,367.342,99,22466,2685,64,measure
2026-09-11T04:22:27.772+00:00,474.001,361.418,99,22466,2685,64,measure
2026-09-11T04:22:28.773+00:00,475.002,353.151,99,22466,2685,63,measure
2026-09-11T04:22:29.794+00:00,476.006,361.268,99,22466,2640,64,measure
2026-09-11T04:22:30.780+00:00,477.010,370.809,99,22466,2685,66,measure
2026-09-11T04:22:31.775+00:00,478.005,341.464,99,22466,2685,63,measure
2026-09-11T04:22:32.773+00:00,479.003,359.265,99,22466,2670,63,measure
2026-09-11T04:22:33.822+00:00,480.002,366.989,99,22466,2685,69,measure
2026-09-11T04:22:34.774+00:00,481.003,356.255,99,22466,2685,68,measure
2026-09-11T04:22:35.791+00:00,482.000,359.444,99,22466,2685,65,measure
2026-09-11T04:22:36.773+00:00,483.001,367.54,99,22466,2685,70,measure
2026-09-11T04:22:37.774+00:00,484.003,365.133,99,22466,2685,63,measure
2026-09-11T04:22:38.773+00:00,485.003,349.721,99,22466,2685,65,measure
2026-09-11T04:22:39.771+00:00,486.001,357.624,99,22466,2640,63,measure
2026-09-11T04:22:40.771+00:00,487.000,367.192,99,22466,2685,66,measure
2026-09-11T04:22:41.777+00:00,488.005,343.298,99,22466,2685,63,measure
2026-09-11T04:22:42.775+00:00,489.003,360.027,99,22466,2685,64,measure
2026-09-11T04:22:41.321+00:00,490.000,366.483,99,22466,2685,64,measure
2026-09-11T04:22:42.268+00:00,491.002,354.718,99,22466,2685,66,measure
2026-09-11T04:22:43.293+00:00,492.001,362.992,99,22466,2685,65,measure
2026-09-11T04:22:44.274+00:00,493.007,366.819,99,22466,2685,68,measure
2026-09-11T04:22:45.276+00:00,494.010,366.168,99,22466,2685,65,measure
2026-09-11T04:22:46.273+00:00,495.002,351.479,99,22466,2685,63,measure
2026-09-11T04:22:47.268+00:00,496.001,366.739,99,22466,2685,64,measure
2026-09-11T04:22:48.266+00:00,497.000,376.445,99,22466,2685,69,measure
2026-09-11T04:22:49.267+00:00,498.001,341.38,99,22466,2685,65,measure
2026-09-11T04:22:50.268+00:00,499.000,356.623,99,22466,2685,65,measure
2026-09-11T04:22:51.266+00:00,500.000,367.683,99,22466,2685,69,measure
2026-09-11T04:22:52.268+00:00,501.001,355.499,99,22466,2685,63,measure
2026-09-11T04:22:53.270+00:00,502.000,362.662,99,22466,2640,65,measure
2026-09-11T04:22:54.278+00:00,503.001,365.858,99,22466,2685,63,measure
2026-09-11T04:22:55.272+00:00,504.006,371.743,99,22466,2685,65,measure
2026-09-11T04:22:56.266+00:00,505.000,352.529,99,22466,2685,67,measure
2026-09-11T04:22:57.268+00:00,506.002,366.939,99,22466,2685,64,measure
2026-09-11T04:22:58.305+00:00,507.004,375.372,99,22466,2685,67,measure
2026-09-11T04:22:59.281+00:00,508.003,354.963,99,22466,2685,65,measure
2026-09-11T04:23:00.273+00:00,509.001,360.753,99,22466,2685,65,measure
2026-09-11T04:23:01.267+00:00,510.001,362.826,99,22466,2685,69,measure
2026-09-11T04:23:02.267+00:00,511.001,356.838,99,22466,2685,63,measure
2026-09-11T04:23:03.307+00:00,512.014,357.148,99,22466,2685,69,measure
2026-09-11T04:23:04.270+00:00,513.003,365.678,99,22466,2655,66,measure
2026-09-11T04:23:05.272+00:00,514.006,369.554,99,22466,2685,68,measure
2026-09-11T04:23:06.266+00:00,515.000,351.861,99,22466,2685,64,measure
2026-09-11T04:23:07.325+00:00,516.008,366.871,99,22466,2685,64,measure
2026-09-11T04:23:08.310+00:00,517.009,378.994,99,22466,2685,64,measure
2026-09-11T04:23:09.294+00:00,518.007,356.282,99,22466,2685,66,measure
2026-09-11T04:23:10.282+00:00,519.003,361.588,99,22466,2670,64,measure
2026-09-11T04:23:11.270+00:00,520.004,361.753,99,22466,2685,63,measure
2026-09-11T04:23:12.273+00:00,521.007,359.684,99,22466,2685,64,measure
2026-09-11T04:23:13.266+00:00,522.001,349.655,99,22466,2685,68,measure
2026-09-11T04:23:11.772+00:00,523.001,361.364,99,22466,2685,64,measure
2026-09-11T04:23:12.748+00:00,524.001,370.09,99,22466,2685,63,measure
2026-09-11T04:23:13.750+00:00,525.001,343.378,99,22466,2685,63,measure
2026-09-11T04:23:14.757+00:00,526.009,362.28,99,22466,2685,69,measure
2026-09-11T04:23:15.758+00:00,527.011,378.73,99,22466,2685,65,measure
2026-09-11T04:23:16.754+00:00,528.006,355.912,99,22466,2685,63,measure
2026-09-11T04:23:17.760+00:00,529.010,363.064,99,22466,2685,67,measure
2026-09-11T04:23:18.760+00:00,530.012,363.957,99,22466,2685,65,measure
2026-09-11T04:23:19.758+00:00,531.011,362.858,99,22466,2685,64,measure
2026-09-11T04:23:20.803+00:00,532.003,350.656,99,22466,2685,66,measure
2026-09-11T04:23:21.780+00:00,533.004,364.531,99,22466,2610,64,measure
2026-09-11T04:23:22.755+00:00,534.007,370.966,99,22466,2685,64,measure
2026-09-11T04:23:23.750+00:00,535.002,341.566,99,22466,2685,68,measure
2026-09-11T04:23:24.748+00:00,536.000,363.397,99,22466,2685,64,measure
2026-09-11T04:23:25.805+00:00,537.000,370.421,99,22466,2685,68,measure
2026-09-11T04:23:26.749+00:00,538.001,354.178,99,22466,2685,66,measure
2026-09-11T04:23:27.749+00:00,539.001,358.64,99,22466,2685,70,measure
2026-09-11T04:23:28.756+00:00,540.002,369.005,99,22466,2685,63,measure
2026-09-11T04:23:29.764+00:00,541.016,359.616,99,22466,2685,63,measure
2026-09-11T04:23:30.751+00:00,542.002,353.756,99,22466,2685,63,measure
2026-09-11T04:23:31.786+00:00,543.001,362.971,99,22466,2685,66,measure
2026-09-11T04:23:32.782+00:00,544.001,370.654,99,22466,2685,64,measure
2026-09-11T04:23:33.764+00:00,545.015,341.746,99,22466,2685,63,measure
2026-09-11T04:23:34.753+00:00,546.005,358.978,99,22466,2685,69,measure
2026-09-11T04:23:35.751+00:00,547.003,364.226,99,22466,2685,67,measure
2026-09-11T04:23:36.750+00:00,548.001,353.715,99,22466,2685,64,measure
2026-09-11T04:23:37.785+00:00,549.012,359.847,99,22466,2685,66,measure
2026-09-11T04:23:38.758+00:00,550.008,368.032,99,22466,2685,65,measure
2026-09-11T04:23:39.757+00:00,551.009,367.204,99,22466,2685,66,measure
2026-09-11T04:23:40.756+00:00,552.008,349.949,99,22466,2685,68,measure
2026-09-11T04:23:41.759+00:00,553.006,360.8,99,22466,2685,66,measure
2026-09-11T04:23:42.748+00:00,554.000,368.586,99,22466,2685,66,measure
2026-09-11T04:23:41.270+00:00,555.003,345.488,99,22466,2685,65,measure
2026-09-11T04:23:42.351+00:00,556.034,360.311,99,22466,2685,67,measure
2026-09-11T04:23:43.271+00:00,557.004,366.485,99,22466,2685,64,measure
2026-09-11T04:23:44.268+00:00,558.002,352.229,99,22466,2685,67,measure
2026-09-11T04:23:45.267+00:00,559.001,362.599,99,22466,2685,65,measure
2026-09-11T04:23:46.271+00:00,560.004,368.037,99,22466,2685,65,measure
2026-09-11T04:23:47.279+00:00,561.005,372.46,99,22466,2685,64,measure
2026-09-11T04:23:48.267+00:00,562.001,349.333,99,22466,2685,63,measure
2026-09-11T04:23:49.281+00:00,563.013,366.949,99,22466,2685,67,measure
2026-09-11T04:23:50.314+00:00,564.000,373.748,99,22466,2685,66,measure
2026-09-11T04:23:51.272+00:00,565.004,357.7,99,22466,2685,64,measure
2026-09-11T04:23:52.268+00:00,566.000,359.915,99,22466,2685,65,measure
2026-09-11T04:23:53.270+00:00,567.001,367.886,99,22466,2685,68,measure
2026-09-11T04:23:54.269+00:00,568.003,356.695,99,22466,2685,68,measure
2026-09-11T04:23:55.268+00:00,569.002,354.203,99,22466,2685,65,measure
2026-09-11T04:23:56.267+00:00,570.001,367.113,99,22466,2685,69,measure
2026-09-11T04:23:57.267+00:00,571.001,373.92,99,22466,2685,65,measure
2026-09-11T04:23:58.268+00:00,572.000,350.779,99,22466,2685,64,measure
2026-09-11T04:23:59.270+00:00,573.002,366.605,99,22466,2685,65,measure
2026-09-11T04:24:00.322+00:00,574.000,376.92,99,22466,2685,66,measure
2026-09-11T04:24:01.303+00:00,575.002,356.46,99,22466,2685,63,measure
2026-09-11T04:24:02.291+00:00,576.001,363.126,99,22466,2685,64,measure
2026-09-11T04:24:03.267+00:00,577.001,363.311,99,22466,2685,64,measure
2026-09-11T04:24:04.268+00:00,578.000,361.191,99,22466,2685,64,measure
2026-09-11T04:24:05.274+00:00,579.000,354.745,99,22466,2685,63,measure
2026-09-11T04:24:06.267+00:00,580.001,367.917,99,22466,2685,66,measure
2026-09-11T04:24:07.270+00:00,581.004,371.466,99,22466,2685,66,measure
2026-09-11T04:24:08.276+00:00,582.008,340.359,99,22590.4,2685,63,measure
2026-09-11T04:24:09.272+00:00,583.004,364.013,99,22590.4,2685,64,measure
2026-09-11T04:24:10.325+00:00,584.002,373.16,99,22591.1,2685,65,measure
2026-09-11T04:24:11.311+00:00,585.000,355.047,99,22591.8,2685,67,measure
2026-09-11T04:24:12.297+00:00,586.001,363.449,99,22593.2,2685,67,measure
2026-09-11T04:24:10.766+00:00,587.001,367.414,99,22593.2,2685,68,measure
2026-09-11T04:24:11.772+00:00,588.006,361.242,99,22604.8,2685,64,measure
2026-09-11T04:24:12.893+00:00,589.083,355.028,99,22604.8,2685,66,measure
2026-09-11T04:24:13.807+00:00,590.005,359.027,99,22610,2670,63,measure
2026-09-11T04:24:14.768+00:00,591.003,369.898,99,22610,2685,64,measure
2026-09-11T04:24:15.769+00:00,592.003,341.882,99,22610,2685,63,measure
2026-09-11T04:24:16.774+00:00,593.001,360.351,99,22610.7,2685,65,measure
2026-09-11T04:24:17.766+00:00,594.000,366.272,99,22610.7,2670,64,measure
2026-09-11T04:24:18.772+00:00,595.005,353.687,99,22466.6,2685,66,measure
2026-09-11T04:24:19.804+00:00,596.000,358.711,99,22466.6,2685,65,measure
2026-09-11T04:24:20.789+00:00,597.000,365.224,99,22466.6,2685,67,measure
2026-09-11T04:24:21.773+00:00,598.008,365.618,99,22466.6,2685,66,measure
2026-09-11T04:24:22.766+00:00,599.001,349.403,99,22466.6,2685,63,measure
2026-09-11T04:24:23.766+00:00,600.000,367.387,99,22466.6,2685,63,measure
2026-09-11T04:24:24.765+00:00,601.000,368.948,99,22466.6,2685,69,measure
2026-09-11T04:24:25.767+00:00,602.000,344.1,99,22466.6,2685,66,measure
2026-09-11T04:24:26.768+00:00,603.000,359.769,99,22466.6,2685,67,measure
2026-09-11T04:24:27.766+00:00,604.001,366.014,99,22466.6,2685,69,measure
2026-09-11T04:24:28.765+00:00,605.000,352.881,99,22466.6,2685,63,measure
2026-09-11T04:24:29.767+00:00,606.001,363.219,99,22466.6,2685,65,measure
2026-09-11T04:24:30.770+00:00,607.004,369.989,99,22466.6,2685,63,measure
2026-09-11T04:24:31.781+00:00,608.002,375.98,99,22466.6,2685,65,measure
2026-09-11T04:24:32.768+00:00,609.001,350.685,99,22466.6,2685,67,measure
2026-09-11T04:24:33.765+00:00,610.000,367.837,99,22466.6,2685,64,measure
2026-09-11T04:24:34.766+00:00,611.001,371.355,99,22466.6,2685,66,measure
2026-09-11T04:24:35.766+00:00,612.001,355.442,99,22466.6,2685,65,measure
2026-09-11T04:24:36.766+00:00,613.001,361.824,99,22466.6,2685,65,measure
2026-09-11T04:24:37.768+00:00,614.001,368.87,99,22466.6,2670,69,measure
2026-09-11T04:24:38.767+00:00,615.001,357.641,99,22466.6,2685,63,measure
2026-09-11T04:24:39.767+00:00,616.002,357.648,99,22466.6,2685,69,measure
2026-09-11T04:24:40.766+00:00,617.001,366.431,99,22466.6,2685,65,measure
2026-09-11T04:24:41.765+00:00,618.000,373.273,99,22466.6,2685,69,measure
2026-09-11T04:24:42.766+00:00,619.000,352.533,99,22466.6,2685,65,measure
2026-09-11T04:24:41.268+00:00,620.001,365.003,99,22466.6,2685,63,measure
2026-09-11T04:24:42.324+00:00,621.001,376.228,99,22466.6,2685,68,measure
2026-09-11T04:24:43.296+00:00,622.000,354.218,99,22466.6,2685,66,measure
2026-09-11T04:24:44.266+00:00,623.001,363.477,99,22466.6,2685,65,measure
2026-09-11T04:24:45.266+00:00,624.000,363.497,99,22466.6,2685,69,measure
2026-09-11T04:24:46.266+00:00,625.001,361.176,99,22466.6,2685,63,measure
2026-09-11T04:24:47.325+00:00,626.000,355.967,99,22466.6,2685,65,measure
2026-09-11T04:24:48.301+00:00,627.000,367.76,99,22466.6,2685,63,measure
2026-09-11T04:24:49.267+00:00,628.002,372.707,99,22466.6,2685,65,measure
2026-09-11T04:24:50.266+00:00,629.001,341.42,99,22466.6,2685,66,measure
2026-09-11T04:24:51.266+00:00,630.001,357.444,99,22509.7,2685,64,measure
2026-09-11T04:24:52.266+00:00,631.000,373.029,99,22509.7,2685,68,measure
2026-09-11T04:24:53.312+00:00,632.000,353.548,99,22501.3,2685,66,measure
2026-09-11T04:24:54.267+00:00,633.001,361.854,99,22510.7,2685,68,measure
2026-09-11T04:24:55.276+00:00,634.000,367.935,99,22509.7,2685,67,measure
2026-09-11T04:24:56.266+00:00,635.001,362.295,99,22509.7,2685,64,measure
2026-09-11T04:24:57.266+00:00,636.001,354.378,99,22509.7,2670,63,measure
2026-09-11T04:24:58.309+00:00,637.001,359.58,99,22504.7,2625,63,measure
2026-09-11T04:24:59.267+00:00,638.000,370.691,99,22504.7,2685,69,measure
2026-09-11T04:25:00.267+00:00,639.000,343.172,99,22403.8,2685,64,measure
2026-09-11T04:25:01.266+00:00,640.001,364.602,99,22403.8,2685,64,measure
2026-09-11T04:25:02.266+00:00,641.001,370.877,99,22504.4,2685,64,measure
2026-09-11T04:25:03.319+00:00,642.001,350.739,99,22509.7,2685,67,measure
2026-09-11T04:25:04.267+00:00,643.001,362.236,99,22501.3,2685,64,measure
2026-09-11T04:25:05.284+00:00,644.001,363.752,99,22501.3,2685,63,measure
2026-09-11T04:25:06.267+00:00,645.000,364.902,99,22498.7,2685,64,measure
2026-09-11T04:25:07.266+00:00,646.000,353.737,99,22498.7,2685,68,measure
2026-09-11T04:25:08.266+00:00,647.000,366.666,99,22458.2,2685,64,measure
2026-09-11T04:25:09.311+00:00,648.007,370.697,99,22458.2,2685,64,measure
2026-09-11T04:25:10.274+00:00,649.007,341.906,99,22458.2,2685,64,measure
2026-09-11T04:25:11.272+00:00,650.004,356.377,99,22458.2,2685,69,measure
2026-09-11T04:25:12.268+00:00,651.000,366.061,99,22458.2,2655,65,measure
2026-09-11T04:25:10.770+00:00,652.005,356.568,99,22458.2,2685,63,measure
2026-09-11T04:25:11.811+00:00,653.003,359.678,99,22458.2,2685,66,measure
2026-09-11T04:25:12.798+00:00,654.007,370.469,99,22458.2,2685,65,measure
2026-09-11T04:25:13.772+00:00,655.005,369.984,99,22458.2,2685,64,measure
2026-09-11T04:25:14.768+00:00,656.002,353.523,99,22458.2,2685,64,measure
2026-09-11T04:25:15.766+00:00,657.001,363.861,99,22458.2,2685,64,measure
2026-09-11T04:25:16.770+00:00,658.005,371.396,99,22458.2,2685,64,measure
2026-09-11T04:25:17.769+00:00,659.004,349.144,99,22458.2,2685,68,measure
2026-09-11T04:25:18.765+00:00,660.000,362.982,99,22458.2,2685,64,measure
2026-09-11T04:25:19.768+00:00,661.002,366.218,99,22458.2,2685,68,measure
2026-09-11T04:25:20.769+00:00,662.003,354.335,99,22458.2,2685,64,measure
2026-09-11T04:25:21.767+00:00,663.002,358.825,99,22458.2,2685,68,measure
2026-09-11T04:25:22.768+00:00,664.003,369.36,99,22458.2,2685,63,measure
2026-09-11T04:25:23.765+00:00,665.000,366.843,99,22458.2,2685,66,measure
2026-09-11T04:25:24.768+00:00,666.001,349.524,99,22458.2,2685,63,measure
2026-09-11T04:25:25.773+00:00,667.005,366.842,99,22458.2,2685,66,measure
2026-09-11T04:25:26.769+00:00,668.001,375.309,99,22458.2,2685,64,measure
2026-09-11T04:25:27.765+00:00,669.000,346.801,99,22458.2,2685,63,measure
2026-09-11T04:25:28.765+00:00,670.000,363.598,99,22458.2,2685,68,measure
2026-09-11T04:25:29.765+00:00,671.001,365.57,99,22458.2,2670,67,measure
2026-09-11T04:25:30.766+00:00,672.001,357.278,99,22458.2,2685,64,measure
2026-09-11T04:25:31.766+00:00,673.000,357.383,99,22458.2,2685,67,measure
2026-09-11T04:25:32.767+00:00,674.001,368.6,99,22458.2,2685,65,measure
2026-09-11T04:25:33.796+00:00,675.001,370.506,99,22458.2,2685,65,measure
2026-09-11T04:25:34.783+00:00,676.000,346.7,99,22458.2,2670,68,measure
2026-09-11T04:25:35.767+00:00,677.002,362.815,99,22458.2,2685,64,measure
2026-09-11T04:25:36.766+00:00,678.001,376.422,99,22458.2,2685,67,measure
2026-09-11T04:25:37.766+00:00,679.000,356.528,99,22458.2,2685,67,measure
2026-09-11T04:25:38.800+00:00,680.003,363.231,99,22458.2,2685,67,measure
2026-09-11T04:25:39.766+00:00,681.001,364.154,99,22458.2,2685,64,measure
2026-09-11T04:25:40.773+00:00,682.008,357.17,99,22458.2,2685,66,measure
2026-09-11T04:25:41.832+00:00,683.021,352.03,99,22475.9,2685,63,measure
2026-09-11T04:25:42.778+00:00,684.013,357.148,99,22551.7,2685,67,measure
2026-09-11T04:25:41.267+00:00,685.000,365.768,99,22551.7,2685,64,measure
2026-09-11T04:25:42.270+00:00,686.001,334.454,99,22605.2,2685,63,measure
2026-09-11T04:25:43.266+00:00,687.000,354.063,99,22605.2,2685,63,measure
2026-09-11T04:25:44.267+00:00,688.001,363.711,99,22605.2,2685,65,measure
2026-09-11T04:25:45.267+00:00,689.000,350.733,99,22605.2,2685,65,measure
2026-09-11T04:25:46.267+00:00,690.001,354.594,99,22516.6,2685,64,measure
2026-09-11T04:25:47.286+00:00,691.003,364.395,99,22517.1,2685,63,measure
2026-09-11T04:25:48.269+00:00,692.002,366.617,99,22500.1,2685,65,measure
2026-09-11T04:25:49.268+00:00,693.000,340.818,99,22461.8,2685,63,measure
2026-09-11T04:25:50.268+00:00,694.001,353.859,99,22472.6,2685,66,measure
2026-09-11T04:25:51.313+00:00,695.000,370.229,99,22544,2685,68,measure
2026-09-11T04:25:52.267+00:00,696.001,347.501,99,22515.4,2685,63,measure
2026-09-11T04:25:53.281+00:00,697.001,355.407,99,22489.2,2685,66,measure
2026-09-11T04:25:54.269+00:00,698.000,367.14,99,22484.3,2685,66,measure
2026-09-11T04:25:55.267+00:00,699.001,359.697,99,22488.1,2685,67,measure
2026-09-11T04:25:56.267+00:00,700.001,345.76,99,22634,2685,64,measure
2026-09-11T04:25:57.279+00:00,701.012,361.834,99,22583,2685,65,measure
2026-09-11T04:25:58.287+00:00,702.009,369.143,99,22581.3,2685,64,measure
2026-09-11T04:25:59.268+00:00,703.001,345.343,99,22535.5,2685,64,measure
2026-09-11T04:26:00.267+00:00,704.000,358.351,99,22471.5,2685,68,measure
2026-09-11T04:26:01.267+00:00,705.001,358.22,99,22516,2685,67,measure
2026-09-11T04:26:02.266+00:00,706.000,356.743,99,22481.6,2685,63,measure
2026-09-11T04:26:03.267+00:00,707.001,345.632,99,22526.3,2685,66,measure
2026-09-11T04:26:04.267+00:00,708.000,361.887,99,22531.3,2640,63,measure
2026-09-11T04:26:05.268+00:00,709.001,368.243,99,22531.3,2685,65,measure
2026-09-11T04:26:06.269+00:00,710.000,339.198,99,22510.5,2685,67,measure
2026-09-11T04:26:07.266+00:00,711.000,354.687,99,22510.5,2685,64,measure
2026-09-11T04:26:08.266+00:00,712.000,367.045,99,22510.5,2685,65,measure
2026-09-11T04:26:09.268+00:00,713.001,355.505,99,22531.3,2685,63,measure
2026-09-11T04:26:10.266+00:00,714.000,358.58,99,22518.5,2685,67,measure
2026-09-11T04:26:11.268+00:00,715.000,367.395,99,22518.5,2685,64,measure
2026-09-11T04:26:12.269+00:00,716.000,361.574,99,22535.2,2685,63,measure
2026-09-11T04:26:10.797+00:00,717.001,346.892,99,22536.2,2685,63,measure
2026-09-11T04:26:11.773+00:00,718.000,363.212,99,22528.2,2685,64,measure
2026-09-11T04:26:12.765+00:00,719.000,377.046,99,22511.3,2685,69,measure
2026-09-11T04:26:13.766+00:00,720.000,356.056,99,22511.3,2685,64,measure
2026-09-11T04:26:14.767+00:00,721.001,360.385,99,22528.2,2685,64,measure
2026-09-11T04:26:15.767+00:00,722.000,361.324,99,22536.2,2685,70,measure
2026-09-11T04:26:16.766+00:00,723.001,357.732,99,22479.1,2685,65,measure
2026-09-11T04:26:17.768+00:00,724.001,351.212,99,22479.1,2685,64,measure
2026-09-11T04:26:18.766+00:00,725.000,363.343,99,22479.1,2685,63,measure
2026-09-11T04:26:19.766+00:00,726.001,369.859,99,22479.1,2685,65,measure
2026-09-11T04:26:20.767+00:00,727.001,339.744,99,22479.1,2685,63,measure
2026-09-11T04:26:21.772+00:00,728.007,357.548,99,22479.1,2685,64,measure
2026-09-11T04:26:22.774+00:00,729.000,375.456,99,22479.1,2670,64,measure
2026-09-11T04:26:23.765+00:00,730.000,354.761,99,22479.1,2685,67,measure
2026-09-11T04:26:24.766+00:00,731.001,358.819,99,22479.1,2685,66,measure
2026-09-11T04:26:25.765+00:00,732.000,365.147,99,22479.1,2685,67,measure
2026-09-11T04:26:26.771+00:00,733.001,359.512,99,22479.1,2685,63,measure
2026-09-11T04:26:27.767+00:00,734.001,349.493,99,22479.1,2685,63,measure
2026-09-11T04:26:28.766+00:00,735.001,357.72,99,22479.1,2670,63,measure
2026-09-11T04:26:29.766+00:00,736.000,369.608,99,22479.1,2670,68,measure
2026-09-11T04:26:30.767+00:00,737.002,345.508,99,22479.1,2685,68,measure
2026-09-11T04:26:31.769+00:00,738.002,356.172,99,22479.1,2685,63,measure
2026-09-11T04:26:32.767+00:00,739.001,364.728,99,22479.1,2685,67,measure
2026-09-11T04:26:33.769+00:00,740.002,354.005,99,22479.1,2685,63,measure
2026-09-11T04:26:34.767+00:00,741.002,357.418,99,22479.1,2685,70,measure
2026-09-11T04:26:35.811+00:00,742.001,367.227,99,22479.1,2685,63,measure
2026-09-11T04:26:36.766+00:00,743.001,369.109,99,22479.1,2685,63,measure
2026-09-11T04:26:37.784+00:00,744.001,348.286,99,22479.1,2685,63,measure
2026-09-11T04:26:38.767+00:00,745.000,365.398,99,22479.1,2685,66,measure
2026-09-11T04:26:39.767+00:00,746.001,371.578,99,22479.1,2685,64,measure
2026-09-11T04:26:40.767+00:00,747.002,351.456,99,22479.1,2685,63,measure
2026-09-11T04:26:41.767+00:00,748.002,357.675,99,22479.1,2685,69,measure
2026-09-11T04:26:42.766+00:00,749.000,360.381,99,22479.1,2685,68,measure
2026-09-11T04:26:41.289+00:00,750.002,356.373,99,22479.1,2685,65,measure
2026-09-11T04:26:42.287+00:00,751.001,359.429,99,22479.1,2685,64,measure
2026-09-11T04:26:43.286+00:00,752.001,365.267,99,22479.1,2685,69,measure
2026-09-11T04:26:44.285+00:00,753.000,370.264,99,22479.1,2685,65,measure
2026-09-11T04:26:45.286+00:00,754.000,339.247,99,22495.1,2685,65,measure
2026-09-11T04:26:46.286+00:00,755.001,359.971,99,22495.1,2685,67,measure
2026-09-11T04:26:47.287+00:00,756.001,369.02,99,22478.2,2685,64,measure
2026-09-11T04:26:48.344+00:00,757.001,350.74,99,22478.2,2685,64,measure
2026-09-11T04:26:49.286+00:00,758.000,358.075,99,22486.6,2685,68,measure
2026-09-11T04:26:50.324+00:00,759.001,364.095,99,22470.6,2685,65,measure
2026-09-11T04:26:51.287+00:00,760.000,360.304,99,22470.6,2685,64,measure
2026-09-11T04:26:52.285+00:00,761.000,352.512,99,22470.6,2685,63,measure
2026-09-11T04:26:53.287+00:00,762.001,364.96,99,22470.6,2685,66,measure
2026-09-11T04:26:54.287+00:00,763.000,368.141,99,22470.6,2685,68,measure
2026-09-11T04:26:55.286+00:00,764.001,339.96,99,22470.6,2685,64,measure
2026-09-11T04:26:56.294+00:00,765.002,354.448,99,22470.6,2685,64,measure
2026-09-11T04:26:57.286+00:00,766.001,366.627,99,22470.6,2685,69,measure
2026-09-11T04:26:58.287+00:00,767.002,355.989,99,22470.6,2685,63,measure
2026-09-11T04:26:59.286+00:00,768.000,361.745,99,22470.6,2685,65,measure
2026-09-11T04:27:00.291+00:00,769.001,365.314,99,22470.6,2655,63,measure
2026-09-11T04:27:01.305+00:00,770.000,371.631,99,22470.6,2685,65,measure
2026-09-11T04:27:02.286+00:00,771.001,350.156,99,22470.6,2685,66,measure
2026-09-11T04:27:03.286+00:00,772.001,366.37,99,22470.6,2685,64,measure
2026-09-11T04:27:04.286+00:00,773.001,373.759,99,22470.6,2685,64,measure
2026-09-11T04:27:05.287+00:00,774.001,355.326,99,22470.6,2685,66,measure
2026-09-11T04:27:06.287+00:00,775.001,362.566,99,22470.6,2670,67,measure
2026-09-11T04:27:07.287+00:00,776.002,365.835,99,22470.6,2685,68,measure
2026-09-11T04:27:08.286+00:00,777.001,355.331,99,22470.6,2685,64,measure
2026-09-11T04:27:09.288+00:00,778.003,352.867,99,22470.6,2685,67,measure
2026-09-11T04:27:10.328+00:00,779.001,363.016,99,22470.6,2685,65,measure
2026-09-11T04:27:11.287+00:00,780.000,368.818,99,22470.6,2685,67,measure
2026-09-11T04:27:12.287+00:00,781.000,343.76,99,22470.6,2685,68,measure
2026-09-11T04:27:10.802+00:00,782.000,362.14,99,22470.6,2685,64,measure
2026-09-11T04:27:11.802+00:00,783.000,369.341,99,22470.6,2655,67,measure
2026-09-11T04:27:12.858+00:00,784.000,352.941,99,22470.6,2685,63,measure
2026-09-11T04:27:13.802+00:00,785.000,362.09,99,22470.6,2685,64,measure
2026-09-11T04:27:14.802+00:00,786.000,362.003,99,22470.6,2685,64,measure
2026-09-11T04:27:15.803+00:00,787.000,363.339,99,22470.6,2685,63,measure
2026-09-11T04:27:16.802+00:00,788.000,351.8,99,22470.6,2685,63,measure
2026-09-11T04:27:17.849+00:00,789.000,357.539,99,22470.6,2685,65,measure
2026-09-11T04:27:18.829+00:00,790.000,368.094,99,22470.6,2685,65,measure
2026-09-11T04:27:19.801+00:00,791.000,339.554,99,22470.6,2685,63,measure
2026-09-11T04:27:20.803+00:00,792.000,355.482,99,22470.6,2685,69,measure
2026-09-11T04:27:21.805+00:00,793.000,366.16,99,22470.6,2685,69,measure
2026-09-11T04:27:22.811+00:00,794.008,354.172,99,22470.6,2685,65,measure
2026-09-11T04:27:23.803+00:00,795.002,361.811,99,22470.6,2685,64,measure
2026-09-11T04:27:24.802+00:00,796.001,365.465,99,22470.6,2685,69,measure
2026-09-11T04:27:25.802+00:00,797.001,373.49,99,22470.6,2685,63,measure
2026-09-11T04:27:26.803+00:00,798.001,348.566,99,22470.6,2685,65,measure
2026-09-11T04:27:27.859+00:00,799.001,365.97,99,22470.6,2685,66,measure
2026-09-11T04:27:28.802+00:00,800.000,372.827,99,22470.6,2685,64,measure
2026-09-11T04:27:29.802+00:00,801.000,355.284,99,22470.6,2685,63,measure
2026-09-11T04:27:30.802+00:00,802.000,360.88,99,22470.6,2685,65,measure
2026-09-11T04:27:31.802+00:00,803.000,366.088,99,22470.6,2685,64,measure
2026-09-11T04:27:32.807+00:00,804.001,356.387,99,22470.6,2685,63,measure
2026-09-11T04:27:33.839+00:00,805.000,352.629,99,22470.6,2685,68,measure
2026-09-11T04:27:34.803+00:00,806.001,367.673,99,22470.6,2670,64,measure
2026-09-11T04:27:35.802+00:00,807.000,369.78,99,22470.6,2685,69,measure
2026-09-11T04:27:36.803+00:00,808.001,343.104,99,22470.6,2670,64,measure
2026-09-11T04:27:37.802+00:00,809.000,361.052,99,22470.6,2685,64,measure
2026-09-11T04:27:38.843+00:00,810.006,377.25,99,22470.6,2685,64,measure
2026-09-11T04:27:39.804+00:00,811.001,355.457,99,22470.6,2685,67,measure
2026-09-11T04:27:40.802+00:00,812.001,362.482,99,22470.6,2685,64,measure
2026-09-11T04:27:41.802+00:00,813.000,362.539,99,22470.6,2685,63,measure
2026-09-11T04:27:42.802+00:00,814.001,365.197,99,22470.6,2685,64,measure
2026-09-11T04:27:41.306+00:00,815.001,351.249,99,22470.6,2685,68,measure
2026-09-11T04:27:42.341+00:00,816.001,357.741,99,22470.6,2640,64,measure
2026-09-11T04:27:43.308+00:00,817.001,367.415,99,22470.6,2685,64,measure
2026-09-11T04:27:44.306+00:00,818.000,340.428,99,22470.6,2685,65,measure
2026-09-11T04:27:45.306+00:00,819.000,358.8,99,22470.6,2685,65,measure
2026-09-11T04:27:46.307+00:00,820.001,366.571,99,22470.6,2640,69,measure
2026-09-11T04:27:47.306+00:00,821.000,353.018,99,22470.6,2685,63,measure
2026-09-11T04:27:48.325+00:00,822.001,362.374,99,22470.6,2685,66,measure
2026-09-11T04:27:49.320+00:00,823.001,367.012,99,22470.6,2685,68,measure
2026-09-11T04:27:50.306+00:00,824.000,364.173,99,22470.6,2685,68,measure
2026-09-11T04:27:51.306+00:00,825.000,348.536,99,22470.6,2685,66,measure
2026-09-11T04:27:52.306+00:00,826.001,365.823,99,22470.6,2685,66,measure
2026-09-11T04:27:53.334+00:00,827.000,373.853,99,22470.6,2685,66,measure
2026-09-11T04:27:54.308+00:00,828.000,344.519,99,22470.6,2685,67,measure
2026-09-11T04:27:55.308+00:00,829.000,361.112,99,22470.6,2685,67,measure
2026-09-11T04:27:56.306+00:00,830.000,365.55,99,22470.6,2685,64,measure
2026-09-11T04:27:57.306+00:00,831.001,355.537,99,22470.6,2685,64,measure
2026-09-11T04:27:58.306+00:00,832.000,357.126,99,22470.6,2685,63,measure
2026-09-11T04:27:59.306+00:00,833.000,367.219,99,22470.6,2685,67,measure
2026-09-11T04:28:00.307+00:00,834.000,369.694,99,22470.6,2670,64,measure
2026-09-11T04:28:01.309+00:00,835.000,342.319,99,22470.6,2685,63,measure
2026-09-11T04:28:02.306+00:00,836.000,366.005,99,22470.6,2685,65,measure
2026-09-11T04:28:03.334+00:00,837.000,377.537,99,22470.6,2685,70,measure
2026-09-11T04:28:04.307+00:00,838.001,356.391,99,22470.6,2685,64,measure
2026-09-11T04:28:05.305+00:00,839.000,361.66,99,22470.6,2685,64,measure
2026-09-11T04:28:06.311+00:00,840.000,362.642,99,22470.6,2685,69,measure
2026-09-11T04:28:07.307+00:00,841.000,356.003,99,22470.6,2685,64,measure
2026-09-11T04:28:08.339+00:00,842.001,351.404,99,22470.6,2685,64,measure
2026-09-11T04:28:09.332+00:00,843.001,356.85,99,22470.6,2655,63,measure
2026-09-11T04:28:10.306+00:00,844.000,367.427,99,22470.6,2685,67,measure
2026-09-11T04:28:11.306+00:00,845.000,340.285,99,22470.6,2685,63,measure
2026-09-11T04:28:12.309+00:00,846.000,362.56,99,22470.6,2685,64,measure
2026-09-11T04:28:10.843+00:00,847.000,366.91,99,22470.6,2640,65,measure
2026-09-11T04:28:11.807+00:00,848.001,352.152,99,22470.6,2685,66,measure
2026-09-11T04:28:12.814+00:00,849.000,362.271,99,22470.6,2685,65,measure
2026-09-11T04:28:13.807+00:00,850.000,366.578,99,22470.6,2685,68,measure
2026-09-11T04:28:14.809+00:00,851.001,365.765,99,22470.6,2685,66,measure
2026-09-11T04:28:15.809+00:00,852.001,348.129,99,22470.6,2685,63,measure
2026-09-11T04:28:16.808+00:00,853.001,358.004,99,22470.6,2685,63,measure
2026-09-11T04:28:17.807+00:00,854.000,330.558,99,22470.6,2685,62,measure
2026-09-11T04:28:18.807+00:00,855.001,341.456,99,22470.6,2640,62,measure
2026-09-11T04:28:19.806+00:00,856.000,336.326,99,22470.6,2685,63,measure
2026-09-11T04:28:20.809+00:00,857.001,328.707,99,22470.6,2685,62,measure
2026-09-11T04:28:21.811+00:00,858.002,325.588,99,22470.6,2685,62,measure
2026-09-11T04:28:22.807+00:00,859.000,321.345,99,22470.6,2685,62,measure
2026-09-11T04:28:23.816+00:00,860.009,329.652,99,22470.6,2685,62,measure
2026-09-11T04:28:24.816+00:00,861.008,336.848,99,22470.6,2685,62,measure
2026-09-11T04:28:25.812+00:00,862.005,315.158,99,22470.6,2685,62,measure
2026-09-11T04:28:26.811+00:00,863.003,308.772,99,22470.6,2685,64,measure
2026-09-11T04:28:27.808+00:00,864.000,304.477,99,22470.6,2685,61,measure
2026-09-11T04:28:28.813+00:00,865.006,298.787,99,22470.6,2685,61,measure
2026-09-11T04:28:29.810+00:00,866.004,293.254,99,22470.6,2685,61,measure
2026-09-11T04:28:30.810+00:00,867.002,286.411,99,22470.6,2685,60,measure
2026-09-11T04:28:31.808+00:00,868.002,285.629,99,22470.6,2685,60,measure
2026-09-11T04:28:32.810+00:00,869.002,298.179,99,22470.6,2685,60,measure
2026-09-11T04:28:33.808+00:00,870.001,305.785,99,22470.6,2685,63,measure
2026-09-11T04:28:34.807+00:00,871.000,319.293,99,22470.6,2685,66,measure
2026-09-11T04:28:35.825+00:00,872.017,316.805,99,22470.6,2685,62,measure
2026-09-11T04:28:36.807+00:00,873.000,329.42,99,22470.6,2685,62,measure
2026-09-11T04:28:37.807+00:00,874.000,321.334,99,22470.6,2685,62,measure
2026-09-11T04:28:38.808+00:00,875.001,322.286,99,22470.6,2685,62,measure
2026-09-11T04:28:39.811+00:00,876.001,327.387,99,22470.6,2685,62,measure
2026-09-11T04:28:40.808+00:00,877.001,341.51,99,22470.6,2685,63,measure
2026-09-11T04:28:41.807+00:00,878.000,320.187,99,22480.5,2685,61,measure
2026-09-11T04:28:40.353+00:00,879.000,353.628,99,22472.1,2685,63,measure
2026-09-11T04:28:41.319+00:00,880.001,344.937,99,22472.1,2685,62,measure
2026-09-11T04:28:42.321+00:00,881.001,325.053,99,22472.1,2640,62,measure
2026-09-11T04:28:43.320+00:00,882.000,321.346,99,22472.1,2685,61,measure
2026-09-11T04:28:44.320+00:00,883.001,308.212,99,22472.1,2685,64,measure
2026-09-11T04:28:45.319+00:00,884.000,307.091,99,22504.5,2685,60,measure
2026-09-11T04:28:46.319+00:00,885.000,315.712,99,22568.9,2685,61,measure
2026-09-11T04:28:47.320+00:00,886.001,318.571,99,22531.9,2685,61,measure
2026-09-11T04:28:48.320+00:00,887.000,298.754,99,22540.6,2685,60,measure
2026-09-11T04:28:49.321+00:00,888.000,295.963,99,22715.6,2685,60,measure
2026-09-11T04:28:50.320+00:00,889.002,292.191,99,22691.8,2685,62,measure
2026-09-11T04:28:51.320+00:00,890.002,305.931,99,22713.3,2685,60,measure
2026-09-11T04:28:52.320+00:00,891.002,294.041,99,22713.3,2685,60,measure
2026-09-11T04:28:53.319+00:00,892.001,307.516,99,22713.3,2685,60,measure
2026-09-11T04:28:54.321+00:00,893.001,289.229,99,22704.6,2685,59,measure
2026-09-11T04:28:55.322+00:00,894.001,299.584,99,22715.6,2685,60,measure
2026-09-11T04:28:56.318+00:00,895.000,295.151,99,22719.7,2685,60,measure
2026-09-11T04:28:57.319+00:00,896.000,300.189,99,22720.3,2685,60,measure
2026-09-11T04:28:58.321+00:00,897.000,283.144,99,22769.1,2685,59,measure
2026-09-11T04:28:59.319+00:00,898.000,298.474,99,22774.2,2685,60,measure
2026-09-11T04:29:00.320+00:00,899.001,308.449,99,22773.7,2685,63,measure
2026-09-11T04:29:01.322+00:00,900.001,320.747,99,22773.7,2685,61,measure
2026-09-11T04:29:02.319+00:00,901.001,345.946,99,22773.7,2685,63,measure
2026-09-11T04:29:03.319+00:00,902.001,335.158,99,22711.4,2685,65,measure
2026-09-11T04:29:04.319+00:00,903.001,327.284,99,22711.1,2685,61,measure
2026-09-11T04:29:05.319+00:00,904.001,313.068,99,22710.3,2685,61,measure
2026-09-11T04:29:06.320+00:00,905.000,314.263,99,22710.3,2685,61,measure
2026-09-11T04:29:07.321+00:00,906.000,305.955,99,22710.3,2685,60,measure
2026-09-11T04:29:08.318+00:00,907.000,308.662,99,22706.3,2685,61,measure
2026-09-11T04:29:09.319+00:00,908.001,313.397,99,22695.3,2685,60,measure
2026-09-11T04:29:10.365+00:00,909.000,309.55,99,22695.3,2580,62,measure
2026-09-11T04:29:11.320+00:00,910.001,344.726,99,22695.3,2685,63,measure
2026-09-11T04:29:12.321+00:00,911.001,332.43,99,22695.3,2685,64,measure
2026-09-11T04:29:10.827+00:00,912.000,318.483,99,22695.3,2685,61,measure
2026-09-11T04:29:11.826+00:00,913.000,306.856,99,22695.3,2685,61,measure
2026-09-11T04:29:12.826+00:00,914.000,317.603,99,22695.3,2685,61,measure
2026-09-11T04:29:13.826+00:00,915.000,319.114,99,22695.3,2685,61,measure
2026-09-11T04:29:14.826+00:00,916.000,325.586,99,22695.3,2685,61,measure
2026-09-11T04:29:15.828+00:00,917.000,308.041,99,22695.3,2685,60,measure
2026-09-11T04:29:16.827+00:00,918.000,314.777,99,22695.3,2685,60,measure
2026-09-11T04:29:17.826+00:00,919.000,305.291,99,22695.3,2685,63,measure
2026-09-11T04:29:18.826+00:00,920.000,312.87,99,22695.3,2685,61,measure
2026-09-11T04:29:19.826+00:00,921.001,306.938,99,22710.3,2685,60,measure
2026-09-11T04:29:20.826+00:00,922.001,299.444,99,22677.8,2685,60,measure
2026-09-11T04:29:21.828+00:00,923.000,312.313,99,22677.8,2685,60,measure
2026-09-11T04:29:22.828+00:00,924.000,306.705,99,22679.1,2685,62,measure
2026-09-11T04:29:23.826+00:00,925.000,329.049,99,22679.1,2685,61,measure
2026-09-11T04:29:24.826+00:00,926.000,327.043,99,22679.1,2685,61,measure
2026-09-11T04:29:25.827+00:00,927.000,324.749,99,22679.1,2685,61,measure
2026-09-11T04:29:26.826+00:00,928.000,321.135,99,22687.5,2685,62,measure
2026-09-11T04:29:27.831+00:00,929.005,320.669,99,22687.5,2685,61,measure
2026-09-11T04:29:28.827+00:00,930.002,325.783,99,22688.5,2685,63,measure
2026-09-11T04:29:29.826+00:00,931.000,337.246,99,22622.4,2685,62,measure
2026-09-11T04:29:30.828+00:00,932.002,328.587,99,22666.2,2685,61,measure
2026-09-11T04:29:31.826+00:00,933.000,330.905,99,22650.1,2685,62,measure
2026-09-11T04:29:32.826+00:00,934.001,326.899,99,22650.6,2685,62,measure
2026-09-11T04:29:33.830+00:00,935.000,336.274,99,22745.2,2655,61,measure
2026-09-11T04:29:34.828+00:00,936.001,331.648,99,22622.6,2685,61,measure
2026-09-11T04:29:35.826+00:00,937.000,333.07,99,22621.5,2685,61,measure
2026-09-11T04:29:36.826+00:00,938.000,327.342,99,22448,2685,63,measure
2026-09-11T04:29:37.826+00:00,939.000,328.446,99,22448,2685,62,measure
2026-09-11T04:29:38.826+00:00,940.000,332.542,99,22456,2685,62,measure
2026-09-11T04:29:39.828+00:00,941.000,323.847,99,22456,2685,60,measure
2026-09-11T04:29:40.826+00:00,942.000,320.128,99,22474.5,2685,60,measure
2026-09-11T04:29:41.826+00:00,943.000,305.548,99,22504,2685,60,measure
2026-09-11T04:29:40.325+00:00,944.001,302.137,99,22504,2685,60,measure
2026-09-11T04:29:41.325+00:00,945.001,302.802,99,22470.9,2685,60,measure
2026-09-11T04:29:42.324+00:00,946.000,294.566,99,22473.2,2685,60,measure
2026-09-11T04:29:43.330+00:00,947.001,316.649,99,22473.2,2685,62,measure
2026-09-11T04:29:44.324+00:00,948.000,310.964,99,22509.6,2685,61,measure
2026-09-11T04:29:45.324+00:00,949.000,316.996,99,22509.6,2685,61,measure
2026-09-11T04:29:46.325+00:00,950.000,302.413,99,22509.6,2685,61,measure
2026-09-11T04:29:47.325+00:00,951.001,304.705,99,22509.6,2685,64,measure
2026-09-11T04:29:48.324+00:00,952.000,309.304,99,22481.4,2685,62,measure
2026-09-11T04:29:49.327+00:00,953.002,318.921,99,22492.4,2685,61,measure
2026-09-11T04:29:50.336+00:00,954.012,313.149,99,22496.6,2685,63,measure
2026-09-11T04:29:51.330+00:00,955.006,314.191,99,22496.5,2685,61,measure
2026-09-11T04:29:52.326+00:00,956.002,310.443,99,22524.5,2685,60,measure
2026-09-11T04:29:53.326+00:00,957.002,355.943,99,22560.5,2685,62,measure
2026-09-11T04:29:54.328+00:00,958.003,344.837,99,22560.5,2685,61,measure
2026-09-11T04:29:55.338+00:00,959.002,340.1,99,22560.5,2685,68,measure
2026-09-11T04:29:56.327+00:00,960.004,337.131,99,22552.6,2685,62,measure
2026-09-11T04:29:57.325+00:00,961.001,316.719,99,22561.8,2685,61,measure
2026-09-11T04:29:58.330+00:00,962.005,298.283,99,22563.8,2685,60,measure
2026-09-11T04:29:59.325+00:00,963.001,285.877,99,22568.1,2685,59,measure
2026-09-11T04:30:00.332+00:00,964.006,291.002,99,22568.1,2685,61,measure
2026-09-11T04:30:01.328+00:00,965.002,304.179,99,22572.8,2685,62,measure
2026-09-11T04:30:02.330+00:00,966.006,319.847,99,22554.6,2685,63,measure
2026-09-11T04:30:03.326+00:00,967.002,321.093,99,22425.8,2685,64,measure
2026-09-11T04:30:04.326+00:00,968.002,333.732,99,22467.5,2685,62,measure
2026-09-11T04:30:05.325+00:00,969.001,308.987,99,22464.4,2685,60,measure
2026-09-11T04:30:06.329+00:00,970.004,305.313,99,22490.1,2685,60,measure
2026-09-11T04:30:07.332+00:00,971.008,308.709,99,22490.1,2685,60,measure
2026-09-11T04:30:08.342+00:00,972.017,324.784,99,22490.1,2685,62,measure
2026-09-11T04:30:09.331+00:00,973.007,322.206,99,22490.1,2685,60,measure
2026-09-11T04:30:10.327+00:00,974.004,318.229,99,22490.1,2685,61,measure
2026-09-11T04:30:11.325+00:00,975.001,312.123,99,22490.1,2685,61,measure
2026-09-11T04:30:09.851+00:00,976.005,301.91,99,22490.1,2685,62,measure
2026-09-11T04:30:10.850+00:00,977.007,309.564,99,22490.1,2685,60,measure
2026-09-11T04:30:11.847+00:00,978.004,305.523,99,22490.1,2685,60,measure
2026-09-11T04:30:12.843+00:00,979.000,300.051,99,22490.1,2685,60,measure
2026-09-11T04:30:13.858+00:00,980.015,301.435,99,22490.1,2685,61,measure
2026-09-11T04:30:14.855+00:00,981.007,295.761,99,22490.1,2685,59,measure
2026-09-11T04:30:15.851+00:00,982.003,298.374,99,22464.2,2685,59,measure
2026-09-11T04:30:16.855+00:00,983.012,308.242,99,22476.9,2685,60,measure
2026-09-11T04:30:17.849+00:00,984.006,321.546,99,22482.1,2685,61,measure
2026-09-11T04:30:18.853+00:00,985.009,299.135,99,22485,2685,59,measure
2026-09-11T04:30:19.853+00:00,986.009,304.769,99,22487,2685,60,measure
2026-09-11T04:30:20.854+00:00,987.008,305.49,99,22480.4,2685,63,measure
2026-09-11T04:30:21.850+00:00,988.006,318.601,99,22480.4,2685,61,measure
2026-09-11T04:30:22.846+00:00,989.003,312.34,99,22481.7,2685,60,measure
2026-09-11T04:30:23.845+00:00,990.002,318.31,99,22483.7,2685,60,measure
2026-09-11T04:30:24.845+00:00,991.002,294.273,99,22496.7,2670,59,measure
2026-09-11T04:30:25.844+00:00,992.001,303.576,99,22499.2,2685,62,measure
2026-09-11T04:30:26.855+00:00,993.012,297.868,99,22485.5,2685,59,measure
2026-09-11T04:30:27.851+00:00,994.007,305.79,99,22473.5,2685,60,measure
2026-09-11T04:30:28.865+00:00,995.021,304.31,99,22485.5,2685,62,measure
2026-09-11T04:30:29.857+00:00,996.013,312.035,99,22475.5,2685,60,measure
2026-09-11T04:30:30.850+00:00,997.007,321.657,99,22447.4,2685,60,measure
2026-09-11T04:30:31.863+00:00,998.020,312.7,99,22447.4,2685,60,measure
2026-09-11T04:30:32.856+00:00,999.013,311.44,99,22447.4,2685,61,measure
2026-09-11T04:30:33.856+00:00,1000.013,303.541,99,22431.6,2685,60,measure
2026-09-11T04:30:34.874+00:00,1001.031,311.19,99,22431.6,2685,63,measure
2026-09-11T04:30:35.865+00:00,1002.017,308.696,99,22456.3,2685,61,measure
2026-09-11T04:30:36.870+00:00,1003.025,312.217,99,22456.3,2685,60,measure
2026-09-11T04:30:37.857+00:00,1004.012,305.855,99,22455.1,2685,59,measure
2026-09-11T04:30:38.852+00:00,1005.007,304.542,99,22455.1,2685,61,measure
2026-09-11T04:30:39.848+00:00,1006.003,306.172,99,22455.2,2685,59,measure
2026-09-11T04:30:40.851+00:00,1007.008,296.103,99,22439.4,2685,59,measure
2026-09-11T04:30:41.846+00:00,1008.003,301.615,99,22427,2685,59,measure
2026-09-11T04:30:40.347+00:00,1009.000,300.489,99,22578.5,2685,60,measure
2026-09-11T04:30:41.347+00:00,1010.000,304.862,99,22609.5,2685,62,measure
2026-09-11T04:30:42.349+00:00,1011.002,315.001,99,22630.1,2685,60,measure
2026-09-11T04:30:43.350+00:00,1012.002,302.44,99,22650.1,2685,60,measure
2026-09-11T04:30:44.350+00:00,1013.003,295.865,99,22658.5,2685,60,measure
2026-09-11T04:30:45.351+00:00,1014.005,300.048,99,22657.5,2685,59,measure
2026-09-11T04:30:46.347+00:00,1015.000,309.036,99,22621.5,2685,59,measure
2026-09-11T04:30:47.347+00:00,1016.001,326.525,99,22618.8,2685,62,measure
2026-09-11T04:30:48.347+00:00,1017.001,333.659,99,22603.8,2685,61,measure
2026-09-11T04:30:49.348+00:00,1018.000,321.509,99,22603.8,2685,61,measure
2026-09-11T04:30:50.349+00:00,1019.001,316.164,99,22603.8,2685,60,measure
2026-09-11T04:30:51.347+00:00,1020.001,305.489,99,22603.8,2685,61,measure
2026-09-11T04:30:52.347+00:00,1021.001,300.839,99,22552.8,2685,59,measure
2026-09-11T04:30:53.347+00:00,1022.000,309.968,99,22552.8,2685,59,measure
2026-09-11T04:30:54.347+00:00,1023.001,304.353,99,22552.8,2685,60,measure
2026-09-11T04:30:55.348+00:00,1024.000,313.329,99,22552.8,2685,60,measure
2026-09-11T04:30:56.349+00:00,1025.001,320.493,99,22544.4,2685,61,measure
2026-09-11T04:30:57.347+00:00,1026.001,311.55,99,22544.4,2685,59,measure
2026-09-11T04:30:58.347+00:00,1027.001,320.914,99,22544.4,2685,60,measure
2026-09-11T04:30:59.347+00:00,1028.001,317.084,99,22559.4,2685,62,measure
2026-09-11T04:31:00.347+00:00,1029.000,319.362,99,22549.7,2685,60,measure
2026-09-11T04:31:01.349+00:00,1030.000,333.794,99,22549.7,2685,61,measure
2026-09-11T04:31:02.349+00:00,1031.001,324.225,99,22549.7,2685,61,measure
2026-09-11T04:31:03.347+00:00,1032.001,318.649,99,22534.7,2685,62,measure
2026-09-11T04:31:04.347+00:00,1033.000,311.195,100,22552.7,2685,63,measure
2026-09-11T04:31:05.348+00:00,1034.000,311.771,99,22552.7,2685,62,measure
2026-09-11T04:31:06.347+00:00,1035.000,313.119,99,22549.7,2685,60,measure
2026-09-11T04:31:07.348+00:00,1036.000,320.927,99,22549.7,2685,61,measure
2026-09-11T04:31:08.349+00:00,1037.000,309.46,99,22534.7,2685,60,measure
2026-09-11T04:31:09.347+00:00,1038.001,304.158,99,22534.7,2685,60,measure
2026-09-11T04:31:10.347+00:00,1039.000,306.215,99,22534.7,2685,63,measure
2026-09-11T04:31:11.347+00:00,1040.001,317.657,99,22534.7,2685,60,measure
2026-09-11T04:31:12.347+00:00,1041.000,340.801,99,22534.7,2685,62,measure
2026-09-11T04:31:10.848+00:00,1042.000,338.697,99,22534.7,2685,64,measure
2026-09-11T04:31:11.848+00:00,1043.000,331.472,99,22552.7,2685,61,measure
2026-09-11T04:31:12.846+00:00,1044.000,334.284,99,22552.7,2685,63,measure
2026-09-11T04:31:13.846+00:00,1045.001,337.157,99,22551.3,2685,61,measure
2026-09-11T04:31:14.846+00:00,1046.000,339.072,99,22558.7,2685,65,measure
2026-09-11T04:31:15.846+00:00,1047.001,344.897,99,22558.7,2685,61,measure
2026-09-11T04:31:16.848+00:00,1048.001,327.765,99,22559.7,2685,61,measure
2026-09-11T04:31:17.847+00:00,1049.000,328.936,99,22559.7,2685,61,measure
2026-09-11T04:31:18.846+00:00,1050.001,320.947,99,22547.7,2685,62,measure
2026-09-11T04:31:19.846+00:00,1051.000,322.302,99,22543.7,2685,61,measure
2026-09-11T04:31:20.847+00:00,1052.001,320.014,99,22543.7,2685,61,measure
2026-09-11T04:31:21.849+00:00,1053.001,320.71,99,22557.7,2685,60,measure
2026-09-11T04:31:22.852+00:00,1054.005,312.196,99,22542.7,2685,60,measure
2026-09-11T04:31:23.847+00:00,1055.002,311.236,99,22557.7,2685,60,measure
2026-09-11T04:31:24.847+00:00,1056.002,313.748,99,22545.7,2685,60,measure
2026-09-11T04:31:25.850+00:00,1057.004,328.762,100,22542.7,2685,60,measure
2026-09-11T04:31:26.847+00:00,1058.001,319.663,99,22542.7,2685,64,measure
2026-09-11T04:31:27.846+00:00,1059.001,326.177,99,22542.7,2685,61,measure
2026-09-11T04:31:28.848+00:00,1060.001,309.906,99,22542.7,2685,60,measure
2026-09-11T04:31:29.847+00:00,1061.001,316.513,99,22542.7,2685,63,measure
2026-09-11T04:31:30.885+00:00,1062.001,314.814,99,22557.7,2685,61,measure
2026-09-11T04:31:31.846+00:00,1063.000,350.628,99,22557.7,2685,61,measure
2026-09-11T04:31:32.847+00:00,1064.000,337.889,99,22553.7,2685,61,measure
2026-09-11T04:31:33.847+00:00,1065.000,339.468,99,22542.7,2685,62,measure
2026-09-11T04:31:34.851+00:00,1066.000,327.888,99,22557.7,2685,62,measure
2026-09-11T04:31:35.847+00:00,1067.002,312.592,99,22557.7,2685,61,measure
2026-09-11T04:31:36.846+00:00,1068.000,327.609,99,22557.7,2685,67,measure
2026-09-11T04:31:37.847+00:00,1069.002,322.956,99,22557.7,2685,63,measure
2026-09-11T04:31:38.846+00:00,1070.000,312.701,99,22557.7,2685,60,measure
2026-09-11T04:31:39.847+00:00,1071.000,313.818,99,22557.7,2685,61,measure
2026-09-11T04:31:40.848+00:00,1072.001,317.055,99,22557.7,2685,63,measure
2026-09-11T04:31:41.847+00:00,1073.001,318.288,99,22557.7,2685,61,measure
2026-09-11T04:31:40.345+00:00,1074.000,317.767,99,22557.7,2685,61,measure
2026-09-11T04:31:41.344+00:00,1075.000,313.426,99,22557.7,2685,61,measure
2026-09-11T04:31:42.345+00:00,1076.001,321.311,99,22557.7,2685,61,measure
2026-09-11T04:31:43.344+00:00,1077.000,331.642,99,22542.7,2685,61,measure
2026-09-11T04:31:44.345+00:00,1078.000,345.124,99,22542.7,2685,64,measure
2026-09-11T04:31:45.344+00:00,1079.000,328.485,99,22557.7,2685,61,measure
2026-09-11T04:31:46.344+00:00,1080.000,315.561,99,22557.7,2685,63,measure
2026-09-11T04:31:47.346+00:00,1081.000,308.508,99,22549.7,2685,62,measure
2026-09-11T04:31:48.353+00:00,1082.008,325.15,99,22542.7,2685,62,measure
2026-09-11T04:31:49.350+00:00,1083.004,332.769,99,22542.7,2685,61,measure
2026-09-11T04:31:50.362+00:00,1084.008,323.812,99,22542.7,2685,62,measure
2026-09-11T04:31:51.345+00:00,1085.001,318.008,99,22542.7,2685,62,measure
2026-09-11T04:31:52.344+00:00,1086.000,333.815,99,22542.7,2685,62,measure
2026-09-11T04:31:53.349+00:00,1087.005,330.957,99,22557.7,2685,61,measure
2026-09-11T04:31:54.346+00:00,1088.001,333.726,99,22557.7,2685,61,measure
2026-09-11T04:31:55.344+00:00,1089.000,312.615,99,22550.7,2685,60,measure
2026-09-11T04:31:56.346+00:00,1090.001,309.231,99,22557.7,2685,60,measure
2026-09-11T04:31:57.351+00:00,1091.007,306.654,99,22557.7,2685,62,measure
2026-09-11T04:31:58.344+00:00,1092.001,310.455,99,22557.7,2685,61,measure
2026-09-11T04:31:59.344+00:00,1093.000,313.73,99,22543.7,2685,61,measure
2026-09-11T04:32:00.345+00:00,1094.002,307.211,99,22557.7,2685,60,measure
2026-09-11T04:32:01.347+00:00,1095.002,306.983,99,22557.7,2685,60,measure
2026-09-11T04:32:02.345+00:00,1096.000,316.248,99,22557.7,2685,61,measure
2026-09-11T04:32:03.345+00:00,1097.001,309.181,99,22549.7,2685,62,measure
2026-09-11T04:32:04.345+00:00,1098.000,331.421,99,22542.7,2685,62,measure
2026-09-11T04:32:05.344+00:00,1099.000,324.472,99,22557.7,2685,61,measure
2026-09-11T04:32:06.344+00:00,1100.000,321.73,99,22557.7,2685,62,measure
2026-09-11T04:32:07.346+00:00,1101.000,311.069,99,22557.7,2685,63,measure
2026-09-11T04:32:08.346+00:00,1102.000,309.095,99,22557.7,2685,61,measure
2026-09-11T04:32:09.345+00:00,1103.001,313.63,99,22557.7,2685,62,measure
2026-09-11T04:32:10.345+00:00,1104.001,317.001,99,22557.7,2685,64,measure
2026-09-11T04:32:11.346+00:00,1105.001,312.295,99,22553.7,2685,61,measure
2026-09-11T04:32:12.344+00:00,1106.000,318.498,99,22557.7,2685,62,measure
2026-09-11T04:32:10.829+00:00,1107.000,305.069,100,22557.7,2685,60,measure
2026-09-11T04:32:11.830+00:00,1108.000,306.313,99,22553.7,2685,63,measure
2026-09-11T04:32:12.829+00:00,1109.001,308.42,99,22545.7,2685,60,measure
2026-09-11T04:32:13.830+00:00,1110.001,306.06,99,22557.7,2685,60,measure
2026-09-11T04:32:14.831+00:00,1111.001,316.898,99,22557.7,2685,61,measure
2026-09-11T04:32:15.828+00:00,1112.000,319.874,99,22557.7,2685,61,measure
2026-09-11T04:32:16.830+00:00,1113.000,336.723,99,22557.7,2685,62,measure
2026-09-11T04:32:17.831+00:00,1114.002,315.579,99,22557.7,2685,60,measure
2026-09-11T04:32:18.830+00:00,1115.001,328.925,99,22557.7,2685,64,measure
2026-09-11T04:32:19.828+00:00,1116.000,322.396,99,22553.7,2685,62,measure
2026-09-11T04:32:20.830+00:00,1117.001,321.029,99,22542.7,2685,62,measure
2026-09-11T04:32:21.829+00:00,1118.001,340.258,99,22557.7,2685,64,measure
2026-09-11T04:32:22.831+00:00,1119.002,331.371,99,22557.7,2685,62,measure
2026-09-11T04:32:23.831+00:00,1120.002,330.829,99,22545.7,2685,62,measure
2026-09-11T04:32:24.829+00:00,1121.001,332.27,99,22557.7,2685,64,measure
2026-09-11T04:32:25.828+00:00,1122.000,328.09,99,22557.7,2685,63,measure
2026-09-11T04:32:26.828+00:00,1123.000,324.859,99,22557.7,2685,62,measure
2026-09-11T04:32:27.828+00:00,1124.000,318.764,99,22557.7,2685,61,measure
2026-09-11T04:32:28.831+00:00,1125.001,329.057,99,22557.7,2685,61,measure
2026-09-11T04:32:29.829+00:00,1126.000,328.716,99,22557.7,2685,62,measure
2026-09-11T04:32:30.829+00:00,1127.001,316.702,99,22557.7,2685,63,measure
2026-09-11T04:32:31.829+00:00,1128.001,310.343,100,22557.7,2685,61,measure
2026-09-11T04:32:32.829+00:00,1129.001,331.891,99,22557.7,2685,62,measure
2026-09-11T04:32:33.829+00:00,1130.001,330.242,99,22557.7,2685,61,measure
2026-09-11T04:32:34.830+00:00,1131.001,337.088,99,22555.7,2685,63,measure
2026-09-11T04:32:35.830+00:00,1132.002,331.548,99,22557.7,2685,62,measure
2026-09-11T04:32:36.830+00:00,1133.002,324.178,99,22546.9,2685,62,measure
2026-09-11T04:32:37.829+00:00,1134.001,306.373,99,22526.6,2685,60,measure
2026-09-11T04:32:38.830+00:00,1135.001,307.741,99,22615.1,2685,61,measure
2026-09-11T04:32:39.829+00:00,1136.001,315.422,99,22615.1,2685,64,measure
2026-09-11T04:32:40.830+00:00,1137.001,331.116,99,22617.1,2685,63,measure
2026-09-11T04:32:41.831+00:00,1138.003,320.645,99,22617.1,2685,62,measure
2026-09-11T04:32:40.348+00:00,1139.004,307.501,99,22620.1,2685,61,measure
2026-09-11T04:32:41.353+00:00,1140.009,312.682,99,22620.1,2685,63,measure
2026-09-11T04:32:42.353+00:00,1141.007,311.44,99,22618.1,2685,61,measure
2026-09-11T04:32:43.351+00:00,1142.005,304.759,99,22618.1,2685,60,measure
2026-09-11T04:32:44.349+00:00,1143.003,298.104,99,22618.1,2685,60,measure
2026-09-11T04:32:45.346+00:00,1144.001,306.46,99,22616.1,2685,61,measure
2026-09-11T04:32:46.346+00:00,1145.002,311.84,99,22613.1,2685,61,measure
2026-09-11T04:32:47.350+00:00,1146.006,306.606,99,22609.1,2685,60,measure
2026-09-11T04:32:48.346+00:00,1147.001,307.359,100,22598.1,2685,60,measure
2026-09-11T04:32:49.349+00:00,1148.003,310.741,99,22613.1,2685,61,measure
2026-09-11T04:32:50.346+00:00,1149.001,324.206,99,22613.1,2685,61,measure
2026-09-11T04:32:51.347+00:00,1150.000,328.963,99,22613.1,2685,64,measure
2026-09-11T04:32:52.345+00:00,1151.001,341.549,99,22613.1,2685,66,measure
2026-09-11T04:32:53.345+00:00,1152.000,335.776,99,22596.8,2685,64,measure
2026-09-11T04:32:54.345+00:00,1153.000,329.897,99,22594.9,2685,62,measure
2026-09-11T04:32:55.345+00:00,1154.000,327.896,99,22578.6,2685,62,measure
2026-09-11T04:32:56.350+00:00,1155.001,327.595,99,22549.7,2685,63,measure
2026-09-11T04:32:57.346+00:00,1156.001,329.447,99,22549.7,2685,61,measure
2026-09-11T04:32:58.345+00:00,1157.000,337.552,99,22549.7,2685,62,measure
2026-09-11T04:32:59.348+00:00,1158.001,334.204,99,22541.7,2685,62,measure
2026-09-11T04:33:00.346+00:00,1159.002,334.405,99,22533.7,2685,62,measure
2026-09-11T04:33:01.345+00:00,1160.000,326.457,99,22533.7,2685,61,measure
2026-09-11T04:33:02.350+00:00,1161.000,329.105,99,22533.7,2685,64,measure
2026-09-11T04:33:03.345+00:00,1162.000,330.095,99,22533.7,2685,62,measure
2026-09-11T04:33:04.345+00:00,1163.001,329.38,99,22548.7,2685,62,measure
2026-09-11T04:33:05.345+00:00,1164.001,346.276,99,22548.7,2685,62,measure
2026-09-11T04:33:06.345+00:00,1165.000,338.12,99,22544.7,2685,62,measure
2026-09-11T04:33:07.349+00:00,1166.003,344.751,99,22548.7,2685,62,measure
2026-09-11T04:33:08.346+00:00,1167.001,311.921,99,22548.7,2685,61,measure
2026-09-11T04:33:09.345+00:00,1168.000,309.902,99,22548.7,2685,64,measure
2026-09-11T04:33:10.345+00:00,1169.000,309.321,99,22548.7,2685,61,measure
2026-09-11T04:33:11.344+00:00,1170.000,326.853,99,22548.7,2685,65,measure
2026-09-11T04:33:09.845+00:00,1171.000,347.392,100,22548.7,2685,63,measure
2026-09-11T04:33:10.845+00:00,1172.000,342.825,99,22548.7,2685,62,measure
2026-09-11T04:33:11.846+00:00,1173.000,334.703,99,22548.7,2685,62,measure
2026-09-11T04:33:12.846+00:00,1174.001,313.63,99,22548.7,2685,61,measure
2026-09-11T04:33:13.844+00:00,1175.000,317.6,99,22533.7,2685,61,measure
2026-09-11T04:33:14.845+00:00,1176.001,312.321,99,22546.7,2685,61,measure
2026-09-11T04:33:15.844+00:00,1177.000,310.23,99,22546.7,2685,61,measure
2026-09-11T04:33:16.846+00:00,1178.001,307.113,99,22546.7,2685,61,measure
2026-09-11T04:33:17.846+00:00,1179.001,307.61,99,22546.7,2685,61,measure
2026-09-11T04:33:18.845+00:00,1180.001,300.881,99,22546.7,2685,61,measure
2026-09-11T04:33:19.844+00:00,1181.000,307.854,99,22546.7,2685,61,measure
2026-09-11T04:33:20.844+00:00,1182.000,306.275,99,22546.7,2685,61,measure
2026-09-11T04:33:21.845+00:00,1183.001,299.383,99,22546.7,2685,61,measure
2026-09-11T04:33:22.846+00:00,1184.001,299.181,99,22548.7,2685,66,measure
2026-09-11T04:33:23.846+00:00,1185.000,336.799,99,22548.7,2685,66,measure
2026-09-11T04:33:24.845+00:00,1186.000,358.685,99,22546.7,2685,64,measure
2026-09-11T04:33:25.845+00:00,1187.000,359.871,99,22548.7,2685,62,measure
2026-09-11T04:33:26.847+00:00,1188.001,360.168,99,22548.7,2685,64,measure
2026-09-11T04:33:27.845+00:00,1189.001,332.081,99,22548.7,2685,62,measure
2026-09-11T04:33:28.846+00:00,1190.001,354.982,99,22548.7,2685,67,measure
2026-09-11T04:33:29.847+00:00,1191.001,345.793,99,22548.7,2640,63,measure
2026-09-11T04:33:30.845+00:00,1192.001,360.274,99,22548.7,2685,66,measure
2026-09-11T04:33:31.845+00:00,1193.001,342.902,99,22548.7,2685,63,measure
2026-09-11T04:33:32.845+00:00,1194.000,335.371,99,22548.7,2685,63,measure
2026-09-11T04:33:33.845+00:00,1195.000,336.46,99,22548.7,2685,64,measure
2026-09-11T04:33:34.846+00:00,1196.001,320.954,99,22548.7,2685,63,measure
2026-09-11T04:33:35.849+00:00,1197.001,313.489,99,22548.7,2685,61,measure
2026-09-11T04:33:36.845+00:00,1198.001,317.368,99,22548.7,2685,64,measure
2026-09-11T04:33:37.845+00:00,1199.000,308.011,99,22548.7,2685,64,measure
2026-09-11T04:33:38.844+00:00,1200.000,308.35,99,22548.7,2685,62,measure
2026-09-11T04:33:39.844+00:00,1201.000,314.002,99,22548.7,2685,61,measure
2026-09-11T04:33:40.846+00:00,1202.000,304.905,99,22547.7,2685,64,measure
2026-09-11T04:33:41.846+00:00,1203.000,306.549,99,22546.7,2685,61,measure
2026-09-11T04:33:40.346+00:00,1204.000,317.663,99,22546.7,2685,63,measure
2026-09-11T04:33:41.346+00:00,1205.001,333.427,99,22546.7,2685,65,measure
2026-09-11T04:33:42.347+00:00,1206.002,340.961,99,22546.7,2685,63,measure
2026-09-11T04:33:43.346+00:00,1207.001,337.957,99,22546.7,2625,67,measure
2026-09-11T04:33:44.347+00:00,1208.000,346.802,99,22546.7,2685,64,measure
2026-09-11T04:33:45.347+00:00,1209.001,327.547,99,22546.7,2685,63,measure
2026-09-11T04:33:46.346+00:00,1210.001,329.568,99,22546.7,2685,62,measure
2026-09-11T04:33:47.347+00:00,1211.001,314.08,99,22546.7,2685,63,measure
2026-09-11T04:33:48.346+00:00,1212.001,309.497,99,22544.7,2685,61,measure
2026-09-11T04:33:49.346+00:00,1213.001,322.651,99,22534.7,2685,62,measure
2026-09-11T04:33:50.347+00:00,1214.001,338.894,99,22546.7,2685,63,measure
2026-09-11T04:33:51.347+00:00,1215.001,335.472,99,22546.7,2685,62,measure
2026-09-11T04:33:52.345+00:00,1216.000,335.934,99,22546.7,2685,62,measure
2026-09-11T04:33:53.345+00:00,1217.000,308.171,99,22542.7,2685,63,measure
2026-09-11T04:33:54.348+00:00,1218.001,316.321,99,22548.7,2685,62,measure
2026-09-11T04:33:55.346+00:00,1219.001,307.268,99,22548.7,2685,61,measure
2026-09-11T04:33:56.347+00:00,1220.000,322.913,99,22548.7,2685,64,measure
2026-09-11T04:33:57.349+00:00,1221.000,316.481,99,22547.7,2685,61,measure
2026-09-11T04:33:58.346+00:00,1222.001,354.865,99,22546.7,2685,63,measure
2026-09-11T04:33:59.345+00:00,1223.000,339.273,100,22546.7,2655,63,measure
2026-09-11T04:34:00.394+00:00,1224.003,343.061,99,22546.7,2685,64,measure
2026-09-11T04:34:01.346+00:00,1225.001,323.573,99,22546.7,2685,61,measure
2026-09-11T04:34:02.346+00:00,1226.000,314.66,99,22546.7,2685,64,measure
2026-09-11T04:34:03.346+00:00,1227.001,310.157,99,22539.7,2685,61,measure
2026-09-11T04:34:04.345+00:00,1228.000,306.468,99,22533.7,2685,61,measure
2026-09-11T04:34:05.345+00:00,1229.000,316.611,99,22546.7,2685,62,measure
2026-09-11T04:34:06.345+00:00,1230.000,314.21,99,22534.7,2685,62,measure
2026-09-11T04:34:07.346+00:00,1231.001,333.811,99,22546.7,2685,63,measure
2026-09-11T04:34:08.347+00:00,1232.000,328.304,99,22546.7,2685,66,measure
2026-09-11T04:34:09.348+00:00,1233.000,332.842,99,22546.7,2685,63,measure
2026-09-11T04:34:10.345+00:00,1234.000,324.123,99,22546.7,2685,61,measure
2026-09-11T04:34:11.346+00:00,1235.001,325.594,99,22546.7,2685,64,measure
2026-09-11T04:34:09.872+00:00,1236.001,325.666,99,22546.7,2685,62,measure
2026-09-11T04:34:10.846+00:00,1237.000,332.359,99,22546.7,2685,62,measure
2026-09-11T04:34:11.848+00:00,1238.001,308.969,99,22546.7,2685,61,measure
2026-09-11T04:34:12.848+00:00,1239.001,309.223,99,22546.7,2685,61,measure
2026-09-11T04:34:13.846+00:00,1240.000,313.478,99,22546.7,2685,62,measure
2026-09-11T04:34:14.847+00:00,1241.001,310.727,99,22546.7,2685,61,measure
2026-09-11T04:34:15.846+00:00,1242.000,312.963,99,22538.7,2685,61,measure
2026-09-11T04:34:16.846+00:00,1243.000,309.393,99,22540.5,2685,61,measure
2026-09-11T04:34:17.847+00:00,1244.000,305.002,99,22540.5,2685,61,measure
2026-09-11T04:34:18.848+00:00,1245.000,328.265,99,22540.5,2685,64,measure
2026-09-11T04:34:19.846+00:00,1246.000,329.659,99,22540.5,2685,63,measure
2026-09-11T04:34:20.846+00:00,1247.000,340.457,99,22540.5,2685,62,measure
2026-09-11T04:34:21.847+00:00,1248.000,320.897,99,22540.5,2685,61,measure
2026-09-11T04:34:22.847+00:00,1249.001,306.036,99,22540.5,2685,61,measure
2026-09-11T04:34:23.848+00:00,1250.000,301.188,99,22543.5,2685,60,measure
2026-09-11T04:34:24.848+00:00,1251.000,324.809,99,22543.5,2685,62,measure
2026-09-11T04:34:25.847+00:00,1252.001,334.296,99,22543.5,2685,62,measure
2026-09-11T04:34:26.846+00:00,1253.000,345.223,99,22543.5,2685,62,measure
2026-09-11T04:34:27.846+00:00,1254.001,332.519,99,22543.5,2685,63,measure
2026-09-11T04:34:28.846+00:00,1255.000,315.215,99,22543.5,2685,64,measure
2026-09-11T04:34:29.848+00:00,1256.000,325.952,99,22543.5,2685,62,measure
2026-09-11T04:34:30.848+00:00,1257.000,322.297,99,22543.5,2685,61,measure
2026-09-11T04:34:31.846+00:00,1258.000,315.935,99,22535.5,2685,61,measure
2026-09-11T04:34:32.846+00:00,1259.001,310.121,99,22546.5,2685,61,measure
2026-09-11T04:34:33.846+00:00,1260.000,306.782,99,22548.5,2685,61,measure
2026-09-11T04:34:34.846+00:00,1261.000,304.672,99,22548.5,2685,62,measure
2026-09-11T04:34:35.847+00:00,1262.000,302.283,99,22548.5,2685,60,measure
2026-09-11T04:34:36.846+00:00,1263.000,307.191,99,22548.1,2685,61,measure
2026-09-11T04:34:37.847+00:00,1264.002,285.252,99,22557.3,2685,60,measure
2026-09-11T04:34:38.846+00:00,1265.000,311.211,99,22557.3,2685,61,measure
2026-09-11T04:34:39.850+00:00,1266.004,304.249,99,22557.3,2685,61,measure
2026-09-11T04:34:40.846+00:00,1267.000,316.796,99,22565.5,2685,61,measure
2026-09-11T04:34:41.851+00:00,1268.002,317.717,99,22555.4,2685,62,measure
2026-09-11T04:34:40.348+00:00,1269.000,320.681,99,22549.5,2685,64,measure
2026-09-11T04:34:41.357+00:00,1270.011,320.346,99,22547.4,2685,62,measure
2026-09-11T04:34:42.365+00:00,1271.018,326.08,99,22563.4,2685,62,measure
2026-09-11T04:34:43.348+00:00,1272.001,327.661,99,22545.4,2685,62,measure
2026-09-11T04:34:44.352+00:00,1273.004,338.911,99,22523.7,2685,62,measure
2026-09-11T04:34:45.374+00:00,1274.022,324.978,99,22523.7,2685,62,measure
2026-09-11T04:34:46.354+00:00,1275.007,339.475,99,22523.7,2685,62,measure
2026-09-11T04:34:47.350+00:00,1276.003,340.545,99,22515.5,2685,62,measure
2026-09-11T04:34:48.348+00:00,1277.001,321.714,99,22511.7,2685,62,measure
2026-09-11T04:34:49.348+00:00,1278.002,326.565,99,22511.7,2685,64,measure
2026-09-11T04:34:50.352+00:00,1279.005,311.445,99,22511.7,2685,61,measure
2026-09-11T04:34:51.351+00:00,1280.002,332.394,99,22511.7,2685,62,measure
2026-09-11T04:34:52.354+00:00,1281.008,327.523,99,22511.7,2685,61,measure
2026-09-11T04:34:53.349+00:00,1282.002,325.98,99,22511.7,2685,62,measure
2026-09-11T04:34:54.354+00:00,1283.008,320.868,99,22511.7,2685,61,measure
2026-09-11T04:34:55.347+00:00,1284.001,322.926,99,22511.7,2685,62,measure
2026-09-11T04:34:56.348+00:00,1285.001,309.678,99,22511.7,2685,63,measure
2026-09-11T04:34:57.353+00:00,1286.006,301.231,99,22511.7,2685,61,measure
2026-09-11T04:34:58.350+00:00,1287.003,302.373,99,22511.7,2685,60,measure
2026-09-11T04:34:59.348+00:00,1288.002,296.224,99,22513.1,2685,61,measure
2026-09-11T04:35:00.356+00:00,1289.008,305.954,99,22501.4,2685,64,measure
2026-09-11T04:35:01.352+00:00,1290.005,304.298,99,22481.2,2685,60,measure
2026-09-11T04:35:02.355+00:00,1291.008,306.417,99,22480.2,2685,61,measure
2026-09-11T04:35:03.348+00:00,1292.000,312.436,99,22512.4,2685,61,measure
2026-09-11T04:35:04.351+00:00,1293.004,308.376,99,22513.1,2685,61,measure
2026-09-11T04:35:05.347+00:00,1294.000,304.04,99,22481.1,2685,60,measure
2026-09-11T04:35:06.350+00:00,1295.001,311.366,99,22481.1,2685,61,measure
2026-09-11T04:35:07.350+00:00,1296.003,311.586,99,22481.1,2685,61,measure
2026-09-11T04:35:08.350+00:00,1297.002,302.498,99,22481.1,2685,61,measure
2026-09-11T04:35:09.349+00:00,1298.001,308.153,99,22545.9,2685,61,measure
2026-09-11T04:35:10.351+00:00,1299.004,310.781,99,22545.9,2685,61,measure
2026-09-11T04:35:11.347+00:00,1300.000,304.136,99,22545.9,2685,61,measure
2026-09-11T04:35:12.348+00:00,1301.001,299.5,99,22546,2685,60,measure
2026-09-11T04:35:10.849+00:00,1302.000,289.464,99,22545,2685,60,measure
2026-09-11T04:35:11.859+00:00,1303.011,286.696,99,22549,2685,60,measure
2026-09-11T04:35:12.850+00:00,1304.000,281.825,99,22548.9,2685,60,measure
2026-09-11T04:35:13.849+00:00,1305.001,305.391,99,22550.6,2685,60,measure
2026-09-11T04:35:14.849+00:00,1306.001,309.601,99,22550.6,2685,63,measure
2026-09-11T04:35:15.849+00:00,1307.001,303.927,99,22550.6,2685,61,measure
2026-09-11T04:35:16.848+00:00,1308.000,312.074,99,22550.6,2685,61,measure
2026-09-11T04:35:17.850+00:00,1309.001,304.181,99,22550.6,2685,60,measure
2026-09-11T04:35:18.850+00:00,1310.000,295.434,99,22550.6,2685,60,measure
2026-09-11T04:35:19.849+00:00,1311.000,290.664,99,22550.6,2685,60,measure
2026-09-11T04:35:20.848+00:00,1312.000,300.984,99,22550.6,2685,61,measure
2026-09-11T04:35:21.848+00:00,1313.000,306.622,100,22550.6,2685,60,measure
2026-09-11T04:35:22.848+00:00,1314.000,304.369,99,22487.3,2685,61,measure
2026-09-11T04:35:23.850+00:00,1315.000,316.389,99,22487.3,2685,61,measure
2026-09-11T04:35:24.851+00:00,1316.001,314.707,99,22487.3,2685,63,measure
2026-09-11T04:35:25.848+00:00,1317.001,336.984,99,22487.3,2685,63,measure
2026-09-11T04:35:26.848+00:00,1318.000,325.232,99,22487.3,2685,61,measure
2026-09-11T04:35:27.850+00:00,1319.002,336.347,99,22487.3,2685,62,measure
2026-09-11T04:35:28.849+00:00,1320.000,341.484,99,22487.3,2685,62,measure
2026-09-11T04:35:29.855+00:00,1321.004,348.106,99,22487.3,2685,62,measure
2026-09-11T04:35:30.851+00:00,1322.001,343.305,99,22527.4,2685,62,measure
2026-09-11T04:35:31.849+00:00,1323.000,334.602,99,22527.4,2685,62,measure
2026-09-11T04:35:32.849+00:00,1324.001,315.814,99,22489.2,2685,63,measure
2026-09-11T04:35:33.850+00:00,1325.000,319.073,99,22488.7,2685,61,measure
2026-09-11T04:35:34.854+00:00,1326.005,304.89,99,22524.5,2685,64,measure
2026-09-11T04:35:35.851+00:00,1327.002,328.244,99,22513,2685,63,measure
2026-09-11T04:35:36.852+00:00,1328.000,337.953,99,22488.2,2685,62,measure
2026-09-11T04:35:37.852+00:00,1329.004,340.903,99,22488.2,2685,62,measure
2026-09-11T04:35:38.849+00:00,1330.001,329.442,99,22488.2,2685,61,measure
2026-09-11T04:35:39.851+00:00,1331.003,314.59,99,22488.2,2685,61,measure
2026-09-11T04:35:40.849+00:00,1332.001,311.552,99,22488.2,2685,61,measure
2026-09-11T04:35:41.849+00:00,1333.000,306.628,99,22488.2,2685,64,measure
2026-09-11T04:35:40.365+00:00,1334.002,310.338,99,22488.2,2685,61,measure
2026-09-11T04:35:41.362+00:00,1335.001,312.718,99,22488.2,2685,61,measure
2026-09-11T04:35:42.370+00:00,1336.009,316.197,99,22488.2,2685,61,measure
2026-09-11T04:35:43.364+00:00,1337.003,322.078,99,22488.2,2685,61,measure
2026-09-11T04:35:44.364+00:00,1338.002,308.869,99,22488.2,2685,60,measure
2026-09-11T04:35:45.366+00:00,1339.003,330.304,99,22488.2,2685,65,measure
2026-09-11T04:35:46.364+00:00,1340.001,335.348,99,22488.2,2685,63,measure
2026-09-11T04:35:47.361+00:00,1341.000,341.932,99,22488.2,2685,64,measure
2026-09-11T04:35:48.366+00:00,1342.003,329.035,99,22488.2,2685,62,measure
2026-09-11T04:35:49.363+00:00,1343.002,320.744,99,22488.2,2685,61,measure
2026-09-11T04:35:50.362+00:00,1344.001,319.889,99,22488.2,2685,63,measure
2026-09-11T04:35:51.368+00:00,1345.006,310.877,99,22487.2,2685,61,measure
2026-09-11T04:35:52.364+00:00,1346.001,310.719,99,22476.2,2685,61,measure
2026-09-11T04:35:53.367+00:00,1347.006,310.931,99,22487.2,2685,62,measure
2026-09-11T04:35:54.387+00:00,1348.025,307.952,99,22471,2685,62,measure
2026-09-11T04:35:55.362+00:00,1349.001,305.618,99,22483,2685,61,measure
2026-09-11T04:35:56.363+00:00,1350.001,317.355,99,22483,2685,61,measure
2026-09-11T04:35:57.380+00:00,1351.002,324.28,99,22483,2685,61,measure
2026-09-11T04:35:58.364+00:00,1352.003,338.53,99,22483,2685,62,measure
2026-09-11T04:35:59.366+00:00,1353.004,341.086,99,22478,2685,62,measure
2026-09-11T04:36:00.362+00:00,1354.001,318.836,99,22478,2685,62,measure
2026-09-11T04:36:01.363+00:00,1355.000,308.21,99,22478,2685,62,measure
2026-09-11T04:36:02.362+00:00,1356.001,305.541,99,22483.3,2685,61,measure
2026-09-11T04:36:03.364+00:00,1357.001,308.383,99,22487.3,2685,62,measure
2026-09-11T04:36:04.363+00:00,1358.001,297.284,99,22487.3,2685,60,measure
2026-09-11T04:36:05.361+00:00,1359.000,307.56,99,22487.3,2685,64,measure
2026-09-11T04:36:06.362+00:00,1360.001,309.648,99,22482.2,2685,61,measure
2026-09-11T04:36:07.362+00:00,1361.001,312.519,99,22485.3,2685,61,measure
2026-09-11T04:36:08.362+00:00,1362.000,304.168,99,22486.3,2685,61,measure
2026-09-11T04:36:09.363+00:00,1363.000,302.454,99,22484,2685,61,measure
2026-09-11T04:36:10.363+00:00,1364.000,311.749,99,22484,2685,64,measure
2026-09-11T04:36:11.362+00:00,1365.001,308.958,99,22489.3,2685,61,measure
2026-09-11T04:36:09.864+00:00,1366.001,318.079,99,22489.3,2685,61,measure
2026-09-11T04:36:10.864+00:00,1367.000,327.576,99,22489.3,2685,62,measure
2026-09-11T04:36:11.863+00:00,1368.000,342.831,99,22487.3,2685,65,measure
2026-09-11T04:36:12.865+00:00,1369.001,346.441,99,22487.3,2685,62,measure
2026-09-11T04:36:13.865+00:00,1370.000,329.064,99,22487.3,2685,62,measure
2026-09-11T04:36:14.864+00:00,1371.001,337.087,99,22487.3,2685,62,measure
2026-09-11T04:36:15.867+00:00,1372.001,324.195,99,22487.3,2685,61,measure
2026-09-11T04:36:16.864+00:00,1373.001,337.741,99,22487.3,2685,67,measure
2026-09-11T04:36:17.865+00:00,1374.001,332.297,99,22487.3,2685,62,measure
2026-09-11T04:36:18.869+00:00,1375.000,340.642,99,22487.3,2685,62,measure
2026-09-11T04:36:19.865+00:00,1376.001,324.347,99,22487.3,2685,63,measure
2026-09-11T04:36:20.864+00:00,1377.001,318.492,99,22487.3,2685,62,measure
2026-09-11T04:36:21.864+00:00,1378.001,313.711,99,22487.3,2685,61,measure
2026-09-11T04:36:22.864+00:00,1379.001,321.937,99,22487.3,2685,63,measure
2026-09-11T04:36:23.864+00:00,1380.000,345.117,99,22478,2685,62,measure
2026-09-11T04:36:24.865+00:00,1381.001,327.398,99,22474,2685,62,measure
2026-09-11T04:36:25.865+00:00,1382.001,329.584,99,22487,2685,61,measure
2026-09-11T04:36:26.863+00:00,1383.000,305.494,99,22487,2685,61,measure
2026-09-11T04:36:27.864+00:00,1384.001,317.729,99,22487,2685,62,measure
2026-09-11T04:36:28.864+00:00,1385.001,332.967,99,22487,2685,62,measure
2026-09-11T04:36:29.865+00:00,1386.001,341.028,99,22487,2685,63,measure
2026-09-11T04:36:30.865+00:00,1387.001,356.044,99,22487,2685,63,measure
2026-09-11T04:36:31.864+00:00,1388.001,342.171,99,22487,2685,62,measure
2026-09-11T04:36:32.864+00:00,1389.000,339.331,99,22487,2685,63,measure
2026-09-11T04:36:33.864+00:00,1390.001,342.425,99,22487,2685,63,measure
2026-09-11T04:36:34.909+00:00,1391.000,343.382,99,22487,2685,62,measure
2026-09-11T04:36:35.866+00:00,1392.001,353.481,99,22487,2685,63,measure
2026-09-11T04:36:36.887+00:00,1393.001,353.94,99,22487,2685,67,measure
2026-09-11T04:36:37.864+00:00,1394.000,326.928,99,22487,2685,61,measure
2026-09-11T04:36:38.864+00:00,1395.001,318.558,99,22487,2685,61,measure
2026-09-11T04:36:39.864+00:00,1396.001,308.158,99,22484,2685,62,measure
2026-09-11T04:36:40.864+00:00,1397.001,311.844,99,22484,2685,62,measure
2026-09-11T04:36:41.864+00:00,1398.001,316.824,99,22484,2685,62,measure
2026-09-11T04:36:40.367+00:00,1399.001,321.835,99,22484,2685,61,measure
2026-09-11T04:36:41.365+00:00,1400.001,330.147,99,22484,2685,62,measure
2026-09-11T04:36:42.365+00:00,1401.000,355.527,99,22484,2685,63,measure
2026-09-11T04:36:43.367+00:00,1402.000,338.153,99,22484,2685,62,measure
2026-09-11T04:36:44.366+00:00,1403.001,334.911,99,22484,2685,64,measure
2026-09-11T04:36:45.366+00:00,1404.001,342.193,99,22484,2685,63,measure
2026-09-11T04:36:46.366+00:00,1405.000,323.376,99,22484,2685,63,measure
2026-09-11T04:36:47.365+00:00,1406.000,330.037,99,22484,2685,62,measure
2026-09-11T04:36:48.365+00:00,1407.001,317.136,99,22484,2685,62,measure
2026-09-11T04:36:49.365+00:00,1408.000,317.76,99,22484,2685,62,measure
2026-09-11T04:36:50.366+00:00,1409.001,314.512,99,22484,2685,63,measure
2026-09-11T04:36:51.367+00:00,1410.001,322.015,99,22484,2685,63,measure
2026-09-11T04:36:52.366+00:00,1411.000,333.309,99,22484,2685,62,measure
2026-09-11T04:36:53.365+00:00,1412.000,321.176,99,22484,2685,62,measure
2026-09-11T04:36:54.365+00:00,1413.001,316.114,99,22484,2685,61,measure
2026-09-11T04:36:55.365+00:00,1414.000,314.207,99,22484,2685,61,measure
2026-09-11T04:36:56.365+00:00,1415.001,316.438,99,22484,2685,63,measure
2026-09-11T04:36:57.368+00:00,1416.002,321.968,99,22484,2685,62,measure
2026-09-11T04:36:58.367+00:00,1417.000,300.771,99,22484,2685,61,measure
2026-09-11T04:36:59.365+00:00,1418.001,299.454,99,22472,2685,61,measure
2026-09-11T04:37:00.365+00:00,1419.001,302.508,99,22472,2685,61,measure
2026-09-11T04:37:01.365+00:00,1420.001,309.821,99,22472,2685,61,measure
2026-09-11T04:37:02.366+00:00,1421.002,311.578,99,22484,2685,61,measure
2026-09-11T04:37:03.367+00:00,1422.000,308.21,99,22484,2685,62,measure
2026-09-11T04:37:04.367+00:00,1423.000,303.946,99,22484,2685,61,measure
2026-09-11T04:37:05.370+00:00,1424.005,304.173,99,22484,2685,61,measure
2026-09-11T04:37:06.369+00:00,1425.004,318.132,99,22484,2685,62,measure
2026-09-11T04:37:07.365+00:00,1426.000,313.952,99,22484,2685,61,measure
2026-09-11T04:37:08.371+00:00,1427.005,307.609,99,22484,2685,62,measure
2026-09-11T04:37:09.366+00:00,1428.000,320.165,99,22484,2685,63,measure
2026-09-11T04:37:10.368+00:00,1429.002,312.035,99,22484,2685,61,measure
2026-09-11T04:37:11.365+00:00,1430.001,317.939,99,22484,2685,61,measure
2026-09-11T04:37:09.872+00:00,1431.007,335.389,99,22484,2685,64,measure
2026-09-11T04:37:10.882+00:00,1432.018,337.191,99,22472,2685,63,measure
2026-09-11T04:37:11.865+00:00,1433.000,323.411,99,22484,2685,62,measure
2026-09-11T04:37:12.866+00:00,1434.001,327.863,99,22484,2685,61,measure
2026-09-11T04:37:13.868+00:00,1435.001,314.538,99,22473,2685,62,measure
2026-09-11T04:37:14.865+00:00,1436.001,336.501,99,22472,2685,63,measure
2026-09-11T04:37:15.871+00:00,1437.007,329.724,99,22484,2685,61,measure
2026-09-11T04:37:16.864+00:00,1438.000,334.109,99,22484,2685,62,measure
2026-09-11T04:37:17.865+00:00,1439.000,329.025,99,22484,2685,61,measure
2026-09-11T04:37:18.866+00:00,1440.000,328.417,99,22484,2685,62,measure
2026-09-11T04:37:19.867+00:00,1441.000,333.593,99,22484,2685,62,measure
2026-09-11T04:37:20.865+00:00,1442.001,332.244,99,22484,2685,62,measure
2026-09-11T04:37:21.865+00:00,1443.001,323.185,99,22484,2685,62,measure
2026-09-11T04:37:22.865+00:00,1444.000,329.333,99,22484,2685,68,measure
2026-09-11T04:37:23.865+00:00,1445.000,329.712,99,22484,2685,62,measure
2026-09-11T04:37:24.870+00:00,1446.006,321.564,99,22484,2685,62,measure
2026-09-11T04:37:25.869+00:00,1447.005,312.414,99,22484,2685,63,measure
2026-09-11T04:37:26.865+00:00,1448.001,309.702,99,22484,2685,61,measure
2026-09-11T04:37:27.865+00:00,1449.001,318.772,99,22487,2685,62,measure
2026-09-11T04:37:28.892+00:00,1450.004,332.755,99,22487,2685,62,measure
2026-09-11T04:37:29.866+00:00,1451.002,348.343,99,22489,2685,66,measure
2026-09-11T04:37:30.871+00:00,1452.005,328.369,99,22489,2685,63,measure
2026-09-11T04:37:31.869+00:00,1453.000,331.049,99,22489,2640,63,measure
2026-09-11T04:37:32.868+00:00,1454.004,332.459,99,22489,2685,62,measure
2026-09-11T04:37:33.867+00:00,1455.003,338.68,99,22489,2685,63,measure
2026-09-11T04:37:34.865+00:00,1456.000,328.21,99,22489,2685,62,measure
2026-09-11T04:37:35.868+00:00,1457.003,320.392,99,22491,2685,62,measure
2026-09-11T04:37:36.870+00:00,1458.003,311.372,99,22491,2685,64,measure
2026-09-11T04:37:37.867+00:00,1459.003,322.747,99,22491,2685,63,measure
2026-09-11T04:37:38.866+00:00,1460.002,317.251,99,22491,2685,61,measure
2026-09-11T04:37:39.866+00:00,1461.002,312.308,99,22491,2685,62,measure
2026-09-11T04:37:40.866+00:00,1462.002,312.501,99,22488,2685,62,measure
2026-09-11T04:37:39.387+00:00,1463.002,310.753,99,22488,2685,61,measure
2026-09-11T04:37:40.390+00:00,1464.001,312.849,99,22488,2685,62,measure
2026-09-11T04:37:41.385+00:00,1465.000,316.076,99,22488,2685,61,measure
2026-09-11T04:37:42.386+00:00,1466.000,309.738,99,22488,2685,61,measure
2026-09-11T04:37:43.385+00:00,1467.001,303.316,99,22488,2685,61,measure
2026-09-11T04:37:44.385+00:00,1468.001,298.803,99,22445,2685,60,measure
2026-09-11T04:37:45.385+00:00,1469.000,300.963,99,22446,2685,61,measure
2026-09-11T04:37:46.387+00:00,1470.000,307.759,99,22446,2685,61,measure
2026-09-11T04:37:47.387+00:00,1471.000,310.719,99,22467.8,2685,61,measure
2026-09-11T04:37:48.385+00:00,1472.001,319.202,99,22477.1,2685,62,measure
2026-09-11T04:37:49.385+00:00,1473.000,308.843,99,22472.1,2685,61,measure
2026-09-11T04:37:50.386+00:00,1474.001,296.012,99,22494.7,2685,61,measure
2026-09-11T04:37:51.387+00:00,1475.001,305.677,99,22494.7,2685,62,measure
2026-09-11T04:37:52.387+00:00,1476.000,303.427,99,22496.2,2685,63,measure
2026-09-11T04:37:53.386+00:00,1477.001,300.104,99,22699.8,2685,61,measure
2026-09-11T04:37:54.385+00:00,1478.000,316.035,99,22626.6,2685,62,measure
2026-09-11T04:37:55.388+00:00,1479.002,329.509,99,22614.6,2685,62,measure
2026-09-11T04:37:56.392+00:00,1480.006,337.198,99,22614.6,2685,62,measure
2026-09-11T04:37:57.388+00:00,1481.002,322.821,99,22618.6,2685,61,measure
2026-09-11T04:37:58.391+00:00,1482.005,314.183,99,22675.4,2685,62,measure
2026-09-11T04:37:59.389+00:00,1483.004,302.431,99,22614.4,2685,61,measure
2026-09-11T04:38:00.388+00:00,1484.003,317.79,99,22614.4,2685,62,measure
2026-09-11T04:38:01.387+00:00,1485.002,325.17,99,22606.4,2685,61,measure
2026-09-11T04:38:02.389+00:00,1486.004,318.222,99,22606.4,2685,61,measure
2026-09-11T04:38:03.390+00:00,1487.004,300.003,99,22606.4,2685,60,measure
2026-09-11T04:38:04.388+00:00,1488.001,303.018,99,22628,2685,60,measure
2026-09-11T04:38:05.391+00:00,1489.006,299.354,99,22611.1,2685,60,measure
2026-09-11T04:38:06.385+00:00,1490.000,302.746,99,22624,2685,60,measure
2026-09-11T04:38:07.386+00:00,1491.001,306.373,99,22634.1,2685,62,measure
2026-09-11T04:38:08.387+00:00,1492.002,310.289,99,22636.6,2685,62,measure
2026-09-11T04:38:09.388+00:00,1493.000,349.088,99,22642.2,2685,62,measure
2026-09-11T04:38:10.390+00:00,1494.002,336.597,99,22675.7,2685,65,measure
2026-09-11T04:38:11.388+00:00,1495.003,336.741,99,22684.1,2685,66,measure
2026-09-11T04:38:09.892+00:00,1496.008,336.912,99,22752.4,2685,62,measure
2026-09-11T04:38:10.886+00:00,1497.002,327.329,99,22726.1,2685,61,measure
2026-09-11T04:38:11.885+00:00,1498.001,326.122,99,22727.5,2685,62,measure
2026-09-11T04:38:12.885+00:00,1499.001,336.856,99,22727.5,2685,62,measure
2026-09-11T04:38:13.886+00:00,1500.001,316.567,99,22710.6,2685,62,measure
2026-09-11T04:38:14.886+00:00,1501.002,305.154,99,22731.5,2685,61,measure
2026-09-11T04:38:15.886+00:00,1502.002,302.811,99,22710.9,2685,61,measure
2026-09-11T04:38:16.886+00:00,1503.001,315.366,99,22712.9,2685,62,measure
2026-09-11T04:38:17.885+00:00,1504.001,318.395,99,22712.9,2685,62,measure
2026-09-11T04:38:18.884+00:00,1505.000,326.013,99,22704.9,2685,62,measure
2026-09-11T04:38:19.889+00:00,1506.001,315.308,99,22704.9,2685,61,measure
2026-09-11T04:38:20.885+00:00,1507.001,312.557,99,22704.9,2685,62,measure
2026-09-11T04:38:21.884+00:00,1508.000,288.915,99,22721.7,2685,60,measure
2026-09-11T04:38:22.891+00:00,1509.003,264.913,99,22634.6,2700,59,measure
2026-09-11T04:38:23.885+00:00,1510.001,103.218,2,22634.6,2700,53,measure
2026-09-11T04:38:24.890+00:00,1511.005,73.457,2,22613.6,795,53,measure
2026-09-11T04:38:25.886+00:00,1512.001,41.464,0,22609.4,525,51,measure
2026-09-11T04:38:26.887+00:00,1513.003,35.839,1,22553.5,360,51,measure
2026-09-11T04:38:27.887+00:00,1514.001,35.246,1,22538.4,285,50,measure
2026-09-11T04:38:28.886+00:00,1515.001,31.647,0,22533.4,225,50,measure
2026-09-11T04:38:29.885+00:00,1516.001,25.559,10,22585.4,300,49,measure
2026-09-11T04:38:30.886+00:00,1517.000,22.693,6,22585.4,270,49,measure
2026-09-11T04:38:31.888+00:00,1518.003,18.865,6,22577.4,255,49,measure
2026-09-11T04:38:32.885+00:00,1519.000,18.644,6,22577.4,240,48,measure
2026-09-11T04:38:33.887+00:00,1520.003,18.359,7,22585.8,255,48,measure
2026-09-11T04:38:34.885+00:00,1521.001,18.59,8,22577.4,270,48,measure
2026-09-11T04:38:35.893+00:00,1522.007,18.113,6,22577.4,255,48,measure
2026-09-11T04:38:36.889+00:00,1523.003,18.048,6,22577.4,240,48,measure
2026-09-11T04:38:37.886+00:00,1524.000,17.78,6,22577.4,240,47,measure
2026-09-11T04:38:38.888+00:00,1525.004,17.592,6,22577.4,240,47,measure
2026-09-11T04:38:39.887+00:00,1526.002,17.518,8,22594.3,285,47,measure
2026-09-11T04:38:40.890+00:00,1527.006,17.476,7,22577.4,270,47,measure
2026-09-11T04:38:41.886+00:00,1528.001,17.291,6,22577.4,255,47,measure
2026-09-11T04:38:40.400+00:00,1529.016,16.952,7,22577.4,240,46,measure
2026-09-11T04:38:41.388+00:00,1530.001,17.373,6,22577.4,240,46,measure
2026-09-11T04:38:42.389+00:00,1531.004,17.762,6,22577.4,240,46,measure
2026-09-11T04:38:43.391+00:00,1532.006,17.454,11,22602.3,315,46,measure
2026-09-11T04:38:44.386+00:00,1533.002,17.505,6,22585.4,285,46,measure
2026-09-11T04:38:45.386+00:00,1534.002,17.22,6,22577.4,270,46,measure
2026-09-11T04:38:46.389+00:00,1535.003,17.038,6,22577.4,255,45,measure
2026-09-11T04:38:47.392+00:00,1536.008,16.618,6,22577.4,240,45,measure
2026-09-11T04:38:48.388+00:00,1537.003,16.539,6,22577.4,240,45,measure
2026-09-11T04:38:49.385+00:00,1538.001,16.975,8,22593.8,300,45,measure
2026-09-11T04:38:50.385+00:00,1539.001,16.45,7,22577.4,285,45,measure
2026-09-11T04:38:51.387+00:00,1540.001,16.528,6,22577.4,270,45,measure
2026-09-11T04:38:52.388+00:00,1541.001,16.733,7,22577.4,255,45,measure
2026-09-11T04:38:53.391+00:00,1542.006,16.478,6,22577.4,240,45,measure
2026-09-11T04:38:54.389+00:00,1543.004,16.564,6,22577.4,240,44,measure
2026-09-11T04:38:55.387+00:00,1544.003,16.589,9,22602.3,285,44,measure
2026-09-11T04:38:56.395+00:00,1545.008,16.654,7,22602.3,300,44,measure
2026-09-11T04:38:57.385+00:00,1546.001,16.478,8,22602.3,315,44,measure
2026-09-11T04:38:58.410+00:00,1547.023,16.154,7,22577.4,285,44,measure
2026-09-11T04:38:59.388+00:00,1548.003,15.773,6,22577.4,270,44,measure
2026-09-11T04:39:00.389+00:00,1549.005,15.667,6,22577.4,255,44,measure
2026-09-11T04:39:01.385+00:00,1550.000,15.652,6,22577.4,255,44,measure
2026-09-11T04:39:02.385+00:00,1551.000,16.36,7,22602.3,300,44,measure
2026-09-11T04:39:03.391+00:00,1552.005,16.138,6,22602.3,315,43,measure
2026-09-11T04:39:04.392+00:00,1553.003,15.631,6,22577.4,285,43,measure
2026-09-11T04:39:05.387+00:00,1554.001,15.404,6,22577.4,270,43,measure
2026-09-11T04:39:06.393+00:00,1555.001,15.941,9,22602.3,300,43,measure
2026-09-11T04:39:07.388+00:00,1556.003,16.094,7,22602.3,330,43,measure
2026-09-11T04:39:08.387+00:00,1557.002,16.039,14,22695.6,345,43,measure
2026-09-11T04:39:09.389+00:00,1558.003,15.118,3,22676,285,43,measure
2026-09-11T04:39:10.387+00:00,1559.001,15.119,8,22647.6,255,43,measure
2026-09-11T04:39:11.387+00:00,1560.000,15.788,8,22668,270,43,measure
2026-09-11T04:39:09.900+00:00,1561.000,15.314,0,22668,225,43,measure
2026-09-11T04:39:10.901+00:00,1562.002,15.482,4,22666.3,240,42,measure
2026-09-11T04:39:11.922+00:00,1563.007,15.427,2,22666.3,240,42,measure
2026-09-11T04:39:12.902+00:00,1564.002,15.674,5,22667.9,225,42,measure
2026-09-11T04:39:13.901+00:00,1565.001,15.001,0,22667.9,210,42,measure
2026-09-11T04:39:14.904+00:00,1566.002,14.652,2,22667.9,210,42,measure
2026-09-11T04:39:15.902+00:00,1567.003,15.131,0,22662.9,210,42,measure
2026-09-11T04:39:16.903+00:00,1568.004,14.609,0,22662.9,210,42,measure
2026-09-11T04:39:17.902+00:00,1569.002,14.481,5,22608.2,210,42,measure
2026-09-11T04:39:18.902+00:00,1570.002,14.999,8,22639.4,270,42,measure
2026-09-11T04:39:19.905+00:00,1571.003,15.7,8,22631.6,285,42,measure
2026-09-11T04:39:20.903+00:00,1572.001,15.532,8,22625.6,270,42,measure
2026-09-11T04:39:21.901+00:00,1573.001,14.441,0,22625.6,225,41,measure
2026-09-11T04:39:22.899+00:00,1574.000,14.221,1,22563.6,210,41,measure
2026-09-11T04:39:23.943+00:00,1575.000,14.12,0,22563.6,210,41,measure
2026-09-11T04:39:24.909+00:00,1576.004,14.432,0,22563.6,210,41,measure
