timestamp_iso,t_s,power_w,util_gpu_pct,mem_used_mib,clocks_sm_mhz,temp_c,phase
2026-09-12T14:50:45.101+00:00,0.000,95.182,0,22594.5,2700,51,measure
2026-09-12T14:50:46.103+00:00,1.001,68.94,0,22594.5,720,50,measure
2026-09-12T14:50:47.126+00:00,2.027,36.674,0,22594.5,465,49,measure
2026-09-12T14:50:48.151+00:00,3.052,36.674,0,22594.5,330,49,measure
2026-09-12T14:50:49.118+00:00,4.016,35.658,0,22594.5,255,49,measure
2026-09-12T14:50:50.182+00:00,5.082,35.653,0,22594.5,210,48,measure
2026-09-12T14:50:51.147+00:00,6.045,34.247,0,22594.5,210,48,measure
2026-09-12T14:50:52.178+00:00,7.079,32.957,0,22594.5,210,48,measure
2026-09-12T14:50:53.129+00:00,8.027,25.486,0,22594.5,210,48,measure
2026-09-12T14:50:54.183+00:00,9.081,21.779,0,22594.5,210,47,measure
2026-09-12T14:50:55.140+00:00,10.041,20.799,0,22594.5,210,47,measure
2026-09-12T14:50:56.179+00:00,11.080,20.622,0,22594.5,210,47,measure
2026-09-12T14:50:57.173+00:00,12.070,20.672,0,22594.5,210,47,measure
2026-09-12T14:50:58.101+00:00,13.002,20.68,0,22594.5,210,47,measure
2026-09-12T14:50:59.135+00:00,14.036,20.512,0,22594.5,210,46,measure
2026-09-12T14:51:00.100+00:00,15.000,20.506,0,22594.5,210,46,measure
2026-09-12T14:51:01.168+00:00,16.070,68.957,98,22594.5,2700,46,measure
2026-09-12T14:51:02.100+00:00,17.001,282.49,99,22594.5,2700,58,measure
2026-09-12T14:51:03.103+00:00,18.003,305.816,99,22594.5,2685,60,measure
2026-09-12T14:51:04.104+00:00,19.006,295.823,99,22594.5,2685,57,measure
2026-09-12T14:51:05.108+00:00,20.008,307.798,99,22594.5,2685,58,measure
2026-09-12T14:51:06.182+00:00,21.082,303.259,99,22594.5,2685,60,measure
2026-09-12T14:51:07.102+00:00,22.003,320.875,99,22594.5,2685,59,measure
2026-09-12T14:51:08.106+00:00,23.006,341.282,99,22594.5,2685,62,measure
2026-09-12T14:51:09.106+00:00,24.007,362.125,99,22594.5,2685,62,measure
2026-09-12T14:51:10.100+00:00,25.001,353.056,99,22594.5,2685,61,measure
2026-09-12T14:51:11.102+00:00,26.004,356.307,99,22594.5,2685,63,measure
2026-09-12T14:51:12.104+00:00,27.006,342.326,99,22594.5,2685,63,measure
2026-09-12T14:51:13.108+00:00,28.008,347.422,99,22594.5,2685,63,measure
2026-09-12T14:51:14.101+00:00,29.003,361.692,99,22594.5,2685,64,measure
2026-09-12T14:51:15.107+00:00,30.005,360.201,99,22594.5,2685,65,measure
2026-09-12T14:51:16.106+00:00,31.008,358.781,99,22594.5,2685,64,measure
2026-09-12T14:51:17.099+00:00,32.001,359.296,99,22594.5,2685,64,measure
2026-09-12T14:51:15.615+00:00,33.003,361.516,99,22594.5,2685,62,measure
2026-09-12T14:51:16.617+00:00,34.006,352.833,99,22594.5,2685,62,measure
2026-09-12T14:51:17.612+00:00,35.001,359.647,99,22594.5,2685,63,measure
2026-09-12T14:51:18.612+00:00,36.000,350.352,99,22594.5,2685,63,measure
2026-09-12T14:51:19.612+00:00,37.000,353.208,99,22594.5,2685,64,measure
2026-09-12T14:51:20.612+00:00,38.001,364.692,99,22607.9,2685,64,measure
2026-09-12T14:51:21.613+00:00,39.002,359.627,99,22601.5,2685,63,measure
2026-09-12T14:51:22.616+00:00,40.005,351.44,99,22663.3,2685,63,measure
2026-09-12T14:51:23.615+00:00,41.004,349.82,99,22648.5,2685,64,measure
2026-09-12T14:51:24.613+00:00,42.001,357.822,99,22637.9,2685,63,measure
2026-09-12T14:51:25.612+00:00,43.000,375.161,99,22629.5,2685,66,measure
2026-09-12T14:51:26.612+00:00,44.002,364.786,99,22643,2685,63,measure
2026-09-12T14:51:27.612+00:00,45.001,358.897,99,22639.1,2685,64,measure
2026-09-12T14:51:28.634+00:00,46.001,364.621,99,22639.6,2685,64,measure
2026-09-12T14:51:29.612+00:00,47.001,364.198,99,22657.2,2685,63,measure
2026-09-12T14:51:30.615+00:00,48.002,358.904,99,22658.3,2685,63,measure
2026-09-12T14:51:31.666+00:00,49.001,363.812,99,22658.3,2685,64,measure
2026-09-12T14:51:32.614+00:00,50.004,342.163,99,22658.4,2685,63,measure
2026-09-12T14:51:33.639+00:00,51.002,332.377,99,22658.9,2685,62,measure
2026-09-12T14:51:34.612+00:00,52.001,320.421,99,22643.8,2685,61,measure
2026-09-12T14:51:35.612+00:00,53.000,322.308,99,22659.9,2685,65,measure
2026-09-12T14:51:36.618+00:00,54.007,354.459,99,22659.5,2685,63,measure
2026-09-12T14:51:37.613+00:00,55.000,345.286,99,22656.4,2685,63,measure
2026-09-12T14:51:38.613+00:00,56.002,343.052,99,22658.6,2685,63,measure
2026-09-12T14:51:39.620+00:00,57.001,329.263,99,22635.4,2685,64,measure
2026-09-12T14:51:40.611+00:00,58.000,339.063,99,22685.1,2685,63,measure
2026-09-12T14:51:41.612+00:00,59.001,342.583,99,22727.4,2685,65,measure
2026-09-12T14:51:42.612+00:00,60.000,322.942,99,22716.3,2685,63,measure
2026-09-12T14:51:43.612+00:00,61.000,314.331,99,22729.2,2685,63,measure
2026-09-12T14:51:44.612+00:00,62.001,307.461,99,22739.3,2685,60,measure
2026-09-12T14:51:45.611+00:00,63.000,305.787,99,22609.1,2685,63,measure
2026-09-12T14:51:46.611+00:00,64.001,310.23,99,22616.5,2685,60,measure
2026-09-12T14:51:45.100+00:00,65.001,327.97,99,22615.4,2685,61,measure
2026-09-12T14:51:46.100+00:00,66.000,334.531,99,22615.6,2685,64,measure
2026-09-12T14:51:47.108+00:00,67.009,356.871,99,22565.1,2685,64,measure
2026-09-12T14:51:48.106+00:00,68.007,358.244,99,22565.1,2685,63,measure
2026-09-12T14:51:49.099+00:00,69.000,360.617,99,22565.1,2685,65,measure
2026-09-12T14:51:50.100+00:00,70.001,366.48,99,22557.1,2685,64,measure
2026-09-12T14:51:51.107+00:00,71.006,354.271,99,22543.9,2685,64,measure
2026-09-12T14:51:52.171+00:00,72.071,351.457,99,22538.4,2685,64,measure
2026-09-12T14:51:53.177+00:00,73.077,360.267,99,22540.2,2685,64,measure
2026-09-12T14:51:54.100+00:00,74.000,348.13,99,22541.9,2685,64,measure
2026-09-12T14:51:55.100+00:00,75.001,359.484,99,22546.2,2685,65,measure
2026-09-12T14:51:56.101+00:00,76.000,352.968,99,22547.2,2685,64,measure
2026-09-12T14:51:57.099+00:00,77.000,356.654,99,22547.2,2685,64,measure
2026-09-12T14:51:58.101+00:00,78.000,368.373,99,22547.2,2685,66,measure
2026-09-12T14:51:59.102+00:00,79.000,353.46,99,22547,2685,64,measure
2026-09-12T14:52:00.100+00:00,80.001,358.079,99,22547,2685,66,measure
2026-09-12T14:52:01.099+00:00,81.000,357.774,99,22547,2685,65,measure
2026-09-12T14:52:02.100+00:00,82.000,359.614,99,22547,2685,66,measure
2026-09-12T14:52:03.101+00:00,83.002,370.109,99,22547,2685,64,measure
2026-09-12T14:52:04.103+00:00,84.002,359.012,99,22547,2685,66,measure
2026-09-12T14:52:05.180+00:00,85.080,359.603,99,22547,2685,66,measure
2026-09-12T14:52:07.150+00:00,87.051,336.991,99,22547,2685,65,measure
2026-09-12T14:52:08.153+00:00,88.053,364.03,99,22547,2685,65,measure
2026-09-12T14:52:09.178+00:00,89.079,352.401,99,22547,2685,65,measure
2026-09-12T14:52:10.108+00:00,90.009,366.477,99,22546.4,2685,66,measure
2026-09-12T14:52:11.172+00:00,91.073,354.298,99,22545.8,2685,63,measure
2026-09-12T14:52:12.170+00:00,92.071,344.031,99,22545.8,2685,65,measure
2026-09-12T14:52:13.133+00:00,93.032,362.006,99,22548,2685,64,measure
2026-09-12T14:52:14.140+00:00,94.041,363.304,99,22548,2685,66,measure
2026-09-12T14:52:15.165+00:00,95.060,354.065,99,22541.6,2685,64,measure
2026-09-12T14:52:16.170+00:00,96.071,360.158,99,22544.4,2685,66,measure
2026-09-12T14:52:17.176+00:00,97.077,351.865,99,22544.3,2685,65,measure
2026-09-12T14:52:15.631+00:00,98.033,317.955,99,22544.3,2685,65,measure
2026-09-12T14:52:16.680+00:00,99.081,322.036,99,22542.2,2685,64,measure
2026-09-12T14:52:17.670+00:00,100.071,313.909,99,22540.5,2685,62,measure
2026-09-12T14:52:18.675+00:00,101.077,324.337,99,22541.2,2685,65,measure
2026-09-12T14:52:19.626+00:00,102.025,316.261,99,22545.7,2685,63,measure
2026-09-12T14:52:20.632+00:00,103.000,319.716,99,22555.5,2685,62,measure
2026-09-12T14:52:21.599+00:00,104.000,347.808,99,22555.5,2685,64,measure
2026-09-12T14:52:22.603+00:00,105.000,336.968,99,22555.5,2685,61,measure
2026-09-12T14:52:23.600+00:00,106.000,340.897,99,22555,2685,64,measure
2026-09-12T14:52:24.641+00:00,107.000,317.77,99,22554.5,2685,65,measure
2026-09-12T14:52:25.603+00:00,108.004,321.832,99,22554.5,2685,64,measure
2026-09-12T14:52:26.604+00:00,109.006,317.673,99,22554.5,2685,61,measure
2026-09-12T14:52:27.599+00:00,110.001,316.173,99,22554.5,2685,61,measure
2026-09-12T14:52:28.599+00:00,111.001,328.122,99,22554.5,2685,63,measure
2026-09-12T14:52:29.599+00:00,112.000,332.775,99,22554.5,2685,65,measure
2026-09-12T14:52:30.599+00:00,113.001,350.297,99,22554.5,2685,66,measure
2026-09-12T14:52:31.600+00:00,114.001,363.872,99,22554.5,2685,65,measure
2026-09-12T14:52:32.600+00:00,115.001,361.155,99,22554.5,2685,64,measure
2026-09-12T14:52:33.599+00:00,116.000,353.436,99,22554.5,2685,65,measure
2026-09-12T14:52:34.598+00:00,117.001,323.128,99,22554.5,2685,61,measure
2026-09-12T14:52:35.599+00:00,118.001,325.94,99,22554.5,2685,64,measure
2026-09-12T14:52:36.598+00:00,119.000,348.163,99,22554.5,2685,65,measure
2026-09-12T14:52:37.600+00:00,120.001,363.147,99,22554.5,2685,66,measure
2026-09-12T14:52:38.599+00:00,121.001,366.734,99,22554.5,2685,66,measure
2026-09-12T14:52:39.671+00:00,122.072,384.333,99,22554.5,2685,67,measure
2026-09-12T14:52:40.601+00:00,123.001,363.804,99,22554.5,2685,66,measure
2026-09-12T14:52:41.599+00:00,124.000,367.147,99,22554.5,2685,65,measure
2026-09-12T14:52:42.599+00:00,125.001,368.428,99,22554.5,2685,66,measure
2026-09-12T14:52:43.602+00:00,126.000,357.121,99,22554.5,2685,64,measure
2026-09-12T14:52:44.601+00:00,127.001,352.362,99,22554.5,2685,64,measure
2026-09-12T14:52:45.599+00:00,128.001,327.055,99,22554.5,2685,62,measure
2026-09-12T14:52:46.626+00:00,129.000,328.635,99,22554.5,2685,64,measure
2026-09-12T14:52:45.120+00:00,130.001,310.248,99,22554.5,2685,63,measure
2026-09-12T14:52:46.119+00:00,131.001,329.622,99,22554.5,2685,64,measure
2026-09-12T14:52:47.122+00:00,132.001,322.929,99,22554.5,2685,62,measure
2026-09-12T14:52:48.119+00:00,133.001,304.036,99,22554.5,2685,61,measure
2026-09-12T14:52:49.118+00:00,134.000,313.756,99,22554.5,2685,61,measure
2026-09-12T14:52:50.144+00:00,135.001,314.497,99,22554.5,2685,63,measure
2026-09-12T14:52:51.118+00:00,136.000,333.782,99,22554.5,2685,65,measure
2026-09-12T14:52:52.120+00:00,137.001,321.938,99,22554.5,2685,64,measure
2026-09-12T14:52:53.177+00:00,138.001,342.345,99,22554.5,2685,63,measure
2026-09-12T14:52:54.196+00:00,139.078,328.747,99,22554.5,2685,66,measure
2026-09-12T14:52:55.127+00:00,140.009,338.494,99,22554.5,2685,62,measure
2026-09-12T14:52:56.200+00:00,141.083,343.644,99,22554.5,2685,63,measure
2026-09-12T14:52:57.118+00:00,142.000,356.186,99,22554.5,2685,66,measure
2026-09-12T14:52:58.196+00:00,143.078,355.051,99,22554.5,2685,65,measure
2026-09-12T14:52:59.189+00:00,144.071,355.506,99,22554.5,2685,65,measure
2026-09-12T14:53:00.184+00:00,145.064,354.377,99,22554.5,2685,64,measure
2026-09-12T14:53:01.161+00:00,146.044,327.446,99,22554.5,2685,63,measure
2026-09-12T14:53:02.118+00:00,147.000,352.338,99,22554.5,2685,64,measure
2026-09-12T14:53:03.118+00:00,148.000,343.739,99,22554.5,2685,62,measure
2026-09-12T14:53:04.167+00:00,149.001,356.329,99,22554.5,2685,64,measure
2026-09-12T14:53:05.120+00:00,150.000,364.612,99,22554.5,2685,64,measure
2026-09-12T14:53:06.119+00:00,151.001,360.797,99,22554.5,2685,65,measure
2026-09-12T14:53:07.118+00:00,152.000,354.821,99,22554.5,2685,63,measure
2026-09-12T14:53:08.121+00:00,153.000,358.506,99,22554.5,2685,67,measure
2026-09-12T14:53:09.119+00:00,154.001,364.109,99,22554.5,2685,64,measure
2026-09-12T14:53:10.121+00:00,155.002,357.653,99,22554.5,2685,66,measure
2026-09-12T14:53:11.120+00:00,156.000,362.912,99,22554.5,2685,64,measure
2026-09-12T14:53:12.120+00:00,157.001,367.933,99,22554.5,2685,65,measure
2026-09-12T14:53:13.120+00:00,158.002,364.823,99,22554.5,2685,66,measure
2026-09-12T14:53:14.120+00:00,159.002,368.851,99,22554.5,2685,64,measure
2026-09-12T14:53:15.123+00:00,160.004,367.351,99,22554.5,2685,67,measure
2026-09-12T14:53:16.122+00:00,161.003,358.896,99,22554.5,2685,67,measure
2026-09-12T14:53:14.637+00:00,162.002,364.111,99,22554.5,2685,66,measure
2026-09-12T14:53:15.633+00:00,163.001,358.179,99,22554.5,2685,65,measure
2026-09-12T14:53:16.635+00:00,164.002,352.827,99,22554.5,2685,66,measure
2026-09-12T14:53:17.634+00:00,165.001,362.854,99,22554.5,2685,64,measure
2026-09-12T14:53:18.634+00:00,166.000,359.773,99,22554.5,2685,64,measure
2026-09-12T14:53:19.636+00:00,167.001,359.298,99,22554.5,2685,65,measure
2026-09-12T14:53:20.634+00:00,168.000,362.955,99,22554.5,2685,65,measure
2026-09-12T14:53:21.633+00:00,169.000,373.262,99,22554.5,2685,65,measure
2026-09-12T14:53:22.634+00:00,170.001,359.237,99,22554.5,2685,66,measure
2026-09-12T14:53:23.634+00:00,171.001,361.19,99,22554.5,2685,65,measure
2026-09-12T14:53:24.634+00:00,172.001,366.132,99,22554.5,2685,66,measure
2026-09-12T14:53:25.636+00:00,173.001,372.659,99,22554.5,2685,66,measure
2026-09-12T14:53:26.637+00:00,174.003,370.035,99,22554.5,2685,65,measure
2026-09-12T14:53:27.640+00:00,175.007,369.776,99,22554.5,2685,65,measure
2026-09-12T14:53:28.635+00:00,176.002,362.506,99,22554.5,2685,66,measure
2026-09-12T14:53:29.639+00:00,177.006,368.245,99,22554.5,2685,65,measure
2026-09-12T14:53:30.644+00:00,178.011,364.897,99,22554.5,2685,65,measure
2026-09-12T14:53:31.640+00:00,179.006,365.792,99,22554.5,2685,65,measure
2026-09-12T14:53:32.637+00:00,180.003,364.807,99,22554.5,2685,66,measure
2026-09-12T14:53:33.638+00:00,181.005,357.889,99,22554.5,2685,66,measure
2026-09-12T14:53:34.640+00:00,182.006,362.866,99,22554.5,2685,66,measure
2026-09-12T14:53:35.658+00:00,183.025,348.502,99,22554.5,2685,62,measure
2026-09-12T14:53:36.634+00:00,184.000,325.696,99,22554.5,2685,65,measure
2026-09-12T14:53:37.636+00:00,185.001,367.517,99,22554.5,2685,66,measure
2026-09-12T14:53:38.673+00:00,186.000,361.973,99,22554.5,2685,65,measure
2026-09-12T14:53:39.634+00:00,187.000,369.938,99,22554.5,2685,67,measure
2026-09-12T14:53:40.634+00:00,188.000,364.969,99,22554.5,2685,65,measure
2026-09-12T14:53:41.633+00:00,189.000,361.069,99,22554.5,2685,67,measure
2026-09-12T14:53:42.634+00:00,190.001,348.14,99,22554.5,2685,64,measure
2026-09-12T14:53:43.636+00:00,191.001,344.251,99,22554.5,2685,65,measure
2026-09-12T14:53:44.635+00:00,192.000,313.868,99,22554.5,2685,63,measure
2026-09-12T14:53:45.633+00:00,193.000,324.96,99,22554.5,2685,62,measure
2026-09-12T14:53:46.634+00:00,194.000,319.823,99,22554.5,2685,64,measure
2026-09-12T14:53:45.140+00:00,195.000,328.043,99,22554.5,2685,64,measure
2026-09-12T14:53:46.140+00:00,196.000,314.404,99,22543.5,2685,62,measure
2026-09-12T14:53:47.142+00:00,197.000,315.899,99,22543.5,2685,64,measure
2026-09-12T14:53:48.142+00:00,198.001,312.446,99,22539.9,2685,64,measure
2026-09-12T14:53:49.141+00:00,199.001,330.495,99,22539.9,2685,61,measure
2026-09-12T14:53:50.145+00:00,200.003,335.328,99,22536.4,2685,61,measure
2026-09-12T14:53:51.143+00:00,201.003,359.623,99,22536.4,2685,66,measure
2026-09-12T14:53:52.141+00:00,202.000,364.683,99,22536.4,2685,66,measure
2026-09-12T14:53:53.142+00:00,203.000,370.441,99,22536.4,2685,64,measure
2026-09-12T14:53:54.142+00:00,204.001,359.544,99,22536.4,2685,64,measure
2026-09-12T14:53:55.146+00:00,205.006,353.503,99,22536.4,2685,64,measure
2026-09-12T14:53:56.154+00:00,206.013,344.844,99,22536.4,2685,63,measure
2026-09-12T14:53:57.142+00:00,207.001,317.183,99,22536.4,2685,62,measure
2026-09-12T14:53:58.142+00:00,208.001,316.318,99,22536.4,2685,66,measure
2026-09-12T14:53:59.154+00:00,209.002,330.746,99,22536.4,2685,62,measure
2026-09-12T14:54:00.140+00:00,210.000,319.412,99,22536.4,2685,63,measure
2026-09-12T14:54:01.141+00:00,211.001,317.277,99,22536.4,2685,63,measure
2026-09-12T14:54:02.140+00:00,212.000,309.447,99,22536.4,2685,62,measure
2026-09-12T14:54:03.141+00:00,213.000,329.515,99,22536.4,2685,64,measure
2026-09-12T14:54:04.141+00:00,214.001,338.247,99,22536.4,2685,65,measure
2026-09-12T14:54:05.142+00:00,215.000,355.918,99,22536.4,2685,65,measure
2026-09-12T14:54:06.142+00:00,216.001,365.627,99,22536.4,2685,65,measure
2026-09-12T14:54:07.140+00:00,217.000,342.681,99,22536.4,2685,61,measure
2026-09-12T14:54:08.176+00:00,218.008,332.146,99,22536.4,2685,63,measure
2026-09-12T14:54:09.141+00:00,219.001,335.966,99,22536.4,2685,65,measure
2026-09-12T14:54:10.142+00:00,220.001,321.71,99,22536.4,2685,63,measure
2026-09-12T14:54:11.142+00:00,221.000,349.004,99,22536.4,2685,65,measure
2026-09-12T14:54:12.142+00:00,222.001,326.912,99,22536.4,2685,64,measure
2026-09-12T14:54:13.141+00:00,223.001,326.151,99,22536.4,2685,63,measure
2026-09-12T14:54:14.167+00:00,224.002,325.545,99,22536.4,2685,62,measure
2026-09-12T14:54:15.143+00:00,225.001,345.311,99,22536.4,2685,65,measure
2026-09-12T14:54:16.142+00:00,226.001,353,99,22536.4,2685,65,measure
2026-09-12T14:54:14.659+00:00,227.003,367.128,99,22536.4,2685,65,measure
2026-09-12T14:54:15.658+00:00,228.004,358.917,99,22536.4,2685,65,measure
2026-09-12T14:54:16.655+00:00,229.001,358.453,99,22532.3,2685,65,measure
2026-09-12T14:54:17.658+00:00,230.003,361.239,99,22536,2685,65,measure
2026-09-12T14:54:18.654+00:00,231.000,346.398,99,22658.4,2685,66,measure
2026-09-12T14:54:19.661+00:00,232.003,354.038,99,22658.4,2685,65,measure
2026-09-12T14:54:20.659+00:00,233.001,347.82,99,22719.3,2685,66,measure
2026-09-12T14:54:21.654+00:00,234.001,346.32,99,22686,2685,65,measure
2026-09-12T14:54:22.654+00:00,235.001,355.644,99,22692.5,2685,66,measure
2026-09-12T14:54:23.654+00:00,236.000,371.008,99,22687.2,2685,67,measure
2026-09-12T14:54:24.656+00:00,237.002,372.128,99,22699.4,2685,65,measure
2026-09-12T14:54:25.655+00:00,238.001,368.3,99,22731.2,2685,64,measure
2026-09-12T14:54:26.655+00:00,239.000,370.035,99,22696,2685,65,measure
2026-09-12T14:54:27.655+00:00,240.001,368.706,99,22687.5,2685,65,measure
2026-09-12T14:54:28.654+00:00,241.000,378.656,99,22687.5,2685,67,measure
2026-09-12T14:54:29.654+00:00,242.000,375.876,99,22679.1,2685,65,measure
2026-09-12T14:54:30.654+00:00,243.001,357.798,99,22679.1,2685,66,measure
2026-09-12T14:54:31.654+00:00,244.000,358.213,99,22632.6,2685,65,measure
2026-09-12T14:54:32.655+00:00,245.001,341.05,99,22649.3,2685,63,measure
2026-09-12T14:54:33.655+00:00,246.000,347.225,99,22647.3,2685,67,measure
2026-09-12T14:54:34.654+00:00,247.000,357.518,99,22647.3,2685,64,measure
2026-09-12T14:54:35.660+00:00,248.006,355.672,99,22647.3,2685,65,measure
2026-09-12T14:54:36.654+00:00,249.001,357.723,99,22641.4,2685,65,measure
2026-09-12T14:54:37.657+00:00,250.002,357.357,99,22641.4,2685,64,measure
2026-09-12T14:54:38.655+00:00,251.000,354.038,99,22642.4,2685,66,measure
2026-09-12T14:54:39.654+00:00,252.000,355.711,99,22647.5,2685,66,measure
2026-09-12T14:54:40.655+00:00,253.001,348.017,99,22641.5,2685,64,measure
2026-09-12T14:54:41.654+00:00,254.000,364.033,99,22637.5,2685,65,measure
2026-09-12T14:54:42.654+00:00,255.000,353.668,99,22640.5,2685,64,measure
2026-09-12T14:54:43.656+00:00,256.001,362.382,99,22640.5,2685,65,measure
2026-09-12T14:54:44.658+00:00,257.002,370.447,99,22640.5,2685,66,measure
2026-09-12T14:54:45.656+00:00,258.003,368.344,99,22640.5,2685,65,measure
2026-09-12T14:54:44.158+00:00,259.000,351.218,99,22672.4,2685,65,measure
2026-09-12T14:54:45.161+00:00,260.001,346.392,99,22672.4,2685,65,measure
2026-09-12T14:54:46.160+00:00,261.002,364.924,99,22672.4,2685,65,measure
2026-09-12T14:54:47.162+00:00,262.002,356.486,99,22672.4,2685,65,measure
2026-09-12T14:54:48.162+00:00,263.001,363.66,99,22672.4,2685,65,measure
2026-09-12T14:54:49.159+00:00,264.001,363.237,99,22672.4,2685,66,measure
2026-09-12T14:54:50.159+00:00,265.000,360.986,99,22672.4,2685,68,measure
2026-09-12T14:54:51.160+00:00,266.001,358.931,99,22672.4,2685,65,measure
2026-09-12T14:54:52.159+00:00,267.001,356.33,99,22672.4,2685,66,measure
2026-09-12T14:54:53.160+00:00,268.001,339.151,99,22672.4,2685,66,measure
2026-09-12T14:54:54.162+00:00,269.000,345.337,99,22672.4,2685,67,measure
2026-09-12T14:54:55.167+00:00,270.009,333.116,99,22672.4,2685,64,measure
2026-09-12T14:54:56.162+00:00,271.004,364.918,99,22672.4,2685,66,measure
2026-09-12T14:54:57.159+00:00,272.001,355.043,99,22664.4,2685,65,measure
2026-09-12T14:54:58.161+00:00,273.003,357.597,99,22664.4,2685,65,measure
2026-09-12T14:54:59.293+00:00,274.083,356.651,99,22664.4,2685,64,measure
2026-09-12T14:55:00.161+00:00,275.001,354.296,99,22664.4,2685,64,measure
2026-09-12T14:55:01.229+00:00,276.070,359.636,99,22664.4,2685,66,measure
2026-09-12T14:55:02.237+00:00,277.078,355.985,99,22664.4,2685,67,measure
2026-09-12T14:55:03.160+00:00,278.001,364.205,99,22664.4,2685,65,measure
2026-09-12T14:55:04.160+00:00,279.002,365.371,99,22664.4,2685,65,measure
2026-09-12T14:55:05.160+00:00,280.000,358.066,99,22664.4,2685,64,measure
2026-09-12T14:55:06.161+00:00,281.000,363.364,99,22664.4,2685,66,measure
2026-09-12T14:55:07.159+00:00,282.001,362.59,99,22664.4,2685,66,measure
2026-09-12T14:55:08.159+00:00,283.001,359.161,99,22664.4,2685,67,measure
2026-09-12T14:55:09.160+00:00,284.002,359.293,99,22664.4,2685,66,measure
2026-09-12T14:55:10.158+00:00,285.000,321.044,99,22664.4,2685,64,measure
2026-09-12T14:55:11.195+00:00,286.000,313.034,99,22664.4,2685,61,measure
2026-09-12T14:55:12.161+00:00,287.001,318.62,99,22664.4,2685,63,measure
2026-09-12T14:55:13.166+00:00,288.000,316.943,99,22664.4,2685,62,measure
2026-09-12T14:55:14.158+00:00,289.000,314.826,99,22664.4,2685,63,measure
2026-09-12T14:55:15.161+00:00,290.002,327.456,99,22664.4,2685,67,measure
2026-09-12T14:55:16.159+00:00,291.001,321.17,99,22664.4,2685,64,measure
2026-09-12T14:55:14.659+00:00,292.000,358.423,99,22664.4,2685,68,measure
2026-09-12T14:55:15.661+00:00,293.000,363.173,99,22664.4,2685,65,measure
2026-09-12T14:55:16.657+00:00,294.000,362.264,99,22664.4,2685,65,measure
2026-09-12T14:55:17.658+00:00,295.001,372.871,99,22658.3,2685,67,measure
2026-09-12T14:55:18.658+00:00,296.000,363.383,99,22662,2685,64,measure
2026-09-12T14:55:19.658+00:00,297.000,376.672,99,22658,2685,67,measure
2026-09-12T14:55:20.675+00:00,298.000,371.118,99,22664.3,2685,65,measure
2026-09-12T14:55:21.660+00:00,299.000,361.804,99,22665.2,2685,65,measure
2026-09-12T14:55:22.731+00:00,300.071,349.329,99,22664.8,2685,64,measure
2026-09-12T14:55:23.736+00:00,301.077,350.575,99,22630,2685,65,measure
2026-09-12T14:55:24.734+00:00,302.077,347.616,99,22627.8,2685,64,measure
2026-09-12T14:55:25.706+00:00,303.047,349.107,99,22639.4,2685,65,measure
2026-09-12T14:55:26.661+00:00,304.002,355.059,99,22659.3,2685,67,measure
2026-09-12T14:55:27.659+00:00,305.001,357.903,99,22662.3,2685,65,measure
2026-09-12T14:55:28.658+00:00,306.001,358.641,99,22662.3,2685,65,measure
2026-09-12T14:55:29.667+00:00,307.009,359.795,99,22662.3,2685,67,measure
2026-09-12T14:55:30.657+00:00,308.000,350.508,99,22667.1,2685,66,measure
2026-09-12T14:55:31.664+00:00,309.006,354.659,99,22660.6,2685,66,measure
2026-09-12T14:55:32.685+00:00,310.026,362.4,99,22653.1,2685,68,measure
2026-09-12T14:55:33.682+00:00,311.025,364.12,99,22644.5,2685,65,measure
2026-09-12T14:55:34.663+00:00,312.005,365.723,99,22654.7,2685,65,measure
2026-09-12T14:55:35.683+00:00,313.026,351.232,99,22645.2,2685,65,measure
2026-09-12T14:55:36.669+00:00,314.011,331.883,99,22658.9,2685,64,measure
2026-09-12T14:55:37.662+00:00,315.003,331.578,99,22658.8,2685,62,measure
2026-09-12T14:55:38.661+00:00,316.004,357.216,99,22658.8,2685,67,measure
2026-09-12T14:55:39.659+00:00,317.000,416.505,100,22658.8,2685,70,measure
2026-09-12T14:55:40.658+00:00,318.001,400.378,99,22762.8,2685,66,measure
2026-09-12T14:55:41.657+00:00,319.000,397.168,99,22762.8,2685,67,measure
2026-09-12T14:55:42.658+00:00,320.000,389.068,99,22753.7,2685,69,measure
2026-09-12T14:55:43.659+00:00,321.001,391.989,99,22753.7,2685,68,measure
2026-09-12T14:55:44.659+00:00,322.000,402.22,99,22753.7,2685,70,measure
2026-09-12T14:55:45.657+00:00,323.000,402.488,99,22753.7,2685,70,measure
2026-09-12T14:55:44.194+00:00,324.000,404.147,99,22753.7,2685,69,measure
2026-09-12T14:55:45.194+00:00,325.000,381.357,99,22760.3,2685,68,measure
2026-09-12T14:55:46.195+00:00,326.001,378.194,99,22760.3,2685,69,measure
2026-09-12T14:55:47.194+00:00,327.000,384.835,99,22757.3,2685,68,measure
2026-09-12T14:55:48.196+00:00,328.000,395.596,99,22760.3,2685,69,measure
2026-09-12T14:55:49.195+00:00,329.002,400.602,100,22760.3,2685,69,measure
2026-09-12T14:55:50.195+00:00,330.000,396.76,99,22760.3,2685,68,measure
2026-09-12T14:55:51.195+00:00,331.001,386.095,99,22760.3,2685,69,measure
2026-09-12T14:55:52.194+00:00,332.000,376.141,99,22757.3,2685,67,measure
2026-09-12T14:55:53.194+00:00,333.000,377.991,99,22760.3,2685,68,measure
2026-09-12T14:55:54.195+00:00,334.000,385.581,100,22760.8,2685,68,measure
2026-09-12T14:55:55.195+00:00,335.000,394.394,99,22760.8,2685,69,measure
2026-09-12T14:55:56.195+00:00,336.001,403.246,99,22757.7,2685,70,measure
2026-09-12T14:55:57.195+00:00,337.000,382.016,99,22750.9,2685,69,measure
2026-09-12T14:55:58.195+00:00,338.001,372.958,99,22836.5,2685,66,measure
2026-09-12T14:55:59.194+00:00,339.000,378.167,99,22911.1,2685,68,measure
2026-09-12T14:56:00.198+00:00,340.004,383.595,99,22875.3,2685,68,measure
2026-09-12T14:56:01.196+00:00,341.002,400.666,99,22876.3,2685,70,measure
2026-09-12T14:56:02.194+00:00,342.000,403.265,99,22811.8,2685,70,measure
2026-09-12T14:56:03.194+00:00,343.000,394.457,99,22816.8,2685,69,measure
2026-09-12T14:56:04.195+00:00,344.001,376.291,99,22818.3,2685,67,measure
2026-09-12T14:56:05.196+00:00,345.001,375.592,99,22810.6,2685,67,measure
2026-09-12T14:56:06.195+00:00,346.000,386.731,100,22809.6,2685,68,measure
2026-09-12T14:56:07.194+00:00,347.000,395.263,99,22805.6,2685,68,measure
2026-09-12T14:56:08.194+00:00,348.000,405.731,99,22805.6,2685,69,measure
2026-09-12T14:56:09.195+00:00,349.001,399.474,99,22806.6,2685,68,measure
2026-09-12T14:56:10.195+00:00,350.001,381.64,99,22810.6,2685,68,measure
2026-09-12T14:56:11.195+00:00,351.000,376.419,99,22818.6,2685,67,measure
2026-09-12T14:56:12.198+00:00,352.002,381.695,99,22814,2685,69,measure
2026-09-12T14:56:13.195+00:00,353.001,394.21,99,22811.9,2685,69,measure
2026-09-12T14:56:14.195+00:00,354.000,400.087,99,22817.9,2685,68,measure
2026-09-12T14:56:15.194+00:00,355.000,403.372,99,22817.9,2685,69,measure
2026-09-12T14:56:13.699+00:00,356.000,387.112,99,22812,2685,68,measure
2026-09-12T14:56:14.698+00:00,357.000,384.501,100,22812,2685,70,measure
2026-09-12T14:56:15.702+00:00,358.001,387.719,99,22804.9,2685,69,measure
2026-09-12T14:56:16.733+00:00,359.001,391.49,99,22859.3,2685,69,measure
2026-09-12T14:56:17.698+00:00,360.000,395.843,99,22851.7,2685,68,measure
2026-09-12T14:56:18.698+00:00,361.001,396.903,99,22853.2,2685,69,measure
2026-09-12T14:56:19.698+00:00,362.001,387.495,99,22841.2,2685,69,measure
2026-09-12T14:56:20.699+00:00,363.001,385.794,99,22841.2,2685,67,measure
2026-09-12T14:56:21.699+00:00,364.000,385.382,99,22841.2,2685,68,measure
2026-09-12T14:56:22.697+00:00,365.000,395.012,99,22857.7,2685,68,measure
2026-09-12T14:56:23.698+00:00,366.001,402.375,100,22849.2,2685,70,measure
2026-09-12T14:56:24.700+00:00,367.000,400.896,99,22849.2,2685,69,measure
2026-09-12T14:56:25.700+00:00,368.003,382.133,100,22902.5,2685,67,measure
2026-09-12T14:56:26.698+00:00,369.000,378.699,99,22886.5,2685,67,measure
2026-09-12T14:56:27.699+00:00,370.001,384.065,99,22806.5,2685,68,measure
2026-09-12T14:56:28.698+00:00,371.001,392.298,99,22798.5,2685,68,measure
2026-09-12T14:56:29.697+00:00,372.000,400.11,100,22796.4,2685,69,measure
2026-09-12T14:56:30.698+00:00,373.001,403.698,99,22788,2685,70,measure
2026-09-12T14:56:31.742+00:00,374.001,397.552,100,22788,2685,68,measure
2026-09-12T14:56:32.700+00:00,375.001,384.2,99,22788,2685,68,measure
2026-09-12T14:56:33.701+00:00,376.001,384.444,99,22788,2685,67,measure
2026-09-12T14:56:34.707+00:00,377.002,391.065,99,22788,2685,70,measure
2026-09-12T14:56:35.699+00:00,378.001,406.982,100,22788,2685,70,measure
2026-09-12T14:56:36.698+00:00,379.000,402.24,99,22788,2685,70,measure
2026-09-12T14:56:37.698+00:00,380.001,399.445,99,22788,2685,70,measure
2026-09-12T14:56:38.698+00:00,381.000,385.115,99,22788,2685,68,measure
2026-09-12T14:56:39.699+00:00,382.000,384.335,99,22788,2685,68,measure
2026-09-12T14:56:40.698+00:00,383.000,389.432,100,22788,2685,68,measure
2026-09-12T14:56:41.698+00:00,384.001,403.249,99,22788,2685,70,measure
2026-09-12T14:56:42.698+00:00,385.001,407.423,100,22788,2685,69,measure
2026-09-12T14:56:43.698+00:00,386.001,399.78,99,22788,2685,70,measure
2026-09-12T14:56:44.699+00:00,387.000,384.712,99,22788,2685,68,measure
2026-09-12T14:56:45.700+00:00,388.001,385.28,99,22788,2685,69,measure
2026-09-12T14:56:44.197+00:00,389.000,390.643,99,22788,2685,70,measure
2026-09-12T14:56:45.197+00:00,390.000,405.777,100,22788,2685,71,measure
2026-09-12T14:56:46.197+00:00,391.000,410.53,99,22788,2685,70,measure
2026-09-12T14:56:47.197+00:00,392.000,401.54,100,22788,2685,69,measure
2026-09-12T14:56:48.201+00:00,393.004,385.437,99,22788,2685,68,measure
2026-09-12T14:56:49.199+00:00,394.001,387.099,100,22788,2685,70,measure
2026-09-12T14:56:50.197+00:00,395.000,390.348,99,22788,2685,70,measure
2026-09-12T14:56:51.198+00:00,396.001,404.805,100,22788,2685,69,measure
2026-09-12T14:56:52.200+00:00,397.003,408.916,99,22788,2685,70,measure
2026-09-12T14:56:53.199+00:00,398.002,406.987,100,22788,2685,71,measure
2026-09-12T14:56:54.199+00:00,399.001,392.317,100,22788,2685,68,measure
2026-09-12T14:56:55.200+00:00,400.000,382.783,100,22788,2685,68,measure
2026-09-12T14:56:56.197+00:00,401.000,388.98,99,22788,2685,68,measure
2026-09-12T14:56:57.197+00:00,402.000,404.228,99,22788,2685,70,measure
2026-09-12T14:56:58.197+00:00,403.000,407.851,99,22788.3,2685,70,measure
2026-09-12T14:56:59.204+00:00,404.005,392.381,99,22833.9,2685,67,measure
2026-09-12T14:57:00.199+00:00,405.001,393.967,99,22831.9,2685,70,measure
2026-09-12T14:57:01.200+00:00,406.002,382.736,99,22831.9,2685,67,measure
2026-09-12T14:57:02.199+00:00,407.002,386.456,99,22831.9,2685,67,measure
2026-09-12T14:57:03.204+00:00,408.002,397.153,99,22831.9,2685,69,measure
2026-09-12T14:57:04.197+00:00,409.000,402.187,99,22841.3,2685,70,measure
2026-09-12T14:57:05.197+00:00,410.000,391.938,99,22953.7,2685,69,measure
2026-09-12T14:57:06.199+00:00,411.001,388.331,99,22948.3,2685,70,measure
2026-09-12T14:57:07.199+00:00,412.000,390.262,99,22936.4,2685,68,measure
2026-09-12T14:57:08.197+00:00,413.000,389.589,100,22936.4,2685,69,measure
2026-09-12T14:57:09.197+00:00,414.000,406.429,100,22875.6,2685,69,measure
2026-09-12T14:57:10.198+00:00,415.002,408.899,99,22875.6,2685,71,measure
2026-09-12T14:57:11.241+00:00,416.001,399.375,99,22876.6,2685,70,measure
2026-09-12T14:57:12.199+00:00,417.001,394.321,99,22878.6,2685,70,measure
2026-09-12T14:57:13.198+00:00,418.001,400.246,99,22878.6,2685,69,measure
2026-09-12T14:57:14.197+00:00,419.000,391.014,99,22878.6,2685,69,measure
2026-09-12T14:57:15.197+00:00,420.000,403.272,99,22878.6,2685,70,measure
2026-09-12T14:57:13.698+00:00,421.000,405.865,99,22878.6,2685,70,measure
2026-09-12T14:57:14.702+00:00,422.003,407.172,99,22878.6,2685,71,measure
2026-09-12T14:57:15.699+00:00,423.001,393.449,100,22887.6,2685,70,measure
2026-09-12T14:57:16.700+00:00,424.003,397.372,99,22887.6,2685,69,measure
2026-09-12T14:57:17.699+00:00,425.002,389.526,99,22887.6,2685,68,measure
2026-09-12T14:57:18.698+00:00,426.001,405.391,99,22887.6,2685,70,measure
2026-09-12T14:57:19.699+00:00,427.001,401.318,99,22887.6,2685,70,measure
2026-09-12T14:57:20.698+00:00,428.001,404.568,99,22824.8,2685,70,measure
2026-09-12T14:57:21.700+00:00,429.000,396.517,100,22818.3,2685,71,measure
2026-09-12T14:57:22.699+00:00,430.000,402.006,99,22818.3,2685,69,measure
2026-09-12T14:57:23.698+00:00,431.000,386.275,99,22818.3,2685,68,measure
2026-09-12T14:57:24.698+00:00,432.000,400.98,99,22816.3,2685,69,measure
2026-09-12T14:57:25.698+00:00,433.001,404.602,99,22813.3,2685,70,measure
2026-09-12T14:57:26.698+00:00,434.000,403.165,99,22809.5,2685,71,measure
2026-09-12T14:57:27.699+00:00,435.000,393.127,99,22809.5,2685,70,measure
2026-09-12T14:57:28.699+00:00,436.001,403.086,99,22809.5,2685,69,measure
2026-09-12T14:57:29.698+00:00,437.001,391.751,100,22809.5,2685,70,measure
2026-09-12T14:57:30.698+00:00,438.000,400.446,99,22800.3,2685,70,measure
2026-09-12T14:57:31.701+00:00,439.003,405.961,99,22795.3,2685,70,measure
2026-09-12T14:57:32.699+00:00,440.001,407.306,99,22795.3,2685,70,measure
2026-09-12T14:57:33.699+00:00,441.000,390.293,99,22816.5,2685,70,measure
2026-09-12T14:57:34.699+00:00,442.000,404.349,99,22816.5,2685,70,measure
2026-09-12T14:57:35.698+00:00,443.000,393.637,99,22816.5,2685,70,measure
2026-09-12T14:57:36.698+00:00,444.001,402.906,99,22816.5,2685,70,measure
2026-09-12T14:57:37.698+00:00,445.000,407.53,99,22816.5,2685,69,measure
2026-09-12T14:57:38.698+00:00,446.000,405.776,99,22816.5,2685,70,measure
2026-09-12T14:57:39.701+00:00,447.000,396.759,99,22816.5,2685,70,measure
2026-09-12T14:57:40.698+00:00,448.000,395.668,99,22807.4,2685,69,measure
2026-09-12T14:57:41.698+00:00,449.001,389.871,99,22818.4,2685,69,measure
2026-09-12T14:57:42.698+00:00,450.000,395.34,99,22820.3,2685,70,measure
2026-09-12T14:57:43.698+00:00,451.000,395.935,99,22808.3,2685,70,measure
2026-09-12T14:57:44.700+00:00,452.001,401.629,99,22820,2685,70,measure
2026-09-12T14:57:45.699+00:00,453.000,384.828,99,22857.2,2685,69,measure
2026-09-12T14:57:44.211+00:00,454.001,388.199,99,22861.8,2685,68,measure
2026-09-12T14:57:45.211+00:00,455.000,377.722,99,22870.2,2685,68,measure
2026-09-12T14:57:46.211+00:00,456.001,389.529,99,22870.2,2685,68,measure
2026-09-12T14:57:47.211+00:00,457.001,397.045,99,22845.4,2685,70,measure
2026-09-12T14:57:48.213+00:00,458.001,399.68,99,22813.4,2685,70,measure
2026-09-12T14:57:49.212+00:00,459.001,392.3,99,22813.4,2685,67,measure
2026-09-12T14:57:50.212+00:00,460.002,396.738,99,22813.4,2685,69,measure
2026-09-12T14:57:51.211+00:00,461.000,382.926,99,22813.4,2685,68,measure
2026-09-12T14:57:52.213+00:00,462.002,392.427,99,22813.4,2685,70,measure
2026-09-12T14:57:53.256+00:00,463.000,396.668,99,22813.4,2685,69,measure
2026-09-12T14:57:54.213+00:00,464.002,395.412,100,22813.4,2685,68,measure
2026-09-12T14:57:55.212+00:00,465.001,393.817,99,22813.4,2685,67,measure
2026-09-12T14:57:56.211+00:00,466.000,394.785,100,22813.4,2685,69,measure
2026-09-12T14:57:57.211+00:00,467.001,384.095,100,22813.4,2685,68,measure
2026-09-12T14:57:58.216+00:00,468.005,387.454,99,22813.4,2685,69,measure
2026-09-12T14:57:59.211+00:00,469.000,395.398,99,22813.4,2685,68,measure
2026-09-12T14:58:00.214+00:00,470.002,394.239,99,22813.4,2685,70,measure
2026-09-12T14:58:01.213+00:00,471.001,395.204,99,22813.4,2685,71,measure
2026-09-12T14:58:02.211+00:00,472.000,390.139,99,22813.4,2685,69,measure
2026-09-12T14:58:03.214+00:00,473.003,386.828,99,22813.4,2685,69,measure
2026-09-12T14:58:04.213+00:00,474.000,388.151,99,22813.4,2685,70,measure
2026-09-12T14:58:05.211+00:00,475.000,395.005,99,22813.4,2685,70,measure
2026-09-12T14:58:06.211+00:00,476.000,397.755,99,22813.4,2685,69,measure
2026-09-12T14:58:07.212+00:00,477.000,396.681,99,22813.4,2685,70,measure
2026-09-12T14:58:08.211+00:00,478.001,390.389,99,22813.4,2685,69,measure
2026-09-12T14:58:09.211+00:00,479.000,391.444,99,22813.4,2685,69,measure
2026-09-12T14:58:10.211+00:00,480.000,384.627,99,22813.4,2685,69,measure
2026-09-12T14:58:11.211+00:00,481.000,392.806,100,22813.4,2685,68,measure
2026-09-12T14:58:12.213+00:00,482.001,396.604,100,22813.4,2685,69,measure
2026-09-12T14:58:13.214+00:00,483.000,398.445,100,22813.4,2685,69,measure
2026-09-12T14:58:14.211+00:00,484.001,389.547,99,22813.4,2685,68,measure
2026-09-12T14:58:15.211+00:00,485.000,394.402,99,22829.8,2685,69,measure
2026-09-12T14:58:13.717+00:00,486.000,380.844,99,22838.2,2685,68,measure
2026-09-12T14:58:14.717+00:00,487.000,391.102,100,22823.8,2685,70,measure
2026-09-12T14:58:15.719+00:00,488.000,403.751,100,22806.9,2685,70,measure
2026-09-12T14:58:16.720+00:00,489.001,404.54,100,22815.4,2685,71,measure
2026-09-12T14:58:17.749+00:00,490.001,389.632,99,22841.2,2685,67,measure
2026-09-12T14:58:18.718+00:00,491.001,396.018,99,22786.1,2685,70,measure
2026-09-12T14:58:19.718+00:00,492.001,385.737,99,22775.6,2685,68,measure
2026-09-12T14:58:20.718+00:00,493.000,387.16,99,22790.5,2685,69,measure
2026-09-12T14:58:21.723+00:00,494.001,389.121,99,22790.5,2685,70,measure
2026-09-12T14:58:22.720+00:00,495.000,396.523,99,22795.2,2685,69,measure
2026-09-12T14:58:23.718+00:00,496.000,394.538,99,22795.2,2685,70,measure
2026-09-12T14:58:24.718+00:00,497.001,402.669,99,22795.2,2685,71,measure
2026-09-12T14:58:25.717+00:00,498.000,396.248,100,22795.2,2685,68,measure
2026-09-12T14:58:26.717+00:00,499.000,398.312,99,22795.2,2685,68,measure
2026-09-12T14:58:27.719+00:00,500.000,403.314,99,22795.2,2685,70,measure
2026-09-12T14:58:28.720+00:00,501.000,407.293,99,22795.2,2685,70,measure
2026-09-12T14:58:29.718+00:00,502.001,403.597,99,22795.2,2685,70,measure
2026-09-12T14:58:30.718+00:00,503.000,405.434,100,22795.2,2685,70,measure
2026-09-12T14:58:31.719+00:00,504.000,391.066,99,22803.9,2685,68,measure
2026-09-12T14:58:32.717+00:00,505.000,391.663,100,22802.3,2685,69,measure
2026-09-12T14:58:33.723+00:00,506.005,389.23,99,22798.3,2685,69,measure
2026-09-12T14:58:34.720+00:00,507.000,401.07,99,22798.7,2685,70,measure
2026-09-12T14:58:35.718+00:00,508.000,399.025,99,22798.7,2685,68,measure
2026-09-12T14:58:36.718+00:00,509.001,398.331,99,22798.7,2685,71,measure
2026-09-12T14:58:37.718+00:00,510.000,395.588,99,22798.7,2685,68,measure
2026-09-12T14:58:38.718+00:00,511.001,397.514,99,22798.7,2685,68,measure
2026-09-12T14:58:39.719+00:00,512.000,395.25,99,22795.7,2685,68,measure
2026-09-12T14:58:40.719+00:00,513.000,399.442,99,22796.7,2685,69,measure
2026-09-12T14:58:41.717+00:00,514.000,392.816,99,22822.7,2685,69,measure
2026-09-12T14:58:42.717+00:00,515.000,387.533,99,22823.3,2685,71,measure
2026-09-12T14:58:43.717+00:00,516.000,390.755,99,22823.3,2685,69,measure
2026-09-12T14:58:44.718+00:00,517.000,387.568,99,22833.3,2685,69,measure
2026-09-12T14:58:45.719+00:00,518.000,392.764,99,22823.3,2685,69,measure
2026-09-12T14:58:44.219+00:00,519.001,393.952,100,22835.3,2685,70,measure
2026-09-12T14:58:45.216+00:00,520.001,397.199,99,22836.3,2685,69,measure
2026-09-12T14:58:46.216+00:00,521.000,391.015,99,22803.2,2685,68,measure
2026-09-12T14:58:47.217+00:00,522.001,391.248,99,22798.2,2685,68,measure
2026-09-12T14:58:48.216+00:00,523.000,389.085,99,22798.2,2685,70,measure
2026-09-12T14:58:49.217+00:00,524.001,399.138,100,22798.2,2685,70,measure
2026-09-12T14:58:50.217+00:00,525.000,404.162,100,22798.2,2685,70,measure
2026-09-12T14:58:51.219+00:00,526.003,404.778,99,22798.2,2685,69,measure
2026-09-12T14:58:52.216+00:00,527.000,397.509,100,22798.2,2685,69,measure
2026-09-12T14:58:53.216+00:00,528.000,400.465,99,22798.2,2685,68,measure
2026-09-12T14:58:54.216+00:00,529.001,394.477,99,22798.2,2685,70,measure
2026-09-12T14:58:55.217+00:00,530.000,399.187,99,22798.2,2685,70,measure
2026-09-12T14:58:56.217+00:00,531.001,404.841,99,22798.2,2685,70,measure
2026-09-12T14:58:57.218+00:00,532.002,399.209,99,22785.1,2685,69,measure
2026-09-12T14:58:58.217+00:00,533.001,389.039,99,22867.4,2685,69,measure
2026-09-12T14:58:59.219+00:00,534.004,388.572,99,22842.1,2685,69,measure
2026-09-12T14:59:00.216+00:00,535.000,385.525,100,22825.6,2685,69,measure
2026-09-12T14:59:01.221+00:00,536.000,392.515,99,22825.6,2685,69,measure
2026-09-12T14:59:02.217+00:00,537.001,398.81,100,22825.6,2685,70,measure
2026-09-12T14:59:03.217+00:00,538.001,394.348,100,22817.6,2685,69,measure
2026-09-12T14:59:04.219+00:00,539.003,390.209,99,22817.6,2685,68,measure
2026-09-12T14:59:05.218+00:00,540.002,393.177,99,22817.6,2685,67,measure
2026-09-12T14:59:06.216+00:00,541.000,382.029,100,22817.6,2685,67,measure
2026-09-12T14:59:07.217+00:00,542.000,392.975,99,22817.6,2685,68,measure
2026-09-12T14:59:08.216+00:00,543.000,394.264,100,22817.6,2685,69,measure
2026-09-12T14:59:09.216+00:00,544.000,395.908,99,22817.6,2685,68,measure
2026-09-12T14:59:10.216+00:00,545.001,395.366,99,22817.6,2685,69,measure
2026-09-12T14:59:11.216+00:00,546.000,395.667,99,22817.6,2685,70,measure
2026-09-12T14:59:12.216+00:00,547.001,386.521,99,22817.6,2685,67,measure
2026-09-12T14:59:13.217+00:00,548.000,390.883,100,22817.6,2685,69,measure
2026-09-12T14:59:14.217+00:00,549.001,394.228,99,22842.1,2685,70,measure
2026-09-12T14:59:15.216+00:00,550.001,395.451,99,22842.1,2685,70,measure
2026-09-12T14:59:13.720+00:00,551.000,402.043,99,22842.1,2685,69,measure
2026-09-12T14:59:14.719+00:00,552.001,395.61,99,22850.5,2685,70,measure
2026-09-12T14:59:15.827+00:00,553.083,398.787,99,22850.5,2685,70,measure
2026-09-12T14:59:16.792+00:00,554.074,396.147,99,22850.5,2685,69,measure
2026-09-12T14:59:17.795+00:00,555.077,405.152,99,22796.5,2685,69,measure
2026-09-12T14:59:18.721+00:00,556.003,405.717,99,22796.5,2685,70,measure
2026-09-12T14:59:19.793+00:00,557.074,398.945,99,22796.5,2685,71,measure
2026-09-12T14:59:20.795+00:00,558.077,392.878,99,22796.5,2685,69,measure
2026-09-12T14:59:21.794+00:00,559.077,399.578,99,22796.5,2685,68,measure
2026-09-12T14:59:22.788+00:00,560.070,391.961,99,22796.5,2685,70,measure
2026-09-12T14:59:23.720+00:00,561.003,401.628,99,22796.5,2685,70,measure
2026-09-12T14:59:24.740+00:00,562.022,405.454,99,22796.5,2685,70,measure
2026-09-12T14:59:25.799+00:00,563.081,405.459,100,22796.5,2685,71,measure
2026-09-12T14:59:26.780+00:00,564.062,394.196,99,22796.5,2685,70,measure
2026-09-12T14:59:27.796+00:00,565.078,401.631,99,22796.5,2685,68,measure
2026-09-12T14:59:28.722+00:00,566.001,395.118,99,22796.5,2685,70,measure
2026-09-12T14:59:29.738+00:00,567.020,390.282,99,22796.5,2685,69,measure
2026-09-12T14:59:30.720+00:00,568.002,411.939,99,22796.5,2685,70,measure
2026-09-12T14:59:31.722+00:00,569.003,410.421,99,22796.5,2685,71,measure
2026-09-12T14:59:32.720+00:00,570.002,397.8,99,22796.5,2685,70,measure
2026-09-12T14:59:33.722+00:00,571.003,399.847,99,22796.5,2685,70,measure
2026-09-12T14:59:34.777+00:00,572.031,393.972,99,22796.5,2685,69,measure
2026-09-12T14:59:35.721+00:00,573.003,391.71,99,22796.5,2685,70,measure
2026-09-12T14:59:36.719+00:00,574.001,413.618,99,22796.5,2685,71,measure
2026-09-12T14:59:37.718+00:00,575.000,404.513,99,22796.5,2685,70,measure
2026-09-12T14:59:38.718+00:00,576.000,403.744,99,22796.5,2685,70,measure
2026-09-12T14:59:39.719+00:00,577.000,398.742,99,22796.5,2685,70,measure
2026-09-12T14:59:40.720+00:00,578.000,392.82,99,22796.5,2685,68,measure
2026-09-12T14:59:41.718+00:00,579.000,392.149,99,22796.5,2685,70,measure
2026-09-12T14:59:42.718+00:00,580.001,411.728,99,22796.5,2685,71,measure
2026-09-12T14:59:43.718+00:00,581.000,408.177,99,22796.5,2685,69,measure
2026-09-12T14:59:44.719+00:00,582.001,404.491,99,22796.5,2685,70,measure
2026-09-12T14:59:45.774+00:00,583.002,399.469,99,22796.5,2685,68,measure
2026-09-12T14:59:44.233+00:00,584.000,395.721,100,22796.5,2685,68,measure
2026-09-12T14:59:45.232+00:00,585.000,394.966,99,22796.5,2685,70,measure
2026-09-12T14:59:46.233+00:00,586.001,418.741,99,22796.5,2685,71,measure
2026-09-12T14:59:47.234+00:00,587.002,409.891,100,22796.5,2685,70,measure
2026-09-12T14:59:48.234+00:00,588.001,404.369,100,22796.5,2685,71,measure
2026-09-12T14:59:49.234+00:00,589.001,396.455,99,22796.5,2685,70,measure
2026-09-12T14:59:50.233+00:00,590.001,392.775,99,22796.5,2685,68,measure
2026-09-12T14:59:51.233+00:00,591.000,399.462,99,22796.5,2685,70,measure
2026-09-12T14:59:52.232+00:00,592.000,411.728,99,22796.5,2685,70,measure
2026-09-12T14:59:53.233+00:00,593.001,408.513,99,22796.5,2685,69,measure
2026-09-12T14:59:54.233+00:00,594.000,400.321,99,22796.5,2685,70,measure
2026-09-12T14:59:55.234+00:00,595.000,397.652,99,22796.5,2685,68,measure
2026-09-12T14:59:56.233+00:00,596.000,392.643,99,22796.5,2685,68,measure
2026-09-12T14:59:57.233+00:00,597.001,404.198,99,22796.5,2685,71,measure
2026-09-12T14:59:58.232+00:00,598.000,414.319,99,22796.5,2685,71,measure
2026-09-12T14:59:59.232+00:00,599.000,404.735,99,22796.5,2685,70,measure
2026-09-12T15:00:00.233+00:00,600.001,399.941,100,22796.5,2685,71,measure
2026-09-12T15:00:01.239+00:00,601.001,393.356,99,22796.5,2685,68,measure
2026-09-12T15:00:02.235+00:00,602.001,389.445,99,22796.5,2685,68,measure
2026-09-12T15:00:03.234+00:00,603.002,403.979,100,22796.5,2685,71,measure
2026-09-12T15:00:04.239+00:00,604.000,411.888,99,22796.5,2685,71,measure
2026-09-12T15:00:05.233+00:00,605.000,406.015,99,22796.5,2685,69,measure
2026-09-12T15:00:06.233+00:00,606.000,402.277,99,22796.5,2685,70,measure
2026-09-12T15:00:07.234+00:00,607.000,395.038,99,22796.5,2685,69,measure
2026-09-12T15:00:08.234+00:00,608.000,388.774,99,22796.5,2685,68,measure
2026-09-12T15:00:09.232+00:00,609.000,406.956,99,22796.5,2685,71,measure
2026-09-12T15:00:10.238+00:00,610.006,411.401,99,22796.5,2685,71,measure
2026-09-12T15:00:11.234+00:00,611.000,406.59,99,22796.5,2685,70,measure
2026-09-12T15:00:12.250+00:00,612.001,402.521,99,22796.5,2685,69,measure
2026-09-12T15:00:13.234+00:00,613.000,397.356,99,22796.5,2685,69,measure
2026-09-12T15:00:14.235+00:00,614.000,392.029,100,22796.5,2685,68,measure
2026-09-12T15:00:15.233+00:00,615.001,410.964,99,22796.5,2685,70,measure
2026-09-12T15:00:13.738+00:00,616.002,405.952,100,22796.5,2685,70,measure
2026-09-12T15:00:14.736+00:00,617.001,393.431,99,22796.5,2685,71,measure
2026-09-12T15:00:15.737+00:00,618.001,390.536,99,22796.5,2685,68,measure
2026-09-12T15:00:16.738+00:00,619.001,391.009,99,22796.5,2685,69,measure
2026-09-12T15:00:17.738+00:00,620.001,390.566,99,22796.5,2685,68,measure
2026-09-12T15:00:18.737+00:00,621.001,382.374,99,22796.5,2685,69,measure
2026-09-12T15:00:19.737+00:00,622.002,368.241,99,22796.5,2685,67,measure
2026-09-12T15:00:20.742+00:00,623.005,365.228,99,22796.5,2685,67,measure
2026-09-12T15:00:21.740+00:00,624.003,363.677,99,22796.5,2685,67,measure
2026-09-12T15:00:22.742+00:00,625.001,365.114,99,22796.5,2685,66,measure
2026-09-12T15:00:23.737+00:00,626.001,360.414,99,22796.5,2685,67,measure
2026-09-12T15:00:24.737+00:00,627.001,356.943,99,22796.5,2685,67,measure
2026-09-12T15:00:25.736+00:00,628.000,365.23,99,22796.5,2685,66,measure
2026-09-12T15:00:26.736+00:00,629.001,361.056,99,22796.5,2685,66,measure
2026-09-12T15:00:27.737+00:00,630.001,368.207,99,22796.5,2685,66,measure
2026-09-12T15:00:28.738+00:00,631.001,367.008,99,22796.5,2685,67,measure
2026-09-12T15:00:29.737+00:00,632.000,358.316,99,22796.5,2685,66,measure
2026-09-12T15:00:30.736+00:00,633.000,335.828,99,22796.5,2685,65,measure
2026-09-12T15:00:31.736+00:00,634.000,309.831,99,22796.5,2685,63,measure
2026-09-12T15:00:32.736+00:00,635.001,314.332,99,22796.5,2685,66,measure
2026-09-12T15:00:33.736+00:00,636.001,310.479,99,22796.5,2685,62,measure
2026-09-12T15:00:34.737+00:00,637.000,321.553,99,22796.5,2685,63,measure
2026-09-12T15:00:35.757+00:00,638.000,314.906,99,22796.5,2685,63,measure
2026-09-12T15:00:36.742+00:00,639.000,313.557,99,22796.5,2685,63,measure
2026-09-12T15:00:37.736+00:00,640.000,328.489,99,22796.5,2685,64,measure
2026-09-12T15:00:38.737+00:00,641.000,315.63,99,22796.5,2685,63,measure
2026-09-12T15:00:39.776+00:00,642.000,320.164,99,22796.5,2685,62,measure
2026-09-12T15:00:40.738+00:00,643.001,329.032,99,22796.5,2685,63,measure
2026-09-12T15:00:41.737+00:00,644.001,335.368,99,22796.5,2685,67,measure
2026-09-12T15:00:42.739+00:00,645.003,328.384,99,22796.5,2685,62,measure
2026-09-12T15:00:43.786+00:00,646.003,321.532,99,22796.5,2685,64,measure
2026-09-12T15:00:44.737+00:00,647.001,315.398,99,22796.5,2685,62,measure
2026-09-12T15:00:43.262+00:00,648.001,318.105,99,22796.5,2685,63,measure
2026-09-12T15:00:44.236+00:00,649.000,328.123,99,22796.5,2685,63,measure
2026-09-12T15:00:45.235+00:00,650.001,319.479,99,22796.5,2685,61,measure
2026-09-12T15:00:46.235+00:00,651.001,348.883,99,22796.5,2685,66,measure
2026-09-12T15:00:47.235+00:00,652.001,348.504,99,22796.5,2685,65,measure
2026-09-12T15:00:48.235+00:00,653.001,327.729,99,22796.5,2685,62,measure
2026-09-12T15:00:49.237+00:00,654.002,321.628,99,22796.5,2685,63,measure
2026-09-12T15:00:50.236+00:00,655.001,323.256,99,22796.5,2685,64,measure
2026-09-12T15:00:51.235+00:00,656.001,330.873,99,22796.5,2685,63,measure
2026-09-12T15:00:52.235+00:00,657.001,365.026,99,22796.5,2685,67,measure
2026-09-12T15:00:53.237+00:00,658.001,360.934,99,22796.5,2685,66,measure
2026-09-12T15:00:54.235+00:00,659.001,356.08,99,22796.5,2685,65,measure
2026-09-12T15:00:55.234+00:00,660.000,329.057,99,22796.5,2685,61,measure
2026-09-12T15:00:56.239+00:00,661.001,323.29,99,22796.5,2685,63,measure
2026-09-12T15:00:57.235+00:00,662.001,333.599,99,22796.5,2685,62,measure
2026-09-12T15:00:58.235+00:00,663.001,352.24,99,22796.5,2685,63,measure
2026-09-12T15:00:59.234+00:00,664.000,325.072,99,22796.5,2685,63,measure
2026-09-12T15:01:00.235+00:00,665.000,315.351,99,22796.5,2685,64,measure
2026-09-12T15:01:01.235+00:00,666.000,322.973,99,22796.5,2685,64,measure
2026-09-12T15:01:02.291+00:00,667.000,322.971,99,22796.5,2685,63,measure
2026-09-12T15:01:03.235+00:00,668.000,330.296,99,22796.5,2685,64,measure
2026-09-12T15:01:04.235+00:00,669.000,340.514,99,22796.5,2685,63,measure
2026-09-12T15:01:05.234+00:00,670.000,363.632,99,22796.5,2685,65,measure
2026-09-12T15:01:06.235+00:00,671.000,355.433,99,22796.5,2685,65,measure
2026-09-12T15:01:07.236+00:00,672.001,359.955,99,22796.5,2685,66,measure
2026-09-12T15:01:08.272+00:00,673.000,338.919,99,22796.5,2685,61,measure
2026-09-12T15:01:09.235+00:00,674.000,318.808,99,22796.5,2685,65,measure
2026-09-12T15:01:10.235+00:00,675.001,325.976,99,22796.5,2685,63,measure
2026-09-12T15:01:11.236+00:00,676.001,320.449,99,22796.5,2685,61,measure
2026-09-12T15:01:12.234+00:00,677.000,332.93,99,22796.5,2685,65,measure
2026-09-12T15:01:13.235+00:00,678.000,362.069,99,22796.5,2685,65,measure
2026-09-12T15:01:14.236+00:00,679.000,364.466,99,22796.5,2685,64,measure
2026-09-12T15:01:15.235+00:00,680.001,361.138,99,22796.5,2685,65,measure
2026-09-12T15:01:13.737+00:00,681.000,333.916,99,22796.5,2685,63,measure
2026-09-12T15:01:14.737+00:00,682.000,338.557,98,22796.5,2685,66,measure
2026-09-12T15:01:15.737+00:00,683.000,316.469,99,22796.5,2685,61,measure
2026-09-12T15:01:16.739+00:00,684.000,326.099,99,22796.5,2685,65,measure
2026-09-12T15:01:17.739+00:00,685.000,326.359,99,22796.5,2685,62,measure
2026-09-12T15:01:18.738+00:00,686.001,336.94,99,22796.5,2685,62,measure
2026-09-12T15:01:19.741+00:00,687.004,342.069,99,22796.5,2685,66,measure
2026-09-12T15:01:20.740+00:00,688.001,364.339,99,22796.5,2685,65,measure
2026-09-12T15:01:21.737+00:00,689.000,364.761,99,22796.5,2685,64,measure
2026-09-12T15:01:22.738+00:00,690.000,353.815,99,22796.5,2685,65,measure
2026-09-12T15:01:23.739+00:00,691.000,342.507,99,22796.5,2685,65,measure
2026-09-12T15:01:24.738+00:00,692.001,322.961,99,22796.5,2685,61,measure
2026-09-12T15:01:25.737+00:00,693.000,314.877,99,22796.5,2685,64,measure
2026-09-12T15:01:26.737+00:00,694.000,318.06,99,22796.5,2685,61,measure
2026-09-12T15:01:27.738+00:00,695.001,312.894,99,22796.5,2685,64,measure
2026-09-12T15:01:28.739+00:00,696.000,318.708,99,22796.5,2685,63,measure
2026-09-12T15:01:29.740+00:00,697.000,345.273,99,22796.5,2685,65,measure
2026-09-12T15:01:30.738+00:00,698.001,364.243,99,22796.5,2685,66,measure
2026-09-12T15:01:31.738+00:00,699.001,363.165,99,22796.5,2685,65,measure
2026-09-12T15:01:32.737+00:00,700.000,363.678,99,22796.5,2685,66,measure
2026-09-12T15:01:33.737+00:00,701.000,354.239,99,22796.5,2685,65,measure
2026-09-12T15:01:34.739+00:00,702.000,330.726,99,22796.5,2685,64,measure
2026-09-12T15:01:35.739+00:00,703.000,320.505,99,22796.5,2685,64,measure
2026-09-12T15:01:36.738+00:00,704.001,348.305,99,22796.5,2685,65,measure
2026-09-12T15:01:37.737+00:00,705.000,357.558,99,22796.5,2685,64,measure
2026-09-12T15:01:38.738+00:00,706.001,334.105,99,22796.5,2685,64,measure
2026-09-12T15:01:39.738+00:00,707.001,302.631,99,22796.5,2685,64,measure
2026-09-12T15:01:40.744+00:00,708.001,314.924,99,22796.5,2685,64,measure
2026-09-12T15:01:41.741+00:00,709.000,317.12,99,22796.5,2685,63,measure
2026-09-12T15:01:42.738+00:00,710.001,333.25,99,22796.5,2685,65,measure
2026-09-12T15:01:43.738+00:00,711.001,340.717,99,22796.5,2685,63,measure
2026-09-12T15:01:44.741+00:00,712.001,346.956,99,22796.5,2685,64,measure
2026-09-12T15:01:43.238+00:00,713.002,327.874,99,22796.5,2685,64,measure
2026-09-12T15:01:44.238+00:00,714.000,321.671,99,22796.5,2685,64,measure
2026-09-12T15:01:45.239+00:00,715.000,320.808,99,22796.5,2685,64,measure
2026-09-12T15:01:46.268+00:00,716.000,356.672,99,22796.5,2685,65,measure
2026-09-12T15:01:47.237+00:00,717.000,375.172,99,22796.5,2685,64,measure
2026-09-12T15:01:48.238+00:00,718.000,380.569,99,22796.5,2685,66,measure
2026-09-12T15:01:49.237+00:00,719.001,385.465,99,22796.5,2685,67,measure
2026-09-12T15:01:50.238+00:00,720.000,375.651,99,22796.5,2685,66,measure
2026-09-12T15:01:51.239+00:00,721.000,379.226,99,22796.5,2685,66,measure
2026-09-12T15:01:52.237+00:00,722.001,376.52,99,22796.5,2685,66,measure
2026-09-12T15:01:53.243+00:00,723.007,363.075,99,22796.5,2685,66,measure
2026-09-12T15:01:54.239+00:00,724.003,362.24,99,22796.5,2685,66,measure
2026-09-12T15:01:55.238+00:00,725.001,361.067,99,22796.5,2685,65,measure
2026-09-12T15:01:56.240+00:00,726.002,362.591,99,22796.5,2685,65,measure
2026-09-12T15:01:57.238+00:00,727.002,361.213,99,22796.5,2685,66,measure
2026-09-12T15:01:58.237+00:00,728.000,360.954,99,22796.5,2685,64,measure
2026-09-12T15:01:59.239+00:00,729.003,339.526,99,22796.5,2685,62,measure
2026-09-12T15:02:00.239+00:00,730.002,306.379,99,22796.5,2685,64,measure
2026-09-12T15:02:01.237+00:00,731.000,319.044,99,22796.5,2685,64,measure
2026-09-12T15:02:02.256+00:00,732.000,323.059,99,22796.5,2685,64,measure
2026-09-12T15:02:03.237+00:00,733.000,341.636,99,22796.5,2685,66,measure
2026-09-12T15:02:04.237+00:00,734.001,368.243,99,22796.5,2685,65,measure
2026-09-12T15:02:05.243+00:00,735.006,363.894,99,22796.5,2685,65,measure
2026-09-12T15:02:06.238+00:00,736.001,355.172,99,22796.5,2685,65,measure
2026-09-12T15:02:07.241+00:00,737.003,342.64,99,22796.5,2685,62,measure
2026-09-12T15:02:08.239+00:00,738.001,321.929,99,22796.5,2685,61,measure
2026-09-12T15:02:09.238+00:00,739.001,317.76,99,22796.5,2685,63,measure
2026-09-12T15:02:10.238+00:00,740.002,330.45,99,22796.5,2685,65,measure
2026-09-12T15:02:11.238+00:00,741.001,325.498,99,22796.5,2685,65,measure
2026-09-12T15:02:12.244+00:00,742.006,340.952,99,22796.5,2685,65,measure
2026-09-12T15:02:13.238+00:00,743.001,343.442,99,22796.5,2685,63,measure
2026-09-12T15:02:14.238+00:00,744.000,331.6,99,22796.5,2685,62,measure
2026-09-12T15:02:15.238+00:00,745.001,360.593,99,22796.5,2685,65,measure
2026-09-12T15:02:13.802+00:00,746.003,358.745,99,22796.5,2685,64,measure
2026-09-12T15:02:14.751+00:00,747.001,344.056,99,22796.5,2685,64,measure
2026-09-12T15:02:15.750+00:00,748.000,318.139,99,22796.5,2685,61,measure
2026-09-12T15:02:16.753+00:00,749.002,323.476,99,22796.5,2685,62,measure
2026-09-12T15:02:17.751+00:00,750.000,321.041,99,22796.5,2685,62,measure
2026-09-12T15:02:18.751+00:00,751.000,311.688,99,22796.5,2685,62,measure
2026-09-12T15:02:19.750+00:00,752.001,308.096,99,22796.5,2685,61,measure
2026-09-12T15:02:20.750+00:00,753.000,307.494,99,22796.5,2685,60,measure
2026-09-12T15:02:21.750+00:00,754.000,330.679,99,22796.5,2685,63,measure
2026-09-12T15:02:22.750+00:00,755.000,322.005,99,22796.5,2685,64,measure
2026-09-12T15:02:23.754+00:00,756.000,323.725,99,22796.5,2685,62,measure
2026-09-12T15:02:24.751+00:00,757.001,326.096,99,22796.5,2685,61,measure
2026-09-12T15:02:25.750+00:00,758.000,313.761,99,22796.5,2685,61,measure
2026-09-12T15:02:26.756+00:00,759.000,329.766,99,22796.5,2685,65,measure
2026-09-12T15:02:27.750+00:00,760.000,330.665,99,22796.5,2685,62,measure
2026-09-12T15:02:28.750+00:00,761.000,347.443,99,22796.5,2685,65,measure
2026-09-12T15:02:29.754+00:00,762.001,351.107,99,22796.5,2685,65,measure
2026-09-12T15:02:30.782+00:00,763.000,345.14,99,22796.5,2685,64,measure
2026-09-12T15:02:31.750+00:00,764.000,362.044,99,22796.5,2685,66,measure
2026-09-12T15:02:32.752+00:00,765.000,361.52,99,22796.5,2685,65,measure
2026-09-12T15:02:33.750+00:00,766.000,365.504,99,22796.5,2685,66,measure
2026-09-12T15:02:34.751+00:00,767.000,360.771,99,22796.5,2685,66,measure
2026-09-12T15:02:35.755+00:00,768.000,360.026,99,22796.5,2685,64,measure
2026-09-12T15:02:36.750+00:00,769.000,352.857,99,22796.5,2685,67,measure
2026-09-12T15:02:37.750+00:00,770.000,356.033,99,22796.5,2685,64,measure
2026-09-12T15:02:38.750+00:00,771.000,355.218,99,22796.5,2685,63,measure
2026-09-12T15:02:39.750+00:00,772.000,347.44,99,22796.5,2685,65,measure
2026-09-12T15:02:40.752+00:00,773.001,354.046,99,22796.5,2685,64,measure
2026-09-12T15:02:41.767+00:00,774.000,333.115,99,22796.5,2685,63,measure
2026-09-12T15:02:42.750+00:00,775.000,345.779,99,22796.5,2685,66,measure
2026-09-12T15:02:43.750+00:00,776.001,370.02,99,22796.5,2685,65,measure
2026-09-12T15:02:44.751+00:00,777.001,357.196,99,22796.5,2685,66,measure
2026-09-12T15:02:43.257+00:00,778.000,362.638,99,22796.5,2685,65,measure
2026-09-12T15:02:44.276+00:00,779.000,372.322,99,22796.5,2685,67,measure
2026-09-12T15:02:45.258+00:00,780.001,363.695,99,22796.5,2685,66,measure
2026-09-12T15:02:46.256+00:00,781.000,362.565,99,22796.5,2685,64,measure
2026-09-12T15:02:47.257+00:00,782.001,360.328,99,22796.5,2685,65,measure
2026-09-12T15:02:48.257+00:00,783.001,362.518,99,22796.5,2685,67,measure
2026-09-12T15:02:49.257+00:00,784.001,366.309,99,22796.5,2685,66,measure
2026-09-12T15:02:50.260+00:00,785.002,363.715,99,22796.5,2685,64,measure
2026-09-12T15:02:51.258+00:00,786.000,367.278,99,22796.5,2685,66,measure
2026-09-12T15:02:52.257+00:00,787.001,362.382,99,22796.5,2685,65,measure
2026-09-12T15:02:53.257+00:00,788.001,367.878,99,22796.5,2685,65,measure
2026-09-12T15:02:54.258+00:00,789.002,360.928,99,22796.5,2685,64,measure
2026-09-12T15:02:55.257+00:00,790.000,358.109,99,22796.5,2685,64,measure
2026-09-12T15:02:56.258+00:00,791.000,364.519,99,22796.5,2685,65,measure
2026-09-12T15:02:57.260+00:00,792.001,342.35,99,22796.5,2685,64,measure
2026-09-12T15:02:58.256+00:00,793.000,344.892,99,22796.5,2685,65,measure
2026-09-12T15:02:59.257+00:00,794.001,336.082,99,22796.5,2685,62,measure
2026-09-12T15:03:00.259+00:00,795.000,316.624,99,22796.5,2685,64,measure
2026-09-12T15:03:01.257+00:00,796.000,320.06,99,22796.5,2685,64,measure
2026-09-12T15:03:02.258+00:00,797.000,323.451,99,22796.5,2685,65,measure
2026-09-12T15:03:03.313+00:00,798.000,329.738,99,22796.5,2685,62,measure
2026-09-12T15:03:04.256+00:00,799.000,353.364,99,22796.5,2685,64,measure
2026-09-12T15:03:05.257+00:00,800.001,356.118,99,22796.5,2685,66,measure
2026-09-12T15:03:06.258+00:00,801.002,361.765,99,22796.5,2685,65,measure
2026-09-12T15:03:07.257+00:00,802.001,347.484,99,22796.5,2685,66,measure
2026-09-12T15:03:08.258+00:00,803.000,334.039,99,22796.5,2685,62,measure
2026-09-12T15:03:09.259+00:00,804.000,327.719,99,22796.5,2685,66,measure
2026-09-12T15:03:10.256+00:00,805.000,336.141,99,22796.5,2685,65,measure
2026-09-12T15:03:11.256+00:00,806.000,362.889,99,22796.5,2685,64,measure
2026-09-12T15:03:12.257+00:00,807.001,365.697,99,22796.5,2685,65,measure
2026-09-12T15:03:13.261+00:00,808.003,367.182,99,22796.5,2685,66,measure
2026-09-12T15:03:14.258+00:00,809.000,371.681,99,22796.5,2685,66,measure
2026-09-12T15:03:15.259+00:00,810.001,360.338,99,22796.5,2685,66,measure
2026-09-12T15:03:13.756+00:00,811.001,363.399,99,22796.5,2685,66,measure
2026-09-12T15:03:14.756+00:00,812.000,353.14,99,22796.5,2685,66,measure
2026-09-12T15:03:15.757+00:00,813.001,349.814,99,22796.5,2685,67,measure
2026-09-12T15:03:16.756+00:00,814.000,369.779,99,22796.5,2685,66,measure
2026-09-12T15:03:17.758+00:00,815.000,363.046,99,22796.5,2685,65,measure
2026-09-12T15:03:18.758+00:00,816.000,367.142,99,22796.5,2685,66,measure
2026-09-12T15:03:19.763+00:00,817.000,369.048,99,22796.5,2685,66,measure
2026-09-12T15:03:20.756+00:00,818.001,369.195,99,22796.5,2685,67,measure
2026-09-12T15:03:21.756+00:00,819.000,373.349,99,22796.5,2685,67,measure
2026-09-12T15:03:22.756+00:00,820.000,363.527,99,22796.5,2685,66,measure
2026-09-12T15:03:23.757+00:00,821.000,365.476,99,22796.5,2685,64,measure
2026-09-12T15:03:24.756+00:00,822.000,359.648,99,22796.5,2685,64,measure
2026-09-12T15:03:25.756+00:00,823.000,364.736,99,22796.5,2685,66,measure
2026-09-12T15:03:26.756+00:00,824.001,335.162,99,22796.5,2685,63,measure
2026-09-12T15:03:27.757+00:00,825.000,327.947,99,22796.5,2685,65,measure
2026-09-12T15:03:28.756+00:00,826.001,329.873,99,22796.5,2685,64,measure
2026-09-12T15:03:29.758+00:00,827.000,313.855,99,22796.5,2685,64,measure
2026-09-12T15:03:30.758+00:00,828.001,326.441,99,22796.5,2685,64,measure
2026-09-12T15:03:31.756+00:00,829.001,317.107,99,22796.5,2685,62,measure
2026-09-12T15:03:32.756+00:00,830.001,315.34,99,22796.5,2685,62,measure
2026-09-12T15:03:33.757+00:00,831.001,310.367,99,22796.5,2685,61,measure
2026-09-12T15:03:34.756+00:00,832.001,321.673,99,22796.5,2685,62,measure
2026-09-12T15:03:35.758+00:00,833.000,314.47,99,22796.5,2685,62,measure
2026-09-12T15:03:36.757+00:00,834.000,327.324,99,22796.5,2685,64,measure
2026-09-12T15:03:37.756+00:00,835.000,317.568,99,22796.5,2685,61,measure
2026-09-12T15:03:38.756+00:00,836.000,327.223,99,22796.5,2685,63,measure
2026-09-12T15:03:39.780+00:00,837.000,316.655,99,22842.1,2685,63,measure
2026-09-12T15:03:40.759+00:00,838.003,317.426,99,22850.5,2685,62,measure
2026-09-12T15:03:41.758+00:00,839.001,339.212,99,22775.3,2685,64,measure
2026-09-12T15:03:42.758+00:00,840.000,342.927,99,22775.4,2685,65,measure
2026-09-12T15:03:43.756+00:00,841.000,360.047,99,22773.4,2685,64,measure
2026-09-12T15:03:44.756+00:00,842.000,362.907,99,22773.4,2685,64,measure
2026-09-12T15:03:43.278+00:00,843.001,354.702,99,22773.5,2685,65,measure
2026-09-12T15:03:44.281+00:00,844.002,355.054,99,22773.7,2685,66,measure
2026-09-12T15:03:45.282+00:00,845.000,352.628,99,22861,2685,65,measure
2026-09-12T15:03:46.279+00:00,846.001,349.91,99,22827.2,2685,66,measure
2026-09-12T15:03:47.280+00:00,847.002,360.673,99,22813.9,2685,65,measure
2026-09-12T15:03:48.279+00:00,848.001,356.885,99,22822.4,2685,65,measure
2026-09-12T15:03:49.280+00:00,849.002,361.456,99,22807.8,2685,65,measure
2026-09-12T15:03:50.279+00:00,850.000,384.04,99,22819.3,2685,67,measure
2026-09-12T15:03:51.280+00:00,851.001,370.039,99,22819.3,2685,65,measure
2026-09-12T15:03:52.279+00:00,852.002,371.551,99,22757.9,2685,67,measure
2026-09-12T15:03:53.279+00:00,853.001,370.428,99,22762.7,2685,65,measure
2026-09-12T15:03:54.278+00:00,854.000,367.324,99,22762.7,2685,65,measure
2026-09-12T15:03:55.279+00:00,855.001,361.73,99,22762.7,2685,66,measure
2026-09-12T15:03:56.278+00:00,856.000,319.938,99,22762.7,2685,62,measure
2026-09-12T15:03:57.279+00:00,857.000,314.063,99,22762.7,2685,62,measure
2026-09-12T15:03:58.279+00:00,858.000,323.929,99,22762.7,2685,65,measure
2026-09-12T15:03:59.278+00:00,859.001,357.844,99,22762.7,2685,66,measure
2026-09-12T15:04:00.278+00:00,860.000,360.613,99,22762.7,2685,65,measure
2026-09-12T15:04:01.278+00:00,861.000,366.881,99,22762.7,2685,65,measure
2026-09-12T15:04:02.279+00:00,862.001,377.034,99,22732.6,2685,66,measure
2026-09-12T15:04:03.279+00:00,863.000,364.573,99,22732.6,2685,65,measure
2026-09-12T15:04:04.279+00:00,864.000,367.999,99,22732.6,2685,65,measure
2026-09-12T15:04:05.278+00:00,865.001,364.631,99,22744,2685,65,measure
2026-09-12T15:04:06.278+00:00,866.000,356.059,99,22745.6,2685,65,measure
2026-09-12T15:04:07.278+00:00,867.001,361.872,99,22745.6,2685,67,measure
2026-09-12T15:04:08.279+00:00,868.001,335.499,99,22773.7,2685,64,measure
2026-09-12T15:04:09.279+00:00,869.000,364.775,99,22778.5,2685,66,measure
2026-09-12T15:04:10.278+00:00,870.000,360.559,99,22771.6,2685,66,measure
2026-09-12T15:04:11.278+00:00,871.000,360.208,99,22780,2685,66,measure
2026-09-12T15:04:12.280+00:00,872.000,364.789,99,22780,2685,66,measure
2026-09-12T15:04:13.278+00:00,873.000,359.275,99,22749.3,2685,66,measure
2026-09-12T15:04:14.279+00:00,874.000,360.372,99,22745.8,2685,65,measure
2026-09-12T15:04:12.784+00:00,875.006,360.066,99,22741.5,2685,65,measure
2026-09-12T15:04:13.778+00:00,876.001,354.463,99,22741.5,2685,65,measure
2026-09-12T15:04:14.779+00:00,877.001,340.695,99,22738.4,2685,62,measure
2026-09-12T15:04:15.779+00:00,878.001,339.309,99,22738.6,2685,65,measure
2026-09-12T15:04:16.779+00:00,879.001,358.442,99,22738.6,2685,66,measure
2026-09-12T15:04:17.782+00:00,880.003,360.626,99,22738.6,2685,66,measure
2026-09-12T15:04:18.779+00:00,881.000,358.85,99,22738.7,2685,65,measure
2026-09-12T15:04:19.778+00:00,882.001,350.263,99,22740.2,2685,65,measure
2026-09-12T15:04:20.779+00:00,883.001,368.841,99,22741.1,2685,66,measure
2026-09-12T15:04:21.778+00:00,884.001,358.141,99,22741.1,2685,65,measure
2026-09-12T15:04:22.778+00:00,885.001,357.615,99,22741.1,2685,66,measure
2026-09-12T15:04:23.779+00:00,886.000,371.65,99,22741.1,2685,68,measure
2026-09-12T15:04:24.782+00:00,887.001,360.377,99,22740.9,2685,67,measure
2026-09-12T15:04:25.779+00:00,888.001,358.42,99,22733.2,2685,65,measure
2026-09-12T15:04:26.778+00:00,889.000,345.934,99,22733.2,2685,67,measure
2026-09-12T15:04:27.778+00:00,890.000,318.27,99,22738.6,2685,63,measure
2026-09-12T15:04:28.778+00:00,891.001,329.054,99,22738.6,2685,65,measure
2026-09-12T15:04:29.780+00:00,892.001,319.964,99,22738.6,2685,64,measure
2026-09-12T15:04:30.779+00:00,893.001,323.973,99,22737.7,2685,64,measure
2026-09-12T15:04:31.807+00:00,894.000,320.947,99,22740.4,2685,62,measure
2026-09-12T15:04:32.779+00:00,895.001,317.5,99,22740.4,2685,63,measure
2026-09-12T15:04:33.778+00:00,896.000,313.721,99,22740.4,2685,62,measure
2026-09-12T15:04:34.779+00:00,897.001,309.136,99,22740.4,2685,63,measure
2026-09-12T15:04:35.779+00:00,898.000,319.331,99,22738.2,2685,61,measure
2026-09-12T15:04:36.781+00:00,899.001,340.539,99,22737.8,2685,64,measure
2026-09-12T15:04:37.778+00:00,900.000,359.587,99,22738.3,2685,64,measure
2026-09-12T15:04:38.779+00:00,901.001,359.177,99,22734.9,2685,65,measure
2026-09-12T15:04:39.780+00:00,902.001,368.15,99,22734.9,2685,66,measure
2026-09-12T15:04:40.778+00:00,903.000,364.87,99,22734.9,2685,66,measure
2026-09-12T15:04:41.779+00:00,904.000,351.308,99,22748.4,2685,66,measure
2026-09-12T15:04:42.779+00:00,905.000,355.664,99,22753.9,2685,64,measure
2026-09-12T15:04:43.779+00:00,906.001,361.547,99,22753.9,2685,66,measure
2026-09-12T15:04:44.780+00:00,907.001,359.842,99,22747.4,2685,65,measure
2026-09-12T15:04:43.292+00:00,908.003,362.96,99,22741.7,2685,67,measure
2026-09-12T15:04:44.290+00:00,909.001,353.441,99,22738.1,2685,64,measure
2026-09-12T15:04:45.291+00:00,910.000,359.516,99,22732.9,2685,65,measure
2026-09-12T15:04:46.292+00:00,911.001,335.089,99,22732.9,2685,62,measure
2026-09-12T15:04:47.290+00:00,912.001,334.808,99,22738.7,2685,65,measure
2026-09-12T15:04:48.289+00:00,913.001,340.662,99,22778.1,2685,63,measure
2026-09-12T15:04:49.290+00:00,914.001,362.699,99,22778.1,2685,65,measure
2026-09-12T15:04:50.289+00:00,915.000,362.492,99,22769.1,2685,65,measure
2026-09-12T15:04:51.292+00:00,916.001,357.591,99,22804.6,2685,65,measure
2026-09-12T15:04:52.292+00:00,917.000,363.223,99,22856.4,2685,67,measure
2026-09-12T15:04:53.290+00:00,918.000,348.732,99,22844.5,2685,65,measure
2026-09-12T15:04:54.289+00:00,919.000,355.258,99,22852.2,2685,66,measure
2026-09-12T15:04:55.290+00:00,920.001,328.735,99,22925.4,2685,64,measure
2026-09-12T15:04:56.290+00:00,921.001,307.233,99,22962,2685,62,measure
2026-09-12T15:04:57.298+00:00,922.001,329.54,99,22953.3,2685,64,measure
2026-09-12T15:04:58.291+00:00,923.001,331.758,99,23028.1,2685,64,measure
2026-09-12T15:04:59.289+00:00,924.000,353.727,99,23028.1,2685,64,measure
2026-09-12T15:05:00.289+00:00,925.001,352.31,99,22970.5,2685,64,measure
2026-09-12T15:05:01.289+00:00,926.000,313.781,100,22994.4,2520,66,measure
2026-09-12T15:05:02.289+00:00,927.000,314.995,99,23117.4,2685,66,measure
2026-09-12T15:05:03.291+00:00,928.000,370.392,99,23117.4,2685,66,measure
2026-09-12T15:05:04.292+00:00,929.002,367.42,99,23117.4,2685,64,measure
2026-09-12T15:05:05.289+00:00,930.000,351.723,99,23042,2685,64,measure
2026-09-12T15:05:06.289+00:00,931.000,357.156,99,23023.5,2685,64,measure
2026-09-12T15:05:07.290+00:00,932.000,351.825,99,23020.8,2685,67,measure
2026-09-12T15:05:08.290+00:00,933.001,347.079,99,22968.8,2685,65,measure
2026-09-12T15:05:09.293+00:00,934.001,341.046,99,23010.7,2685,66,measure
2026-09-12T15:05:10.324+00:00,935.001,313.064,99,23009.4,2685,64,measure
2026-09-12T15:05:11.290+00:00,936.001,259.731,99,22993.1,2685,60,measure
2026-09-12T15:05:12.291+00:00,937.002,305.619,99,22897,2685,63,measure
2026-09-12T15:05:13.289+00:00,938.000,317.468,99,22892.6,2685,61,measure
2026-09-12T15:05:14.289+00:00,939.000,329.803,99,22892,2685,63,measure
2026-09-12T15:05:12.836+00:00,940.034,318.15,99,22859.4,2685,61,measure
2026-09-12T15:05:13.830+00:00,941.000,315.077,99,22876.2,2685,66,measure
2026-09-12T15:05:14.827+00:00,942.030,330.429,99,22875.1,2685,64,measure
2026-09-12T15:05:15.844+00:00,943.045,358.369,99,22857.9,2685,65,measure
2026-09-12T15:05:16.860+00:00,944.063,360.269,99,22850.9,2685,65,measure
2026-09-12T15:05:17.846+00:00,945.003,360.534,99,22869.4,2685,64,measure
2026-09-12T15:05:18.800+00:00,946.001,366.51,99,22806.9,2685,66,measure
2026-09-12T15:05:19.798+00:00,947.002,349.736,99,22877.8,2685,67,measure
2026-09-12T15:05:20.799+00:00,948.001,346.609,99,22877.8,2685,65,measure
2026-09-12T15:05:21.800+00:00,949.002,361.059,99,22860.9,2685,66,measure
2026-09-12T15:05:22.798+00:00,950.001,347.917,99,22879.8,2685,64,measure
2026-09-12T15:05:23.797+00:00,951.000,361.249,99,22862.9,2685,66,measure
2026-09-12T15:05:24.797+00:00,952.000,331.937,99,22869.4,2685,63,measure
2026-09-12T15:05:25.810+00:00,953.000,317.761,99,22860.4,2685,63,measure
2026-09-12T15:05:26.798+00:00,954.001,347.052,99,22860.4,2685,65,measure
2026-09-12T15:05:27.797+00:00,955.000,313.074,99,22852.1,2685,64,measure
2026-09-12T15:05:28.803+00:00,956.005,350.228,99,22793.3,2685,64,measure
2026-09-12T15:05:29.805+00:00,957.007,347.5,99,22799.3,2685,62,measure
2026-09-12T15:05:30.800+00:00,958.002,345.831,99,22832.6,2685,64,measure
2026-09-12T15:05:31.802+00:00,959.005,351.871,99,22807.8,2685,64,measure
2026-09-12T15:05:32.797+00:00,960.001,334.005,99,22863.2,2685,64,measure
2026-09-12T15:05:33.800+00:00,961.003,309.332,99,22898,2685,62,measure
2026-09-12T15:05:34.820+00:00,962.001,321.627,99,22955.3,2685,64,measure
2026-09-12T15:05:35.798+00:00,963.001,351.516,99,23025.3,2685,65,measure
2026-09-12T15:05:36.798+00:00,964.000,346.503,99,23015.8,2685,65,measure
2026-09-12T15:05:37.798+00:00,965.000,346.109,99,22998,2685,64,measure
2026-09-12T15:05:38.848+00:00,966.000,348.557,99,23014.8,2685,65,measure
2026-09-12T15:05:39.798+00:00,967.001,340.839,99,22990,2685,66,measure
2026-09-12T15:05:40.797+00:00,968.001,352.743,99,22901.9,2685,66,measure
2026-09-12T15:05:41.799+00:00,969.001,353.676,99,22901.2,2685,66,measure
2026-09-12T15:05:42.798+00:00,970.001,339.375,99,22910.1,2685,64,measure
2026-09-12T15:05:43.797+00:00,971.000,349.008,99,22893.2,2685,66,measure
2026-09-12T15:05:44.797+00:00,972.000,360.427,99,22893.2,2685,64,measure
2026-09-12T15:05:43.298+00:00,973.001,367.335,99,22910.1,2685,67,measure
2026-09-12T15:05:44.298+00:00,974.001,372.538,99,22893.2,2685,64,measure
2026-09-12T15:05:45.301+00:00,975.002,371.827,99,22917.7,2685,67,measure
2026-09-12T15:05:46.300+00:00,976.001,361.023,99,22926.1,2685,64,measure
2026-09-12T15:05:47.298+00:00,977.001,348.9,99,22892.2,2685,64,measure
2026-09-12T15:05:48.297+00:00,978.000,331.575,99,22837.5,2685,65,measure
2026-09-12T15:05:49.370+00:00,979.073,315.504,99,22862.3,2685,61,measure
2026-09-12T15:05:50.313+00:00,980.017,320.384,99,22837.5,2685,63,measure
2026-09-12T15:05:51.378+00:00,981.082,342.476,99,22837.5,2685,64,measure
2026-09-12T15:05:52.322+00:00,982.024,363.288,99,22837.5,2685,66,measure
2026-09-12T15:05:53.298+00:00,983.001,349.426,99,22870,2685,65,measure
2026-09-12T15:05:54.317+00:00,984.021,349.375,99,22869.1,2685,66,measure
2026-09-12T15:05:55.302+00:00,985.004,353.348,99,22860.7,2685,65,measure
2026-09-12T15:05:56.313+00:00,986.017,309.208,99,22860.7,2685,62,measure
2026-09-12T15:05:57.305+00:00,987.006,320.87,99,22877.6,2685,64,measure
2026-09-12T15:05:58.332+00:00,988.007,323.996,99,22869.1,2685,61,measure
2026-09-12T15:05:59.302+00:00,989.005,325.069,99,22869.1,2685,62,measure
2026-09-12T15:06:00.302+00:00,990.002,332.049,99,22823.6,2685,65,measure
2026-09-12T15:06:01.301+00:00,991.005,354.048,99,22822.4,2685,66,measure
2026-09-12T15:06:02.300+00:00,992.003,361.695,99,22822.4,2685,66,measure
2026-09-12T15:06:03.299+00:00,993.001,362.569,99,22822.4,2685,64,measure
2026-09-12T15:06:04.298+00:00,994.000,363.764,99,22822.4,2685,66,measure
2026-09-12T15:06:05.297+00:00,995.000,364.429,99,22822.4,2685,65,measure
2026-09-12T15:06:06.297+00:00,996.000,365.039,99,22822.4,2685,65,measure
2026-09-12T15:06:07.297+00:00,997.000,359.616,99,22822.4,2685,65,measure
2026-09-12T15:06:08.298+00:00,998.001,360.816,99,22803.6,2685,67,measure
2026-09-12T15:06:09.299+00:00,999.001,326.311,99,22803.6,2685,63,measure
2026-09-12T15:06:10.298+00:00,1000.000,318.622,99,22824.4,2685,65,measure
2026-09-12T15:06:11.298+00:00,1001.002,329.071,99,22807.6,2685,66,measure
2026-09-12T15:06:12.302+00:00,1002.005,321.665,99,22807.6,2685,62,measure
2026-09-12T15:06:13.299+00:00,1003.003,347.91,99,22824.4,2685,67,measure
2026-09-12T15:06:14.297+00:00,1004.000,334.411,99,22816.4,2685,62,measure
2026-09-12T15:06:12.799+00:00,1005.000,321.111,99,22816.4,2685,62,measure
2026-09-12T15:06:13.799+00:00,1006.000,339.117,99,22816.4,2685,65,measure
2026-09-12T15:06:14.798+00:00,1007.001,342.489,99,22816.4,2685,65,measure
2026-09-12T15:06:15.798+00:00,1008.001,360.91,99,22816.4,2685,66,measure
2026-09-12T15:06:16.800+00:00,1009.000,368.609,99,22816.4,2685,66,measure
2026-09-12T15:06:17.798+00:00,1010.001,367.119,99,22816.4,2685,67,measure
2026-09-12T15:06:18.799+00:00,1011.000,365.681,99,22816.4,2685,66,measure
2026-09-12T15:06:19.801+00:00,1012.003,362.253,99,22816.4,2685,66,measure
2026-09-12T15:06:20.798+00:00,1013.001,370.465,99,22816.4,2685,66,measure
2026-09-12T15:06:21.799+00:00,1014.001,359.262,99,22799.6,2685,66,measure
2026-09-12T15:06:22.822+00:00,1015.001,360.604,99,22799.6,2685,66,measure
2026-09-12T15:06:23.799+00:00,1016.002,362.735,99,22816.4,2685,65,measure
2026-09-12T15:06:24.800+00:00,1017.001,341.232,99,22808,2685,65,measure
2026-09-12T15:06:25.801+00:00,1018.000,324.332,99,22808,2685,62,measure
2026-09-12T15:06:26.799+00:00,1019.002,336.784,99,22808,2685,64,measure
2026-09-12T15:06:27.800+00:00,1020.003,338.433,99,22808,2685,65,measure
2026-09-12T15:06:28.798+00:00,1021.000,368.523,99,22808,2685,66,measure
2026-09-12T15:06:29.798+00:00,1022.001,360.902,99,22808,2685,66,measure
2026-09-12T15:06:30.804+00:00,1023.002,361.877,99,22808,2685,66,measure
2026-09-12T15:06:31.800+00:00,1024.001,367.291,99,22808,2685,65,measure
2026-09-12T15:06:32.799+00:00,1025.002,351.18,99,22816.4,2685,62,measure
2026-09-12T15:06:33.798+00:00,1026.001,357.489,99,22829.6,2685,65,measure
2026-09-12T15:06:34.799+00:00,1027.001,365.068,99,22822.1,2685,65,measure
2026-09-12T15:06:35.799+00:00,1028.001,355.578,99,22830.6,2685,66,measure
2026-09-12T15:06:36.804+00:00,1029.000,358.448,99,22822.6,2685,65,measure
2026-09-12T15:06:37.800+00:00,1030.001,352.825,99,22805.7,2685,66,measure
2026-09-12T15:06:38.799+00:00,1031.002,338.683,99,22822.6,2685,65,measure
2026-09-12T15:06:39.798+00:00,1032.000,362.923,99,22805.7,2685,66,measure
2026-09-12T15:06:40.799+00:00,1033.001,360.614,99,22805.7,2685,65,measure
2026-09-12T15:06:41.798+00:00,1034.000,346.12,99,22805.7,2685,63,measure
2026-09-12T15:06:42.800+00:00,1035.001,336.139,99,22805.7,2685,65,measure
2026-09-12T15:06:43.801+00:00,1036.000,360.313,99,22805.7,2685,66,measure
2026-09-12T15:06:44.798+00:00,1037.000,360.377,99,22805.7,2685,66,measure
2026-09-12T15:06:43.299+00:00,1038.003,356.243,99,22805.7,2685,66,measure
2026-09-12T15:06:44.298+00:00,1039.001,349.307,99,22805.7,2685,64,measure
2026-09-12T15:06:45.298+00:00,1040.001,325.918,99,22805.7,2685,62,measure
2026-09-12T15:06:46.315+00:00,1041.001,336.108,99,22805.7,2685,67,measure
2026-09-12T15:06:47.299+00:00,1042.001,358.594,99,22805.7,2685,66,measure
2026-09-12T15:06:48.297+00:00,1043.000,357.975,99,22820.6,2685,65,measure
2026-09-12T15:06:49.297+00:00,1044.001,345.856,99,22812.1,2685,63,measure
2026-09-12T15:06:50.298+00:00,1045.001,339.51,99,22820.6,2685,67,measure
2026-09-12T15:06:51.300+00:00,1046.002,363.999,99,22803.7,2685,67,measure
2026-09-12T15:06:52.299+00:00,1047.001,369.755,99,22803.7,2685,67,measure
2026-09-12T15:06:53.299+00:00,1048.002,372.916,99,22803.7,2685,68,measure
2026-09-12T15:06:54.297+00:00,1049.000,363.458,99,22803.7,2685,65,measure
2026-09-12T15:06:55.297+00:00,1050.001,371.293,99,22803.7,2685,66,measure
2026-09-12T15:06:56.297+00:00,1051.001,382.694,99,22803.7,2685,69,measure
2026-09-12T15:06:57.297+00:00,1052.001,370.387,99,22803.7,2685,65,measure
2026-09-12T15:06:58.299+00:00,1053.002,368.724,99,22803.7,2685,66,measure
2026-09-12T15:06:59.298+00:00,1054.000,363.648,99,22812.1,2685,64,measure
2026-09-12T15:07:00.297+00:00,1055.001,340.46,99,22820.6,2685,64,measure
2026-09-12T15:07:01.297+00:00,1056.000,363.611,99,22825.1,2685,67,measure
2026-09-12T15:07:02.297+00:00,1057.000,357.463,99,22831.6,2685,66,measure
2026-09-12T15:07:03.298+00:00,1058.001,359.233,99,22831.6,2685,66,measure
2026-09-12T15:07:04.298+00:00,1059.000,335.021,99,22831.6,2685,66,measure
2026-09-12T15:07:05.299+00:00,1060.000,328.832,99,22831.6,2685,63,measure
2026-09-12T15:07:06.299+00:00,1061.002,328.72,99,22831.6,2685,63,measure
2026-09-12T15:07:07.299+00:00,1062.002,330.985,99,22814.7,2685,66,measure
2026-09-12T15:07:08.297+00:00,1063.001,305.944,99,22814.7,2685,64,measure
2026-09-12T15:07:09.300+00:00,1064.002,315.926,99,22873.8,2685,64,measure
2026-09-12T15:07:10.300+00:00,1065.001,312.471,99,22880.2,2685,65,measure
2026-09-12T15:07:11.298+00:00,1066.000,317.43,99,22863.8,2685,63,measure
2026-09-12T15:07:12.297+00:00,1067.001,308.35,99,22863.8,2685,64,measure
2026-09-12T15:07:13.297+00:00,1068.000,320.995,99,22863.8,2685,64,measure
2026-09-12T15:07:14.297+00:00,1069.000,321.651,99,22863.8,2685,63,measure
2026-09-12T15:07:12.812+00:00,1070.000,324.431,99,22863.8,2685,65,measure
2026-09-12T15:07:13.813+00:00,1071.000,333.831,99,22871.8,2685,67,measure
2026-09-12T15:07:14.812+00:00,1072.000,356.959,99,22880.7,2685,65,measure
2026-09-12T15:07:15.811+00:00,1073.000,359.099,99,22863.8,2685,67,measure
2026-09-12T15:07:16.812+00:00,1074.001,356.12,99,22863.8,2685,66,measure
2026-09-12T15:07:17.812+00:00,1075.001,357.372,99,22863.8,2685,65,measure
2026-09-12T15:07:18.854+00:00,1076.000,368.224,99,22880.7,2685,67,measure
2026-09-12T15:07:19.815+00:00,1077.002,380.004,99,22880.7,2685,67,measure
2026-09-12T15:07:20.812+00:00,1078.001,368.511,99,22872.2,2685,65,measure
2026-09-12T15:07:21.812+00:00,1079.001,367.392,99,22880.7,2685,66,measure
2026-09-12T15:07:22.812+00:00,1080.001,373.184,99,22880.7,2685,68,measure
2026-09-12T15:07:23.812+00:00,1081.001,364.683,99,22880.7,2685,65,measure
2026-09-12T15:07:24.813+00:00,1082.001,368.474,99,22863.8,2685,65,measure
2026-09-12T15:07:25.813+00:00,1083.001,374.729,99,22880.7,2685,67,measure
2026-09-12T15:07:26.812+00:00,1084.001,360.144,99,22890.7,2685,66,measure
2026-09-12T15:07:27.811+00:00,1085.000,350.856,99,22874.2,2685,65,measure
2026-09-12T15:07:28.859+00:00,1086.001,358.52,99,22882.7,2685,66,measure
2026-09-12T15:07:29.812+00:00,1087.000,358.096,99,22865.8,2685,66,measure
2026-09-12T15:07:30.813+00:00,1088.001,352.271,99,22874.2,2685,65,measure
2026-09-12T15:07:31.816+00:00,1089.000,352.749,99,22888.7,2685,66,measure
2026-09-12T15:07:32.811+00:00,1090.000,336.761,99,22879.7,2685,63,measure
2026-09-12T15:07:33.812+00:00,1091.001,351.481,99,22878.7,2685,65,measure
2026-09-12T15:07:34.812+00:00,1092.001,350.813,99,22878.7,2685,64,measure
2026-09-12T15:07:35.812+00:00,1093.001,362.752,99,22861.8,2685,65,measure
2026-09-12T15:07:36.812+00:00,1094.000,359.441,99,22861.8,2685,66,measure
2026-09-12T15:07:37.817+00:00,1095.002,363.104,99,22878.7,2685,66,measure
2026-09-12T15:07:38.814+00:00,1096.003,377.889,99,22861.8,2685,66,measure
2026-09-12T15:07:39.811+00:00,1097.000,372.082,99,22878.2,2685,67,measure
2026-09-12T15:07:40.811+00:00,1098.000,354.423,99,22878.2,2685,65,measure
2026-09-12T15:07:41.811+00:00,1099.001,353.98,99,22878.7,2685,66,measure
2026-09-12T15:07:42.813+00:00,1100.001,367.863,99,22891.7,2685,67,measure
2026-09-12T15:07:43.816+00:00,1101.005,365.85,99,22891.7,2685,66,measure
2026-09-12T15:07:42.318+00:00,1102.001,375.873,99,22891.7,2685,67,measure
2026-09-12T15:07:43.347+00:00,1103.001,368.005,99,22844.7,2685,66,measure
2026-09-12T15:07:44.322+00:00,1104.005,365.392,99,22844.7,2685,66,measure
2026-09-12T15:07:45.324+00:00,1105.005,340.98,99,22826.7,2685,65,measure
2026-09-12T15:07:46.319+00:00,1106.001,317.422,99,22831.6,2685,62,measure
2026-09-12T15:07:47.321+00:00,1107.001,313.461,99,22831.6,2685,65,measure
2026-09-12T15:07:48.318+00:00,1108.001,331.503,99,22831.6,2685,63,measure
2026-09-12T15:07:49.317+00:00,1109.000,318.578,99,22831.6,2685,64,measure
2026-09-12T15:07:50.325+00:00,1110.006,323.623,99,22831.6,2685,66,measure
2026-09-12T15:07:51.320+00:00,1111.003,325.126,99,22880.8,2685,65,measure
2026-09-12T15:07:52.323+00:00,1112.002,312.161,99,22871.8,2685,62,measure
2026-09-12T15:07:53.321+00:00,1113.000,324.052,99,22871.8,2685,64,measure
2026-09-12T15:07:54.318+00:00,1114.000,331.048,99,22872.2,2685,65,measure
2026-09-12T15:07:55.318+00:00,1115.000,305.696,99,22863.8,2685,61,measure
2026-09-12T15:07:56.320+00:00,1116.000,334.37,99,22888.7,2685,63,measure
2026-09-12T15:07:57.351+00:00,1117.033,365.439,99,22888.7,2685,67,measure
2026-09-12T15:07:58.319+00:00,1118.000,365.675,99,22880.2,2685,67,measure
2026-09-12T15:07:59.354+00:00,1119.001,365.515,99,22871.8,2685,65,measure
2026-09-12T15:08:00.317+00:00,1120.000,344.678,99,22871.8,2685,66,measure
2026-09-12T15:08:01.318+00:00,1121.001,315.915,99,22817.8,2685,63,measure
2026-09-12T15:08:02.318+00:00,1122.000,325.969,99,22817.8,2685,64,measure
2026-09-12T15:08:03.318+00:00,1123.000,327.665,99,22815.4,2685,62,measure
2026-09-12T15:08:04.320+00:00,1124.001,329.647,99,22815.4,2685,62,measure
2026-09-12T15:08:05.321+00:00,1125.001,357.723,99,22815.4,2685,66,measure
2026-09-12T15:08:06.318+00:00,1126.001,355.477,99,22815.4,2685,66,measure
2026-09-12T15:08:07.318+00:00,1127.001,365.219,99,22815.4,2685,66,measure
2026-09-12T15:08:08.318+00:00,1128.001,351.573,99,22815.4,2685,66,measure
2026-09-12T15:08:09.318+00:00,1129.001,338.691,99,22815.4,2685,66,measure
2026-09-12T15:08:10.321+00:00,1130.003,323.209,99,22814.7,2685,62,measure
2026-09-12T15:08:11.320+00:00,1131.001,324.656,99,22814.7,2685,66,measure
2026-09-12T15:08:12.319+00:00,1132.002,321.874,99,22806.7,2685,62,measure
2026-09-12T15:08:13.318+00:00,1133.001,337.432,99,22806.7,2685,65,measure
2026-09-12T15:08:14.318+00:00,1134.001,337.562,99,22806.7,2685,65,measure
2026-09-12T15:08:12.816+00:00,1135.001,327.78,99,22806.7,2685,66,measure
2026-09-12T15:08:13.821+00:00,1136.001,329.985,99,22806.7,2685,63,measure
2026-09-12T15:08:14.817+00:00,1137.000,311.194,99,22806.7,2685,65,measure
2026-09-12T15:08:15.817+00:00,1138.002,327.894,99,22806.7,2685,66,measure
2026-09-12T15:08:16.817+00:00,1139.002,331.74,99,22806.7,2685,64,measure
2026-09-12T15:08:17.816+00:00,1140.001,351.026,99,22806.7,2685,66,measure
2026-09-12T15:08:18.815+00:00,1141.001,366.102,99,22806.7,2685,66,measure
2026-09-12T15:08:19.817+00:00,1142.001,360.887,99,22806.7,2685,67,measure
2026-09-12T15:08:20.817+00:00,1143.001,363.734,99,22806.7,2685,65,measure
2026-09-12T15:08:21.818+00:00,1144.003,359.985,99,22806.7,2685,65,measure
2026-09-12T15:08:22.817+00:00,1145.002,364.74,99,22806.7,2685,67,measure
2026-09-12T15:08:23.818+00:00,1146.003,360.769,99,22806.7,2685,67,measure
2026-09-12T15:08:24.815+00:00,1147.001,361.445,99,22806.7,2685,66,measure
2026-09-12T15:08:25.817+00:00,1148.001,361.592,99,22806.7,2685,67,measure
2026-09-12T15:08:26.818+00:00,1149.000,346.399,99,22806.7,2685,63,measure
2026-09-12T15:08:27.817+00:00,1150.002,363.018,99,22806.7,2685,65,measure
2026-09-12T15:08:28.815+00:00,1151.001,362.84,99,22823.6,2685,65,measure
2026-09-12T15:08:29.816+00:00,1152.001,361.496,99,22806.7,2685,65,measure
2026-09-12T15:08:30.820+00:00,1153.003,362.076,99,22806.7,2685,65,measure
2026-09-12T15:08:31.819+00:00,1154.000,362.63,99,22806.7,2685,66,measure
2026-09-12T15:08:32.816+00:00,1155.001,354.837,99,22815.1,2685,66,measure
2026-09-12T15:08:33.816+00:00,1156.001,312.536,99,22815.1,2685,62,measure
2026-09-12T15:08:34.815+00:00,1157.001,337.424,99,22806.7,2685,66,measure
2026-09-12T15:08:35.816+00:00,1158.002,339.696,99,22806.7,2685,63,measure
2026-09-12T15:08:36.815+00:00,1159.000,350.806,99,22806.7,2685,64,measure
2026-09-12T15:08:37.817+00:00,1160.000,336.51,99,22806.7,2685,63,measure
2026-09-12T15:08:38.816+00:00,1161.001,319.08,99,22806.7,2685,69,measure
2026-09-12T15:08:39.816+00:00,1162.001,364.085,99,22806.7,2685,65,measure
2026-09-12T15:08:40.819+00:00,1163.002,354.685,99,22806.7,2685,67,measure
2026-09-12T15:08:41.827+00:00,1164.010,361.625,99,22815.1,2685,67,measure
2026-09-12T15:08:42.824+00:00,1165.009,349.933,99,22806.7,2685,63,measure
2026-09-12T15:08:43.851+00:00,1166.013,315.219,99,22806.7,2685,62,measure
2026-09-12T15:08:42.338+00:00,1167.021,345.421,99,22806.7,2685,65,measure
2026-09-12T15:08:43.316+00:00,1168.001,323.188,99,22806.7,2685,64,measure
2026-09-12T15:08:44.316+00:00,1169.001,344.905,99,22806.7,2685,64,measure
2026-09-12T15:08:45.317+00:00,1170.002,336.882,99,22806.7,2685,66,measure
2026-09-12T15:08:46.316+00:00,1171.000,371.438,99,22823.6,2685,65,measure
2026-09-12T15:08:47.318+00:00,1172.002,360.435,99,22806.7,2685,67,measure
2026-09-12T15:08:48.325+00:00,1173.002,368.074,99,22806.7,2685,67,measure
2026-09-12T15:08:49.315+00:00,1174.000,364.052,99,22823.6,2685,65,measure
2026-09-12T15:08:50.315+00:00,1175.000,364.463,99,22806.7,2685,65,measure
2026-09-12T15:08:51.358+00:00,1176.001,354.522,99,22815.1,2685,66,measure
2026-09-12T15:08:52.316+00:00,1177.001,360.122,99,22806.7,2685,65,measure
2026-09-12T15:08:53.317+00:00,1178.001,368.54,99,22806.7,2685,66,measure
2026-09-12T15:08:54.316+00:00,1179.000,369.869,99,22806.7,2685,67,measure
2026-09-12T15:08:55.315+00:00,1180.001,367.663,99,22806.7,2685,66,measure
2026-09-12T15:08:56.315+00:00,1181.000,365.348,99,22806.7,2685,66,measure
2026-09-12T15:08:57.315+00:00,1182.000,362.06,99,22806.7,2685,67,measure
2026-09-12T15:08:58.333+00:00,1183.000,370.6,99,22806.7,2685,68,measure
2026-09-12T15:08:59.316+00:00,1184.000,372.707,99,22806.7,2685,67,measure
2026-09-12T15:09:00.316+00:00,1185.001,370.22,99,22817.6,2685,68,measure
2026-09-12T15:09:01.315+00:00,1186.001,357.431,99,22818.1,2685,65,measure
2026-09-12T15:09:02.316+00:00,1187.001,371.203,99,22826.6,2685,67,measure
2026-09-12T15:09:03.315+00:00,1188.001,369.204,99,22835,2685,68,measure
2026-09-12T15:09:04.316+00:00,1189.001,374.269,99,22818.1,2685,69,measure
2026-09-12T15:09:05.319+00:00,1190.001,391.095,99,22818.1,2685,67,measure
2026-09-12T15:09:06.315+00:00,1191.001,372.325,99,22818.1,2685,65,measure
2026-09-12T15:09:07.315+00:00,1192.000,372.075,99,22818.1,2685,68,measure
2026-09-12T15:09:08.318+00:00,1193.001,371.849,99,22818.1,2685,69,measure
2026-09-12T15:09:09.315+00:00,1194.000,363.879,99,22818.1,2685,65,measure
2026-09-12T15:09:10.317+00:00,1195.001,371.326,99,22818.1,2685,67,measure
2026-09-12T15:09:11.318+00:00,1196.000,358.46,99,22818.1,2685,66,measure
2026-09-12T15:09:12.317+00:00,1197.002,366.988,99,22818.1,2685,66,measure
2026-09-12T15:09:13.316+00:00,1198.001,355.726,99,22835,2685,66,measure
2026-09-12T15:09:14.318+00:00,1199.003,353.837,99,22818.1,2685,66,measure
2026-09-12T15:09:12.820+00:00,1200.001,333.837,99,22818.1,2685,65,measure
2026-09-12T15:09:13.821+00:00,1201.001,321.166,99,22818.1,2685,66,measure
2026-09-12T15:09:14.822+00:00,1202.002,320.138,99,22818.1,2685,64,measure
2026-09-12T15:09:15.819+00:00,1203.000,314.656,99,22818.1,2685,64,measure
2026-09-12T15:09:16.824+00:00,1204.004,331.232,99,22818.1,2685,64,measure
2026-09-12T15:09:17.819+00:00,1205.000,341.405,99,22818.1,2685,66,measure
2026-09-12T15:09:18.825+00:00,1206.005,356.556,99,22818.1,2685,66,measure
2026-09-12T15:09:19.822+00:00,1207.002,328.917,99,22818.1,2685,64,measure
2026-09-12T15:09:20.823+00:00,1208.004,328.394,99,22818.1,2685,64,measure
2026-09-12T15:09:21.821+00:00,1209.002,316.563,99,22818.1,2685,66,measure
2026-09-12T15:09:22.819+00:00,1210.000,324.851,99,22817.1,2685,63,measure
2026-09-12T15:09:23.827+00:00,1211.007,325.023,99,22834,2685,62,measure
2026-09-12T15:09:24.827+00:00,1212.006,318.293,99,22825.6,2685,63,measure
2026-09-12T15:09:25.821+00:00,1213.001,319.884,99,22842.4,2685,66,measure
2026-09-12T15:09:26.822+00:00,1214.001,324.915,99,22817.1,2685,62,measure
2026-09-12T15:09:27.820+00:00,1215.001,352.731,99,22881,2685,68,measure
2026-09-12T15:09:28.819+00:00,1216.000,369.003,99,22870.7,2685,65,measure
2026-09-12T15:09:29.820+00:00,1217.001,377.427,99,22885.8,2685,67,measure
2026-09-12T15:09:30.819+00:00,1218.000,369.967,99,22885.8,2685,68,measure
2026-09-12T15:09:31.820+00:00,1219.001,358.334,99,22855.8,2685,68,measure
2026-09-12T15:09:32.822+00:00,1220.002,357.76,99,22854.5,2685,68,measure
2026-09-12T15:09:33.819+00:00,1221.000,337.927,99,22856.5,2685,65,measure
2026-09-12T15:09:34.819+00:00,1222.001,299.275,99,22862.5,2685,61,measure
2026-09-12T15:09:35.824+00:00,1223.005,317.557,99,22854.9,2685,63,measure
2026-09-12T15:09:36.819+00:00,1224.000,310.374,99,22854.9,2685,63,measure
2026-09-12T15:09:37.825+00:00,1225.004,318.655,99,22854.9,2685,62,measure
2026-09-12T15:09:38.821+00:00,1226.000,312.23,99,22854.9,2685,63,measure
2026-09-12T15:09:39.823+00:00,1227.004,320.091,99,22854.9,2685,62,measure
2026-09-12T15:09:40.868+00:00,1228.001,353.639,99,22854.9,2685,68,measure
2026-09-12T15:09:41.845+00:00,1229.001,359.942,99,22869.3,2685,66,measure
2026-09-12T15:09:42.820+00:00,1230.002,347.905,99,22942.9,2685,65,measure
2026-09-12T15:09:43.821+00:00,1231.001,333.307,99,22944.5,2685,67,measure
2026-09-12T15:09:42.311+00:00,1232.001,330.032,99,22927.6,2685,63,measure
2026-09-12T15:09:43.309+00:00,1233.001,332.469,99,22927.6,2685,62,measure
2026-09-12T15:09:44.310+00:00,1234.002,340.827,99,22927.6,2685,66,measure
2026-09-12T15:09:45.310+00:00,1235.002,360.099,99,22927.6,2685,67,measure
2026-09-12T15:09:46.309+00:00,1236.001,363.788,99,22927.6,2685,67,measure
2026-09-12T15:09:47.310+00:00,1237.000,370.548,99,22927.6,2685,66,measure
2026-09-12T15:09:48.311+00:00,1238.001,367.886,99,22927.6,2685,66,measure
2026-09-12T15:09:49.308+00:00,1239.000,377.748,99,22927.6,2685,66,measure
2026-09-12T15:09:50.309+00:00,1240.001,375.775,99,22927.6,2685,65,measure
2026-09-12T15:09:51.309+00:00,1241.001,379.167,99,22927.6,2685,67,measure
2026-09-12T15:09:52.308+00:00,1242.000,372.614,99,22927.6,2685,66,measure
2026-09-12T15:09:53.315+00:00,1243.002,366.486,99,22910.6,2685,65,measure
2026-09-12T15:09:54.311+00:00,1244.003,356.095,99,22893.3,2685,65,measure
2026-09-12T15:09:55.309+00:00,1245.001,345.076,99,22864.8,2685,63,measure
2026-09-12T15:09:56.309+00:00,1246.001,310.88,99,22862.7,2685,63,measure
2026-09-12T15:09:57.309+00:00,1247.001,316.771,99,22855.1,2685,66,measure
2026-09-12T15:09:58.310+00:00,1248.001,325.781,99,22855.1,2685,67,measure
2026-09-12T15:09:59.311+00:00,1249.001,343.414,99,22855.1,2685,66,measure
2026-09-12T15:10:00.310+00:00,1250.001,360.399,99,22854.8,2685,65,measure
2026-09-12T15:10:01.320+00:00,1251.001,358.357,99,22854.8,2685,66,measure
2026-09-12T15:10:02.308+00:00,1252.000,338.398,99,22854.8,2685,65,measure
2026-09-12T15:10:03.310+00:00,1253.001,317.964,99,22854.8,2685,62,measure
2026-09-12T15:10:04.311+00:00,1254.002,321.006,99,22854.8,2685,66,measure
2026-09-12T15:10:05.313+00:00,1255.003,322.639,99,22854.8,2685,64,measure
2026-09-12T15:10:06.311+00:00,1256.003,319.275,99,22854.8,2685,64,measure
2026-09-12T15:10:07.309+00:00,1257.001,328.112,99,22911,2685,67,measure
2026-09-12T15:10:08.311+00:00,1258.003,331.059,99,22933.3,2685,65,measure
2026-09-12T15:10:09.310+00:00,1259.002,354.706,99,22914.9,2685,65,measure
2026-09-12T15:10:10.308+00:00,1260.000,354.654,99,22898,2685,65,measure
2026-09-12T15:10:11.310+00:00,1261.001,356.603,99,22898,2685,65,measure
2026-09-12T15:10:12.310+00:00,1262.001,347.047,99,22914.9,2685,66,measure
2026-09-12T15:10:13.309+00:00,1263.001,359.126,99,22912.9,2685,66,measure
2026-09-12T15:10:14.309+00:00,1264.001,357.48,99,22921.3,2685,66,measure
2026-09-12T15:10:12.814+00:00,1265.000,353.721,99,22920.9,2685,65,measure
2026-09-12T15:10:13.814+00:00,1266.000,348.46,99,22929.3,2685,64,measure
2026-09-12T15:10:14.816+00:00,1267.001,311.48,99,22920.5,2685,62,measure
2026-09-12T15:10:15.814+00:00,1268.000,324.882,99,22893.8,2685,66,measure
2026-09-12T15:10:16.816+00:00,1269.000,323.975,99,22886.1,2685,65,measure
2026-09-12T15:10:17.816+00:00,1270.001,349.004,99,22897.4,2685,67,measure
2026-09-12T15:10:18.815+00:00,1271.001,358.957,99,22902.4,2685,67,measure
2026-09-12T15:10:19.815+00:00,1272.001,369.69,99,22900.4,2685,66,measure
2026-09-12T15:10:20.816+00:00,1273.001,371.435,99,22900.4,2685,66,measure
2026-09-12T15:10:21.815+00:00,1274.001,366.894,99,22900.4,2685,66,measure
2026-09-12T15:10:22.815+00:00,1275.002,380.679,99,22900.4,2685,66,measure
2026-09-12T15:10:23.815+00:00,1276.001,366.767,99,22900.4,2685,66,measure
2026-09-12T15:10:24.814+00:00,1277.000,366.572,99,22900.4,2685,66,measure
2026-09-12T15:10:25.814+00:00,1278.000,371.375,99,22900.4,2685,66,measure
2026-09-12T15:10:26.815+00:00,1279.000,361.895,99,22900.4,2685,66,measure
2026-09-12T15:10:27.815+00:00,1280.000,358.689,99,22891.8,2685,67,measure
2026-09-12T15:10:28.814+00:00,1281.001,354.782,99,22903.4,2685,65,measure
2026-09-12T15:10:29.814+00:00,1282.000,361.959,99,22877.6,2685,65,measure
2026-09-12T15:10:30.816+00:00,1283.000,357.226,99,22877.5,2685,65,measure
2026-09-12T15:10:31.817+00:00,1284.001,350.186,98,22910.2,2685,63,measure
2026-09-12T15:10:32.819+00:00,1285.001,340.209,99,22969.9,2685,65,measure
2026-09-12T15:10:33.816+00:00,1286.001,320.771,99,22969.9,2685,65,measure
2026-09-12T15:10:34.820+00:00,1287.002,336.604,90,22969.9,2685,65,measure
2026-09-12T15:10:35.816+00:00,1288.001,324.473,91,22969.9,2685,64,measure
2026-09-12T15:10:36.815+00:00,1289.000,345.287,98,22954.1,2685,64,measure
2026-09-12T15:10:37.823+00:00,1290.002,347.97,99,22954.1,2685,67,measure
2026-09-12T15:10:38.818+00:00,1291.000,345.817,99,22942.6,2685,64,measure
2026-09-12T15:10:39.815+00:00,1292.000,344.495,97,22942.6,2685,64,measure
2026-09-12T15:10:40.816+00:00,1293.002,355.058,99,22759.1,2685,66,measure
2026-09-12T15:10:41.815+00:00,1294.001,364.443,99,22747,2685,65,measure
2026-09-12T15:10:42.815+00:00,1295.001,358.984,99,22744,2685,65,measure
2026-09-12T15:10:43.815+00:00,1296.000,362.105,99,22744,2685,66,measure
2026-09-12T15:10:44.818+00:00,1297.001,365.215,99,22744,2685,65,measure
2026-09-12T15:10:43.310+00:00,1298.000,369.27,99,22744,2685,66,measure
2026-09-12T15:10:44.313+00:00,1299.001,356.242,99,22744,2685,68,measure
2026-09-12T15:10:45.312+00:00,1300.000,347.379,99,22744,2685,64,measure
2026-09-12T15:10:46.311+00:00,1301.001,338.691,99,22744,2685,64,measure
2026-09-12T15:10:47.311+00:00,1302.000,313.653,99,22744,2685,64,measure
2026-09-12T15:10:48.314+00:00,1303.001,345.339,99,22744,2685,65,measure
2026-09-12T15:10:49.311+00:00,1304.000,325.993,93,22748,2685,65,measure
2026-09-12T15:10:50.311+00:00,1305.001,323.707,99,22743.8,2685,63,measure
2026-09-12T15:10:51.359+00:00,1306.000,324.214,77,22743.8,2685,64,measure
2026-09-12T15:10:52.311+00:00,1307.000,284.533,97,22743.8,2685,64,measure
2026-09-12T15:10:53.317+00:00,1308.001,315.748,99,22743.8,2685,64,measure
2026-09-12T15:10:54.314+00:00,1309.000,314.804,96,22743.8,2685,64,measure
2026-09-12T15:10:55.312+00:00,1310.000,307.337,77,22743.8,2685,64,measure
2026-09-12T15:10:56.312+00:00,1311.002,261.947,27,22743.8,2685,59,measure
2026-09-12T15:10:57.386+00:00,1312.001,312.657,98,22743.8,2685,64,measure
2026-09-12T15:10:58.313+00:00,1313.001,343.942,99,22743.8,2685,67,measure
2026-09-12T15:10:59.313+00:00,1314.000,359.969,90,22743.8,2685,66,measure
2026-09-12T15:11:00.313+00:00,1315.000,346.738,54,22743.8,2700,65,measure
2026-09-12T15:11:01.366+00:00,1316.011,343.515,88,22743.8,2685,67,measure
2026-09-12T15:11:02.312+00:00,1317.000,348.879,99,22743.8,2685,66,measure
2026-09-12T15:11:03.335+00:00,1318.000,371.544,99,22743.8,2685,66,measure
2026-09-12T15:11:04.311+00:00,1319.000,382.019,99,22743.8,2685,67,measure
2026-09-12T15:11:05.312+00:00,1320.000,359.213,99,22743.8,2685,66,measure
2026-09-12T15:11:06.312+00:00,1321.001,352.435,99,22743.8,2685,65,measure
2026-09-12T15:11:07.362+00:00,1322.007,322.23,99,22743.8,2685,64,measure
2026-09-12T15:11:08.313+00:00,1323.004,318.864,99,22743.8,2685,64,measure
2026-09-12T15:11:09.319+00:00,1324.008,298.105,99,22743.8,2685,63,measure
2026-09-12T15:11:10.314+00:00,1325.004,317.623,99,22743.8,2685,65,measure
2026-09-12T15:11:11.312+00:00,1326.001,319.04,99,22743.8,2685,64,measure
2026-09-12T15:11:12.334+00:00,1327.024,325.019,99,22743.8,2685,63,measure
2026-09-12T15:11:13.330+00:00,1328.018,322.872,99,22743.8,2685,61,measure
2026-09-12T15:11:14.315+00:00,1329.006,353.622,99,22743.8,2685,66,measure
2026-09-12T15:11:12.817+00:00,1330.010,353.388,99,22743.8,2685,66,measure
2026-09-12T15:11:13.810+00:00,1331.003,357.613,99,22743.8,2685,65,measure
2026-09-12T15:11:14.813+00:00,1332.007,332.934,99,22743.8,2685,63,measure
2026-09-12T15:11:15.830+00:00,1333.022,316.049,99,22742.3,2685,63,measure
2026-09-12T15:11:16.807+00:00,1334.002,324.894,99,22742.3,2685,65,measure
2026-09-12T15:11:17.812+00:00,1335.006,330.936,99,22742.3,2685,62,measure
2026-09-12T15:11:18.809+00:00,1336.003,352.619,99,22742.3,2685,66,measure
2026-09-12T15:11:19.817+00:00,1337.007,359.584,99,22742.3,2685,66,measure
2026-09-12T15:11:20.812+00:00,1338.005,338.853,99,22742.3,2685,66,measure
2026-09-12T15:11:21.814+00:00,1339.008,323.925,99,22742.3,2685,63,measure
2026-09-12T15:11:22.806+00:00,1340.001,324.383,99,22742.3,2685,61,measure
2026-09-12T15:11:23.806+00:00,1341.000,319.976,99,22742.3,2685,65,measure
2026-09-12T15:11:25.822+00:00,1343.017,353.993,99,22742.3,2685,66,measure
2026-09-12T15:11:26.808+00:00,1344.001,360.037,99,22742.3,2685,64,measure
2026-09-12T15:11:27.808+00:00,1345.001,363.872,99,22742.3,2685,65,measure
2026-09-12T15:11:28.806+00:00,1346.000,375.422,99,22742.3,2685,65,measure
2026-09-12T15:11:29.806+00:00,1347.000,363.706,99,22742.3,2685,65,measure
2026-09-12T15:11:30.853+00:00,1348.005,359.808,99,22742.3,2685,65,measure
2026-09-12T15:11:31.848+00:00,1349.001,351.465,99,22742.3,2685,65,measure
2026-09-12T15:11:32.831+00:00,1350.001,325.348,99,22742.3,2685,62,measure
2026-09-12T15:11:33.808+00:00,1351.000,302.501,99,22742.3,2685,64,measure
2026-09-12T15:11:34.807+00:00,1352.001,318.494,99,22742.3,2685,63,measure
2026-09-12T15:11:35.806+00:00,1353.000,304.729,99,22742.3,2685,61,measure
2026-09-12T15:11:36.808+00:00,1354.002,314.844,99,22742.3,2685,64,measure
2026-09-12T15:11:37.807+00:00,1355.001,323.25,99,22742.3,2685,62,measure
2026-09-12T15:11:38.808+00:00,1356.000,319.845,99,22742.3,2685,63,measure
2026-09-12T15:11:39.808+00:00,1357.001,332.123,99,22753.7,2685,65,measure
2026-09-12T15:11:40.806+00:00,1358.001,365.278,99,22753.7,2685,66,measure
2026-09-12T15:11:41.808+00:00,1359.002,370.398,99,22792.2,2685,68,measure
2026-09-12T15:11:42.807+00:00,1360.000,379.606,99,22793.7,2685,68,measure
2026-09-12T15:11:43.806+00:00,1361.000,369.472,99,22790.4,2685,66,measure
2026-09-12T15:11:44.813+00:00,1362.007,372.219,99,22786.9,2685,68,measure
2026-09-12T15:11:43.304+00:00,1363.002,360.206,99,22783.4,2685,66,measure
2026-09-12T15:11:44.303+00:00,1364.001,345.714,99,22779.4,2685,63,measure
2026-09-12T15:11:45.302+00:00,1365.000,309.926,99,22758.1,2685,62,measure
2026-09-12T15:11:46.303+00:00,1366.001,304.609,99,22756.5,2685,63,measure
2026-09-12T15:11:47.302+00:00,1367.000,318.054,99,22750.3,2685,63,measure
2026-09-12T15:11:48.304+00:00,1368.001,342.888,99,22767.1,2685,62,measure
2026-09-12T15:11:49.304+00:00,1369.000,359.9,99,22769,2685,67,measure
2026-09-12T15:11:50.302+00:00,1370.000,361.34,99,22769,2685,66,measure
2026-09-12T15:11:51.302+00:00,1371.000,362.729,99,22763.3,2685,66,measure
2026-09-12T15:11:52.303+00:00,1372.001,359.178,99,22763.3,2685,65,measure
2026-09-12T15:11:53.303+00:00,1373.000,347.25,99,22763.3,2685,65,measure
2026-09-12T15:11:54.308+00:00,1374.001,345.84,99,22766.3,2685,66,measure
2026-09-12T15:11:55.303+00:00,1375.001,348.759,99,22765.5,2685,67,measure
2026-09-12T15:11:56.304+00:00,1376.002,352.128,99,22759,2685,66,measure
2026-09-12T15:11:57.306+00:00,1377.001,362.878,99,22759,2685,66,measure
2026-09-12T15:11:58.302+00:00,1378.000,355.663,99,22764,2685,67,measure
2026-09-12T15:11:59.303+00:00,1379.000,360.958,99,22754.6,2685,65,measure
2026-09-12T15:12:00.304+00:00,1380.000,358.41,99,22752.5,2685,65,measure
2026-09-12T15:12:01.304+00:00,1381.001,359.098,99,22752.5,2685,65,measure
2026-09-12T15:12:02.304+00:00,1382.000,334.129,97,22752.5,2685,62,measure
2026-09-12T15:12:03.304+00:00,1383.000,345.788,99,22752.5,2685,65,measure
2026-09-12T15:12:04.308+00:00,1384.003,357.13,92,22752.5,2685,65,measure
2026-09-12T15:12:05.305+00:00,1385.001,352.42,97,22752.5,2685,65,measure
2026-09-12T15:12:06.307+00:00,1386.003,351.045,98,22752.5,2685,66,measure
2026-09-12T15:12:07.304+00:00,1387.001,343.509,98,22752.5,2685,64,measure
2026-09-12T15:12:08.304+00:00,1388.001,317.982,94,22761.5,2685,62,measure
2026-09-12T15:12:09.305+00:00,1389.002,309.992,99,22761.5,2685,66,measure
2026-09-12T15:12:10.303+00:00,1390.000,317.632,99,22761.5,2685,62,measure
2026-09-12T15:12:11.303+00:00,1391.000,311.204,99,22761.5,2685,65,measure
2026-09-12T15:12:12.304+00:00,1392.000,334.332,99,22761.5,2685,62,measure
2026-09-12T15:12:13.303+00:00,1393.000,344.856,99,22758.3,2685,65,measure
2026-09-12T15:12:14.303+00:00,1394.000,337.217,99,22753.3,2685,63,measure
2026-09-12T15:12:12.820+00:00,1395.002,338.237,99,22753.3,2685,62,measure
2026-09-12T15:12:13.861+00:00,1396.005,326.629,99,22753.3,2685,61,measure
2026-09-12T15:12:14.845+00:00,1397.000,335.505,99,22753.3,2685,66,measure
2026-09-12T15:12:15.821+00:00,1398.001,320.889,99,22753.3,2685,61,measure
2026-09-12T15:12:16.822+00:00,1399.004,307.928,99,22753.3,2685,62,measure
2026-09-12T15:12:17.820+00:00,1400.002,328.575,99,22753.3,2685,63,measure
2026-09-12T15:12:18.818+00:00,1401.000,331.61,99,22753.3,2685,63,measure
2026-09-12T15:12:19.822+00:00,1402.004,358.197,99,22753.3,2685,65,measure
2026-09-12T15:12:20.823+00:00,1403.003,353.28,99,22753.3,2685,66,measure
2026-09-12T15:12:21.822+00:00,1404.001,359.483,99,22761.3,2685,66,measure
2026-09-12T15:12:22.819+00:00,1405.000,357.161,99,22761.3,2685,66,measure
2026-09-12T15:12:23.819+00:00,1406.001,359.073,99,22761.3,2685,66,measure
2026-09-12T15:12:24.821+00:00,1407.001,369.174,99,22761.3,2685,68,measure
2026-09-12T15:12:25.820+00:00,1408.002,363.487,99,22761.3,2685,66,measure
2026-09-12T15:12:26.821+00:00,1409.002,362.246,99,22761.3,2685,66,measure
2026-09-12T15:12:27.822+00:00,1410.002,359.109,99,22756.9,2685,66,measure
2026-09-12T15:12:28.820+00:00,1411.001,359.733,99,22753.8,2685,66,measure
2026-09-12T15:12:29.820+00:00,1412.001,359.163,99,22753.8,2685,67,measure
2026-09-12T15:12:30.819+00:00,1413.001,355.959,99,22748.4,2685,66,measure
2026-09-12T15:12:31.819+00:00,1414.001,335.782,99,22748.4,2685,62,measure
2026-09-12T15:12:32.820+00:00,1415.000,333.981,99,22748.4,2685,62,measure
2026-09-12T15:12:33.822+00:00,1416.000,333.136,99,22748.4,2685,66,measure
2026-09-12T15:12:34.819+00:00,1417.001,350.446,99,22748.4,2685,64,measure
2026-09-12T15:12:35.819+00:00,1418.001,331.135,99,22748.4,2685,64,measure
2026-09-12T15:12:36.819+00:00,1419.001,317.567,99,22748.4,2685,66,measure
2026-09-12T15:12:37.819+00:00,1420.000,306.303,99,22748.4,2685,62,measure
2026-09-12T15:12:38.820+00:00,1421.001,316.106,99,22766.6,2685,64,measure
2026-09-12T15:12:39.822+00:00,1422.001,313.393,99,22772.2,2685,61,measure
2026-09-12T15:12:40.819+00:00,1423.001,325.686,99,22772.8,2685,65,measure
2026-09-12T15:12:41.820+00:00,1424.001,324.571,99,22772.5,2685,63,measure
2026-09-12T15:12:42.819+00:00,1425.000,309.67,99,22772.5,2685,63,measure
2026-09-12T15:12:43.820+00:00,1426.001,309.295,99,22836.4,2685,64,measure
2026-09-12T15:12:42.319+00:00,1427.001,309.452,99,22841.7,2685,62,measure
2026-09-12T15:12:43.319+00:00,1428.001,313.661,99,22841.7,2685,64,measure
2026-09-12T15:12:44.328+00:00,1429.001,323.13,99,22833.9,2685,65,measure
2026-09-12T15:12:45.318+00:00,1430.001,315.426,99,22834.4,2685,63,measure
2026-09-12T15:12:46.317+00:00,1431.000,342.85,99,22826.8,2685,66,measure
2026-09-12T15:12:47.360+00:00,1432.003,345.897,99,22826.4,2685,66,measure
2026-09-12T15:12:48.353+00:00,1433.004,355.23,99,22863.7,2685,65,measure
2026-09-12T15:12:49.356+00:00,1434.038,366.728,99,22864.8,2685,66,measure
2026-09-12T15:12:50.317+00:00,1435.001,360.508,99,22882.6,2685,67,measure
2026-09-12T15:12:51.341+00:00,1436.023,360.787,99,22881.1,2685,65,measure
2026-09-12T15:12:52.319+00:00,1437.001,369.583,99,22884.5,2685,66,measure
2026-09-12T15:12:53.318+00:00,1438.002,348.06,97,22908,2685,64,measure
2026-09-12T15:12:54.321+00:00,1439.003,350.333,99,22908.1,2685,65,measure
2026-09-12T15:12:55.319+00:00,1440.001,357.383,99,22901.5,2685,65,measure
2026-09-12T15:12:56.317+00:00,1441.001,347.617,99,22901.3,2685,64,measure
2026-09-12T15:12:57.318+00:00,1442.001,318.964,99,22883.9,2685,66,measure
2026-09-12T15:12:58.318+00:00,1443.001,330.774,99,22864.1,2685,65,measure
2026-09-12T15:12:59.317+00:00,1444.000,324.458,99,22905.5,2685,64,measure
2026-09-12T15:13:00.320+00:00,1445.002,343.284,99,22912,2685,65,measure
2026-09-12T15:13:01.319+00:00,1446.000,333.129,99,22913.7,2685,66,measure
2026-09-12T15:13:02.318+00:00,1447.001,349.25,99,22908.9,2685,64,measure
2026-09-12T15:13:03.318+00:00,1448.001,323.261,99,22911.2,2685,65,measure
2026-09-12T15:13:04.317+00:00,1449.001,355.542,99,22907.5,2685,65,measure
2026-09-12T15:13:05.319+00:00,1450.002,355.874,99,22907.5,2685,65,measure
2026-09-12T15:13:06.318+00:00,1451.000,365.287,99,22907.5,2685,65,measure
2026-09-12T15:13:07.319+00:00,1452.001,363.28,99,22897.7,2685,66,measure
2026-09-12T15:13:08.317+00:00,1453.000,358.223,99,22899.7,2685,67,measure
2026-09-12T15:13:09.317+00:00,1454.001,374.798,99,22896,2685,68,measure
2026-09-12T15:13:10.317+00:00,1455.001,375.587,99,22893.3,2685,65,measure
2026-09-12T15:13:11.320+00:00,1456.003,358.461,99,22893.2,2685,64,measure
2026-09-12T15:13:12.323+00:00,1457.001,361.92,99,22893.2,2685,66,measure
2026-09-12T15:13:13.318+00:00,1458.001,352.691,99,22892.6,2685,67,measure
2026-09-12T15:13:14.317+00:00,1459.001,355.889,99,22892.6,2685,65,measure
2026-09-12T15:13:12.838+00:00,1460.001,343.047,99,22892,2685,62,measure
2026-09-12T15:13:13.841+00:00,1461.001,322.113,99,22876.6,2685,65,measure
2026-09-12T15:13:14.843+00:00,1462.004,312.128,99,22876.6,2685,65,measure
2026-09-12T15:13:15.844+00:00,1463.001,322.267,99,22880.6,2685,64,measure
2026-09-12T15:13:16.875+00:00,1464.001,309.592,99,22887.9,2685,65,measure
2026-09-12T15:13:17.838+00:00,1465.000,323.431,99,22888.5,2685,65,measure
2026-09-12T15:13:18.838+00:00,1466.000,334.046,99,22889.6,2685,66,measure
2026-09-12T15:13:19.839+00:00,1467.001,361.637,99,22892.8,2685,68,measure
2026-09-12T15:13:20.838+00:00,1468.000,371.468,99,22892.8,2685,67,measure
2026-09-12T15:13:21.839+00:00,1469.001,371.351,99,22887.4,2685,67,measure
2026-09-12T15:13:22.873+00:00,1470.001,379.322,99,22893.7,2685,68,measure
2026-09-12T15:13:23.838+00:00,1471.001,367.651,99,22893.7,2685,65,measure
2026-09-12T15:13:24.838+00:00,1472.001,354.161,99,22894.8,2685,65,measure
2026-09-12T15:13:25.839+00:00,1473.001,351.668,99,22888.1,2685,67,measure
2026-09-12T15:13:26.838+00:00,1474.000,346.252,99,22983.1,2685,65,measure
2026-09-12T15:13:27.839+00:00,1475.000,332.047,99,22956.1,2685,65,measure
2026-09-12T15:13:28.840+00:00,1476.000,347.814,99,22953,2685,65,measure
2026-09-12T15:13:29.838+00:00,1477.000,348.345,99,22952.2,2685,65,measure
2026-09-12T15:13:30.838+00:00,1478.001,347.243,99,22954,2685,65,measure
2026-09-12T15:13:31.838+00:00,1479.000,346.803,99,22946.5,2685,65,measure
2026-09-12T15:13:32.839+00:00,1480.001,346.8,99,22949.5,2685,66,measure
2026-09-12T15:13:33.839+00:00,1481.000,358.268,99,22943.2,2685,67,measure
2026-09-12T15:13:34.839+00:00,1482.001,346.128,99,22943.4,2685,66,measure
2026-09-12T15:13:35.838+00:00,1483.001,348.187,99,22943.6,2685,66,measure
2026-09-12T15:13:36.841+00:00,1484.001,354.492,99,22941.6,2685,66,measure
2026-09-12T15:13:37.838+00:00,1485.000,344.763,99,22940.1,2685,65,measure
2026-09-12T15:13:38.838+00:00,1486.000,352.112,99,22938.9,2685,67,measure
2026-09-12T15:13:39.839+00:00,1487.000,348.081,99,22929.3,2685,66,measure
2026-09-12T15:13:40.838+00:00,1488.000,345.603,99,22929.3,2685,65,measure
2026-09-12T15:13:41.839+00:00,1489.001,352.21,99,22947.5,2685,65,measure
2026-09-12T15:13:42.885+00:00,1490.000,339.481,99,22943.4,2685,66,measure
2026-09-12T15:13:43.838+00:00,1491.000,348.075,99,22937.5,2685,64,measure
2026-09-12T15:13:42.339+00:00,1492.000,353.23,99,22937.6,2685,66,measure
2026-09-12T15:13:43.341+00:00,1493.001,349.314,99,22939.5,2685,66,measure
2026-09-12T15:13:44.339+00:00,1494.000,357.064,99,22939.7,2685,66,measure
2026-09-12T15:13:45.339+00:00,1495.001,363.711,99,22956.1,2685,64,measure
2026-09-12T15:13:46.338+00:00,1496.000,360.103,99,22972.7,2685,67,measure
2026-09-12T15:13:47.338+00:00,1497.000,372.058,99,23028.1,2685,68,measure
2026-09-12T15:13:48.339+00:00,1498.000,360.729,99,23045.4,2685,67,measure
2026-09-12T15:13:49.340+00:00,1499.000,342.215,99,23043.6,2685,65,measure
2026-09-12T15:13:50.339+00:00,1500.001,341.554,99,23050.4,2685,63,measure
2026-09-12T15:13:51.369+00:00,1501.000,328.327,99,23040.9,2685,62,measure
2026-09-12T15:13:52.341+00:00,1502.003,328.429,99,23046.9,2685,64,measure
2026-09-12T15:13:53.342+00:00,1503.001,329.449,99,23047.8,2685,63,measure
2026-09-12T15:13:54.339+00:00,1504.000,337.696,99,23047.8,2685,64,measure
2026-09-12T15:13:55.342+00:00,1505.000,332.651,99,23047.5,2685,62,measure
2026-09-12T15:13:56.339+00:00,1506.001,355.564,99,23007,2685,68,measure
2026-09-12T15:13:57.339+00:00,1507.000,340.211,99,23007,2685,62,measure
2026-09-12T15:13:58.338+00:00,1508.000,331.297,99,23006.9,2685,65,measure
2026-09-12T15:13:59.339+00:00,1509.000,353.702,99,22977.3,2685,66,measure
2026-09-12T15:14:00.340+00:00,1510.001,362.975,99,22977.1,2685,66,measure
2026-09-12T15:14:01.340+00:00,1511.000,367.618,99,22976.8,2685,66,measure
2026-09-12T15:14:02.338+00:00,1512.000,362.889,99,22976.8,2685,67,measure
2026-09-12T15:14:03.340+00:00,1513.002,363.706,99,22976.8,2685,65,measure
2026-09-12T15:14:04.341+00:00,1514.001,364.312,99,22976.8,2685,66,measure
2026-09-12T15:14:05.339+00:00,1515.001,365.79,99,22976.8,2685,66,measure
2026-09-12T15:14:06.341+00:00,1516.001,340.571,99,22968.3,2685,66,measure
2026-09-12T15:14:07.341+00:00,1517.001,274.404,99,22968.3,2685,61,measure
2026-09-12T15:14:08.340+00:00,1518.001,241.193,92,22972.3,2700,60,measure
2026-09-12T15:14:09.346+00:00,1519.008,88.881,1,22986.1,2700,53,measure
2026-09-12T15:14:10.347+00:00,1520.008,72.589,0,22985.9,675,53,measure
2026-09-12T15:14:11.342+00:00,1521.003,39.69,0,22984.3,450,51,measure
2026-09-12T15:14:12.346+00:00,1522.007,26.42,0,22979.1,315,50,measure
2026-09-12T15:14:13.343+00:00,1523.004,21.89,0,22978.6,255,50,measure
2026-09-12T15:14:14.339+00:00,1524.000,21.679,0,22978.6,210,50,measure
2026-09-12T15:14:12.918+00:00,1525.068,21.626,1,22974.9,225,49,measure
2026-09-12T15:14:13.852+00:00,1526.001,21.443,0,22960.9,210,49,measure
2026-09-12T15:14:14.856+00:00,1527.004,21.494,4,22981.7,210,49,measure
2026-09-12T15:14:15.859+00:00,1528.008,21.327,3,22982.4,210,48,measure
2026-09-12T15:14:16.854+00:00,1529.004,21.323,6,22987.9,225,48,measure
2026-09-12T15:14:17.858+00:00,1530.001,21.318,0,22996.7,255,48,measure
2026-09-12T15:14:18.858+00:00,1531.007,21.041,5,22992.7,225,48,measure
2026-09-12T15:14:19.852+00:00,1532.002,21.056,0,22993,210,47,measure
2026-09-12T15:14:20.856+00:00,1533.004,20.956,5,22977.9,225,47,measure
2026-09-12T15:14:21.853+00:00,1534.001,20.937,0,22949.7,210,47,measure
2026-09-12T15:14:22.858+00:00,1535.007,21.705,8,23044.1,300,47,measure
2026-09-12T15:14:23.852+00:00,1536.001,21.349,3,23037.1,270,47,measure
2026-09-12T15:14:24.854+00:00,1537.003,21.191,3,22973.5,285,46,measure
2026-09-12T15:14:25.851+00:00,1538.001,21.18,3,22975.9,255,46,measure
2026-09-12T15:14:26.859+00:00,1539.005,20.851,4,22973.1,225,46,measure
2026-09-12T15:14:27.859+00:00,1540.008,21.366,8,22977.4,255,46,measure
2026-09-12T15:14:28.853+00:00,1541.003,21.166,3,22984.5,255,46,measure
2026-09-12T15:14:29.851+00:00,1542.000,20.678,0,22984.5,210,46,measure
2026-09-12T15:14:30.855+00:00,1543.005,20.687,0,22984.5,210,45,measure
2026-09-12T15:14:31.852+00:00,1544.002,20.523,0,22984.5,210,45,measure
2026-09-12T15:14:32.854+00:00,1545.004,20.454,0,22984.5,210,45,measure
2026-09-12T15:14:33.854+00:00,1546.001,20.438,0,22984.5,210,45,measure
2026-09-12T15:14:34.855+00:00,1547.005,20.462,0,22984.5,210,45,measure
2026-09-12T15:14:35.852+00:00,1548.002,20.574,0,22984.5,210,45,measure
2026-09-12T15:14:36.855+00:00,1549.005,20.621,0,22984.5,210,45,measure
2026-09-12T15:14:37.852+00:00,1550.001,20.688,0,22984.5,210,45,measure
2026-09-12T15:14:38.856+00:00,1551.002,20.595,0,22984.5,210,45,measure
2026-09-12T15:14:39.854+00:00,1552.004,20.485,0,22984.5,210,44,measure
2026-09-12T15:14:40.855+00:00,1553.003,20.437,1,22980.8,210,44,measure
2026-09-12T15:14:41.851+00:00,1554.001,20.535,0,22977.5,210,44,measure
2026-09-12T15:14:42.853+00:00,1555.003,20.471,0,22987,210,44,measure
2026-09-12T15:14:43.851+00:00,1556.000,49.838,0,22976.7,2520,45,measure
2026-09-12T15:14:42.348+00:00,1557.000,56.619,0,22976.7,2520,45,measure
2026-09-12T15:14:43.350+00:00,1558.001,56.524,0,22976.3,2520,45,measure
2026-09-12T15:14:44.350+00:00,1559.000,40.086,0,22976.3,435,44,measure
2026-09-12T15:14:45.349+00:00,1560.000,25.101,0,22976.3,300,44,measure
2026-09-12T15:14:46.349+00:00,1561.000,20.621,0,22976.3,240,43,measure
2026-09-12T15:14:47.350+00:00,1562.002,20.46,0,22976.3,210,43,measure
2026-09-12T15:14:48.351+00:00,1563.001,20.344,0,22976.3,210,43,measure
2026-09-12T15:14:49.355+00:00,1564.005,20.386,0,22976.3,210,43,measure
2026-09-12T15:14:50.353+00:00,1565.005,20.561,0,22976.3,210,43,measure
2026-09-12T15:14:51.349+00:00,1566.001,20.591,0,22976.3,210,43,measure
2026-09-12T15:14:52.352+00:00,1567.003,20.563,0,22976.3,210,43,measure
2026-09-12T15:14:53.351+00:00,1568.002,20.443,0,22976.3,210,43,measure
2026-09-12T15:14:54.349+00:00,1569.000,20.53,0,22974.1,210,43,measure
2026-09-12T15:14:55.353+00:00,1570.003,20.332,0,22973.8,210,43,measure
2026-09-12T15:14:56.355+00:00,1571.007,20.19,1,22973.5,210,42,measure
2026-09-12T15:14:57.352+00:00,1572.003,20.169,0,22973.5,210,42,measure
2026-09-12T15:14:58.352+00:00,1573.002,20.057,0,22972.9,210,42,measure
2026-09-12T15:14:59.350+00:00,1574.002,19.745,0,22972.9,210,42,measure
2026-09-12T15:15:00.348+00:00,1575.000,19.538,0,22972.9,210,42,measure
2026-09-12T15:15:01.351+00:00,1576.001,19.921,0,22972.9,210,42,measure
2026-09-12T15:15:02.349+00:00,1577.001,19.919,0,22972.9,210,42,measure
2026-09-12T15:15:03.356+00:00,1578.007,19.875,0,22972.9,210,42,measure
2026-09-12T15:15:04.351+00:00,1579.003,19.84,0,22972.9,210,42,measure
2026-09-12T15:15:05.355+00:00,1580.005,19.56,0,22972.9,210,42,measure
2026-09-12T15:15:06.350+00:00,1581.002,19.634,0,22972.9,210,42,measure
2026-09-12T15:15:07.351+00:00,1582.000,19.598,0,22972.9,210,41,measure
2026-09-12T15:15:08.349+00:00,1583.000,19.42,0,22972.9,210,41,measure
2026-09-12T15:15:09.348+00:00,1584.000,19.272,4,22942.4,210,41,measure
2026-09-12T15:15:10.349+00:00,1585.000,19.836,0,22914.2,210,41,measure
2026-09-12T15:15:11.349+00:00,1586.001,19.652,0,22941.1,225,41,measure
2026-09-12T15:15:12.351+00:00,1587.000,19.145,5,22941.6,225,41,measure
2026-09-12T15:15:13.351+00:00,1588.001,19.096,4,22947,240,41,measure
2026-09-12T15:15:14.357+00:00,1589.008,18.406,3,22946.9,210,41,measure
2026-09-12T15:15:12.872+00:00,1590.043,18.408,0,22947,210,41,measure
2026-09-12T15:15:13.868+00:00,1591.038,18.297,0,22947,210,41,measure
2026-09-12T15:15:14.833+00:00,1592.003,18.536,0,22947,210,41,measure
2026-09-12T15:15:15.831+00:00,1593.000,18.673,1,22943.1,210,41,measure
2026-09-12T15:15:16.835+00:00,1594.000,18.747,0,22941.9,210,41,measure
2026-09-12T15:15:17.830+00:00,1595.001,18.72,6,22918.2,240,41,measure
2026-09-12T15:15:18.830+00:00,1596.000,18.899,1,22921,210,41,measure
2026-09-12T15:15:19.830+00:00,1597.001,18.924,1,22923.4,240,41,measure
2026-09-12T15:15:20.830+00:00,1598.000,18.614,0,22923.2,210,41,measure
2026-09-12T15:15:21.831+00:00,1599.001,18.438,0,22923.6,210,41,measure
2026-09-12T15:15:22.832+00:00,1600.001,19.047,3,22969.7,255,41,measure
2026-09-12T15:15:23.830+00:00,1601.001,19.002,4,22970.4,225,41,measure
2026-09-12T15:15:24.831+00:00,1602.001,18.966,6,22970.2,240,41,measure
2026-09-12T15:15:25.830+00:00,1603.001,19.21,6,22978.1,240,41,measure
2026-09-12T15:15:26.830+00:00,1604.001,19.482,0,22979.6,240,41,measure
2026-09-12T15:15:27.832+00:00,1605.001,19.228,14,23024.5,345,41,measure
2026-09-12T15:15:28.831+00:00,1606.001,19.677,5,23017.9,300,41,measure
2026-09-12T15:15:29.831+00:00,1607.000,19.321,4,23024.5,270,41,measure
2026-09-12T15:15:30.831+00:00,1608.001,18.985,6,23022.6,240,41,measure
2026-09-12T15:15:31.830+00:00,1609.000,18.888,5,23021,225,41,measure
2026-09-12T15:15:32.831+00:00,1610.001,19.458,6,23040.9,240,41,measure
2026-09-12T15:15:33.833+00:00,1611.001,19.253,0,23037.3,225,41,measure
2026-09-12T15:15:34.832+00:00,1612.000,18.837,0,23038.8,210,41,measure
2026-09-12T15:15:35.831+00:00,1613.001,18.619,0,23038.8,210,41,measure
2026-09-12T15:15:36.830+00:00,1614.000,18.511,0,23038.8,210,41,measure
2026-09-12T15:15:37.831+00:00,1615.000,18.177,0,23038.8,210,41,measure
2026-09-12T15:15:38.834+00:00,1616.004,18.411,0,23038.8,210,41,measure
2026-09-12T15:15:39.837+00:00,1617.007,18.542,0,23038.8,210,41,measure
2026-09-12T15:15:40.834+00:00,1618.003,18.405,1,23037.6,210,41,measure
2026-09-12T15:15:41.830+00:00,1619.001,18.058,0,23037.6,210,41,measure
2026-09-12T15:15:42.836+00:00,1620.006,18.409,0,23037.6,210,41,measure
2026-09-12T15:15:43.834+00:00,1621.004,18.728,0,23037.6,210,41,measure
2026-09-12T15:15:42.336+00:00,1622.011,18.728,0,22994.2,210,41,measure
2026-09-12T15:15:43.334+00:00,1623.008,18.393,0,22994.2,210,41,measure
2026-09-12T15:15:44.329+00:00,1624.000,18.413,0,22992.6,210,41,measure
2026-09-12T15:15:45.326+00:00,1625.001,18.413,3,22931.1,210,41,measure
2026-09-12T15:15:46.327+00:00,1626.001,18.602,2,22938.5,210,41,measure
2026-09-12T15:15:47.326+00:00,1627.001,18.966,2,22975.8,225,41,measure
2026-09-12T15:15:48.327+00:00,1628.002,18.931,0,22995.4,255,41,measure
2026-09-12T15:15:49.328+00:00,1629.000,18.387,3,22993.6,210,42,measure
2026-09-12T15:15:50.327+00:00,1630.001,18.408,3,22990.8,210,42,measure
2026-09-12T15:15:51.326+00:00,1631.000,18.222,0,22990.8,210,42,measure
2026-09-12T15:15:52.326+00:00,1632.001,18.199,3,22996.4,225,42,measure
2026-09-12T15:15:53.326+00:00,1633.000,17.891,0,22993,210,42,measure
2026-09-12T15:15:54.326+00:00,1634.001,18.143,0,22981,210,42,measure
2026-09-12T15:15:55.331+00:00,1635.004,18.154,0,22976.8,210,42,measure
2026-09-12T15:15:56.329+00:00,1636.003,18.603,2,22973.3,240,42,measure
2026-09-12T15:15:57.333+00:00,1637.001,18.325,1,22970.8,210,42,measure
2026-09-12T15:15:58.326+00:00,1638.001,18.204,1,22976.1,210,42,measure
2026-09-12T15:15:59.326+00:00,1639.001,18.026,0,22965.6,240,42,measure
2026-09-12T15:16:00.329+00:00,1640.003,17.83,0,22964.6,210,42,measure
2026-09-12T15:16:01.327+00:00,1641.002,17.65,0,22964.6,210,42,measure
2026-09-12T15:16:02.328+00:00,1642.002,18.14,0,22964.6,210,42,measure
2026-09-12T15:16:03.326+00:00,1643.001,18.286,0,22964.6,210,42,measure
2026-09-12T15:16:04.329+00:00,1644.004,18.584,0,22964.6,210,42,measure
2026-09-12T15:16:05.326+00:00,1645.000,18.66,0,22964.6,210,42,measure
2026-09-12T15:16:06.326+00:00,1646.001,18.708,0,22964.6,210,42,measure
2026-09-12T15:16:07.326+00:00,1647.001,18.446,0,22964.6,210,42,measure
2026-09-12T15:16:08.327+00:00,1648.000,18.52,0,22959.5,210,42,measure
2026-09-12T15:16:09.326+00:00,1649.000,18.87,0,22963.2,240,42,measure
2026-09-12T15:16:10.326+00:00,1650.001,18.84,0,22957.1,210,42,measure
2026-09-12T15:16:11.326+00:00,1651.001,18.767,0,22955,210,42,measure
2026-09-12T15:16:12.327+00:00,1652.001,18.502,0,22955,210,42,measure
2026-09-12T15:16:13.328+00:00,1653.001,18.739,0,22963.3,210,42,measure
2026-09-12T15:16:14.327+00:00,1654.001,18.797,5,22966.4,210,42,measure
2026-09-12T15:16:12.824+00:00,1655.001,18.424,0,22966.4,210,42,measure
2026-09-12T15:16:13.825+00:00,1656.001,18.319,0,22966.4,210,42,measure
2026-09-12T15:16:14.824+00:00,1657.001,18.367,0,22966.4,210,42,measure
2026-09-12T15:16:15.824+00:00,1658.000,18.624,0,22966.4,210,42,measure
2026-09-12T15:16:16.826+00:00,1659.001,18.729,0,22966.4,210,42,measure
2026-09-12T15:16:17.826+00:00,1660.001,18.519,0,22966.4,210,42,measure
2026-09-12T15:16:18.824+00:00,1661.000,18.466,0,22966.4,210,42,measure
2026-09-12T15:16:19.824+00:00,1662.001,18.012,0,22966.4,210,42,measure
2026-09-12T15:16:20.824+00:00,1663.000,18.066,0,22966.4,210,42,measure
2026-09-12T15:16:21.824+00:00,1664.000,18.301,0,22966.4,210,42,measure
2026-09-12T15:16:22.826+00:00,1665.001,18.27,0,22965.5,210,42,measure
2026-09-12T15:16:23.826+00:00,1666.002,18.672,0,22965.5,210,42,measure
2026-09-12T15:16:24.825+00:00,1667.002,18.579,0,22965.5,210,42,measure
2026-09-12T15:16:25.825+00:00,1668.001,18.557,0,22965.5,210,42,measure
2026-09-12T15:16:26.824+00:00,1669.000,18.716,4,22969,210,42,measure
2026-09-12T15:16:27.825+00:00,1670.001,18.694,0,22969.1,210,42,measure
2026-09-12T15:16:28.838+00:00,1671.000,18.452,5,22967.9,240,42,measure
2026-09-12T15:16:29.825+00:00,1672.001,18.4,1,22967.9,210,42,measure
2026-09-12T15:16:30.824+00:00,1673.000,17.756,1,22967.6,210,42,measure
2026-09-12T15:16:31.824+00:00,1674.000,17.851,0,22967.4,210,42,measure
2026-09-12T15:16:32.824+00:00,1675.000,18.021,0,22956.2,210,42,measure
2026-09-12T15:16:33.824+00:00,1676.000,18.033,0,22956.2,210,42,measure
2026-09-12T15:16:34.826+00:00,1677.000,18.116,0,22956.2,210,42,measure
2026-09-12T15:16:35.826+00:00,1678.000,17.983,0,22956.2,210,42,measure
2026-09-12T15:16:36.825+00:00,1679.001,18.204,0,22956.2,210,42,measure
2026-09-12T15:16:37.826+00:00,1680.002,18.476,0,22956.2,210,42,measure
2026-09-12T15:16:38.825+00:00,1681.002,18.677,1,22956.2,210,42,measure
2026-09-12T15:16:39.824+00:00,1682.000,18.539,1,22956.2,210,42,measure
2026-09-12T15:16:40.831+00:00,1683.000,18.019,0,22956.2,210,42,measure
2026-09-12T15:16:41.826+00:00,1684.001,18.149,0,22964.1,210,42,measure
2026-09-12T15:16:42.824+00:00,1685.000,18.267,1,22964.1,210,42,measure
2026-09-12T15:16:43.824+00:00,1686.001,18.375,0,22964.1,210,42,measure
2026-09-12T15:16:42.337+00:00,1687.000,17.97,0,22963.8,210,42,measure
2026-09-12T15:16:43.337+00:00,1688.000,18.153,1,22963.8,210,42,measure
2026-09-12T15:16:44.340+00:00,1689.001,18.185,0,22963.8,210,42,measure
2026-09-12T15:16:45.338+00:00,1690.001,18.223,0,22963.2,210,42,measure
2026-09-12T15:16:46.338+00:00,1691.001,17.843,1,22961.1,210,42,measure
2026-09-12T15:16:47.337+00:00,1692.000,18.504,1,22960.3,210,42,measure
2026-09-12T15:16:48.338+00:00,1693.001,18.778,0,22964.1,210,42,measure
2026-09-12T15:16:49.338+00:00,1694.000,18.354,1,22964.1,210,42,measure
2026-09-12T15:16:50.340+00:00,1695.001,18.263,0,22964.1,210,42,measure
2026-09-12T15:16:51.338+00:00,1696.001,18.392,0,22963.7,210,42,measure
2026-09-12T15:16:52.356+00:00,1697.018,18.419,0,22959.2,210,42,measure
2026-09-12T15:16:53.358+00:00,1698.021,18.158,0,22959.2,210,42,measure
2026-09-12T15:16:54.392+00:00,1699.055,18.189,0,22956.3,210,42,measure
2026-09-12T15:16:55.384+00:00,1700.045,18.129,0,22956.3,210,42,measure
2026-09-12T15:16:56.363+00:00,1701.026,18.386,1,22956.3,210,42,measure
2026-09-12T15:16:57.341+00:00,1702.004,18.139,1,22956.3,210,42,measure
2026-09-12T15:16:58.402+00:00,1703.065,18.098,0,22956.3,210,42,measure
2026-09-12T15:16:59.381+00:00,1704.044,18.058,1,22963.3,210,42,measure
2026-09-12T15:17:00.400+00:00,1705.063,18.09,1,22963.3,210,42,measure
2026-09-12T15:17:01.351+00:00,1706.014,17.981,0,22963.3,210,42,measure
2026-09-12T15:17:02.346+00:00,1707.008,18.126,1,22963.3,210,42,measure
2026-09-12T15:17:03.392+00:00,1708.055,18.197,1,22963.3,210,42,measure
2026-09-12T15:17:04.390+00:00,1709.053,18.255,1,22963.3,210,42,measure
2026-09-12T15:17:05.390+00:00,1710.052,18.187,1,22963.3,210,42,measure
2026-09-12T15:17:06.384+00:00,1711.047,18.199,0,22963.3,210,42,measure
2026-09-12T15:17:07.365+00:00,1712.026,18.186,0,22963.3,210,42,measure
2026-09-12T15:17:08.405+00:00,1713.067,17.695,1,22962.6,210,42,measure
2026-09-12T15:17:09.370+00:00,1714.033,17.941,0,22962.6,210,42,measure
2026-09-12T15:17:10.375+00:00,1715.035,18.263,0,22956.3,210,42,measure
2026-09-12T15:17:11.363+00:00,1716.026,18.401,1,22956.3,210,42,measure
2026-09-12T15:17:12.371+00:00,1717.034,18.333,0,22956.3,210,42,measure
2026-09-12T15:17:13.349+00:00,1718.013,18.161,0,22956.3,210,42,measure
2026-09-12T15:17:14.348+00:00,1719.010,18.139,0,22956.3,210,42,measure
2026-09-12T15:17:12.825+00:00,1720.008,18.442,5,22970.7,225,42,measure
2026-09-12T15:17:13.817+00:00,1721.001,18.251,5,22994.8,225,42,measure
2026-09-12T15:17:14.818+00:00,1722.001,18.056,1,22994.5,210,42,measure
2026-09-12T15:17:15.816+00:00,1723.001,18.318,1,22991.2,210,42,measure
2026-09-12T15:17:16.817+00:00,1724.000,18.423,1,23000.5,210,42,measure
2026-09-12T15:17:17.820+00:00,1725.000,18.374,2,23000.5,210,42,measure
2026-09-12T15:17:18.816+00:00,1726.001,18.554,2,22992.8,210,42,measure
2026-09-12T15:17:19.816+00:00,1727.001,18.213,5,22986.5,210,42,measure
2026-09-12T15:17:20.817+00:00,1728.001,18.426,11,22979.3,300,42,measure
2026-09-12T15:17:21.818+00:00,1729.001,18.605,8,23046.5,285,42,measure
2026-09-12T15:17:22.823+00:00,1730.006,18.103,0,23046.3,225,42,measure
2026-09-12T15:17:23.821+00:00,1731.004,18.619,7,23060.3,270,42,measure
2026-09-12T15:17:24.818+00:00,1732.002,19.373,8,23100.1,345,43,measure
2026-09-12T15:17:25.835+00:00,1733.018,19.288,6,23075.3,315,42,measure
2026-09-12T15:17:26.816+00:00,1734.000,18.841,6,23075.3,285,42,measure
2026-09-12T15:17:27.818+00:00,1735.001,18.831,10,23100.1,300,43,measure
2026-09-12T15:17:28.818+00:00,1736.001,18.869,4,23100.1,300,42,measure
2026-09-12T15:17:29.818+00:00,1737.000,18.662,5,23060.1,270,43,measure
2026-09-12T15:17:30.816+00:00,1738.001,18.668,9,23060.1,285,42,measure
2026-09-12T15:17:31.816+00:00,1739.000,19.006,5,23035.3,270,43,measure
2026-09-12T15:17:32.817+00:00,1740.001,19.658,12,23083.3,405,43,measure
2026-09-12T15:17:33.816+00:00,1741.000,18.94,4,23091.7,330,43,measure
2026-09-12T15:17:34.818+00:00,1742.000,18.609,2,23130.6,285,43,measure
2026-09-12T15:17:35.817+00:00,1743.001,18.491,1,23122.2,225,43,measure
2026-09-12T15:17:36.816+00:00,1744.001,18.57,4,23119.3,255,43,measure
2026-09-12T15:17:37.816+00:00,1745.001,17.858,6,23104.3,240,43,measure
2026-09-12T15:17:38.816+00:00,1746.000,18.597,10,23131.7,300,43,measure
2026-09-12T15:17:39.816+00:00,1747.000,19.432,10,23189.4,405,43,measure
2026-09-12T15:17:40.818+00:00,1748.000,19.207,12,23187.7,345,43,measure
2026-09-12T15:17:41.817+00:00,1749.000,19.206,6,23170.8,300,43,measure
2026-09-12T15:17:42.822+00:00,1750.005,19.122,7,23162.8,270,43,measure
2026-09-12T15:17:43.817+00:00,1751.001,19.051,7,23162.6,255,43,measure
2026-09-12T15:17:42.319+00:00,1752.001,18.611,5,23162.6,255,43,measure
2026-09-12T15:17:43.319+00:00,1753.001,18.54,5,23135.9,255,43,measure
