timestamp_iso,t_s,power_w,util_gpu_pct,mem_used_mib,clocks_sm_mhz,temp_c,phase
2026-09-10T21:04:31.063+00:00,0.000,85.973,0,22482.4,2700,49,measure
2026-09-10T21:04:29.622+00:00,1.058,85.973,0,22482.4,540,49,measure
2026-09-10T21:04:30.618+00:00,2.054,68.056,0,22482.4,390,48,measure
2026-09-10T21:04:31.582+00:00,3.023,49.36,0,22482.4,285,47,measure
2026-09-10T21:04:32.641+00:00,4.081,30.735,0,22482.4,225,47,measure
2026-09-10T21:04:33.561+00:00,5.001,30.403,0,22482.4,210,46,measure
2026-09-10T21:04:34.562+00:00,6.001,30.145,0,22482.4,210,46,measure
2026-09-10T21:04:35.560+00:00,7.000,28.021,0,22482.4,210,46,measure
2026-09-10T21:04:36.559+00:00,8.000,24.181,0,22482.4,210,46,measure
2026-09-10T21:04:37.560+00:00,9.000,19.751,0,22482.4,210,45,measure
2026-09-10T21:04:38.560+00:00,10.001,16.195,0,22482.4,210,45,measure
2026-09-10T21:04:39.559+00:00,11.000,15.056,0,22482.4,210,45,measure
2026-09-10T21:04:40.560+00:00,12.001,14.883,0,22482.4,210,45,measure
2026-09-10T21:04:41.561+00:00,13.001,14.774,0,22482.4,210,45,measure
2026-09-10T21:04:42.559+00:00,14.000,14.774,0,22482.4,210,45,measure
2026-09-10T21:04:43.568+00:00,15.007,14.564,0,22482.4,210,45,measure
2026-09-10T21:04:44.560+00:00,16.001,14.415,0,22482.4,210,44,measure
2026-09-10T21:04:45.563+00:00,17.004,14.425,0,22482.4,210,44,measure
2026-09-10T21:04:46.561+00:00,18.002,14.358,0,22482.4,210,44,measure
2026-09-10T21:04:47.560+00:00,19.001,14.362,0,22482.4,210,44,measure
2026-09-10T21:04:48.565+00:00,20.007,32.833,100,22482.4,2520,44,measure
2026-09-10T21:04:49.583+00:00,21.004,268.929,99,22482.4,2685,57,measure
2026-09-10T21:04:50.564+00:00,22.004,310.14,99,22482.4,2700,58,measure
2026-09-10T21:04:51.560+00:00,23.000,336.529,99,22482.4,2700,59,measure
2026-09-10T21:04:52.562+00:00,24.004,311.005,99,22482.4,2700,56,measure
2026-09-10T21:04:53.559+00:00,25.000,330.873,99,22482.4,2700,60,measure
2026-09-10T21:04:54.559+00:00,26.001,348.721,99,22482.4,2685,64,measure
2026-09-10T21:04:55.560+00:00,27.000,356.98,99,22482.4,2685,59,measure
2026-09-10T21:04:56.564+00:00,28.004,352.231,99,22482.4,2685,59,measure
2026-09-10T21:04:57.565+00:00,29.001,361.7,99,22482.4,2685,61,measure
2026-09-10T21:04:58.596+00:00,30.002,325.14,99,22482.4,2700,60,measure
2026-09-10T21:04:59.559+00:00,31.000,319.192,99,22482.4,2700,59,measure
2026-09-10T21:05:00.559+00:00,32.001,315.111,99,22482.4,2700,60,measure
2026-09-10T21:04:59.058+00:00,33.001,315.856,99,22482.4,2700,57,measure
2026-09-10T21:05:00.058+00:00,34.001,317.416,99,22482.4,2700,58,measure
2026-09-10T21:05:01.059+00:00,35.000,337.623,99,22482.4,2700,60,measure
2026-09-10T21:05:02.059+00:00,36.000,313.467,99,22482.4,2700,58,measure
2026-09-10T21:05:03.057+00:00,37.000,334.992,99,22482.4,2685,58,measure
2026-09-10T21:05:04.058+00:00,38.001,366.919,99,22482.4,2685,61,measure
2026-09-10T21:05:05.057+00:00,39.000,354.399,99,22482.4,2685,61,measure
2026-09-10T21:05:06.058+00:00,40.000,356.014,99,22482.4,2685,61,measure
2026-09-10T21:05:07.060+00:00,41.001,330.939,99,22482.4,2685,61,measure
2026-09-10T21:05:08.059+00:00,42.000,333.395,99,22482.4,2685,61,measure
2026-09-10T21:05:09.057+00:00,43.000,338.817,99,22482.4,2685,58,measure
2026-09-10T21:05:10.057+00:00,44.000,353.706,99,22482.4,2685,62,measure
2026-09-10T21:05:11.058+00:00,45.000,326.922,99,22482.4,2685,61,measure
2026-09-10T21:05:12.062+00:00,46.003,321.164,99,22482.4,2685,60,measure
2026-09-10T21:05:13.059+00:00,47.001,335.252,99,22482.4,2685,63,measure
2026-09-10T21:05:14.059+00:00,48.000,322.024,99,22482.4,2685,61,measure
2026-09-10T21:05:15.059+00:00,49.002,354.65,99,22482.4,2685,61,measure
2026-09-10T21:05:16.057+00:00,50.000,355.228,99,22482.4,2685,63,measure
2026-09-10T21:05:17.057+00:00,51.000,356.945,99,22482.4,2685,64,measure
2026-09-10T21:05:18.058+00:00,52.001,365.006,99,22482.4,2685,62,measure
2026-09-10T21:05:19.060+00:00,53.001,349.548,99,22482.4,2685,60,measure
2026-09-10T21:05:20.059+00:00,54.002,362.161,99,22482.4,2685,62,measure
2026-09-10T21:05:21.057+00:00,55.000,349.142,99,22482.4,2685,60,measure
2026-09-10T21:05:22.057+00:00,56.000,353.204,99,22482.4,2685,65,measure
2026-09-10T21:05:23.058+00:00,57.001,322.309,99,22482.4,2685,60,measure
2026-09-10T21:05:24.058+00:00,58.001,319.585,99,22482.4,2685,61,measure
2026-09-10T21:05:25.060+00:00,59.001,321.224,99,22482.4,2685,60,measure
2026-09-10T21:05:26.059+00:00,60.001,308.319,99,22482.4,2685,60,measure
2026-09-10T21:05:27.058+00:00,61.001,321.398,99,22482.4,2685,59,measure
2026-09-10T21:05:28.058+00:00,62.001,308.539,99,22482.4,2685,62,measure
2026-09-10T21:05:29.057+00:00,63.000,314.243,99,22482.4,2685,60,measure
2026-09-10T21:05:30.057+00:00,64.000,310.036,99,22482.4,2685,59,measure
2026-09-10T21:05:31.059+00:00,65.001,311.236,99,22482.4,2685,60,measure
2026-09-10T21:05:29.561+00:00,66.000,324.339,99,22482.4,2685,63,measure
2026-09-10T21:05:30.559+00:00,67.000,307.262,99,22482.4,2685,60,measure
2026-09-10T21:05:31.586+00:00,68.001,328.211,99,22482.4,2685,65,measure
2026-09-10T21:05:32.560+00:00,69.001,349.643,99,22482.4,2685,61,measure
2026-09-10T21:05:33.560+00:00,70.001,370.664,99,22482.4,2685,65,measure
2026-09-10T21:05:34.564+00:00,71.001,375.576,99,22482.4,2685,66,measure
2026-09-10T21:05:35.560+00:00,72.000,381.564,99,22482.4,2685,64,measure
2026-09-10T21:05:36.560+00:00,73.000,372.01,99,22482.4,2685,66,measure
2026-09-10T21:05:37.562+00:00,74.001,363.53,99,22482.4,2685,63,measure
2026-09-10T21:05:38.560+00:00,75.000,357.965,99,22482.4,2685,64,measure
2026-09-10T21:05:39.560+00:00,76.000,343.749,99,22482.4,2685,61,measure
2026-09-10T21:05:40.564+00:00,77.001,326.938,99,22482.4,2685,61,measure
2026-09-10T21:05:41.560+00:00,78.001,314.456,99,22483.4,2685,62,measure
2026-09-10T21:05:42.560+00:00,79.000,317.148,99,22482.8,2685,62,measure
2026-09-10T21:05:43.560+00:00,80.000,322.5,99,22482.8,2685,61,measure
2026-09-10T21:05:44.559+00:00,81.000,345.152,99,22482.8,2685,64,measure
2026-09-10T21:05:45.560+00:00,82.000,366.082,99,22482.8,2685,66,measure
2026-09-10T21:05:46.561+00:00,83.000,362.567,99,22482.8,2685,63,measure
2026-09-10T21:05:47.561+00:00,84.001,367.234,99,22482.8,2685,64,measure
2026-09-10T21:05:48.560+00:00,85.001,362.682,99,22482.8,2685,65,measure
2026-09-10T21:05:49.560+00:00,86.000,353.24,99,22482.8,2685,64,measure
2026-09-10T21:05:50.560+00:00,87.001,315.008,99,22482.8,2685,60,measure
2026-09-10T21:05:51.560+00:00,88.000,310.735,99,22482.8,2685,60,measure
2026-09-10T21:05:52.561+00:00,89.000,320.999,99,22482.8,2685,64,measure
2026-09-10T21:05:53.560+00:00,90.001,322.383,99,22482.8,2685,64,measure
2026-09-10T21:05:54.559+00:00,91.000,319.086,99,22482.8,2685,63,measure
2026-09-10T21:05:55.559+00:00,92.000,322.362,99,22482.8,2685,60,measure
2026-09-10T21:05:56.560+00:00,93.000,353.662,99,22482.8,2685,63,measure
2026-09-10T21:05:57.562+00:00,94.001,360.252,99,22482.8,2685,65,measure
2026-09-10T21:05:58.561+00:00,95.001,363.651,99,22482.8,2685,65,measure
2026-09-10T21:05:59.560+00:00,96.000,354.839,99,22482.8,2685,63,measure
2026-09-10T21:06:00.559+00:00,97.000,359.671,99,22482.8,2685,64,measure
2026-09-10T21:05:59.059+00:00,98.001,363.579,99,22482.8,2685,64,measure
2026-09-10T21:06:00.059+00:00,99.000,375.749,99,22482.8,2685,66,measure
2026-09-10T21:06:01.061+00:00,100.001,376.398,99,22482.8,2685,66,measure
2026-09-10T21:06:02.060+00:00,101.000,379.461,99,22482.8,2685,66,measure
2026-09-10T21:06:03.060+00:00,102.001,381.587,99,22482.8,2685,68,measure
2026-09-10T21:06:04.059+00:00,103.001,365.307,99,22482.8,2685,65,measure
2026-09-10T21:06:05.061+00:00,104.000,362.322,99,22482.8,2685,64,measure
2026-09-10T21:06:06.059+00:00,105.000,369.536,99,22482.8,2685,65,measure
2026-09-10T21:06:07.060+00:00,106.000,364.73,99,22482.8,2685,64,measure
2026-09-10T21:06:08.060+00:00,107.000,365.888,99,22482.8,2685,66,measure
2026-09-10T21:06:09.059+00:00,108.000,364.563,99,22482.8,2685,65,measure
2026-09-10T21:06:10.059+00:00,109.000,363.468,99,22482.8,2685,66,measure
2026-09-10T21:06:11.084+00:00,110.000,351.617,99,22482.8,2685,64,measure
2026-09-10T21:06:12.060+00:00,111.001,327.139,99,22482.8,2685,63,measure
2026-09-10T21:06:13.060+00:00,112.000,329.574,99,22482.8,2685,61,measure
2026-09-10T21:06:14.115+00:00,113.000,324.413,99,22482.8,2685,65,measure
2026-09-10T21:06:15.059+00:00,114.001,360.141,99,22482.8,2685,65,measure
2026-09-10T21:06:16.059+00:00,115.000,364.335,99,22482.8,2685,67,measure
2026-09-10T21:06:17.059+00:00,116.000,362.154,99,22482.8,2685,65,measure
2026-09-10T21:06:18.059+00:00,117.001,361.399,99,22482.8,2685,66,measure
2026-09-10T21:06:19.060+00:00,118.000,353.01,99,22482.8,2685,64,measure
2026-09-10T21:06:20.062+00:00,119.000,361.075,99,22482.8,2685,65,measure
2026-09-10T21:06:21.059+00:00,120.000,365.366,99,22482.8,2685,65,measure
2026-09-10T21:06:22.058+00:00,121.000,367.75,99,22482.8,2685,67,measure
2026-09-10T21:06:23.059+00:00,122.001,364.453,99,22482.8,2685,66,measure
2026-09-10T21:06:24.059+00:00,123.000,364.328,99,22482.8,2685,64,measure
2026-09-10T21:06:25.060+00:00,124.000,363.706,99,22482.8,2685,64,measure
2026-09-10T21:06:26.061+00:00,125.002,333.761,99,22482.8,2685,64,measure
2026-09-10T21:06:27.061+00:00,126.002,319.142,99,22482.8,2685,61,measure
2026-09-10T21:06:28.059+00:00,127.001,335.483,99,22482.8,2685,64,measure
2026-09-10T21:06:29.058+00:00,128.000,339.621,99,22482.8,2685,64,measure
2026-09-10T21:06:30.060+00:00,129.001,339.119,99,22482.8,2685,65,measure
2026-09-10T21:06:31.094+00:00,130.001,321.834,99,22482.8,2685,62,measure
2026-09-10T21:06:29.563+00:00,131.000,329.633,99,22482.8,2685,63,measure
2026-09-10T21:06:30.560+00:00,132.000,311.453,99,22482.8,2685,61,measure
2026-09-10T21:06:31.560+00:00,133.000,336,99,22482.8,2685,63,measure
2026-09-10T21:06:32.562+00:00,134.000,321.359,99,22482.8,2685,61,measure
2026-09-10T21:06:33.561+00:00,135.001,350.151,99,22482.8,2685,65,measure
2026-09-10T21:06:34.563+00:00,136.002,365.382,99,22482.8,2685,65,measure
2026-09-10T21:06:35.563+00:00,137.000,372.825,99,22482.8,2685,67,measure
2026-09-10T21:06:36.560+00:00,138.000,380.388,99,22482.8,2685,66,measure
2026-09-10T21:06:37.561+00:00,139.001,368.987,99,22482.8,2685,66,measure
2026-09-10T21:06:38.561+00:00,140.001,359.653,99,22482.8,2685,66,measure
2026-09-10T21:06:39.561+00:00,141.001,353.872,99,22482.8,2685,66,measure
2026-09-10T21:06:40.562+00:00,142.001,334.573,99,22482.8,2685,65,measure
2026-09-10T21:06:41.563+00:00,143.000,340.462,99,22482.4,2685,65,measure
2026-09-10T21:06:42.560+00:00,144.000,348.849,99,22482,2685,65,measure
2026-09-10T21:06:43.561+00:00,145.001,343.693,99,22482,2685,65,measure
2026-09-10T21:06:44.560+00:00,146.000,334.647,99,22482,2685,66,measure
2026-09-10T21:06:45.561+00:00,147.001,344.925,99,22482,2685,66,measure
2026-09-10T21:06:46.562+00:00,148.001,320.748,99,22482,2685,65,measure
2026-09-10T21:06:47.562+00:00,149.001,327.693,99,22482,2685,63,measure
2026-09-10T21:06:48.560+00:00,150.000,326.789,99,22482,2685,63,measure
2026-09-10T21:06:49.590+00:00,151.000,327.91,99,22482,2685,65,measure
2026-09-10T21:06:50.560+00:00,152.000,322.174,99,22482,2685,64,measure
2026-09-10T21:06:51.560+00:00,153.000,310.903,99,22482,2685,63,measure
2026-09-10T21:06:52.562+00:00,154.000,324.315,99,22482,2685,64,measure
2026-09-10T21:06:53.563+00:00,155.000,317.43,99,22482,2685,62,measure
2026-09-10T21:06:54.561+00:00,156.001,318.76,99,22482,2685,61,measure
2026-09-10T21:06:55.561+00:00,157.001,325.261,99,22482,2685,65,measure
2026-09-10T21:06:56.561+00:00,158.000,332.124,99,22482,2685,64,measure
2026-09-10T21:06:57.560+00:00,159.000,349.372,99,22482,2685,67,measure
2026-09-10T21:06:58.566+00:00,160.001,355.126,99,22482,2685,64,measure
2026-09-10T21:06:59.597+00:00,161.000,334.83,99,22482,2685,63,measure
2026-09-10T21:07:00.590+00:00,162.001,334.588,99,22482,2685,63,measure
2026-09-10T21:06:59.059+00:00,163.000,361.903,99,22482,2685,66,measure
2026-09-10T21:07:00.060+00:00,164.000,369.419,99,22482,2685,65,measure
2026-09-10T21:07:01.060+00:00,165.000,357.189,99,22482,2685,64,measure
2026-09-10T21:07:02.061+00:00,166.000,371.162,99,22482,2685,65,measure
2026-09-10T21:07:03.061+00:00,167.000,367.442,99,22482,2685,67,measure
2026-09-10T21:07:04.060+00:00,168.000,375.178,99,22482,2685,68,measure
2026-09-10T21:07:05.060+00:00,169.001,374.561,99,22482,2685,66,measure
2026-09-10T21:07:06.059+00:00,170.000,378.471,99,22482,2685,68,measure
2026-09-10T21:07:07.060+00:00,171.000,371.059,99,22482,2685,67,measure
2026-09-10T21:07:08.061+00:00,172.001,367.542,99,22482,2685,64,measure
2026-09-10T21:07:09.061+00:00,173.000,361.092,99,22482,2685,66,measure
2026-09-10T21:07:10.060+00:00,174.000,348.538,99,22482,2685,64,measure
2026-09-10T21:07:11.060+00:00,175.001,363.723,99,22482,2685,66,measure
2026-09-10T21:07:12.062+00:00,176.002,356.406,99,22482,2685,66,measure
2026-09-10T21:07:13.060+00:00,177.001,353.001,99,22482,2685,66,measure
2026-09-10T21:07:14.061+00:00,178.000,326.315,99,22482,2685,62,measure
2026-09-10T21:07:15.060+00:00,179.001,321.942,99,22482,2685,65,measure
2026-09-10T21:07:16.059+00:00,180.000,313.023,99,22482,2685,64,measure
2026-09-10T21:07:17.062+00:00,181.000,320.045,99,22482,2685,62,measure
2026-09-10T21:07:18.059+00:00,182.000,316.357,99,22482,2685,65,measure
2026-09-10T21:07:19.060+00:00,183.000,330.985,99,22482,2685,62,measure
2026-09-10T21:07:20.064+00:00,184.001,327.993,99,22482,2685,64,measure
2026-09-10T21:07:21.060+00:00,185.001,334.626,99,22482,2685,66,measure
2026-09-10T21:07:22.059+00:00,186.000,348.714,99,22482,2685,66,measure
2026-09-10T21:07:23.060+00:00,187.000,348.373,99,22482,2685,63,measure
2026-09-10T21:07:24.059+00:00,188.000,366.243,99,22482,2685,66,measure
2026-09-10T21:07:25.060+00:00,189.001,359.385,99,22482,2685,65,measure
2026-09-10T21:07:26.061+00:00,190.001,358.406,99,22482,2685,65,measure
2026-09-10T21:07:27.060+00:00,191.000,328.99,99,22482,2685,62,measure
2026-09-10T21:07:28.060+00:00,192.001,323.501,99,22482,2685,61,measure
2026-09-10T21:07:29.060+00:00,193.000,309.59,99,22482,2685,62,measure
2026-09-10T21:07:30.059+00:00,194.000,336.444,99,22482,2685,65,measure
2026-09-10T21:07:31.060+00:00,195.000,324.426,99,22482,2685,63,measure
2026-09-10T21:07:29.577+00:00,196.000,314.97,99,22482,2685,65,measure
2026-09-10T21:07:30.630+00:00,197.000,349.429,99,22482,2685,65,measure
2026-09-10T21:07:31.576+00:00,198.001,338.909,99,22482,2685,66,measure
2026-09-10T21:07:32.577+00:00,199.001,367.236,99,22482,2685,66,measure
2026-09-10T21:07:33.577+00:00,200.001,370.673,99,22482,2685,66,measure
2026-09-10T21:07:34.578+00:00,201.001,364.823,99,22482,2685,65,measure
2026-09-10T21:07:35.580+00:00,202.000,366.96,99,22482,2685,65,measure
2026-09-10T21:07:36.576+00:00,203.000,366.37,99,22482,2685,67,measure
2026-09-10T21:07:37.605+00:00,204.000,353.292,99,22482,2685,65,measure
2026-09-10T21:07:38.576+00:00,205.000,327.41,99,22482,2685,62,measure
2026-09-10T21:07:39.576+00:00,206.000,318.93,99,22482,2685,65,measure
2026-09-10T21:07:40.577+00:00,207.000,309.559,99,22482,2685,64,measure
2026-09-10T21:07:41.577+00:00,208.000,306.293,99,22481.4,2685,64,measure
2026-09-10T21:07:42.576+00:00,209.000,307.215,99,22480.7,2685,63,measure
2026-09-10T21:07:43.576+00:00,210.000,312.258,99,22480.7,2685,64,measure
2026-09-10T21:07:44.578+00:00,211.000,327.432,99,22480.7,2685,61,measure
2026-09-10T21:07:45.576+00:00,212.000,326.391,99,22480.7,2685,61,measure
2026-09-10T21:07:46.578+00:00,213.001,335.457,99,22480.7,2685,65,measure
2026-09-10T21:07:47.580+00:00,214.001,338.881,99,22480.7,2685,64,measure
2026-09-10T21:07:48.576+00:00,215.000,333.454,99,22480.7,2685,61,measure
2026-09-10T21:07:49.577+00:00,216.001,367.005,99,22480.7,2685,67,measure
2026-09-10T21:07:50.576+00:00,217.001,369.476,99,22480.7,2685,68,measure
2026-09-10T21:07:51.577+00:00,218.001,373.996,99,22480.7,2685,68,measure
2026-09-10T21:07:52.581+00:00,219.004,378.313,99,22480.7,2685,66,measure
2026-09-10T21:07:53.580+00:00,220.004,377.41,99,22480.7,2685,67,measure
2026-09-10T21:07:54.581+00:00,221.006,380.859,99,22480.7,2685,66,measure
2026-09-10T21:07:55.576+00:00,222.000,374.494,99,22480.7,2685,67,measure
2026-09-10T21:07:56.576+00:00,223.000,361.485,99,22480.7,2685,64,measure
2026-09-10T21:07:57.576+00:00,224.000,369.848,99,22480.7,2685,65,measure
2026-09-10T21:07:58.597+00:00,225.001,360.265,99,22480.7,2685,65,measure
2026-09-10T21:07:59.579+00:00,226.001,343.373,99,22480.7,2685,62,measure
2026-09-10T21:08:00.576+00:00,227.001,339.422,99,22480.7,2685,64,measure
2026-09-10T21:07:59.081+00:00,228.001,347.379,99,22480.7,2685,65,measure
2026-09-10T21:08:00.080+00:00,229.000,372.355,99,22480.7,2685,67,measure
2026-09-10T21:08:01.080+00:00,230.000,370.195,99,22480.7,2685,67,measure
2026-09-10T21:08:02.082+00:00,231.000,383.529,99,22480.7,2685,68,measure
2026-09-10T21:08:03.083+00:00,232.000,383.187,99,22480.7,2685,66,measure
2026-09-10T21:08:04.082+00:00,233.002,362.845,99,22480.7,2685,66,measure
2026-09-10T21:08:05.080+00:00,234.001,345.518,99,22480.7,2685,63,measure
2026-09-10T21:08:06.081+00:00,235.001,318.661,99,22480.7,2685,64,measure
2026-09-10T21:08:07.080+00:00,236.000,327.108,99,22480.7,2685,65,measure
2026-09-10T21:08:08.081+00:00,237.000,325.637,99,22480.7,2685,64,measure
2026-09-10T21:08:09.083+00:00,238.000,317.064,99,22480.7,2685,62,measure
2026-09-10T21:08:10.081+00:00,239.001,328.687,99,22480.7,2685,63,measure
2026-09-10T21:08:11.081+00:00,240.001,313.109,99,22480.7,2685,61,measure
2026-09-10T21:08:12.084+00:00,241.004,331.767,99,22480.7,2685,65,measure
2026-09-10T21:08:13.085+00:00,242.003,313.702,99,22480.7,2685,61,measure
2026-09-10T21:08:14.082+00:00,243.000,328.779,99,22480.7,2685,63,measure
2026-09-10T21:08:15.137+00:00,244.001,346.836,99,22480.7,2685,63,measure
2026-09-10T21:08:16.082+00:00,245.002,312.522,99,22480.7,2685,62,measure
2026-09-10T21:08:17.080+00:00,246.000,324.761,99,22480.7,2685,65,measure
2026-09-10T21:08:18.080+00:00,247.000,336.306,99,22480.7,2685,62,measure
2026-09-10T21:08:19.080+00:00,248.000,342.974,99,22480.7,2685,66,measure
2026-09-10T21:08:20.082+00:00,249.000,365.003,99,22480.7,2685,65,measure
2026-09-10T21:08:21.082+00:00,250.000,361.873,99,22480.7,2685,66,measure
2026-09-10T21:08:22.080+00:00,251.000,362.375,99,22480.7,2685,65,measure
2026-09-10T21:08:23.082+00:00,252.002,370.063,99,22480.7,2685,68,measure
2026-09-10T21:08:24.080+00:00,253.000,359.52,99,22480.7,2685,64,measure
2026-09-10T21:08:25.081+00:00,254.001,366.365,99,22480.7,2685,66,measure
2026-09-10T21:08:26.082+00:00,255.000,368.856,99,22480.7,2685,65,measure
2026-09-10T21:08:27.082+00:00,256.001,363.97,99,22480.7,2685,65,measure
2026-09-10T21:08:28.080+00:00,257.000,353.377,99,22480.7,2685,66,measure
2026-09-10T21:08:29.080+00:00,258.000,345.742,99,22480.7,2685,63,measure
2026-09-10T21:08:30.080+00:00,259.000,323.198,99,22480.7,2685,63,measure
2026-09-10T21:08:31.125+00:00,260.001,316.433,99,22480.7,2685,63,measure
2026-09-10T21:08:29.583+00:00,261.001,325.647,99,22480.7,2685,66,measure
2026-09-10T21:08:30.603+00:00,262.001,326.102,99,22480.7,2685,67,measure
2026-09-10T21:08:31.581+00:00,263.000,357.436,99,22480.7,2685,66,measure
2026-09-10T21:08:32.581+00:00,264.000,362.057,99,22480.7,2685,65,measure
2026-09-10T21:08:33.581+00:00,265.001,359.061,99,22480.7,2685,67,measure
2026-09-10T21:08:34.582+00:00,266.001,367.235,99,22480.7,2685,66,measure
2026-09-10T21:08:35.582+00:00,267.000,363.033,99,22480.7,2685,65,measure
2026-09-10T21:08:36.582+00:00,268.000,361.138,99,22480.7,2685,65,measure
2026-09-10T21:08:37.581+00:00,269.000,339.234,99,22480.7,2685,64,measure
2026-09-10T21:08:38.581+00:00,270.000,317.113,99,22480.7,2685,65,measure
2026-09-10T21:08:39.581+00:00,271.000,327.289,99,22480.7,2685,64,measure
2026-09-10T21:08:40.604+00:00,272.000,336.829,99,22480.7,2685,62,measure
2026-09-10T21:08:41.582+00:00,273.000,365.465,99,22477.4,2685,66,measure
2026-09-10T21:08:42.582+00:00,274.001,364.975,99,22475.4,2685,65,measure
2026-09-10T21:08:43.581+00:00,275.000,362.855,99,22475.4,2685,66,measure
2026-09-10T21:08:44.581+00:00,276.000,351.781,99,22475.4,2685,65,measure
2026-09-10T21:08:45.580+00:00,277.000,329.991,99,22475.4,2685,64,measure
2026-09-10T21:08:46.601+00:00,278.000,323.925,99,22475.4,2685,65,measure
2026-09-10T21:08:47.585+00:00,279.004,323.397,99,22475.4,2685,63,measure
2026-09-10T21:08:48.582+00:00,280.000,342.454,99,22475.4,2685,67,measure
2026-09-10T21:08:49.582+00:00,281.001,363.98,99,22475.4,2685,68,measure
2026-09-10T21:08:50.581+00:00,282.001,376.71,99,22475.4,2685,66,measure
2026-09-10T21:08:51.581+00:00,283.001,383.263,99,22475.4,2685,67,measure
2026-09-10T21:08:52.581+00:00,284.000,386.769,99,22475.4,2685,68,measure
2026-09-10T21:08:53.582+00:00,285.001,377.49,99,22475.4,2685,67,measure
2026-09-10T21:08:54.637+00:00,286.000,363.593,99,22475.4,2685,65,measure
2026-09-10T21:08:55.581+00:00,287.000,368.753,99,22475.4,2685,68,measure
2026-09-10T21:08:56.583+00:00,288.000,366.207,99,22475.4,2685,66,measure
2026-09-10T21:08:57.581+00:00,289.001,365.316,99,22475.4,2685,66,measure
2026-09-10T21:08:58.581+00:00,290.000,361.299,99,22475.4,2685,65,measure
2026-09-10T21:08:59.586+00:00,291.000,357.084,99,22475.4,2685,65,measure
2026-09-10T21:09:00.583+00:00,292.002,367.064,99,22475.4,2685,66,measure
2026-09-10T21:08:59.079+00:00,293.000,361.062,99,22475.4,2685,65,measure
2026-09-10T21:09:00.079+00:00,294.000,362.756,99,22475.4,2685,66,measure
2026-09-10T21:09:01.080+00:00,295.002,363.069,99,22475.4,2685,66,measure
2026-09-10T21:09:02.080+00:00,296.001,349.519,99,22475.4,2685,65,measure
2026-09-10T21:09:03.080+00:00,297.000,366.686,99,22475.4,2685,68,measure
2026-09-10T21:09:04.079+00:00,298.001,363.466,99,22475.4,2685,66,measure
2026-09-10T21:09:05.079+00:00,299.000,364.802,99,22475.4,2685,66,measure
2026-09-10T21:09:06.079+00:00,300.000,364.509,99,22475.4,2685,65,measure
2026-09-10T21:09:07.079+00:00,301.001,344.071,99,22475.4,2685,62,measure
2026-09-10T21:09:08.119+00:00,302.000,319.751,99,22475.4,2685,63,measure
2026-09-10T21:09:09.080+00:00,303.001,328.456,99,22475.4,2685,66,measure
2026-09-10T21:09:10.080+00:00,304.001,340.509,99,22475.4,2685,65,measure
2026-09-10T21:09:11.079+00:00,305.001,358.397,99,22475.4,2685,65,measure
2026-09-10T21:09:12.080+00:00,306.001,363.349,99,22475.4,2685,65,measure
2026-09-10T21:09:13.079+00:00,307.001,368.803,99,22475.4,2685,67,measure
2026-09-10T21:09:14.080+00:00,308.000,360.889,99,22475.4,2685,66,measure
2026-09-10T21:09:15.080+00:00,309.000,354.469,99,22475.4,2685,65,measure
2026-09-10T21:09:16.079+00:00,310.000,336.991,99,22475.4,2685,64,measure
2026-09-10T21:09:17.079+00:00,311.000,318.764,99,22475.4,2685,65,measure
2026-09-10T21:09:18.079+00:00,312.000,325.485,99,22475.4,2685,63,measure
2026-09-10T21:09:19.079+00:00,313.000,327.833,99,22475.4,2685,63,measure
2026-09-10T21:09:20.080+00:00,314.001,347.658,99,22475.4,2685,66,measure
2026-09-10T21:09:21.080+00:00,315.000,362.731,99,22475.4,2685,65,measure
2026-09-10T21:09:22.079+00:00,316.000,365.035,99,22475.4,2685,66,measure
2026-09-10T21:09:23.079+00:00,317.001,366.85,99,22475.4,2685,66,measure
2026-09-10T21:09:24.081+00:00,318.001,365.392,99,22475.4,2685,66,measure
2026-09-10T21:09:25.079+00:00,319.000,361.767,99,22475.4,2685,66,measure
2026-09-10T21:09:26.080+00:00,320.001,373.583,99,22475.4,2685,67,measure
2026-09-10T21:09:27.080+00:00,321.000,406.581,99,22475.4,2685,68,measure
2026-09-10T21:09:28.079+00:00,322.001,409.65,100,22475.4,2685,70,measure
2026-09-10T21:09:29.079+00:00,323.000,416.797,99,22475.4,2685,70,measure
2026-09-10T21:09:30.079+00:00,324.000,413.471,100,22475.4,2685,70,measure
2026-09-10T21:09:31.079+00:00,325.000,410.667,100,22475.4,2685,70,measure
2026-09-10T21:09:29.582+00:00,326.000,406.285,99,22475.4,2685,69,measure
2026-09-10T21:09:30.583+00:00,327.000,405.124,100,22475.4,2685,70,measure
2026-09-10T21:09:31.582+00:00,328.001,410.453,99,22475.4,2685,69,measure
2026-09-10T21:09:32.582+00:00,329.002,406.548,100,22475.4,2685,70,measure
2026-09-10T21:09:33.581+00:00,330.000,409.228,100,22475.4,2685,70,measure
2026-09-10T21:09:34.581+00:00,331.000,411.567,99,22475.4,2685,70,measure
2026-09-10T21:09:35.582+00:00,332.000,412.065,100,22475.4,2685,69,measure
2026-09-10T21:09:36.583+00:00,333.000,415.412,100,22475.4,2685,70,measure
2026-09-10T21:09:37.582+00:00,334.001,409.124,100,22475.4,2685,70,measure
2026-09-10T21:09:38.581+00:00,335.000,411.085,100,22475.4,2685,70,measure
2026-09-10T21:09:39.582+00:00,336.001,408.557,100,22475.4,2685,69,measure
2026-09-10T21:09:40.581+00:00,337.000,406.228,100,22475.4,2685,70,measure
2026-09-10T21:09:41.583+00:00,338.000,411.922,100,22475.1,2685,71,measure
2026-09-10T21:09:42.584+00:00,339.000,413.695,100,22474.2,2685,71,measure
2026-09-10T21:09:43.582+00:00,340.001,415.944,100,22474.2,2685,70,measure
2026-09-10T21:09:44.581+00:00,341.001,416.241,100,22474.2,2685,70,measure
2026-09-10T21:09:45.581+00:00,342.000,407.726,100,22474.2,2685,70,measure
2026-09-10T21:09:46.581+00:00,343.000,410.028,100,22474.2,2685,71,measure
2026-09-10T21:09:47.583+00:00,344.000,410.671,100,22474.2,2685,70,measure
2026-09-10T21:09:48.584+00:00,345.000,410.157,100,22474.2,2685,71,measure
2026-09-10T21:09:49.581+00:00,346.000,412.479,100,22474.2,2685,72,measure
2026-09-10T21:09:50.581+00:00,347.000,417.069,99,22474.2,2685,70,measure
2026-09-10T21:09:51.583+00:00,348.000,414.781,100,22474.2,2685,70,measure
2026-09-10T21:09:52.582+00:00,349.001,408.4,100,22474.2,2685,70,measure
2026-09-10T21:09:53.583+00:00,350.001,411.964,100,22474.2,2685,71,measure
2026-09-10T21:09:54.584+00:00,351.000,411.298,100,22474.2,2685,70,measure
2026-09-10T21:09:55.582+00:00,352.001,411.182,100,22474.2,2685,71,measure
2026-09-10T21:09:56.582+00:00,353.001,410.178,100,22474.2,2685,71,measure
2026-09-10T21:09:57.582+00:00,354.001,411.287,100,22474.2,2685,70,measure
2026-09-10T21:09:58.581+00:00,355.000,410.594,99,22474.2,2685,70,measure
2026-09-10T21:09:59.583+00:00,356.000,406.877,100,22474.2,2685,70,measure
2026-09-10T21:10:00.582+00:00,357.000,403.07,99,22474.2,2685,70,measure
2026-09-10T21:09:59.080+00:00,358.001,412.349,100,22474.2,2685,70,measure
2026-09-10T21:10:00.083+00:00,359.004,410.308,100,22474.2,2685,71,measure
2026-09-10T21:10:01.081+00:00,360.002,408.141,100,22474.2,2685,70,measure
2026-09-10T21:10:02.079+00:00,361.000,409.496,100,22474.2,2685,70,measure
2026-09-10T21:10:03.081+00:00,362.000,410.517,100,22474.2,2685,71,measure
2026-09-10T21:10:04.081+00:00,363.000,409.601,100,22474.2,2685,70,measure
2026-09-10T21:10:05.079+00:00,364.000,408.949,100,22474.2,2685,70,measure
2026-09-10T21:10:06.083+00:00,365.002,405.148,100,22474.2,2685,70,measure
2026-09-10T21:10:07.079+00:00,366.000,407.531,100,22474.2,2685,70,measure
2026-09-10T21:10:08.081+00:00,367.002,410.375,99,22474.2,2685,70,measure
2026-09-10T21:10:09.081+00:00,368.000,419.027,100,22474.2,2685,72,measure
2026-09-10T21:10:10.081+00:00,369.001,409.926,99,22474.2,2685,70,measure
2026-09-10T21:10:11.080+00:00,370.001,411.994,100,22474.2,2685,71,measure
2026-09-10T21:10:12.080+00:00,371.001,409.997,99,22474.2,2685,70,measure
2026-09-10T21:10:13.085+00:00,372.006,405.683,100,22474.2,2685,70,measure
2026-09-10T21:10:14.079+00:00,373.000,407.172,100,22474.2,2685,71,measure
2026-09-10T21:10:15.081+00:00,374.000,409.934,99,22474.2,2685,70,measure
2026-09-10T21:10:16.081+00:00,375.000,410.534,99,22474.2,2685,70,measure
2026-09-10T21:10:17.080+00:00,376.001,412.906,99,22474.2,2685,70,measure
2026-09-10T21:10:18.079+00:00,377.000,428.849,100,22474.2,2685,72,measure
2026-09-10T21:10:19.080+00:00,378.000,415.183,99,22474.2,2685,70,measure
2026-09-10T21:10:20.079+00:00,379.000,409.235,100,22474.2,2685,70,measure
2026-09-10T21:10:21.083+00:00,380.001,406.909,100,22474.2,2685,70,measure
2026-09-10T21:10:22.081+00:00,381.000,412.476,100,22474.2,2685,71,measure
2026-09-10T21:10:23.079+00:00,382.000,411.217,100,22474.2,2685,71,measure
2026-09-10T21:10:24.080+00:00,383.001,412.253,100,22474.2,2685,71,measure
2026-09-10T21:10:25.079+00:00,384.000,413.274,99,22474.2,2685,71,measure
2026-09-10T21:10:26.079+00:00,385.000,425.294,100,22474.2,2685,72,measure
2026-09-10T21:10:27.081+00:00,386.000,415.188,100,22474.2,2685,71,measure
2026-09-10T21:10:28.080+00:00,387.000,407.473,100,22474.2,2685,70,measure
2026-09-10T21:10:29.080+00:00,388.001,408.306,100,22474.2,2685,71,measure
2026-09-10T21:10:30.079+00:00,389.000,409.639,100,22474.2,2685,71,measure
2026-09-10T21:10:31.079+00:00,390.000,408.467,99,22474.2,2685,70,measure
2026-09-10T21:10:29.594+00:00,391.000,409.788,100,22474.2,2685,71,measure
2026-09-10T21:10:30.595+00:00,392.000,412.918,100,22474.2,2685,72,measure
2026-09-10T21:10:31.594+00:00,393.000,422.022,100,22474.2,2685,70,measure
2026-09-10T21:10:32.594+00:00,394.000,409.477,100,22474.2,2685,70,measure
2026-09-10T21:10:33.596+00:00,395.001,405.829,99,22474.2,2685,70,measure
2026-09-10T21:10:34.595+00:00,396.001,410.288,100,22474.2,2685,71,measure
2026-09-10T21:10:35.594+00:00,397.000,411.788,100,22474.2,2685,71,measure
2026-09-10T21:10:36.598+00:00,398.001,414.318,100,22474.2,2685,71,measure
2026-09-10T21:10:37.593+00:00,399.000,410.242,100,22474.2,2685,71,measure
2026-09-10T21:10:38.594+00:00,400.000,418.015,99,22474.2,2685,71,measure
2026-09-10T21:10:39.593+00:00,401.000,416.62,100,22474.2,2685,70,measure
2026-09-10T21:10:40.594+00:00,402.000,412.773,100,22474.2,2685,70,measure
2026-09-10T21:10:41.594+00:00,403.001,409.4,100,22472.1,2685,71,measure
2026-09-10T21:10:42.595+00:00,404.000,409.91,100,22471.5,2685,70,measure
2026-09-10T21:10:43.594+00:00,405.000,413.337,99,22471.5,2685,70,measure
2026-09-10T21:10:44.593+00:00,406.000,410.961,99,22471.5,2685,71,measure
2026-09-10T21:10:45.593+00:00,407.000,414.232,100,22471.5,2685,71,measure
2026-09-10T21:10:46.593+00:00,408.000,420.726,100,22471.5,2685,71,measure
2026-09-10T21:10:47.593+00:00,409.000,415.585,99,22471.5,2685,70,measure
2026-09-10T21:10:48.595+00:00,410.000,408.654,99,22471.5,2685,71,measure
2026-09-10T21:10:49.594+00:00,411.001,405.951,100,22471.5,2685,71,measure
2026-09-10T21:10:50.593+00:00,412.000,407.116,99,22471.5,2685,70,measure
2026-09-10T21:10:51.593+00:00,413.000,410.404,100,22471.5,2685,71,measure
2026-09-10T21:10:52.594+00:00,414.001,411.638,100,22471.5,2685,70,measure
2026-09-10T21:10:53.597+00:00,415.002,416.054,99,22471.5,2685,71,measure
2026-09-10T21:10:54.595+00:00,416.000,417.431,99,22471.5,2685,71,measure
2026-09-10T21:10:55.593+00:00,417.000,410.102,100,22471.5,2685,70,measure
2026-09-10T21:10:56.595+00:00,418.002,411.376,100,22471.5,2685,70,measure
2026-09-10T21:10:57.595+00:00,419.001,406.26,100,22471.5,2685,71,measure
2026-09-10T21:10:58.594+00:00,420.001,407.517,100,22471.5,2685,71,measure
2026-09-10T21:10:59.595+00:00,421.001,409.048,100,22471.5,2685,70,measure
2026-09-10T21:11:00.596+00:00,422.001,408.774,99,22471.5,2685,71,measure
2026-09-10T21:10:59.099+00:00,423.001,417.572,100,22471.5,2685,72,measure
2026-09-10T21:11:00.099+00:00,424.001,409.844,100,22471.5,2685,71,measure
2026-09-10T21:11:01.101+00:00,425.000,408.574,100,22471.5,2685,70,measure
2026-09-10T21:11:02.099+00:00,426.001,412.305,99,22471.5,2685,70,measure
2026-09-10T21:11:03.100+00:00,427.000,406.205,100,22471.5,2685,70,measure
2026-09-10T21:11:04.101+00:00,428.001,409.202,100,22471.5,2685,71,measure
2026-09-10T21:11:05.099+00:00,429.001,406.978,99,22471.5,2685,70,measure
2026-09-10T21:11:06.099+00:00,430.001,407.77,100,22471.5,2685,71,measure
2026-09-10T21:11:07.099+00:00,431.000,418.124,99,22471.5,2685,71,measure
2026-09-10T21:11:08.099+00:00,432.000,412.824,100,22471.5,2685,70,measure
2026-09-10T21:11:09.100+00:00,433.000,408.986,100,22471.5,2685,70,measure
2026-09-10T21:11:10.100+00:00,434.001,411.295,100,22471.5,2685,70,measure
2026-09-10T21:11:11.099+00:00,435.000,409.917,100,22471.5,2685,70,measure
2026-09-10T21:11:12.099+00:00,436.000,406.784,99,22471.5,2685,70,measure
2026-09-10T21:11:13.099+00:00,437.000,404.644,100,22471.5,2685,70,measure
2026-09-10T21:11:14.099+00:00,438.000,406.246,99,22471.5,2685,71,measure
2026-09-10T21:11:15.100+00:00,439.000,417.473,99,22471.5,2685,72,measure
2026-09-10T21:11:16.103+00:00,440.004,409.898,100,22471.5,2685,70,measure
2026-09-10T21:11:17.103+00:00,441.005,408.879,100,22471.5,2685,71,measure
2026-09-10T21:11:18.099+00:00,442.000,410.462,99,22471.5,2685,71,measure
2026-09-10T21:11:19.099+00:00,443.001,412.754,99,22471.5,2685,71,measure
2026-09-10T21:11:20.098+00:00,444.000,412.271,99,22471.5,2685,71,measure
2026-09-10T21:11:21.100+00:00,445.000,410.278,99,22471.5,2685,70,measure
2026-09-10T21:11:22.101+00:00,446.003,410.724,100,22471.5,2685,70,measure
2026-09-10T21:11:23.099+00:00,447.000,413.633,100,22471.5,2685,71,measure
2026-09-10T21:11:24.099+00:00,448.000,406.162,99,22471.5,2685,70,measure
2026-09-10T21:11:25.099+00:00,449.001,407.131,99,22471.5,2685,70,measure
2026-09-10T21:11:26.099+00:00,450.000,407.807,100,22471.5,2685,70,measure
2026-09-10T21:11:27.101+00:00,451.001,409.213,100,22471.5,2685,71,measure
2026-09-10T21:11:28.101+00:00,452.000,405.095,99,22471.5,2685,70,measure
2026-09-10T21:11:29.099+00:00,453.000,409.262,100,22471.5,2685,72,measure
2026-09-10T21:11:30.098+00:00,454.000,412.279,99,22471.5,2685,71,measure
2026-09-10T21:11:28.600+00:00,455.000,414.855,99,22471.5,2685,70,measure
2026-09-10T21:11:29.599+00:00,456.000,408.334,100,22471.5,2685,70,measure
2026-09-10T21:11:30.600+00:00,457.001,408.862,100,22471.5,2685,70,measure
2026-09-10T21:11:31.600+00:00,458.000,409.517,100,22471.5,2685,70,measure
2026-09-10T21:11:32.598+00:00,459.000,412.94,100,22471.5,2685,70,measure
2026-09-10T21:11:33.599+00:00,460.000,407.37,100,22471.5,2685,70,measure
2026-09-10T21:11:34.598+00:00,461.000,411.171,100,22471.5,2685,70,measure
2026-09-10T21:11:35.600+00:00,462.002,414.974,100,22471.5,2685,71,measure
2026-09-10T21:11:36.600+00:00,463.000,412.709,100,22471.5,2685,70,measure
2026-09-10T21:11:37.601+00:00,464.001,412.457,100,22471.5,2685,70,measure
2026-09-10T21:11:38.598+00:00,465.000,407.199,99,22471.5,2685,71,measure
2026-09-10T21:11:39.599+00:00,466.001,407.202,100,22471.5,2685,70,measure
2026-09-10T21:11:40.599+00:00,467.000,410.446,100,22471.5,2685,70,measure
2026-09-10T21:11:41.598+00:00,468.000,406.563,100,22469.7,2685,70,measure
2026-09-10T21:11:42.600+00:00,469.001,414.991,100,22469.7,2685,72,measure
2026-09-10T21:11:43.600+00:00,470.000,413.892,100,22469.7,2685,71,measure
2026-09-10T21:11:44.599+00:00,471.000,410.398,100,22469.7,2685,70,measure
2026-09-10T21:11:45.602+00:00,472.002,407.962,100,22469.7,2685,70,measure
2026-09-10T21:11:46.599+00:00,473.000,405.151,100,22469.7,2685,71,measure
2026-09-10T21:11:47.598+00:00,474.000,407.203,100,22469.7,2685,70,measure
2026-09-10T21:11:48.600+00:00,475.001,411.236,100,22469.7,2685,70,measure
2026-09-10T21:11:49.598+00:00,476.000,408.896,99,22469.7,2685,70,measure
2026-09-10T21:11:50.598+00:00,477.000,412.146,100,22469.7,2685,70,measure
2026-09-10T21:11:51.599+00:00,478.001,412.378,99,22469.7,2685,70,measure
2026-09-10T21:11:52.598+00:00,479.000,411.45,100,22469.7,2685,70,measure
2026-09-10T21:11:53.598+00:00,480.000,406.104,100,22469.7,2685,71,measure
2026-09-10T21:11:54.600+00:00,481.000,406.625,100,22469.7,2685,70,measure
2026-09-10T21:11:55.600+00:00,482.000,405.014,99,22469.7,2685,70,measure
2026-09-10T21:11:56.601+00:00,483.003,407.7,99,22469.7,2685,71,measure
2026-09-10T21:11:57.599+00:00,484.000,409.026,100,22469.7,2685,71,measure
2026-09-10T21:11:58.599+00:00,485.000,413.276,100,22469.7,2685,70,measure
2026-09-10T21:11:59.599+00:00,486.000,413.057,100,22469.7,2685,71,measure
2026-09-10T21:12:00.600+00:00,487.000,407.547,99,22469.7,2685,70,measure
2026-09-10T21:11:59.117+00:00,488.001,405.593,100,22469.7,2685,70,measure
2026-09-10T21:12:00.117+00:00,489.001,406.923,100,22469.7,2685,70,measure
2026-09-10T21:12:01.117+00:00,490.000,406.843,100,22469.7,2685,71,measure
2026-09-10T21:12:02.118+00:00,491.001,407.083,100,22469.7,2685,70,measure
2026-09-10T21:12:03.118+00:00,492.001,407.776,100,22469.7,2685,70,measure
2026-09-10T21:12:04.118+00:00,493.000,411.558,100,22469.7,2685,71,measure
2026-09-10T21:12:05.118+00:00,494.000,414.542,100,22469.7,2685,70,measure
2026-09-10T21:12:06.117+00:00,495.000,411.1,100,22469.7,2685,70,measure
2026-09-10T21:12:07.117+00:00,496.000,410.714,100,22469.7,2685,71,measure
2026-09-10T21:12:08.117+00:00,497.000,406.96,100,22469.7,2685,71,measure
2026-09-10T21:12:09.117+00:00,498.000,407.77,100,22469.7,2685,71,measure
2026-09-10T21:12:10.118+00:00,499.000,411.136,100,22469.7,2685,70,measure
2026-09-10T21:12:11.118+00:00,500.001,412.853,99,22469.7,2685,70,measure
2026-09-10T21:12:12.117+00:00,501.000,414.659,100,22469.7,2685,71,measure
2026-09-10T21:12:13.119+00:00,502.000,415.086,100,22469.7,2685,71,measure
2026-09-10T21:12:14.118+00:00,503.001,410.453,100,22469.7,2685,70,measure
2026-09-10T21:12:15.117+00:00,504.000,410.176,100,22469.7,2685,71,measure
2026-09-10T21:12:16.122+00:00,505.003,413.293,100,22469.7,2685,71,measure
2026-09-10T21:12:17.119+00:00,506.003,410.005,100,22469.7,2685,71,measure
2026-09-10T21:12:18.117+00:00,507.000,409.889,99,22469.7,2685,71,measure
2026-09-10T21:12:19.117+00:00,508.000,415.293,100,22469.7,2685,71,measure
2026-09-10T21:12:20.117+00:00,509.000,415.059,100,22469.7,2685,70,measure
2026-09-10T21:12:21.117+00:00,510.000,413.646,99,22469.7,2685,70,measure
2026-09-10T21:12:22.121+00:00,511.000,407.801,99,22469.7,2685,70,measure
2026-09-10T21:12:23.118+00:00,512.000,412.938,100,22469.7,2685,71,measure
2026-09-10T21:12:24.118+00:00,513.002,411.831,100,22469.7,2685,71,measure
2026-09-10T21:12:25.117+00:00,514.000,420.041,100,22469.7,2685,72,measure
2026-09-10T21:12:26.137+00:00,515.020,423.293,100,22469.7,2685,71,measure
2026-09-10T21:12:27.131+00:00,516.015,421.252,99,22469.7,2685,71,measure
2026-09-10T21:12:28.127+00:00,517.010,412.733,100,22469.7,2685,70,measure
2026-09-10T21:12:29.118+00:00,518.001,406.645,100,22469.7,2685,70,measure
2026-09-10T21:12:30.118+00:00,519.001,406.043,99,22469.7,2685,71,measure
2026-09-10T21:12:28.619+00:00,520.000,404.167,100,22469.7,2685,70,measure
2026-09-10T21:12:29.624+00:00,521.004,411.582,99,22469.7,2685,70,measure
2026-09-10T21:12:30.620+00:00,522.000,417.922,100,22469.7,2685,71,measure
2026-09-10T21:12:31.623+00:00,523.004,422.346,99,22469.7,2685,72,measure
2026-09-10T21:12:32.621+00:00,524.002,420.424,100,22469.7,2685,72,measure
2026-09-10T21:12:33.621+00:00,525.002,408.366,100,22469.7,2685,70,measure
2026-09-10T21:12:34.620+00:00,526.001,404.854,100,22469.7,2685,71,measure
2026-09-10T21:12:35.619+00:00,527.000,405.018,100,22469.7,2685,71,measure
2026-09-10T21:12:36.620+00:00,528.000,409.61,100,22469.7,2685,70,measure
2026-09-10T21:12:37.621+00:00,529.000,416.27,100,22469.7,2685,71,measure
2026-09-10T21:12:38.620+00:00,530.001,417.839,99,22469.7,2685,71,measure
2026-09-10T21:12:39.622+00:00,531.003,423.392,100,22469.7,2685,72,measure
2026-09-10T21:12:40.622+00:00,532.002,408.511,99,22469.7,2685,70,measure
2026-09-10T21:12:41.619+00:00,533.000,404.319,99,22469.7,2685,70,measure
2026-09-10T21:12:42.620+00:00,534.000,407.352,100,22469.7,2685,70,measure
2026-09-10T21:12:43.621+00:00,535.001,409.057,100,22469.7,2685,70,measure
2026-09-10T21:12:44.619+00:00,536.000,413.97,100,22469.7,2685,70,measure
2026-09-10T21:12:45.627+00:00,537.008,415.527,100,22469.7,2685,72,measure
2026-09-10T21:12:46.621+00:00,538.003,417.289,100,22469.7,2685,71,measure
2026-09-10T21:12:47.620+00:00,539.001,419.991,99,22469.7,2685,71,measure
2026-09-10T21:12:48.621+00:00,540.001,408.022,100,22469.7,2685,70,measure
2026-09-10T21:12:49.621+00:00,541.000,406.574,100,22469.7,2685,71,measure
2026-09-10T21:12:50.619+00:00,542.000,408.137,100,22469.7,2685,71,measure
2026-09-10T21:12:51.620+00:00,543.001,412.273,100,22469.7,2685,71,measure
2026-09-10T21:12:52.619+00:00,544.000,412.862,100,22469.7,2685,70,measure
2026-09-10T21:12:53.619+00:00,545.000,417.027,100,22469.7,2685,71,measure
2026-09-10T21:12:54.620+00:00,546.000,421.554,100,22469.7,2685,72,measure
2026-09-10T21:12:55.622+00:00,547.000,413.785,100,22469.7,2685,70,measure
2026-09-10T21:12:56.619+00:00,548.000,407.234,100,22469.7,2685,70,measure
2026-09-10T21:12:57.620+00:00,549.001,403.092,100,22469.7,2685,71,measure
2026-09-10T21:12:58.619+00:00,550.000,407.142,100,22469.7,2685,71,measure
2026-09-10T21:12:59.621+00:00,551.002,415.447,100,22469.7,2685,70,measure
2026-09-10T21:13:00.621+00:00,552.000,414.885,100,22469.7,2685,71,measure
2026-09-10T21:12:59.121+00:00,553.000,416.784,99,22469.7,2685,71,measure
2026-09-10T21:13:00.119+00:00,554.001,418.398,100,22469.7,2685,71,measure
2026-09-10T21:13:01.118+00:00,555.000,410.726,100,22469.7,2685,71,measure
2026-09-10T21:13:02.118+00:00,556.000,406.907,99,22469.7,2685,70,measure
2026-09-10T21:13:03.118+00:00,557.001,407.302,99,22469.7,2685,71,measure
2026-09-10T21:13:04.119+00:00,558.000,411.156,100,22469.7,2685,71,measure
2026-09-10T21:13:05.120+00:00,559.002,417.645,99,22469.7,2685,71,measure
2026-09-10T21:13:06.118+00:00,560.000,413.287,99,22469.7,2685,71,measure
2026-09-10T21:13:07.118+00:00,561.000,416.97,100,22469.7,2685,72,measure
2026-09-10T21:13:08.120+00:00,562.001,414.093,100,22469.7,2685,70,measure
2026-09-10T21:13:09.118+00:00,563.000,404.874,100,22469.7,2685,70,measure
2026-09-10T21:13:10.123+00:00,564.004,404.151,100,22469.7,2685,70,measure
2026-09-10T21:13:11.119+00:00,565.000,406.68,99,22469.7,2685,70,measure
2026-09-10T21:13:12.126+00:00,566.006,414.15,99,22469.7,2685,70,measure
2026-09-10T21:13:13.121+00:00,567.003,410.621,100,22469.7,2685,71,measure
2026-09-10T21:13:14.118+00:00,568.000,411.936,99,22469.7,2685,70,measure
2026-09-10T21:13:15.119+00:00,569.001,417.096,100,22469.7,2685,71,measure
2026-09-10T21:13:16.120+00:00,570.001,418.179,100,22469.7,2685,70,measure
2026-09-10T21:13:17.120+00:00,571.000,402.186,99,22469.7,2685,70,measure
2026-09-10T21:13:18.118+00:00,572.001,407.011,100,22469.7,2685,71,measure
2026-09-10T21:13:19.120+00:00,573.002,410.365,100,22469.7,2685,71,measure
2026-09-10T21:13:20.118+00:00,574.000,411.678,99,22469.7,2685,70,measure
2026-09-10T21:13:21.118+00:00,575.000,410.506,100,22469.7,2685,71,measure
2026-09-10T21:13:22.119+00:00,576.000,411.861,99,22469.7,2685,71,measure
2026-09-10T21:13:23.118+00:00,577.000,415.707,100,22469.7,2685,71,measure
2026-09-10T21:13:24.118+00:00,578.000,411.868,100,22469.7,2685,70,measure
2026-09-10T21:13:25.118+00:00,579.000,406.097,99,22469.7,2685,71,measure
2026-09-10T21:13:26.118+00:00,580.000,409.715,99,22469.7,2685,71,measure
2026-09-10T21:13:27.118+00:00,581.001,413.514,99,22469.7,2685,71,measure
2026-09-10T21:13:28.119+00:00,582.000,413.255,99,22469.7,2685,71,measure
2026-09-10T21:13:29.118+00:00,583.000,415.392,100,22469.7,2685,71,measure
2026-09-10T21:13:30.118+00:00,584.000,411.65,99,22469.7,2685,71,measure
2026-09-10T21:13:28.633+00:00,585.001,416.636,100,22469.7,2685,71,measure
2026-09-10T21:13:29.633+00:00,586.001,406.626,100,22469.7,2685,70,measure
2026-09-10T21:13:30.632+00:00,587.000,408.091,100,22469.7,2685,70,measure
2026-09-10T21:13:31.634+00:00,588.001,411.691,100,22469.7,2685,71,measure
2026-09-10T21:13:32.634+00:00,589.000,416.854,100,22469.7,2685,70,measure
2026-09-10T21:13:33.633+00:00,590.000,412.045,99,22469.7,2685,71,measure
2026-09-10T21:13:34.632+00:00,591.000,414.79,100,22469.7,2685,71,measure
2026-09-10T21:13:35.634+00:00,592.002,410.884,100,22469.7,2685,70,measure
2026-09-10T21:13:36.632+00:00,593.000,416.677,100,22469.7,2685,71,measure
2026-09-10T21:13:37.635+00:00,594.001,408.377,100,22469.7,2685,71,measure
2026-09-10T21:13:38.634+00:00,595.000,407.267,100,22469.7,2685,71,measure
2026-09-10T21:13:39.633+00:00,596.001,406.577,100,22469.7,2685,70,measure
2026-09-10T21:13:40.633+00:00,597.001,412.168,100,22469.7,2685,70,measure
2026-09-10T21:13:41.635+00:00,598.003,409.365,99,22469.7,2685,71,measure
2026-09-10T21:13:42.635+00:00,599.002,416.713,100,22465.7,2685,71,measure
2026-09-10T21:13:43.635+00:00,600.000,412.268,100,22465.7,2685,71,measure
2026-09-10T21:13:44.633+00:00,601.000,409.718,100,22465.7,2685,70,measure
2026-09-10T21:13:45.634+00:00,602.002,409.1,100,22465.7,2685,70,measure
2026-09-10T21:13:46.632+00:00,603.000,406.782,100,22465.7,2685,70,measure
2026-09-10T21:13:47.632+00:00,604.000,409.726,100,22465.7,2685,70,measure
2026-09-10T21:13:48.632+00:00,605.000,414.14,99,22465.7,2685,71,measure
2026-09-10T21:13:49.634+00:00,606.000,408.405,100,22465.7,2685,71,measure
2026-09-10T21:13:50.632+00:00,607.000,414.795,100,22465.7,2685,71,measure
2026-09-10T21:13:51.633+00:00,608.001,415.37,100,22465.7,2685,72,measure
2026-09-10T21:13:52.635+00:00,609.001,412.064,100,22465.7,2685,70,measure
2026-09-10T21:13:53.633+00:00,610.000,409.488,100,22465.7,2685,72,measure
2026-09-10T21:13:54.633+00:00,611.001,404.185,99,22465.7,2685,70,measure
2026-09-10T21:13:55.637+00:00,612.000,416.556,99,22465.7,2685,70,measure
2026-09-10T21:13:56.632+00:00,613.000,412.327,100,22465.7,2685,71,measure
2026-09-10T21:13:57.633+00:00,614.001,414.936,99,22465.7,2685,71,measure
2026-09-10T21:13:58.632+00:00,615.000,411.931,99,22465.7,2685,71,measure
2026-09-10T21:13:59.632+00:00,616.000,416.196,100,22465.7,2685,71,measure
2026-09-10T21:13:58.138+00:00,617.000,410.232,100,22465.7,2685,71,measure
2026-09-10T21:13:59.140+00:00,618.001,404.659,100,22465.7,2685,70,measure
2026-09-10T21:14:00.138+00:00,619.000,409.043,100,22465.7,2685,71,measure
2026-09-10T21:14:01.141+00:00,620.003,416.994,100,22465.7,2685,70,measure
2026-09-10T21:14:02.138+00:00,621.001,407.834,99,22465.7,2685,70,measure
2026-09-10T21:14:03.138+00:00,622.001,398.028,99,22465.7,2685,69,measure
2026-09-10T21:14:04.138+00:00,623.000,385.236,99,22465.7,2685,67,measure
2026-09-10T21:14:05.150+00:00,624.000,370.294,99,22465.7,2685,67,measure
2026-09-10T21:14:06.139+00:00,625.001,371.963,99,22465.7,2685,68,measure
2026-09-10T21:14:07.138+00:00,626.000,337.855,99,22465.7,2685,67,measure
2026-09-10T21:14:08.138+00:00,627.000,327.249,99,22465.7,2685,66,measure
2026-09-10T21:14:09.138+00:00,628.000,309.163,99,22465.7,2685,64,measure
2026-09-10T21:14:10.138+00:00,629.000,317.813,99,22465.7,2685,63,measure
2026-09-10T21:14:11.139+00:00,630.001,330.758,99,22465.7,2685,63,measure
2026-09-10T21:14:12.138+00:00,631.000,347.064,99,22465.7,2685,68,measure
2026-09-10T21:14:13.139+00:00,632.002,370.69,99,22465.7,2685,66,measure
2026-09-10T21:14:14.139+00:00,633.001,365.458,99,22465.7,2685,67,measure
2026-09-10T21:14:15.139+00:00,634.002,373.063,99,22465.7,2685,66,measure
2026-09-10T21:14:16.140+00:00,635.001,371.876,99,22465.7,2685,68,measure
2026-09-10T21:14:17.141+00:00,636.001,359.828,99,22465.7,2685,65,measure
2026-09-10T21:14:18.138+00:00,637.000,362.983,99,22465.7,2685,67,measure
2026-09-10T21:14:19.175+00:00,638.000,343.128,99,22465.7,2685,63,measure
2026-09-10T21:14:20.140+00:00,639.000,340.442,99,22465.7,2685,68,measure
2026-09-10T21:14:21.138+00:00,640.000,354.589,99,22465.7,2685,65,measure
2026-09-10T21:14:22.141+00:00,641.002,358.01,99,22465.7,2685,66,measure
2026-09-10T21:14:23.143+00:00,642.001,359.571,99,22465.7,2685,65,measure
2026-09-10T21:14:24.140+00:00,643.002,354.026,99,22465.7,2685,66,measure
2026-09-10T21:14:25.139+00:00,644.002,346.758,99,22465.7,2685,68,measure
2026-09-10T21:14:26.138+00:00,645.001,381.1,99,22465.7,2685,68,measure
2026-09-10T21:14:27.138+00:00,646.001,378.59,99,22465.7,2685,69,measure
2026-09-10T21:14:28.140+00:00,647.001,381.132,99,22465.7,2685,68,measure
2026-09-10T21:14:29.139+00:00,648.000,376.778,99,22465.7,2685,67,measure
2026-09-10T21:14:30.138+00:00,649.000,366.592,99,22465.7,2685,66,measure
2026-09-10T21:14:28.639+00:00,650.002,370.25,99,22465.7,2685,66,measure
2026-09-10T21:14:29.637+00:00,651.000,365.015,99,22465.7,2685,67,measure
2026-09-10T21:14:30.637+00:00,652.000,370.678,99,22465.7,2685,65,measure
2026-09-10T21:14:31.638+00:00,653.000,363.328,99,22465.7,2685,67,measure
2026-09-10T21:14:32.640+00:00,654.001,365.251,99,22465.7,2685,66,measure
2026-09-10T21:14:33.638+00:00,655.001,348.099,99,22465.7,2685,66,measure
2026-09-10T21:14:34.637+00:00,656.000,312.559,99,22465.7,2685,63,measure
2026-09-10T21:14:35.639+00:00,657.002,307.329,99,22465.7,2685,63,measure
2026-09-10T21:14:36.637+00:00,658.001,330.083,99,22465.7,2685,62,measure
2026-09-10T21:14:37.677+00:00,659.000,343.057,99,22465.7,2685,64,measure
2026-09-10T21:14:38.640+00:00,660.000,367.519,99,22465.7,2685,66,measure
2026-09-10T21:14:39.637+00:00,661.000,363.774,99,22465.7,2685,66,measure
2026-09-10T21:14:40.637+00:00,662.000,365.757,99,22465.7,2685,65,measure
2026-09-10T21:14:41.637+00:00,663.000,353.829,99,22465.7,2685,64,measure
2026-09-10T21:14:42.637+00:00,664.001,340.967,99,22465.7,2685,62,measure
2026-09-10T21:14:43.639+00:00,665.000,323.527,99,22465.7,2685,65,measure
2026-09-10T21:14:44.651+00:00,666.001,325.839,99,22465.7,2685,66,measure
2026-09-10T21:14:45.638+00:00,667.001,333.47,99,22465.7,2685,65,measure
2026-09-10T21:14:46.637+00:00,668.000,340.124,99,22465.7,2685,66,measure
2026-09-10T21:14:47.639+00:00,669.001,342.745,99,22465.7,2685,66,measure
2026-09-10T21:14:48.638+00:00,670.001,360.253,99,22465.7,2685,65,measure
2026-09-10T21:14:49.639+00:00,671.001,370.294,99,22465.7,2685,67,measure
2026-09-10T21:14:50.640+00:00,672.001,375.076,99,22465.7,2685,67,measure
2026-09-10T21:14:51.637+00:00,673.000,373.364,99,22465.7,2685,66,measure
2026-09-10T21:14:52.637+00:00,674.001,385.02,99,22465.7,2685,68,measure
2026-09-10T21:14:53.637+00:00,675.001,381.081,99,22465.7,2685,67,measure
2026-09-10T21:14:54.637+00:00,676.000,378.541,99,22465.7,2685,68,measure
2026-09-10T21:14:55.639+00:00,677.000,379.83,99,22465.7,2685,68,measure
2026-09-10T21:14:56.639+00:00,678.001,367.412,99,22465.7,2685,65,measure
2026-09-10T21:14:57.637+00:00,679.000,365.51,99,22465.7,2685,65,measure
2026-09-10T21:14:58.637+00:00,680.001,364.702,99,22465.7,2685,67,measure
2026-09-10T21:14:59.639+00:00,681.002,361.743,99,22465.7,2685,66,measure
2026-09-10T21:14:58.154+00:00,682.000,371.274,99,22465.7,2685,66,measure
2026-09-10T21:14:59.155+00:00,683.000,381.349,99,22465.7,2685,66,measure
2026-09-10T21:15:00.156+00:00,684.000,381.136,99,22465.7,2685,67,measure
2026-09-10T21:15:01.156+00:00,685.000,362.965,99,22465.7,2685,64,measure
2026-09-10T21:15:02.154+00:00,686.000,346.809,99,22465.7,2685,64,measure
2026-09-10T21:15:03.154+00:00,687.000,336.887,99,22465.7,2685,63,measure
2026-09-10T21:15:04.154+00:00,688.000,308.413,99,22465.7,2685,62,measure
2026-09-10T21:15:05.158+00:00,689.000,334.158,99,22465.7,2685,64,measure
2026-09-10T21:15:06.156+00:00,690.001,323.273,99,22465.7,2685,63,measure
2026-09-10T21:15:07.182+00:00,691.000,325.324,99,22465.7,2685,62,measure
2026-09-10T21:15:08.154+00:00,692.000,314.729,99,22465.7,2685,61,measure
2026-09-10T21:15:09.154+00:00,693.001,313.016,99,22465.7,2685,63,measure
2026-09-10T21:15:10.154+00:00,694.001,321.316,99,22465.7,2685,61,measure
2026-09-10T21:15:11.155+00:00,695.000,324.525,99,22465.7,2685,63,measure
2026-09-10T21:15:12.155+00:00,696.001,328.504,99,22465.7,2685,62,measure
2026-09-10T21:15:13.154+00:00,697.001,316.495,99,22465.7,2685,63,measure
2026-09-10T21:15:14.154+00:00,698.001,327.551,99,22465.7,2685,67,measure
2026-09-10T21:15:15.154+00:00,699.000,340.116,99,22465.7,2685,62,measure
2026-09-10T21:15:16.154+00:00,700.001,319.006,99,22465.7,2685,63,measure
2026-09-10T21:15:17.156+00:00,701.000,356.647,99,22465.7,2685,66,measure
2026-09-10T21:15:18.155+00:00,702.001,325.41,99,22465.7,2685,60,measure
2026-09-10T21:15:19.154+00:00,703.000,368.395,99,22465.7,2685,65,measure
2026-09-10T21:15:20.154+00:00,704.000,365.103,99,22465.7,2685,65,measure
2026-09-10T21:15:21.154+00:00,705.000,364.862,99,22465.7,2685,65,measure
2026-09-10T21:15:22.155+00:00,706.001,361.085,99,22465.7,2685,64,measure
2026-09-10T21:15:23.157+00:00,707.001,348.779,99,22465.7,2685,64,measure
2026-09-10T21:15:24.158+00:00,708.004,357.667,99,22465.7,2685,65,measure
2026-09-10T21:15:25.158+00:00,709.004,337.959,99,22465.7,2685,64,measure
2026-09-10T21:15:26.158+00:00,710.005,354.061,99,22465.7,2685,65,measure
2026-09-10T21:15:27.155+00:00,711.002,366.452,99,22465.7,2685,64,measure
2026-09-10T21:15:28.155+00:00,712.001,365.782,99,22465.7,2685,66,measure
2026-09-10T21:15:29.155+00:00,713.000,360.455,99,22465.7,2685,64,measure
2026-09-10T21:15:30.155+00:00,714.000,361.204,99,22465.7,2685,65,measure
2026-09-10T21:15:28.650+00:00,715.001,368.721,99,22465.7,2685,66,measure
2026-09-10T21:15:29.652+00:00,716.000,363.628,99,22465.7,2685,65,measure
2026-09-10T21:15:30.650+00:00,717.001,353.943,99,22465.7,2685,65,measure
2026-09-10T21:15:31.667+00:00,718.000,352.433,99,22465.7,2685,61,measure
2026-09-10T21:15:32.654+00:00,719.001,333.004,99,22465.7,2685,66,measure
2026-09-10T21:15:33.650+00:00,720.001,355.617,99,22465.7,2685,64,measure
2026-09-10T21:15:34.649+00:00,721.000,368.049,99,22465.7,2685,65,measure
2026-09-10T21:15:35.649+00:00,722.000,344.461,99,22465.7,2685,63,measure
2026-09-10T21:15:36.650+00:00,723.001,363.301,99,22465.7,2685,64,measure
2026-09-10T21:15:37.650+00:00,724.001,341.805,99,22465.7,2685,65,measure
2026-09-10T21:15:38.651+00:00,725.001,334.754,99,22465.7,2685,61,measure
2026-09-10T21:15:39.650+00:00,726.000,335.041,99,22465.7,2685,63,measure
2026-09-10T21:15:40.649+00:00,727.000,299.677,99,22465.7,2685,61,measure
2026-09-10T21:15:41.649+00:00,728.000,311.361,99,22465.7,2685,65,measure
2026-09-10T21:15:42.649+00:00,729.001,311.539,99,22465.7,2685,61,measure
2026-09-10T21:15:43.649+00:00,730.000,308.88,99,22465.7,2685,64,measure
2026-09-10T21:15:44.654+00:00,731.001,316.234,99,22465.7,2685,60,measure
2026-09-10T21:15:45.650+00:00,732.000,325.639,99,22465.7,2685,64,measure
2026-09-10T21:15:46.676+00:00,733.000,317.321,99,22465.7,2685,60,measure
2026-09-10T21:15:47.649+00:00,734.000,339.744,99,22465.7,2685,61,measure
2026-09-10T21:15:48.649+00:00,735.000,366.11,99,22465.7,2685,65,measure
2026-09-10T21:15:49.650+00:00,736.000,364.766,99,22465.7,2685,67,measure
2026-09-10T21:15:50.651+00:00,737.000,363.271,99,22465.7,2685,65,measure
2026-09-10T21:15:51.649+00:00,738.000,364.062,99,22465.7,2685,65,measure
2026-09-10T21:15:52.649+00:00,739.001,359.671,99,22465.7,2685,66,measure
2026-09-10T21:15:53.650+00:00,740.000,356.803,99,22465.7,2685,64,measure
2026-09-10T21:15:54.650+00:00,741.001,347.701,99,22465.7,2685,64,measure
2026-09-10T21:15:55.650+00:00,742.000,315.396,99,22465.7,2685,61,measure
2026-09-10T21:15:56.651+00:00,743.000,326.601,99,22465.7,2685,62,measure
2026-09-10T21:15:57.649+00:00,744.000,351.422,99,22465.7,2685,63,measure
2026-09-10T21:15:58.649+00:00,745.000,346.252,99,22465.7,2685,65,measure
2026-09-10T21:15:59.652+00:00,746.001,340.785,99,22465.7,2685,65,measure
2026-09-10T21:15:58.160+00:00,747.000,312.623,99,22465.7,2685,63,measure
2026-09-10T21:15:59.167+00:00,748.007,317.344,99,22465.7,2685,61,measure
2026-09-10T21:16:00.175+00:00,749.000,319.605,99,22465.7,2685,65,measure
2026-09-10T21:16:01.160+00:00,750.000,338.885,99,22465.7,2685,65,measure
2026-09-10T21:16:02.160+00:00,751.000,346.057,99,22465.7,2685,61,measure
2026-09-10T21:16:03.161+00:00,752.001,360.046,99,22465.7,2685,64,measure
2026-09-10T21:16:04.162+00:00,753.002,358.493,99,22465.7,2685,64,measure
2026-09-10T21:16:05.162+00:00,754.001,334.703,99,22465.7,2685,62,measure
2026-09-10T21:16:06.161+00:00,755.000,333.104,99,22465.7,2685,64,measure
2026-09-10T21:16:07.163+00:00,756.003,335.62,99,22465.7,2685,64,measure
2026-09-10T21:16:08.160+00:00,757.000,322.105,99,22465.7,2685,62,measure
2026-09-10T21:16:09.205+00:00,758.000,313.566,99,22465.7,2685,64,measure
2026-09-10T21:16:10.160+00:00,759.000,321.849,99,22465.7,2685,63,measure
2026-09-10T21:16:11.162+00:00,760.000,315.02,99,22465.7,2685,61,measure
2026-09-10T21:16:12.163+00:00,761.001,316.22,99,22465.7,2685,60,measure
2026-09-10T21:16:13.160+00:00,762.000,332.205,99,22465.7,2685,63,measure
2026-09-10T21:16:14.160+00:00,763.000,335.94,99,22465.7,2685,62,measure
2026-09-10T21:16:15.161+00:00,764.001,357.484,99,22465.7,2685,65,measure
2026-09-10T21:16:16.160+00:00,765.001,355.779,99,22465.7,2685,61,measure
2026-09-10T21:16:17.162+00:00,766.001,354.959,99,22465.7,2685,64,measure
2026-09-10T21:16:18.163+00:00,767.001,371.834,99,22465.7,2685,67,measure
2026-09-10T21:16:19.163+00:00,768.003,377.007,99,22465.7,2685,65,measure
2026-09-10T21:16:20.160+00:00,769.000,369.598,99,22465.7,2685,65,measure
2026-09-10T21:16:21.161+00:00,770.001,374.058,99,22465.7,2685,65,measure
2026-09-10T21:16:22.160+00:00,771.000,364.636,99,22465.7,2685,64,measure
2026-09-10T21:16:23.168+00:00,772.008,366.732,99,22465.7,2685,64,measure
2026-09-10T21:16:24.163+00:00,773.000,364.043,99,22465.7,2685,66,measure
2026-09-10T21:16:25.160+00:00,774.000,360.275,99,22465.7,2685,64,measure
2026-09-10T21:16:26.189+00:00,775.000,358.766,99,22465.7,2685,65,measure
2026-09-10T21:16:27.162+00:00,776.000,340.44,99,22465.7,2685,61,measure
2026-09-10T21:16:28.163+00:00,777.003,352.466,99,22465.7,2685,63,measure
2026-09-10T21:16:29.167+00:00,778.001,332.721,99,22465.7,2685,63,measure
2026-09-10T21:16:30.163+00:00,779.001,322.624,99,22465.7,2685,65,measure
2026-09-10T21:16:28.658+00:00,780.000,324.291,99,22465.7,2685,64,measure
2026-09-10T21:16:29.666+00:00,781.009,339.724,99,22465.7,2685,65,measure
2026-09-10T21:16:30.657+00:00,782.000,370.253,99,22465.7,2685,66,measure
2026-09-10T21:16:31.658+00:00,783.001,364.892,99,22465.7,2685,66,measure
2026-09-10T21:16:32.659+00:00,784.001,367.036,99,22465.7,2685,65,measure
2026-09-10T21:16:33.659+00:00,785.001,366.335,99,22465.7,2685,64,measure
2026-09-10T21:16:34.657+00:00,786.000,365.54,99,22465.7,2685,64,measure
2026-09-10T21:16:35.657+00:00,787.000,363.718,99,22465.7,2685,66,measure
2026-09-10T21:16:36.657+00:00,788.000,337.483,99,22465.7,2685,64,measure
2026-09-10T21:16:37.658+00:00,789.001,327.615,99,22465.7,2685,64,measure
2026-09-10T21:16:38.659+00:00,790.001,321.434,99,22465.7,2685,65,measure
2026-09-10T21:16:39.659+00:00,791.001,309.175,99,22465.7,2685,63,measure
2026-09-10T21:16:40.660+00:00,792.003,327.79,99,22465.7,2685,63,measure
2026-09-10T21:16:41.661+00:00,793.001,352.989,99,22465.7,2685,64,measure
2026-09-10T21:16:42.657+00:00,794.000,346.088,99,22465.7,2685,63,measure
2026-09-10T21:16:43.659+00:00,795.002,333.616,99,22465.7,2685,63,measure
2026-09-10T21:16:44.659+00:00,796.001,323.393,99,22465.7,2685,62,measure
2026-09-10T21:16:45.664+00:00,797.007,322.632,99,22465.7,2685,65,measure
2026-09-10T21:16:46.657+00:00,798.001,342.715,99,22465.7,2685,63,measure
2026-09-10T21:16:47.658+00:00,799.001,351.311,99,22465.7,2685,64,measure
2026-09-10T21:16:48.658+00:00,800.001,352.617,99,22465.7,2685,65,measure
2026-09-10T21:16:49.657+00:00,801.000,361.012,99,22465.7,2685,65,measure
2026-09-10T21:16:50.659+00:00,802.000,316.662,99,22465.7,2685,62,measure
2026-09-10T21:16:51.659+00:00,803.000,329.989,99,22465.7,2685,62,measure
2026-09-10T21:16:52.657+00:00,804.000,308.687,99,22465.7,2685,61,measure
2026-09-10T21:16:53.658+00:00,805.001,327.841,99,22465.7,2685,63,measure
2026-09-10T21:16:54.658+00:00,806.001,323.727,99,22465.7,2685,63,measure
2026-09-10T21:16:55.657+00:00,807.000,319.772,99,22465.7,2685,61,measure
2026-09-10T21:16:56.661+00:00,808.004,360.938,99,22465.7,2685,66,measure
2026-09-10T21:16:57.659+00:00,809.001,363.481,99,22465.7,2685,65,measure
2026-09-10T21:16:58.658+00:00,810.001,371.31,99,22465.7,2685,68,measure
2026-09-10T21:16:59.658+00:00,811.001,359.395,99,22465.7,2685,64,measure
2026-09-10T21:16:58.141+00:00,812.000,356.117,99,22465.7,2685,65,measure
2026-09-10T21:16:59.142+00:00,813.000,344.912,99,22465.7,2685,63,measure
2026-09-10T21:17:00.143+00:00,814.000,319.778,99,22465.7,2685,60,measure
2026-09-10T21:17:01.143+00:00,815.001,328.407,99,22465.7,2685,61,measure
2026-09-10T21:17:02.142+00:00,816.001,310.797,99,22465.7,2685,62,measure
2026-09-10T21:17:03.167+00:00,817.001,323.247,99,22465.7,2685,61,measure
2026-09-10T21:17:04.149+00:00,818.006,324.284,99,22465.7,2685,63,measure
2026-09-10T21:17:05.142+00:00,819.001,316.62,99,22465.7,2685,60,measure
2026-09-10T21:17:06.147+00:00,820.001,357.63,99,22465.7,2685,65,measure
2026-09-10T21:17:07.142+00:00,821.000,360.477,99,22465.7,2685,65,measure
2026-09-10T21:17:08.142+00:00,822.001,362.436,99,22465.7,2685,64,measure
2026-09-10T21:17:09.145+00:00,823.003,361.131,99,22465.7,2685,65,measure
2026-09-10T21:17:10.142+00:00,824.000,358.024,99,22465.7,2685,66,measure
2026-09-10T21:17:11.142+00:00,825.001,359.271,99,22465.7,2685,64,measure
2026-09-10T21:17:12.147+00:00,826.000,362.745,99,22465.7,2685,64,measure
2026-09-10T21:17:13.142+00:00,827.000,361.967,99,22465.7,2685,64,measure
2026-09-10T21:17:14.142+00:00,828.001,357.12,99,22465.7,2685,65,measure
2026-09-10T21:17:15.142+00:00,829.001,354.693,99,22465.7,2685,64,measure
2026-09-10T21:17:16.142+00:00,830.001,339.492,99,22465.7,2685,62,measure
2026-09-10T21:17:17.142+00:00,831.001,323.624,99,22465.7,2685,62,measure
2026-09-10T21:17:18.143+00:00,832.000,305.989,99,22465.7,2685,61,measure
2026-09-10T21:17:19.162+00:00,833.001,321.338,99,22465.7,2685,61,measure
2026-09-10T21:17:20.142+00:00,834.000,347.203,99,22465.7,2685,62,measure
2026-09-10T21:17:21.142+00:00,835.001,344.602,99,22465.7,2685,63,measure
2026-09-10T21:17:22.142+00:00,836.001,372.603,99,22465.7,2685,65,measure
2026-09-10T21:17:23.142+00:00,837.000,366.899,99,22465.7,2685,66,measure
2026-09-10T21:17:24.143+00:00,838.001,365.197,99,22465.7,2685,66,measure
2026-09-10T21:17:25.142+00:00,839.000,363.631,99,22465.7,2685,64,measure
2026-09-10T21:17:26.142+00:00,840.001,370.583,99,22465.7,2685,65,measure
2026-09-10T21:17:27.142+00:00,841.000,378.15,99,22465.7,2685,67,measure
2026-09-10T21:17:28.141+00:00,842.000,361.815,99,22465.7,2685,64,measure
2026-09-10T21:17:29.143+00:00,843.000,358.406,99,22465.7,2685,66,measure
2026-09-10T21:17:30.143+00:00,844.000,356.532,99,22465.7,2685,63,measure
2026-09-10T21:17:28.637+00:00,845.000,358.164,99,22465.7,2685,64,measure
2026-09-10T21:17:29.636+00:00,846.000,361.033,99,22465.7,2685,65,measure
2026-09-10T21:17:30.637+00:00,847.001,362.456,99,22465.7,2685,67,measure
2026-09-10T21:17:31.636+00:00,848.000,366.72,99,22465.7,2685,65,measure
2026-09-10T21:17:32.641+00:00,849.003,363.78,99,22465.7,2685,65,measure
2026-09-10T21:17:33.638+00:00,850.001,374.067,99,22465.7,2685,65,measure
2026-09-10T21:17:34.641+00:00,851.005,372.429,99,22465.7,2685,67,measure
2026-09-10T21:17:35.638+00:00,852.001,365.225,99,22465.7,2685,67,measure
2026-09-10T21:17:36.640+00:00,853.004,363.346,99,22465.7,2685,64,measure
2026-09-10T21:17:37.637+00:00,854.000,358.585,99,22465.7,2685,67,measure
2026-09-10T21:17:38.638+00:00,855.001,366.09,99,22465.7,2685,64,measure
2026-09-10T21:17:39.640+00:00,856.003,360.941,99,22465.7,2685,65,measure
2026-09-10T21:17:40.636+00:00,857.000,357.652,99,22465.7,2685,65,measure
2026-09-10T21:17:41.636+00:00,858.000,332.209,99,22465.7,2685,62,measure
2026-09-10T21:17:42.637+00:00,859.001,350.078,99,22465.7,2685,66,measure
2026-09-10T21:17:43.637+00:00,860.001,360.869,99,22465.7,2685,66,measure
2026-09-10T21:17:44.637+00:00,861.000,340.109,99,22465.7,2685,65,measure
2026-09-10T21:17:45.640+00:00,862.001,332.935,99,22465.7,2685,61,measure
2026-09-10T21:17:46.636+00:00,863.000,322.888,99,22465.7,2685,65,measure
2026-09-10T21:17:47.636+00:00,864.000,294.436,99,22465.7,2685,62,measure
2026-09-10T21:17:48.637+00:00,865.001,317.815,99,22465.7,2685,63,measure
2026-09-10T21:17:49.636+00:00,866.000,322.457,99,22465.7,2685,64,measure
2026-09-10T21:17:50.638+00:00,867.001,331.367,99,22465.7,2685,63,measure
2026-09-10T21:17:51.639+00:00,868.000,339.818,99,22465.7,2685,64,measure
2026-09-10T21:17:52.636+00:00,869.000,340.224,99,22465.7,2685,64,measure
2026-09-10T21:17:53.637+00:00,870.000,340.097,99,22465.7,2685,64,measure
2026-09-10T21:17:54.636+00:00,871.000,320.704,99,22465.7,2685,66,measure
2026-09-10T21:17:55.637+00:00,872.001,330.781,99,22465.7,2685,64,measure
2026-09-10T21:17:56.640+00:00,873.000,343.832,99,22465.7,2685,64,measure
2026-09-10T21:17:57.637+00:00,874.000,364.04,99,22465.7,2685,66,measure
2026-09-10T21:17:58.638+00:00,875.002,362.673,99,22465.7,2685,64,measure
2026-09-10T21:17:59.640+00:00,876.004,362.299,99,22465.7,2685,65,measure
2026-09-10T21:17:58.154+00:00,877.001,361.645,99,22465.7,2685,67,measure
2026-09-10T21:17:59.154+00:00,878.001,341.887,99,22465.7,2685,65,measure
2026-09-10T21:18:00.156+00:00,879.000,327.705,99,22465.7,2685,61,measure
2026-09-10T21:18:01.156+00:00,880.001,331.381,99,22465.7,2685,65,measure
2026-09-10T21:18:02.154+00:00,881.001,337.968,99,22465.7,2685,61,measure
2026-09-10T21:18:03.155+00:00,882.001,350.751,99,22465.7,2685,64,measure
2026-09-10T21:18:04.156+00:00,883.000,337.583,99,22465.7,2685,61,measure
2026-09-10T21:18:05.154+00:00,884.001,314.049,99,22465.7,2685,61,measure
2026-09-10T21:18:06.172+00:00,885.000,323.458,99,22465.7,2685,62,measure
2026-09-10T21:18:07.156+00:00,886.000,325.827,99,22465.7,2685,63,measure
2026-09-10T21:18:08.154+00:00,887.001,331.351,99,22465.7,2685,63,measure
2026-09-10T21:18:09.154+00:00,888.000,342.174,99,22465.7,2685,65,measure
2026-09-10T21:18:10.154+00:00,889.000,346.444,99,22465.7,2685,65,measure
2026-09-10T21:18:11.154+00:00,890.001,353.687,99,22465.7,2685,64,measure
2026-09-10T21:18:12.155+00:00,891.000,348.532,99,22465.7,2685,65,measure
2026-09-10T21:18:13.156+00:00,892.001,325.084,99,22465.7,2685,65,measure
2026-09-10T21:18:14.154+00:00,893.001,350.773,99,22465.7,2685,65,measure
2026-09-10T21:18:15.154+00:00,894.000,367.305,99,22465.7,2685,64,measure
2026-09-10T21:18:16.154+00:00,895.000,369.508,99,22465.7,2685,65,measure
2026-09-10T21:18:17.154+00:00,896.001,363.473,99,22465.7,2685,65,measure
2026-09-10T21:18:18.155+00:00,897.000,365.203,99,22465.7,2685,64,measure
2026-09-10T21:18:19.155+00:00,898.001,333.361,99,22465.7,2685,62,measure
2026-09-10T21:18:20.154+00:00,899.000,333.163,99,22465.7,2685,65,measure
2026-09-10T21:18:21.182+00:00,900.000,331.181,99,22465.7,2685,64,measure
2026-09-10T21:18:22.156+00:00,901.003,317.954,99,22465.7,2685,65,measure
2026-09-10T21:18:23.159+00:00,902.004,326.918,99,22465.7,2685,62,measure
2026-09-10T21:18:24.156+00:00,903.001,329.896,99,22465.7,2685,65,measure
2026-09-10T21:18:25.156+00:00,904.000,318.9,99,22465.7,2685,61,measure
2026-09-10T21:18:26.155+00:00,905.001,347.84,99,22465.7,2685,65,measure
2026-09-10T21:18:27.154+00:00,906.001,356.848,99,22465.7,2685,66,measure
2026-09-10T21:18:28.154+00:00,907.000,364.074,99,22465.7,2685,65,measure
2026-09-10T21:18:29.154+00:00,908.001,367.653,99,22465.7,2685,65,measure
2026-09-10T21:18:30.155+00:00,909.000,359.478,99,22465.7,2685,65,measure
2026-09-10T21:18:28.659+00:00,910.001,365.314,99,22465.7,2685,66,measure
2026-09-10T21:18:29.657+00:00,911.000,363.168,99,22465.7,2685,65,measure
2026-09-10T21:18:30.657+00:00,912.000,361.944,99,22465.7,2685,66,measure
2026-09-10T21:18:31.660+00:00,913.000,348.16,99,22465.7,2685,62,measure
2026-09-10T21:18:32.657+00:00,914.000,322.486,99,22465.7,2685,63,measure
2026-09-10T21:18:33.659+00:00,915.000,322.537,99,22465.7,2685,62,measure
2026-09-10T21:18:34.659+00:00,916.000,326.085,99,22465.7,2685,63,measure
2026-09-10T21:18:35.658+00:00,917.001,354.327,99,22465.7,2685,65,measure
2026-09-10T21:18:36.658+00:00,918.001,347.115,99,22465.7,2685,67,measure
2026-09-10T21:18:37.658+00:00,919.001,367.739,99,22465.7,2685,65,measure
2026-09-10T21:18:38.658+00:00,920.000,355.131,99,22465.7,2685,66,measure
2026-09-10T21:18:39.659+00:00,921.001,351.612,99,22465.7,2685,64,measure
2026-09-10T21:18:40.659+00:00,922.000,320.313,99,22465.7,2685,62,measure
2026-09-10T21:18:41.658+00:00,923.001,335.639,99,22465.7,2685,64,measure
2026-09-10T21:18:42.658+00:00,924.001,350.707,99,22465.7,2685,64,measure
2026-09-10T21:18:43.657+00:00,925.000,363.118,99,22465.7,2685,65,measure
2026-09-10T21:18:44.698+00:00,926.001,359.909,99,22465.7,2685,67,measure
2026-09-10T21:18:45.663+00:00,927.006,370.382,99,22465.7,2685,65,measure
2026-09-10T21:18:46.661+00:00,928.004,367.343,99,22465.7,2685,65,measure
2026-09-10T21:18:47.659+00:00,929.002,374.751,99,22465.7,2685,66,measure
2026-09-10T21:18:48.660+00:00,930.001,364.406,99,22465.7,2685,64,measure
2026-09-10T21:18:49.661+00:00,931.004,367.535,99,22465.7,2685,66,measure
2026-09-10T21:18:50.659+00:00,932.001,367.192,99,22465.7,2685,65,measure
2026-09-10T21:18:51.662+00:00,933.000,359.181,99,22465.7,2685,65,measure
2026-09-10T21:18:52.658+00:00,934.001,371.084,99,22465.7,2685,68,measure
2026-09-10T21:18:53.657+00:00,935.000,362.549,99,22465.7,2685,66,measure
2026-09-10T21:18:54.658+00:00,936.001,350.688,99,22465.7,2685,66,measure
2026-09-10T21:18:55.658+00:00,937.001,367.074,99,22465.7,2685,65,measure
2026-09-10T21:18:56.658+00:00,938.000,337.596,99,22465.7,2685,66,measure
2026-09-10T21:18:57.661+00:00,939.002,329.945,99,22465.7,2685,65,measure
2026-09-10T21:18:58.662+00:00,940.005,339.49,99,22465.7,2685,62,measure
2026-09-10T21:18:59.657+00:00,941.000,325.84,99,22465.7,2685,63,measure
2026-09-10T21:18:58.151+00:00,942.000,329.235,99,22465.7,2685,64,measure
2026-09-10T21:18:59.152+00:00,943.000,314.606,99,22465.7,2685,62,measure
2026-09-10T21:19:00.153+00:00,944.001,317.625,99,22465.7,2685,61,measure
2026-09-10T21:19:01.155+00:00,945.003,331.369,99,22465.7,2685,64,measure
2026-09-10T21:19:02.153+00:00,946.000,315.034,99,22465.7,2685,62,measure
2026-09-10T21:19:03.152+00:00,947.001,327.981,99,22465.7,2685,65,measure
2026-09-10T21:19:04.153+00:00,948.001,324.823,99,22465.7,2685,64,measure
2026-09-10T21:19:05.152+00:00,949.001,315.153,99,22465.7,2685,63,measure
2026-09-10T21:19:06.152+00:00,950.000,322.04,99,22465.7,2685,65,measure
2026-09-10T21:19:07.156+00:00,951.004,319.309,99,22465.7,2685,62,measure
2026-09-10T21:19:08.188+00:00,952.000,323.021,99,22465.7,2685,65,measure
2026-09-10T21:19:09.179+00:00,953.001,329.679,99,22465.7,2685,64,measure
2026-09-10T21:19:10.155+00:00,954.001,335.523,99,22465.7,2685,62,measure
2026-09-10T21:19:11.152+00:00,955.001,326.795,99,22465.7,2685,64,measure
2026-09-10T21:19:12.154+00:00,956.001,316.599,99,22465.7,2685,63,measure
2026-09-10T21:19:13.153+00:00,957.000,327.239,99,22465.7,2685,63,measure
2026-09-10T21:19:14.184+00:00,958.000,325.525,99,22465.7,2685,64,measure
2026-09-10T21:19:15.153+00:00,959.001,314.631,99,22465.7,2685,61,measure
2026-09-10T21:19:16.154+00:00,960.000,332.151,99,22465.7,2685,65,measure
2026-09-10T21:19:17.153+00:00,961.001,329.236,99,22465.7,2685,63,measure
2026-09-10T21:19:18.154+00:00,962.001,344.526,99,22465.7,2685,64,measure
2026-09-10T21:19:19.153+00:00,963.001,366.448,99,22465.7,2685,65,measure
2026-09-10T21:19:20.152+00:00,964.000,362.582,99,22465.7,2685,66,measure
2026-09-10T21:19:21.152+00:00,965.001,363.025,99,22465.7,2685,65,measure
2026-09-10T21:19:22.152+00:00,966.001,362.918,99,22465.7,2685,66,measure
2026-09-10T21:19:23.153+00:00,967.001,372.769,99,22465.7,2685,66,measure
2026-09-10T21:19:24.152+00:00,968.000,363.498,99,22465.7,2685,64,measure
2026-09-10T21:19:25.153+00:00,969.000,367.004,99,22465.7,2685,66,measure
2026-09-10T21:19:26.152+00:00,970.000,368.187,99,22465.7,2685,67,measure
2026-09-10T21:19:27.152+00:00,971.001,367.198,99,22465.7,2685,64,measure
2026-09-10T21:19:28.152+00:00,972.000,367.537,99,22465.7,2685,64,measure
2026-09-10T21:19:29.152+00:00,973.000,379.54,99,22465.7,2685,67,measure
2026-09-10T21:19:30.153+00:00,974.000,370.853,99,22465.7,2685,65,measure
2026-09-10T21:19:28.652+00:00,975.000,357.837,99,22465.7,2685,65,measure
2026-09-10T21:19:29.651+00:00,976.000,352.513,99,22465.7,2685,67,measure
2026-09-10T21:19:30.651+00:00,977.000,345.054,99,22465.7,2685,67,measure
2026-09-10T21:19:31.652+00:00,978.001,360.437,99,22465.7,2685,66,measure
2026-09-10T21:19:32.651+00:00,979.000,368.956,99,22465.7,2685,65,measure
2026-09-10T21:19:33.653+00:00,980.000,363.18,99,22465.7,2685,65,measure
2026-09-10T21:19:34.654+00:00,981.001,360.17,99,22465.7,2685,66,measure
2026-09-10T21:19:35.652+00:00,982.001,367.086,99,22465.7,2685,67,measure
2026-09-10T21:19:36.652+00:00,983.001,339.947,99,22465.7,2685,63,measure
2026-09-10T21:19:37.651+00:00,984.000,329.276,99,22465.7,2685,63,measure
2026-09-10T21:19:38.652+00:00,985.001,325.764,99,22465.7,2685,66,measure
2026-09-10T21:19:39.658+00:00,986.005,324.892,99,22465.7,2685,62,measure
2026-09-10T21:19:40.655+00:00,987.001,322.498,99,22465.7,2685,65,measure
2026-09-10T21:19:41.653+00:00,988.002,332.062,99,22465.7,2685,68,measure
2026-09-10T21:19:42.652+00:00,989.000,329.616,99,22465.7,2685,64,measure
2026-09-10T21:19:43.657+00:00,990.006,363.989,99,22465.7,2685,66,measure
2026-09-10T21:19:44.656+00:00,991.003,363.476,99,22465.7,2685,64,measure
2026-09-10T21:19:45.659+00:00,992.008,364.128,99,22465.7,2685,65,measure
2026-09-10T21:19:46.654+00:00,993.001,365.35,99,22465.7,2685,65,measure
2026-09-10T21:19:47.651+00:00,994.000,363.53,99,22465.7,2685,65,measure
2026-09-10T21:19:48.652+00:00,995.001,366.131,99,22465.7,2685,65,measure
2026-09-10T21:19:49.651+00:00,996.000,353.856,99,22465.7,2685,65,measure
2026-09-10T21:19:50.654+00:00,997.002,375.234,99,22465.7,2685,66,measure
2026-09-10T21:19:51.652+00:00,998.000,362.98,99,22465.7,2685,66,measure
2026-09-10T21:19:52.654+00:00,999.000,364.555,99,22465.7,2685,67,measure
2026-09-10T21:19:53.651+00:00,1000.001,365.851,99,22465.7,2685,66,measure
2026-09-10T21:19:54.651+00:00,1001.000,335.346,99,22465.7,2685,62,measure
2026-09-10T21:19:55.654+00:00,1002.003,333.191,99,22465.7,2685,65,measure
2026-09-10T21:19:56.652+00:00,1003.001,358.89,99,22465.7,2685,66,measure
2026-09-10T21:19:57.653+00:00,1004.000,364.559,99,22465.7,2685,65,measure
2026-09-10T21:19:58.653+00:00,1005.002,373.166,99,22465.7,2685,65,measure
2026-09-10T21:19:59.655+00:00,1006.004,381.071,99,22465.7,2685,68,measure
2026-09-10T21:19:58.149+00:00,1007.001,369.541,99,22465.7,2685,66,measure
2026-09-10T21:19:59.149+00:00,1008.001,363.558,99,22465.7,2685,66,measure
2026-09-10T21:20:00.149+00:00,1009.001,368.744,99,22465.7,2685,65,measure
2026-09-10T21:20:01.150+00:00,1010.001,338.144,99,22465.7,2685,63,measure
2026-09-10T21:20:02.150+00:00,1011.002,320.947,99,22465.7,2685,62,measure
2026-09-10T21:20:03.148+00:00,1012.001,301.483,99,22465.7,2685,63,measure
2026-09-10T21:20:04.149+00:00,1013.001,311.776,99,22465.7,2685,65,measure
2026-09-10T21:20:05.148+00:00,1014.000,322.649,99,22465.7,2685,65,measure
2026-09-10T21:20:06.149+00:00,1015.001,341.959,99,22465.7,2685,65,measure
2026-09-10T21:20:07.151+00:00,1016.002,343.548,99,22465.7,2685,65,measure
2026-09-10T21:20:08.150+00:00,1017.001,363.763,99,22465.7,2685,67,measure
2026-09-10T21:20:09.148+00:00,1018.000,368.868,99,22465.7,2685,65,measure
2026-09-10T21:20:10.148+00:00,1019.001,370.004,99,22465.7,2685,66,measure
2026-09-10T21:20:11.149+00:00,1020.001,374.238,99,22465.7,2685,67,measure
2026-09-10T21:20:12.148+00:00,1021.000,362.058,99,22465.7,2685,66,measure
2026-09-10T21:20:13.150+00:00,1022.001,357.578,99,22465.7,2685,64,measure
2026-09-10T21:20:14.150+00:00,1023.000,326.354,99,22465.7,2685,64,measure
2026-09-10T21:20:15.148+00:00,1024.000,323.089,99,22465.7,2685,64,measure
2026-09-10T21:20:16.193+00:00,1025.000,340.744,99,22465.7,2685,67,measure
2026-09-10T21:20:17.150+00:00,1026.002,341.571,99,22465.7,2685,66,measure
2026-09-10T21:20:18.149+00:00,1027.001,364.978,99,22465.7,2685,67,measure
2026-09-10T21:20:19.150+00:00,1028.001,358.285,99,22465.7,2685,65,measure
2026-09-10T21:20:20.149+00:00,1029.000,358.791,99,22465.7,2685,66,measure
2026-09-10T21:20:21.148+00:00,1030.000,340.905,99,22465.7,2685,61,measure
2026-09-10T21:20:22.148+00:00,1031.001,312.511,99,22465.7,2685,61,measure
2026-09-10T21:20:23.174+00:00,1032.000,315.643,99,22465.7,2685,63,measure
2026-09-10T21:20:24.149+00:00,1033.001,321.631,99,22465.7,2685,63,measure
2026-09-10T21:20:25.150+00:00,1034.000,320.932,99,22465.7,2685,61,measure
2026-09-10T21:20:26.205+00:00,1035.001,318.847,99,22465.7,2685,64,measure
2026-09-10T21:20:27.153+00:00,1036.005,335.925,99,22465.7,2685,65,measure
2026-09-10T21:20:28.152+00:00,1037.003,347.59,99,22465.7,2685,66,measure
2026-09-10T21:20:29.149+00:00,1038.001,348.309,99,22465.7,2685,66,measure
2026-09-10T21:20:30.148+00:00,1039.000,325.722,99,22465.7,2685,64,measure
2026-09-10T21:20:28.649+00:00,1040.000,337.96,99,22465.7,2685,63,measure
2026-09-10T21:20:29.645+00:00,1041.001,365.938,99,22465.7,2685,65,measure
2026-09-10T21:20:30.645+00:00,1042.001,379.548,99,22465.7,2685,66,measure
2026-09-10T21:20:31.645+00:00,1043.001,386.353,99,22465.7,2685,67,measure
2026-09-10T21:20:32.644+00:00,1044.000,391.368,99,22465.7,2685,68,measure
2026-09-10T21:20:33.644+00:00,1045.000,361.669,99,22465.7,2685,67,measure
2026-09-10T21:20:34.649+00:00,1046.002,371.251,99,22465.7,2685,66,measure
2026-09-10T21:20:35.645+00:00,1047.001,366.848,99,22465.7,2685,65,measure
2026-09-10T21:20:36.645+00:00,1048.001,348.729,99,22465.7,2685,66,measure
2026-09-10T21:20:37.644+00:00,1049.000,358.733,99,22465.7,2685,66,measure
2026-09-10T21:20:38.645+00:00,1050.001,328.713,99,22465.7,2685,61,measure
2026-09-10T21:20:39.687+00:00,1051.000,324.819,99,22465.7,2685,62,measure
2026-09-10T21:20:40.648+00:00,1052.001,334.526,99,22465.7,2685,63,measure
2026-09-10T21:20:41.645+00:00,1053.001,346.841,99,22465.7,2685,65,measure
2026-09-10T21:20:42.645+00:00,1054.001,373.166,99,22465.7,2685,65,measure
2026-09-10T21:20:43.645+00:00,1055.001,378.371,99,22465.7,2685,67,measure
2026-09-10T21:20:44.645+00:00,1056.001,373.053,99,22465.7,2685,66,measure
2026-09-10T21:20:45.647+00:00,1057.001,371.644,99,22465.7,2685,65,measure
2026-09-10T21:20:46.646+00:00,1058.000,364.817,99,22465.7,2685,65,measure
2026-09-10T21:20:47.645+00:00,1059.001,363.897,99,22465.7,2685,65,measure
2026-09-10T21:20:48.645+00:00,1060.001,366.621,99,22465.7,2685,67,measure
2026-09-10T21:20:49.645+00:00,1061.001,370.995,99,22465.7,2685,67,measure
2026-09-10T21:20:50.644+00:00,1062.001,366.443,99,22465.7,2685,66,measure
2026-09-10T21:20:51.645+00:00,1063.000,357.707,99,22465.7,2685,65,measure
2026-09-10T21:20:52.659+00:00,1064.000,327.812,85,22465.7,2685,61,measure
2026-09-10T21:20:53.645+00:00,1065.001,339.848,99,22465.7,2685,64,measure
2026-09-10T21:20:54.644+00:00,1066.000,342.021,99,22465.7,2685,62,measure
2026-09-10T21:20:55.647+00:00,1067.001,356.792,99,22465.7,2685,67,measure
2026-09-10T21:20:56.645+00:00,1068.001,352.898,99,22465.7,2685,65,measure
2026-09-10T21:20:57.645+00:00,1069.000,331.963,99,22465.7,2685,64,measure
2026-09-10T21:20:58.648+00:00,1070.004,312.962,99,22465.7,2685,62,measure
2026-09-10T21:20:59.645+00:00,1071.001,328.54,99,22465.7,2685,62,measure
2026-09-10T21:20:58.159+00:00,1072.000,343.356,99,22465.7,2685,64,measure
2026-09-10T21:20:59.161+00:00,1073.001,313.018,99,22465.7,2685,61,measure
2026-09-10T21:21:00.161+00:00,1074.001,336.613,99,22465.7,2685,65,measure
2026-09-10T21:21:01.161+00:00,1075.001,337.291,99,22465.7,2685,62,measure
2026-09-10T21:21:02.161+00:00,1076.000,345.085,99,22465.7,2685,66,measure
2026-09-10T21:21:03.161+00:00,1077.001,379.098,99,22465.7,2685,67,measure
2026-09-10T21:21:04.160+00:00,1078.000,383.386,99,22465.7,2685,66,measure
2026-09-10T21:21:05.159+00:00,1079.000,387.963,99,22465.7,2685,68,measure
2026-09-10T21:21:06.161+00:00,1080.002,385.543,99,22465.7,2685,67,measure
2026-09-10T21:21:07.161+00:00,1081.000,376.551,99,22465.7,2685,68,measure
2026-09-10T21:21:08.218+00:00,1082.001,372.086,99,22465.7,2685,66,measure
2026-09-10T21:21:09.160+00:00,1083.000,355.316,99,22465.7,2685,67,measure
2026-09-10T21:21:10.188+00:00,1084.002,329.641,99,22465.7,2685,63,measure
2026-09-10T21:21:11.164+00:00,1085.001,323.763,99,22465.7,2685,65,measure
2026-09-10T21:21:12.159+00:00,1086.000,332.41,99,22465.7,2685,66,measure
2026-09-10T21:21:13.161+00:00,1087.000,363.175,99,22465.7,2685,66,measure
2026-09-10T21:21:14.162+00:00,1088.001,365.029,99,22465.7,2685,65,measure
2026-09-10T21:21:15.160+00:00,1089.000,357.411,99,22465.7,2685,65,measure
2026-09-10T21:21:16.169+00:00,1090.002,337.214,99,22465.7,2685,66,measure
2026-09-10T21:21:17.160+00:00,1091.000,328.556,99,22465.7,2685,66,measure
2026-09-10T21:21:18.160+00:00,1092.001,317.473,99,22465.7,2685,61,measure
2026-09-10T21:21:19.162+00:00,1093.001,325.048,99,22465.7,2685,62,measure
2026-09-10T21:21:20.177+00:00,1094.017,328.078,99,22465.7,2685,64,measure
2026-09-10T21:21:21.160+00:00,1095.001,326.254,99,22465.7,2685,65,measure
2026-09-10T21:21:22.160+00:00,1096.001,331.791,99,22465.7,2685,66,measure
2026-09-10T21:21:23.161+00:00,1097.002,328.679,99,22465.7,2685,64,measure
2026-09-10T21:21:24.160+00:00,1098.001,328.173,99,22465.7,2685,65,measure
2026-09-10T21:21:25.162+00:00,1099.001,312.753,99,22465.7,2685,65,measure
2026-09-10T21:21:26.176+00:00,1100.001,323.309,99,22465.7,2685,61,measure
2026-09-10T21:21:27.160+00:00,1101.001,327.445,99,22465.7,2685,65,measure
2026-09-10T21:21:28.160+00:00,1102.001,360.913,99,22465.7,2685,65,measure
2026-09-10T21:21:29.160+00:00,1103.000,368.557,99,22465.7,2685,66,measure
2026-09-10T21:21:30.160+00:00,1104.001,368.189,99,22465.7,2685,66,measure
2026-09-10T21:21:28.663+00:00,1105.000,384.098,99,22465.7,2685,68,measure
2026-09-10T21:21:29.663+00:00,1106.000,373.73,99,22465.7,2685,65,measure
2026-09-10T21:21:30.661+00:00,1107.001,361.624,99,22465.7,2685,67,measure
2026-09-10T21:21:31.661+00:00,1108.000,359.144,99,22465.7,2685,67,measure
2026-09-10T21:21:32.662+00:00,1109.001,350.494,99,22465.7,2685,65,measure
2026-09-10T21:21:33.662+00:00,1110.001,366.802,99,22465.7,2685,64,measure
2026-09-10T21:21:34.663+00:00,1111.000,363.704,99,22465.7,2685,67,measure
2026-09-10T21:21:35.663+00:00,1112.000,363.45,99,22465.7,2685,67,measure
2026-09-10T21:21:36.661+00:00,1113.001,365.23,99,22465.7,2685,65,measure
2026-09-10T21:21:37.661+00:00,1114.000,358.264,99,22465.7,2685,66,measure
2026-09-10T21:21:38.662+00:00,1115.001,357.724,99,22465.7,2685,65,measure
2026-09-10T21:21:39.661+00:00,1116.000,335.138,99,22465.7,2685,64,measure
2026-09-10T21:21:40.663+00:00,1117.001,329.2,99,22465.7,2685,66,measure
2026-09-10T21:21:41.663+00:00,1118.001,323.292,99,22465.7,2685,62,measure
2026-09-10T21:21:42.662+00:00,1119.001,330.445,99,22465.7,2685,65,measure
2026-09-10T21:21:43.661+00:00,1120.000,330.032,99,22465.7,2685,63,measure
2026-09-10T21:21:44.661+00:00,1121.000,351.562,99,22465.7,2685,65,measure
2026-09-10T21:21:45.661+00:00,1122.000,352.941,99,22465.7,2685,65,measure
2026-09-10T21:21:46.663+00:00,1123.000,345.055,99,22465.7,2685,65,measure
2026-09-10T21:21:47.663+00:00,1124.001,333.596,99,22465.7,2685,65,measure
2026-09-10T21:21:48.661+00:00,1125.000,334.665,99,22465.7,2685,65,measure
2026-09-10T21:21:49.661+00:00,1126.000,334.639,99,22465.7,2685,62,measure
2026-09-10T21:21:50.662+00:00,1127.001,325.937,99,22465.7,2685,64,measure
2026-09-10T21:21:51.662+00:00,1128.001,311.102,99,22465.7,2685,61,measure
2026-09-10T21:21:52.667+00:00,1129.001,319.129,99,22465.7,2685,64,measure
2026-09-10T21:21:53.662+00:00,1130.001,306.163,99,22465.7,2685,63,measure
2026-09-10T21:21:54.661+00:00,1131.000,319.642,99,22465.7,2685,62,measure
2026-09-10T21:21:55.667+00:00,1132.001,315.325,99,22465.7,2685,61,measure
2026-09-10T21:21:56.661+00:00,1133.000,322.952,99,22465.7,2685,65,measure
2026-09-10T21:21:57.663+00:00,1134.001,339.793,99,22465.7,2685,65,measure
2026-09-10T21:21:58.663+00:00,1135.000,357.404,99,22465.7,2685,67,measure
2026-09-10T21:21:59.662+00:00,1136.000,363.868,99,22465.7,2685,66,measure
2026-09-10T21:21:58.170+00:00,1137.000,352.341,99,22465.7,2685,65,measure
2026-09-10T21:21:59.158+00:00,1138.000,336.214,99,22465.7,2685,62,measure
2026-09-10T21:22:00.158+00:00,1139.000,314.778,99,22465.7,2685,62,measure
2026-09-10T21:22:01.202+00:00,1140.001,305.131,100,22465.7,2685,67,measure
2026-09-10T21:22:02.160+00:00,1141.000,347.431,99,22465.7,2685,64,measure
2026-09-10T21:22:03.159+00:00,1142.001,352.874,99,22465.7,2685,64,measure
2026-09-10T21:22:04.158+00:00,1143.000,376.988,99,22465.7,2685,66,measure
2026-09-10T21:22:05.161+00:00,1144.000,381.146,99,22465.7,2685,68,measure
2026-09-10T21:22:06.205+00:00,1145.001,368.768,99,22465.7,2685,67,measure
2026-09-10T21:22:07.158+00:00,1146.000,366.611,99,22465.7,2685,65,measure
2026-09-10T21:22:08.163+00:00,1147.001,362.852,99,22465.7,2685,66,measure
2026-09-10T21:22:09.159+00:00,1148.000,358.051,99,22465.7,2685,65,measure
2026-09-10T21:22:10.158+00:00,1149.000,352.879,99,22465.7,2685,63,measure
2026-09-10T21:22:11.158+00:00,1150.000,363.042,99,22465.7,2685,67,measure
2026-09-10T21:22:12.159+00:00,1151.001,363.059,99,22465.7,2685,66,measure
2026-09-10T21:22:13.158+00:00,1152.000,353.974,99,22465.7,2685,66,measure
2026-09-10T21:22:14.172+00:00,1153.000,357.322,99,22465.7,2685,67,measure
2026-09-10T21:22:15.159+00:00,1154.000,330.235,99,22465.7,2685,63,measure
2026-09-10T21:22:16.159+00:00,1155.001,306.545,99,22465.7,2685,61,measure
2026-09-10T21:22:17.160+00:00,1156.001,310.062,99,22465.7,2685,62,measure
2026-09-10T21:22:18.158+00:00,1157.000,306.762,99,22465.7,2685,61,measure
2026-09-10T21:22:19.159+00:00,1158.001,327.345,99,22465.7,2685,63,measure
2026-09-10T21:22:20.160+00:00,1159.000,316.601,99,22465.7,2685,61,measure
2026-09-10T21:22:21.159+00:00,1160.000,338.378,99,22465.7,2685,66,measure
2026-09-10T21:22:22.158+00:00,1161.000,333.694,99,22465.7,2685,65,measure
2026-09-10T21:22:23.186+00:00,1162.000,352.89,99,22465.7,2685,65,measure
2026-09-10T21:22:24.158+00:00,1163.000,359.882,99,22465.7,2685,65,measure
2026-09-10T21:22:25.166+00:00,1164.006,359.752,99,22465.7,2685,66,measure
2026-09-10T21:22:26.159+00:00,1165.000,367.436,99,22465.7,2685,65,measure
2026-09-10T21:22:27.159+00:00,1166.000,372.126,99,22465.7,2685,67,measure
2026-09-10T21:22:28.158+00:00,1167.000,373.427,99,22465.7,2685,65,measure
2026-09-10T21:22:29.184+00:00,1168.002,385.098,99,22465.7,2685,68,measure
2026-09-10T21:22:30.159+00:00,1169.001,372.378,99,22465.7,2685,69,measure
2026-09-10T21:22:28.666+00:00,1170.004,367.544,99,22465.7,2685,67,measure
2026-09-10T21:22:29.665+00:00,1171.002,359.9,99,22465.7,2685,66,measure
2026-09-10T21:22:30.667+00:00,1172.006,367.102,99,22465.7,2685,67,measure
2026-09-10T21:22:31.662+00:00,1173.001,364.883,99,22465.7,2685,67,measure
2026-09-10T21:22:32.665+00:00,1174.004,364.98,99,22465.7,2685,65,measure
2026-09-10T21:22:33.661+00:00,1175.000,367.33,99,22465.7,2685,65,measure
2026-09-10T21:22:34.662+00:00,1176.000,373.56,99,22465.7,2685,66,measure
2026-09-10T21:22:35.663+00:00,1177.001,363.051,99,22465.7,2685,67,measure
2026-09-10T21:22:36.661+00:00,1178.000,364.463,99,22465.7,2685,67,measure
2026-09-10T21:22:37.661+00:00,1179.000,365.893,99,22465.7,2685,67,measure
2026-09-10T21:22:38.661+00:00,1180.000,353.291,99,22465.7,2685,66,measure
2026-09-10T21:22:39.661+00:00,1181.000,372.116,99,22465.7,2685,68,measure
2026-09-10T21:22:40.662+00:00,1182.000,380.697,99,22465.7,2685,67,measure
2026-09-10T21:22:41.662+00:00,1183.000,384.039,99,22465.7,2685,67,measure
2026-09-10T21:22:42.661+00:00,1184.000,366.387,99,22465.7,2685,66,measure
2026-09-10T21:22:43.661+00:00,1185.001,367.37,99,22465.7,2685,66,measure
2026-09-10T21:22:44.661+00:00,1186.000,345.073,99,22465.7,2685,65,measure
2026-09-10T21:22:45.661+00:00,1187.001,342.304,99,22465.7,2685,66,measure
2026-09-10T21:22:46.662+00:00,1188.001,375.471,99,22465.7,2685,68,measure
2026-09-10T21:22:47.664+00:00,1189.001,361.644,99,22465.7,2685,66,measure
2026-09-10T21:22:48.663+00:00,1190.002,367.108,99,22465.7,2685,67,measure
2026-09-10T21:22:49.661+00:00,1191.000,349.035,99,22465.7,2685,63,measure
2026-09-10T21:22:50.661+00:00,1192.000,324.955,99,22465.7,2685,68,measure
2026-09-10T21:22:51.661+00:00,1193.001,367.59,99,22465.7,2685,68,measure
2026-09-10T21:22:52.663+00:00,1194.001,361.604,99,22465.7,2685,65,measure
2026-09-10T21:22:53.663+00:00,1195.001,362.117,99,22465.7,2685,66,measure
2026-09-10T21:22:54.667+00:00,1196.006,345.491,99,22465.7,2685,66,measure
2026-09-10T21:22:55.663+00:00,1197.002,348.116,99,22465.7,2685,66,measure
2026-09-10T21:22:56.707+00:00,1198.005,324.438,99,22465.7,2685,65,measure
2026-09-10T21:22:57.666+00:00,1199.004,330.207,99,22465.7,2685,62,measure
2026-09-10T21:22:58.668+00:00,1200.007,324.65,99,22465.7,2685,63,measure
2026-09-10T21:22:59.664+00:00,1201.004,334.837,99,22465.7,2685,65,measure
2026-09-10T21:22:58.193+00:00,1202.034,351.268,99,22465.7,2685,65,measure
2026-09-10T21:22:59.163+00:00,1203.004,360.815,99,22465.7,2685,66,measure
2026-09-10T21:23:00.185+00:00,1204.026,357.086,99,22465.7,2685,67,measure
2026-09-10T21:23:01.160+00:00,1205.000,336.705,99,22465.7,2685,66,measure
2026-09-10T21:23:02.161+00:00,1206.001,331.518,99,22465.7,2685,63,measure
2026-09-10T21:23:03.162+00:00,1207.000,329.908,99,22465.7,2685,66,measure
2026-09-10T21:23:04.210+00:00,1208.001,329.497,99,22465.7,2685,64,measure
2026-09-10T21:23:05.160+00:00,1209.000,349.28,99,22465.7,2685,63,measure
2026-09-10T21:23:06.160+00:00,1210.001,372.522,99,22465.7,2685,67,measure
2026-09-10T21:23:07.160+00:00,1211.001,362.331,99,22465.7,2685,67,measure
2026-09-10T21:23:08.162+00:00,1212.001,369.503,99,22465.7,2685,68,measure
2026-09-10T21:23:09.160+00:00,1213.001,361.695,99,22465.7,2685,66,measure
2026-09-10T21:23:10.159+00:00,1214.000,356.638,99,22465.7,2685,66,measure
2026-09-10T21:23:11.160+00:00,1215.001,332.786,99,22465.7,2685,62,measure
2026-09-10T21:23:12.160+00:00,1216.001,322.727,99,22465.7,2685,63,measure
2026-09-10T21:23:13.161+00:00,1217.001,321.071,99,22465.7,2685,64,measure
2026-09-10T21:23:14.161+00:00,1218.000,337.481,99,22465.7,2685,64,measure
2026-09-10T21:23:15.161+00:00,1219.001,354.424,99,22465.7,2685,66,measure
2026-09-10T21:23:16.162+00:00,1220.002,364.1,99,22465.7,2685,65,measure
2026-09-10T21:23:17.160+00:00,1221.001,367.617,99,22465.7,2685,70,measure
2026-09-10T21:23:18.160+00:00,1222.001,367.612,99,22465.7,2685,66,measure
2026-09-10T21:23:19.160+00:00,1223.001,359.229,99,22465.7,2685,65,measure
2026-09-10T21:23:20.161+00:00,1224.001,361.606,99,22465.7,2685,67,measure
2026-09-10T21:23:21.161+00:00,1225.000,338.205,99,22465.7,2685,67,measure
2026-09-10T21:23:22.160+00:00,1226.001,344.298,99,22465.7,2685,66,measure
2026-09-10T21:23:23.160+00:00,1227.001,353.329,99,22465.7,2685,65,measure
2026-09-10T21:23:24.160+00:00,1228.000,362.225,99,22465.7,2685,65,measure
2026-09-10T21:23:25.162+00:00,1229.002,374.254,99,22465.7,2685,66,measure
2026-09-10T21:23:26.161+00:00,1230.001,380.768,99,22465.7,2685,68,measure
2026-09-10T21:23:27.161+00:00,1231.002,373.856,99,22465.7,2685,65,measure
2026-09-10T21:23:28.161+00:00,1232.001,363.606,99,22465.7,2685,67,measure
2026-09-10T21:23:29.161+00:00,1233.001,362.673,99,22465.7,2685,66,measure
2026-09-10T21:23:30.160+00:00,1234.000,333.698,99,22465.7,2685,66,measure
2026-09-10T21:23:28.676+00:00,1235.001,324.705,99,22465.7,2685,64,measure
2026-09-10T21:23:29.677+00:00,1236.001,328.06,99,22465.7,2685,63,measure
2026-09-10T21:23:30.687+00:00,1237.001,318.256,99,22465.7,2685,62,measure
2026-09-10T21:23:31.676+00:00,1238.001,322.744,99,22465.7,2685,62,measure
2026-09-10T21:23:32.678+00:00,1239.003,315.701,99,22465.7,2685,64,measure
2026-09-10T21:23:33.681+00:00,1240.006,323.607,99,22465.7,2685,66,measure
2026-09-10T21:23:34.677+00:00,1241.001,328.12,99,22465.7,2685,62,measure
2026-09-10T21:23:35.679+00:00,1242.002,333.79,99,22465.7,2685,66,measure
2026-09-10T21:23:36.677+00:00,1243.002,361.606,99,22465.7,2685,66,measure
2026-09-10T21:23:37.676+00:00,1244.001,363.642,99,22465.7,2685,65,measure
2026-09-10T21:23:38.676+00:00,1245.001,357.993,99,22465.7,2685,67,measure
2026-09-10T21:23:39.676+00:00,1246.001,342.09,99,22465.7,2685,67,measure
2026-09-10T21:23:40.676+00:00,1247.001,313.652,99,22465.7,2685,65,measure
2026-09-10T21:23:41.677+00:00,1248.000,310.661,99,22465.7,2685,63,measure
2026-09-10T21:23:42.676+00:00,1249.000,311.948,99,22465.7,2685,63,measure
2026-09-10T21:23:43.676+00:00,1250.001,321.491,99,22465.7,2685,64,measure
2026-09-10T21:23:44.679+00:00,1251.002,321.791,99,22465.7,2685,62,measure
2026-09-10T21:23:45.676+00:00,1252.001,328.58,99,22465.7,2685,63,measure
2026-09-10T21:23:46.676+00:00,1253.001,337.534,99,22465.7,2685,65,measure
2026-09-10T21:23:47.680+00:00,1254.000,342.971,99,22465.7,2685,66,measure
2026-09-10T21:23:48.675+00:00,1255.000,353.701,99,22465.7,2685,65,measure
2026-09-10T21:23:49.678+00:00,1256.002,364.233,99,22465.7,2685,66,measure
2026-09-10T21:23:50.677+00:00,1257.002,348.156,99,22465.7,2685,67,measure
2026-09-10T21:23:51.678+00:00,1258.002,335.371,99,22465.7,2685,63,measure
2026-09-10T21:23:52.678+00:00,1259.002,304.129,99,22465.7,2685,65,measure
2026-09-10T21:23:53.680+00:00,1260.000,310.885,99,22465.7,2685,62,measure
2026-09-10T21:23:54.676+00:00,1261.001,317.995,99,22465.7,2685,62,measure
2026-09-10T21:23:55.678+00:00,1262.003,325.636,99,22465.7,2685,65,measure
2026-09-10T21:23:56.675+00:00,1263.000,321.579,99,22465.7,2685,63,measure
2026-09-10T21:23:57.675+00:00,1264.000,320.433,99,22465.7,2685,66,measure
2026-09-10T21:23:58.679+00:00,1265.003,335.142,99,22465.7,2685,66,measure
2026-09-10T21:23:59.714+00:00,1266.002,330.186,99,22465.7,2685,63,measure
2026-09-10T21:23:58.181+00:00,1267.000,320.647,99,22465.7,2685,63,measure
2026-09-10T21:23:59.180+00:00,1268.001,323.001,99,22465.7,2685,61,measure
2026-09-10T21:24:00.181+00:00,1269.002,316.452,99,22465.7,2685,65,measure
2026-09-10T21:24:01.179+00:00,1270.001,336.15,99,22465.7,2685,64,measure
2026-09-10T21:24:02.183+00:00,1271.002,355.164,99,22465.7,2685,65,measure
2026-09-10T21:24:03.183+00:00,1272.002,354.145,99,22465.7,2685,64,measure
2026-09-10T21:24:04.179+00:00,1273.000,336.288,99,22465.7,2685,65,measure
2026-09-10T21:24:05.183+00:00,1274.000,321.786,99,22465.7,2685,65,measure
2026-09-10T21:24:06.179+00:00,1275.001,339.706,99,22465.7,2685,65,measure
2026-09-10T21:24:07.179+00:00,1276.000,361.177,99,22465.7,2685,64,measure
2026-09-10T21:24:08.184+00:00,1277.004,362.293,99,22465.7,2685,65,measure
2026-09-10T21:24:09.181+00:00,1278.000,358.279,99,22465.7,2685,65,measure
2026-09-10T21:24:10.179+00:00,1279.000,342.174,99,22465.7,2685,62,measure
2026-09-10T21:24:11.182+00:00,1280.003,333.911,99,22465.7,2685,66,measure
2026-09-10T21:24:12.182+00:00,1281.001,334.753,99,22465.7,2685,62,measure
2026-09-10T21:24:13.179+00:00,1282.000,327.815,99,22465.7,2685,64,measure
2026-09-10T21:24:14.200+00:00,1283.001,328.222,99,22465.7,2685,64,measure
2026-09-10T21:24:15.182+00:00,1284.003,345.369,99,22465.7,2685,65,measure
2026-09-10T21:24:16.179+00:00,1285.000,350.628,99,22465.7,2685,65,measure
2026-09-10T21:24:17.179+00:00,1286.001,370.556,99,22465.7,2685,66,measure
2026-09-10T21:24:18.179+00:00,1287.001,368.934,99,22465.7,2685,66,measure
2026-09-10T21:24:19.179+00:00,1288.000,363.003,99,22465.7,2685,65,measure
2026-09-10T21:24:20.198+00:00,1289.000,352.204,99,22465.7,2685,65,measure
2026-09-10T21:24:21.183+00:00,1290.001,333.398,99,22465.7,2685,62,measure
2026-09-10T21:24:22.179+00:00,1291.000,326.338,99,22465.7,2685,62,measure
2026-09-10T21:24:23.179+00:00,1292.000,322.511,99,22465.7,2685,64,measure
2026-09-10T21:24:24.181+00:00,1293.002,313.927,99,22465.7,2685,61,measure
2026-09-10T21:24:25.179+00:00,1294.000,312.964,99,22465.7,2685,64,measure
2026-09-10T21:24:26.180+00:00,1295.000,315.761,99,22465.7,2685,62,measure
2026-09-10T21:24:27.181+00:00,1296.002,337.306,99,22465.7,2685,65,measure
2026-09-10T21:24:28.179+00:00,1297.001,324.662,99,22465.7,2685,65,measure
2026-09-10T21:24:29.180+00:00,1298.002,354.893,99,22465.7,2685,66,measure
2026-09-10T21:24:27.700+00:00,1299.001,370.826,99,22465.7,2685,68,measure
2026-09-10T21:24:28.701+00:00,1300.002,361.871,99,22465.7,2685,64,measure
2026-09-10T21:24:29.706+00:00,1301.001,360.73,99,22465.7,2685,64,measure
2026-09-10T21:24:30.754+00:00,1302.003,347.765,99,22465.7,2685,65,measure
2026-09-10T21:24:31.700+00:00,1303.001,324.332,99,22465.7,2685,63,measure
2026-09-10T21:24:32.700+00:00,1304.001,321.155,99,22465.7,2685,63,measure
2026-09-10T21:24:33.703+00:00,1305.001,325.97,99,22465.7,2685,63,measure
2026-09-10T21:24:34.699+00:00,1306.000,341.027,99,22465.7,2685,66,measure
2026-09-10T21:24:35.754+00:00,1307.001,328.805,99,22465.7,2685,62,measure
2026-09-10T21:24:36.702+00:00,1308.000,321.084,99,22465.7,2685,64,measure
2026-09-10T21:24:37.731+00:00,1309.000,322.898,99,22465.7,2685,64,measure
2026-09-10T21:24:38.700+00:00,1310.001,317.078,99,22465.7,2685,65,measure
2026-09-10T21:24:39.701+00:00,1311.000,319.403,99,22465.7,2685,65,measure
2026-09-10T21:24:40.699+00:00,1312.000,330.946,99,22465.7,2685,64,measure
2026-09-10T21:24:41.700+00:00,1313.000,327.897,99,22465.7,2685,64,measure
2026-09-10T21:24:42.702+00:00,1314.000,341.051,99,22465.7,2685,67,measure
2026-09-10T21:24:43.703+00:00,1315.004,376.082,99,22465.7,2685,69,measure
2026-09-10T21:24:44.701+00:00,1316.002,376.488,99,22465.7,2685,68,measure
2026-09-10T21:24:45.699+00:00,1317.000,383.482,99,22465.7,2685,67,measure
2026-09-10T21:24:46.700+00:00,1318.001,376.992,99,22465.7,2685,66,measure
2026-09-10T21:24:47.703+00:00,1319.003,372.275,99,22465.7,2685,67,measure
2026-09-10T21:24:48.701+00:00,1320.002,356.55,99,22465.7,2685,65,measure
2026-09-10T21:24:49.705+00:00,1321.006,334.366,99,22465.7,2685,64,measure
2026-09-10T21:24:50.701+00:00,1322.002,322.076,99,22465.7,2685,63,measure
2026-09-10T21:24:51.707+00:00,1323.007,309.45,99,22465.7,2685,62,measure
2026-09-10T21:24:52.740+00:00,1324.000,329.029,99,22465.7,2685,66,measure
2026-09-10T21:24:53.719+00:00,1325.000,323.141,99,22465.7,2685,65,measure
2026-09-10T21:24:54.701+00:00,1326.000,317.083,99,22465.7,2685,62,measure
2026-09-10T21:24:55.701+00:00,1327.002,324.501,99,22465.7,2685,62,measure
2026-09-10T21:24:56.700+00:00,1328.001,310.369,99,22465.7,2685,63,measure
2026-09-10T21:24:57.702+00:00,1329.003,302.967,99,22465.7,2685,63,measure
2026-09-10T21:24:58.728+00:00,1330.003,328.554,99,22465.7,2685,64,measure
2026-09-10T21:24:59.701+00:00,1331.001,348.934,99,22465.7,2685,66,measure
2026-09-10T21:24:58.206+00:00,1332.007,358.903,99,22465.7,2685,65,measure
2026-09-10T21:24:59.200+00:00,1333.000,361.189,99,22465.7,2685,65,measure
2026-09-10T21:25:00.201+00:00,1334.001,338.551,99,22465.7,2685,64,measure
2026-09-10T21:25:01.200+00:00,1335.000,327.281,99,22465.7,2685,65,measure
2026-09-10T21:25:02.201+00:00,1336.001,339.044,99,22465.7,2685,65,measure
2026-09-10T21:25:03.202+00:00,1337.001,315.999,99,22465.7,2685,65,measure
2026-09-10T21:25:04.202+00:00,1338.002,333.024,99,22465.7,2685,65,measure
2026-09-10T21:25:05.203+00:00,1339.003,348.56,99,22465.7,2685,65,measure
2026-09-10T21:25:06.201+00:00,1340.001,361.366,99,22465.7,2685,67,measure
2026-09-10T21:25:07.202+00:00,1341.002,371.818,99,22465.7,2685,66,measure
2026-09-10T21:25:08.207+00:00,1342.006,363.11,99,22465.7,2685,67,measure
2026-09-10T21:25:09.203+00:00,1343.002,375.69,99,22465.7,2685,68,measure
2026-09-10T21:25:10.203+00:00,1344.003,373.497,99,22465.7,2685,67,measure
2026-09-10T21:25:11.201+00:00,1345.001,367.93,99,22465.7,2685,68,measure
2026-09-10T21:25:12.200+00:00,1346.000,376.01,99,22465.7,2685,66,measure
2026-09-10T21:25:13.200+00:00,1347.001,376.311,99,22465.7,2685,66,measure
2026-09-10T21:25:14.200+00:00,1348.000,375.258,99,22465.7,2685,65,measure
2026-09-10T21:25:15.204+00:00,1349.001,377.848,99,22465.7,2685,67,measure
2026-09-10T21:25:16.202+00:00,1350.001,371.359,99,22465.7,2685,65,measure
2026-09-10T21:25:17.202+00:00,1351.002,376.853,99,22465.7,2685,67,measure
2026-09-10T21:25:18.202+00:00,1352.002,374.241,99,22465.7,2685,67,measure
2026-09-10T21:25:19.201+00:00,1353.001,364.202,99,22465.7,2685,66,measure
2026-09-10T21:25:20.202+00:00,1354.001,386.527,99,22465.7,2685,69,measure
2026-09-10T21:25:21.202+00:00,1355.000,386.458,99,22465.7,2685,67,measure
2026-09-10T21:25:22.201+00:00,1356.001,368.257,99,22465.7,2685,66,measure
2026-09-10T21:25:23.200+00:00,1357.000,375.943,99,22465.7,2685,69,measure
2026-09-10T21:25:24.201+00:00,1358.000,363.613,99,22465.7,2685,66,measure
2026-09-10T21:25:25.201+00:00,1359.002,364.603,99,22465.7,2685,66,measure
2026-09-10T21:25:26.201+00:00,1360.000,357.338,99,22465.7,2685,66,measure
2026-09-10T21:25:27.205+00:00,1361.005,333.992,99,22465.7,2685,63,measure
2026-09-10T21:25:28.215+00:00,1362.001,329.59,99,22465.7,2685,66,measure
2026-09-10T21:25:29.208+00:00,1363.008,320.465,99,22465.7,2685,63,measure
2026-09-10T21:25:27.701+00:00,1364.002,321.496,99,22465.7,2685,64,measure
2026-09-10T21:25:28.743+00:00,1365.009,319.637,99,22465.7,2685,67,measure
2026-09-10T21:25:29.701+00:00,1366.001,349.274,99,22465.7,2685,67,measure
2026-09-10T21:25:30.701+00:00,1367.000,359.546,99,22465.7,2685,66,measure
2026-09-10T21:25:31.700+00:00,1368.000,365.238,99,22465.7,2685,67,measure
2026-09-10T21:25:32.700+00:00,1369.001,365.177,99,22465.7,2685,66,measure
2026-09-10T21:25:33.700+00:00,1370.001,355.927,99,22465.7,2685,66,measure
2026-09-10T21:25:34.700+00:00,1371.001,365.494,99,22465.7,2685,66,measure
2026-09-10T21:25:35.703+00:00,1372.003,365.212,99,22465.7,2685,68,measure
2026-09-10T21:25:36.701+00:00,1373.000,364.434,99,22465.7,2685,67,measure
2026-09-10T21:25:37.700+00:00,1374.000,359.145,99,22465.7,2685,65,measure
2026-09-10T21:25:38.699+00:00,1375.000,361.847,99,22465.7,2685,66,measure
2026-09-10T21:25:39.699+00:00,1376.000,346.965,99,22465.7,2685,66,measure
2026-09-10T21:25:40.700+00:00,1377.001,344.412,99,22465.7,2685,66,measure
2026-09-10T21:25:41.702+00:00,1378.002,331.087,99,22465.7,2685,66,measure
2026-09-10T21:25:42.703+00:00,1379.003,319.331,99,22465.7,2685,62,measure
2026-09-10T21:25:43.700+00:00,1380.001,319.084,99,22465.7,2685,65,measure
2026-09-10T21:25:44.700+00:00,1381.001,342.392,99,22465.7,2685,66,measure
2026-09-10T21:25:45.699+00:00,1382.000,321.47,99,22465.7,2685,65,measure
2026-09-10T21:25:46.699+00:00,1383.000,326.579,99,22465.7,2685,62,measure
2026-09-10T21:25:47.700+00:00,1384.001,325.483,99,22465.7,2685,66,measure
2026-09-10T21:25:48.706+00:00,1385.007,315.133,99,22465.7,2685,61,measure
2026-09-10T21:25:49.699+00:00,1386.000,328.435,99,22465.7,2685,63,measure
2026-09-10T21:25:50.699+00:00,1387.000,332.758,99,22465.7,2685,64,measure
2026-09-10T21:25:51.701+00:00,1388.000,344.922,99,22465.7,2685,64,measure
2026-09-10T21:25:52.699+00:00,1389.000,369.145,99,22465.7,2685,66,measure
2026-09-10T21:25:53.707+00:00,1390.004,367.521,99,22465.7,2685,65,measure
2026-09-10T21:25:54.703+00:00,1391.000,380.117,99,22465.7,2685,67,measure
2026-09-10T21:25:55.699+00:00,1392.000,380.609,99,22465.7,2685,68,measure
2026-09-10T21:25:56.699+00:00,1393.000,366.909,99,22465.7,2685,68,measure
2026-09-10T21:25:57.700+00:00,1394.001,363.221,99,22465.7,2685,67,measure
2026-09-10T21:25:58.700+00:00,1395.001,365.657,99,22465.7,2685,68,measure
2026-09-10T21:25:59.706+00:00,1396.003,339.527,99,22465.7,2685,63,measure
2026-09-10T21:25:58.203+00:00,1397.003,340.518,99,22465.7,2685,65,measure
2026-09-10T21:25:59.202+00:00,1398.003,317.699,99,22465.7,2685,61,measure
2026-09-10T21:26:00.200+00:00,1399.001,336.316,99,22465.7,2685,65,measure
2026-09-10T21:26:01.200+00:00,1400.001,358.358,99,22465.7,2685,68,measure
2026-09-10T21:26:02.200+00:00,1401.000,364.448,99,22465.7,2685,65,measure
2026-09-10T21:26:03.201+00:00,1402.000,367.124,99,22465.7,2685,68,measure
2026-09-10T21:26:04.203+00:00,1403.000,363.55,99,22465.7,2685,67,measure
2026-09-10T21:26:05.204+00:00,1404.004,360.658,99,22465.7,2685,66,measure
2026-09-10T21:26:06.201+00:00,1405.001,365.813,99,22465.7,2685,66,measure
2026-09-10T21:26:07.206+00:00,1406.006,368.583,99,22465.7,2685,67,measure
2026-09-10T21:26:08.201+00:00,1407.001,362.085,99,22465.7,2685,66,measure
2026-09-10T21:26:09.203+00:00,1408.001,368.732,99,22465.7,2685,67,measure
2026-09-10T21:26:10.203+00:00,1409.001,364.448,99,22465.7,2685,65,measure
2026-09-10T21:26:11.201+00:00,1410.001,369.775,99,22465.7,2685,66,measure
2026-09-10T21:26:12.200+00:00,1411.000,359.677,99,22465.7,2685,67,measure
2026-09-10T21:26:13.200+00:00,1412.000,362.998,99,22465.7,2685,66,measure
2026-09-10T21:26:14.200+00:00,1413.000,354.472,99,22465.7,2685,66,measure
2026-09-10T21:26:15.201+00:00,1414.000,359.579,99,22465.7,2685,67,measure
2026-09-10T21:26:16.203+00:00,1415.000,338.967,99,22465.7,2685,65,measure
2026-09-10T21:26:17.204+00:00,1416.004,315.607,99,22465.7,2685,63,measure
2026-09-10T21:26:18.201+00:00,1417.001,310.252,99,22465.7,2685,63,measure
2026-09-10T21:26:19.202+00:00,1418.001,315.619,99,22465.7,2685,62,measure
2026-09-10T21:26:20.200+00:00,1419.001,316.9,99,22465.7,2685,62,measure
2026-09-10T21:26:21.214+00:00,1420.000,332.375,99,22465.7,2685,66,measure
2026-09-10T21:26:22.203+00:00,1421.000,355.918,99,22465.7,2685,66,measure
2026-09-10T21:26:23.200+00:00,1422.001,367.57,99,22465.7,2685,66,measure
2026-09-10T21:26:24.200+00:00,1423.001,354.317,99,22465.7,2685,66,measure
2026-09-10T21:26:25.200+00:00,1424.001,334.165,99,22465.7,2685,66,measure
2026-09-10T21:26:26.201+00:00,1425.001,339.512,99,22465.7,2685,65,measure
2026-09-10T21:26:27.204+00:00,1426.002,338.43,99,22465.7,2685,67,measure
2026-09-10T21:26:28.200+00:00,1427.001,370.634,99,22465.7,2685,68,measure
2026-09-10T21:26:29.201+00:00,1428.001,365.323,99,22465.7,2685,66,measure
2026-09-10T21:26:27.714+00:00,1429.000,367.509,99,22465.7,2685,66,measure
2026-09-10T21:26:28.715+00:00,1430.001,365.749,99,22465.7,2685,66,measure
2026-09-10T21:26:29.717+00:00,1431.002,365.599,99,22465.7,2685,66,measure
2026-09-10T21:26:30.716+00:00,1432.001,378.298,99,22465.7,2685,69,measure
2026-09-10T21:26:31.723+00:00,1433.009,364.083,99,22465.7,2685,66,measure
2026-09-10T21:26:32.715+00:00,1434.001,365.189,99,22465.7,2685,67,measure
2026-09-10T21:26:33.715+00:00,1435.001,367.613,99,22465.7,2685,67,measure
2026-09-10T21:26:34.715+00:00,1436.001,351.021,99,22465.7,2685,66,measure
2026-09-10T21:26:35.715+00:00,1437.001,348.706,99,22465.7,2685,67,measure
2026-09-10T21:26:36.719+00:00,1438.001,319.792,99,22465.7,2685,63,measure
2026-09-10T21:26:37.716+00:00,1439.000,338.909,99,22465.7,2685,66,measure
2026-09-10T21:26:38.744+00:00,1440.000,334.735,99,22465.7,2685,63,measure
2026-09-10T21:26:39.714+00:00,1441.000,345.973,99,22465.7,2685,67,measure
2026-09-10T21:26:40.715+00:00,1442.001,364.906,99,22465.7,2685,67,measure
2026-09-10T21:26:41.717+00:00,1443.002,353.047,99,22465.7,2685,66,measure
2026-09-10T21:26:42.716+00:00,1444.001,344.898,99,22465.7,2685,66,measure
2026-09-10T21:26:43.716+00:00,1445.000,330.274,99,22465.7,2685,63,measure
2026-09-10T21:26:44.716+00:00,1446.002,308.166,99,22465.7,2685,63,measure
2026-09-10T21:26:45.716+00:00,1447.002,309.769,99,22465.7,2685,62,measure
2026-09-10T21:26:46.716+00:00,1448.001,313.919,99,22465.7,2685,63,measure
2026-09-10T21:26:47.714+00:00,1449.000,321.66,99,22465.7,2685,66,measure
2026-09-10T21:26:48.716+00:00,1450.001,314.632,99,22465.7,2685,62,measure
2026-09-10T21:26:49.718+00:00,1451.004,336.654,99,22465.7,2685,62,measure
2026-09-10T21:26:50.722+00:00,1452.005,318.08,99,22465.7,2685,64,measure
2026-09-10T21:26:51.717+00:00,1453.003,321.251,99,22465.7,2685,64,measure
2026-09-10T21:26:52.716+00:00,1454.001,332.05,99,22465.7,2685,66,measure
2026-09-10T21:26:53.727+00:00,1455.007,351.091,99,22465.7,2685,66,measure
2026-09-10T21:26:54.716+00:00,1456.000,358.928,99,22465.7,2685,67,measure
2026-09-10T21:26:55.717+00:00,1457.003,365.173,99,22465.7,2685,66,measure
2026-09-10T21:26:56.715+00:00,1458.001,326.167,99,22465.7,2685,62,measure
2026-09-10T21:26:57.717+00:00,1459.003,318.78,99,22465.7,2685,64,measure
2026-09-10T21:26:58.718+00:00,1460.004,327.901,99,22465.7,2685,65,measure
2026-09-10T21:26:57.218+00:00,1461.000,358.36,99,22465.7,2685,65,measure
2026-09-10T21:26:58.223+00:00,1462.003,368.883,99,22465.7,2685,67,measure
2026-09-10T21:26:59.219+00:00,1463.000,358.001,99,22465.7,2685,66,measure
2026-09-10T21:27:00.219+00:00,1464.000,365.103,99,22465.7,2685,67,measure
2026-09-10T21:27:01.221+00:00,1465.000,328.831,99,22465.7,2685,62,measure
2026-09-10T21:27:02.219+00:00,1466.001,336.289,99,22465.7,2685,64,measure
2026-09-10T21:27:03.236+00:00,1467.001,317.766,99,22465.7,2685,62,measure
2026-09-10T21:27:04.223+00:00,1468.000,306.726,99,22465.7,2685,62,measure
2026-09-10T21:27:05.219+00:00,1469.001,321.598,99,22465.7,2685,65,measure
2026-09-10T21:27:06.219+00:00,1470.001,322.214,99,22465.7,2685,64,measure
2026-09-10T21:27:07.218+00:00,1471.000,332.195,99,22465.7,2685,65,measure
2026-09-10T21:27:08.218+00:00,1472.000,356.06,99,22465.7,2685,66,measure
2026-09-10T21:27:09.221+00:00,1473.002,361.993,99,22465.7,2685,68,measure
2026-09-10T21:27:10.219+00:00,1474.000,339.95,99,22465.7,2685,65,measure
2026-09-10T21:27:11.219+00:00,1475.000,340.489,99,22465.7,2685,69,measure
2026-09-10T21:27:12.221+00:00,1476.002,335.567,99,22465.7,2685,63,measure
2026-09-10T21:27:13.221+00:00,1477.003,345.262,99,22465.7,2685,65,measure
2026-09-10T21:27:14.219+00:00,1478.000,356.389,99,22465.7,2685,65,measure
2026-09-10T21:27:15.226+00:00,1479.005,345.498,99,22465.7,2685,64,measure
2026-09-10T21:27:16.275+00:00,1480.000,355.974,99,22465.7,2685,67,measure
2026-09-10T21:27:17.224+00:00,1481.006,327.169,99,22465.7,2685,66,measure
2026-09-10T21:27:18.219+00:00,1482.001,336.632,99,22465.7,2685,62,measure
2026-09-10T21:27:19.223+00:00,1483.001,320.209,99,22465.7,2685,62,measure
2026-09-10T21:27:20.218+00:00,1484.000,329.97,99,22465.7,2685,63,measure
2026-09-10T21:27:21.221+00:00,1485.002,335.792,99,22465.7,2685,66,measure
2026-09-10T21:27:22.220+00:00,1486.000,333.989,99,22465.7,2685,64,measure
2026-09-10T21:27:23.219+00:00,1487.000,365.45,99,22465.7,2685,66,measure
2026-09-10T21:27:24.218+00:00,1488.000,369.319,99,22465.7,2685,65,measure
2026-09-10T21:27:25.219+00:00,1489.001,359.846,99,22465.7,2685,67,measure
2026-09-10T21:27:26.218+00:00,1490.000,325.983,99,22465.7,2685,62,measure
2026-09-10T21:27:27.220+00:00,1491.001,333.751,99,22465.7,2685,63,measure
2026-09-10T21:27:28.219+00:00,1492.000,343.029,99,22465.7,2685,65,measure
2026-09-10T21:27:29.219+00:00,1493.001,360.537,99,22465.7,2685,65,measure
2026-09-10T21:27:27.719+00:00,1494.000,359.462,99,22465.7,2685,67,measure
2026-09-10T21:27:28.721+00:00,1495.001,337.405,99,22465.7,2685,66,measure
2026-09-10T21:27:29.764+00:00,1496.001,341.702,99,22465.7,2685,66,measure
2026-09-10T21:27:30.719+00:00,1497.000,365.497,99,22465.7,2685,66,measure
2026-09-10T21:27:31.720+00:00,1498.000,366.113,99,22465.7,2685,67,measure
2026-09-10T21:27:32.719+00:00,1499.001,360.753,99,22465.7,2685,66,measure
2026-09-10T21:27:33.719+00:00,1500.001,361.359,99,22465.7,2685,67,measure
2026-09-10T21:27:34.720+00:00,1501.001,367.977,99,22465.7,2685,67,measure
2026-09-10T21:27:35.764+00:00,1502.000,360.35,99,22465.7,2685,66,measure
2026-09-10T21:27:36.721+00:00,1503.001,380.447,99,22465.7,2685,69,measure
2026-09-10T21:27:37.722+00:00,1504.000,367.359,100,22465.7,2685,71,measure
2026-09-10T21:27:38.719+00:00,1505.001,391.56,99,22465.7,2685,66,measure
2026-09-10T21:27:39.719+00:00,1506.001,372.556,99,22465.7,2685,67,measure
2026-09-10T21:27:40.721+00:00,1507.003,361.914,99,22465.7,2685,67,measure
2026-09-10T21:27:41.719+00:00,1508.000,355.455,99,22465.7,2685,64,measure
2026-09-10T21:27:42.723+00:00,1509.004,323.995,99,22465.7,2685,64,measure
2026-09-10T21:27:43.723+00:00,1510.005,320.047,99,22465.7,2685,64,measure
2026-09-10T21:27:44.721+00:00,1511.003,320.748,99,22465.7,2685,65,measure
2026-09-10T21:27:45.719+00:00,1512.001,330.288,99,22465.7,2685,63,measure
2026-09-10T21:27:46.722+00:00,1513.004,341.604,99,22465.7,2685,67,measure
2026-09-10T21:27:47.719+00:00,1514.001,365.306,99,22465.7,2685,67,measure
2026-09-10T21:27:48.726+00:00,1515.001,361.866,99,22465.7,2685,67,measure
2026-09-10T21:27:49.722+00:00,1516.001,359.268,99,22465.7,2685,67,measure
2026-09-10T21:27:50.719+00:00,1517.001,365.927,99,22465.7,2685,68,measure
2026-09-10T21:27:51.721+00:00,1518.003,327.06,99,22465.7,2685,64,measure
2026-09-10T21:27:52.719+00:00,1519.001,320.612,99,22465.7,2685,61,measure
2026-09-10T21:27:53.719+00:00,1520.001,298.477,99,22465.7,2685,63,measure
2026-09-10T21:27:54.725+00:00,1521.006,270.068,99,22465.7,2685,61,measure
2026-09-10T21:27:55.774+00:00,1522.004,259.698,99,22465.7,2700,60,measure
2026-09-10T21:27:56.720+00:00,1523.001,107.662,0,22465.7,2700,53,measure
2026-09-10T21:27:57.724+00:00,1524.005,91.267,0,22465.7,540,53,measure
2026-09-10T21:27:58.721+00:00,1525.002,69.1,0,22465.7,375,52,measure
2026-09-10T21:27:57.212+00:00,1526.002,51.622,0,22465.7,285,51,measure
2026-09-10T21:27:58.259+00:00,1527.048,21.417,0,22465.7,225,50,measure
2026-09-10T21:27:59.289+00:00,1528.079,18.808,0,22465.7,210,50,measure
2026-09-10T21:28:00.210+00:00,1529.000,18.808,0,22465.7,210,49,measure
2026-09-10T21:28:01.213+00:00,1530.003,17.925,0,22465.7,210,49,measure
2026-09-10T21:28:02.212+00:00,1531.002,17.904,0,22465.7,210,49,measure
2026-09-10T21:28:03.212+00:00,1532.003,17.717,0,22465.7,210,48,measure
2026-09-10T21:28:04.211+00:00,1533.001,17.272,0,22465.7,210,48,measure
2026-09-10T21:28:05.214+00:00,1534.005,16.991,0,22465.7,210,48,measure
2026-09-10T21:28:06.210+00:00,1535.000,17.022,0,22465.7,210,48,measure
2026-09-10T21:28:07.210+00:00,1536.000,16.997,0,22465.7,210,47,measure
2026-09-10T21:28:08.214+00:00,1537.004,16.774,0,22465.7,210,47,measure
2026-09-10T21:28:09.212+00:00,1538.002,16.482,0,22465.7,210,47,measure
2026-09-10T21:28:10.216+00:00,1539.006,16.41,0,22465.7,210,47,measure
2026-09-10T21:28:11.213+00:00,1540.003,16.326,0,22465.7,210,47,measure
2026-09-10T21:28:12.212+00:00,1541.003,16.243,0,22465.7,210,47,measure
2026-09-10T21:28:13.210+00:00,1542.000,16.243,0,22465.7,210,46,measure
2026-09-10T21:28:14.217+00:00,1543.008,16.153,0,22465.7,210,46,measure
2026-09-10T21:28:15.215+00:00,1544.005,16.06,0,22465.7,210,46,measure
2026-09-10T21:28:16.214+00:00,1545.004,16.018,0,22465.7,210,46,measure
2026-09-10T21:28:17.210+00:00,1546.000,15.827,0,22465.7,210,46,measure
2026-09-10T21:28:18.210+00:00,1547.001,15.75,0,22465.7,210,46,measure
2026-09-10T21:28:19.211+00:00,1548.001,15.615,0,22465.7,210,45,measure
2026-09-10T21:28:20.210+00:00,1549.001,15.498,0,22465.7,210,45,measure
2026-09-10T21:28:21.218+00:00,1550.008,15.67,0,22465.7,210,45,measure
2026-09-10T21:28:22.266+00:00,1551.056,15.74,0,22465.7,210,45,measure
2026-09-10T21:28:23.266+00:00,1552.056,15.702,0,22465.7,210,45,measure
2026-09-10T21:28:24.266+00:00,1553.056,15.578,0,22465.7,210,45,measure
2026-09-10T21:28:25.249+00:00,1554.039,15.452,0,22465.7,210,45,measure
2026-09-10T21:28:26.214+00:00,1555.005,15.452,0,22465.7,210,45,measure
2026-09-10T21:28:27.217+00:00,1556.008,15.435,0,22465.7,210,44,measure
2026-09-10T21:28:28.263+00:00,1557.053,15.373,0,22465.7,210,44,measure
2026-09-10T21:28:29.218+00:00,1558.008,15.15,0,22465.7,210,44,measure
2026-09-10T21:28:27.753+00:00,1559.044,14.925,0,22465.7,210,44,measure
2026-09-10T21:28:28.789+00:00,1560.080,14.933,0,22465.7,210,44,measure
2026-09-10T21:28:29.752+00:00,1561.043,15.12,0,22465.7,210,44,measure
2026-09-10T21:28:30.713+00:00,1562.004,15.168,0,22465.7,210,44,measure
2026-09-10T21:28:31.712+00:00,1563.003,15.03,0,22465.7,210,44,measure
2026-09-10T21:28:32.712+00:00,1564.003,14.885,0,22465.7,210,44,measure
2026-09-10T21:28:33.712+00:00,1565.003,14.796,0,22465.7,210,43,measure
2026-09-10T21:28:34.710+00:00,1566.000,14.677,0,22465.7,210,43,measure
2026-09-10T21:28:35.710+00:00,1567.000,14.628,0,22465.7,210,43,measure
2026-09-10T21:28:36.709+00:00,1568.000,14.628,0,22465.7,210,43,measure
2026-09-10T21:28:37.709+00:00,1569.000,14.689,0,22465.7,210,43,measure
2026-09-10T21:28:38.709+00:00,1570.000,14.681,0,22465.7,210,43,measure
2026-09-10T21:28:39.710+00:00,1571.000,14.531,0,22465.7,210,43,measure
2026-09-10T21:28:40.710+00:00,1572.001,14.294,0,22465.7,210,43,measure
2026-09-10T21:28:41.710+00:00,1573.001,14.544,0,22465.7,210,43,measure
2026-09-10T21:28:42.711+00:00,1574.000,14.418,0,22465.7,210,43,measure
2026-09-10T21:28:43.709+00:00,1575.000,14.476,0,22465.7,210,42,measure
2026-09-10T21:28:44.709+00:00,1576.000,14.377,0,22465.7,210,42,measure
2026-09-10T21:28:45.709+00:00,1577.000,14.216,0,22465.7,210,42,measure
2026-09-10T21:28:46.710+00:00,1578.001,14.103,0,22465.7,210,42,measure
2026-09-10T21:28:47.710+00:00,1579.000,14.097,0,22465.7,210,42,measure
2026-09-10T21:28:48.710+00:00,1580.001,13.989,0,22465.7,210,42,measure
2026-09-10T21:28:49.710+00:00,1581.001,13.892,0,22465.7,210,42,measure
2026-09-10T21:28:50.710+00:00,1582.000,13.892,0,22465.7,210,42,measure
2026-09-10T21:28:51.710+00:00,1583.001,13.837,0,22465.7,210,42,measure
2026-09-10T21:28:52.712+00:00,1584.003,13.753,0,22465.7,210,42,measure
2026-09-10T21:28:53.769+00:00,1585.060,13.735,0,22465.7,210,42,measure
2026-09-10T21:28:54.748+00:00,1586.039,13.735,0,22465.7,210,41,measure
2026-09-10T21:28:55.745+00:00,1587.036,13.616,0,22465.7,210,41,measure
2026-09-10T21:28:56.711+00:00,1588.002,13.625,0,22465.7,210,41,measure
2026-09-10T21:28:57.714+00:00,1589.005,13.657,0,22465.7,210,41,measure
2026-09-10T21:28:58.712+00:00,1590.003,13.599,0,22465.7,210,41,measure
2026-09-10T21:28:57.206+00:00,1591.000,13.513,0,22465.7,210,41,measure
2026-09-10T21:28:58.288+00:00,1592.083,13.085,0,22465.7,210,41,measure
2026-09-10T21:28:59.264+00:00,1593.059,13.278,0,22465.7,210,41,measure
2026-09-10T21:29:00.268+00:00,1594.063,13.312,0,22465.7,210,41,measure
2026-09-10T21:29:01.248+00:00,1595.042,13.312,0,22465.7,210,41,measure
2026-09-10T21:29:02.277+00:00,1596.072,13.304,0,22465.7,210,41,measure
2026-09-10T21:29:03.210+00:00,1597.005,13.36,0,22465.7,210,41,measure
2026-09-10T21:29:04.206+00:00,1598.000,13.441,0,22465.7,210,41,measure
2026-09-10T21:29:05.209+00:00,1599.003,13.427,0,22465.7,210,41,measure
2026-09-10T21:29:06.206+00:00,1600.000,13.349,0,22465.7,210,41,measure
2026-09-10T21:29:07.210+00:00,1601.004,13.312,0,22465.7,210,41,measure
2026-09-10T21:29:08.214+00:00,1602.008,13.332,0,22465.7,210,41,measure
2026-09-10T21:29:09.207+00:00,1603.001,13.319,0,22465.7,210,41,measure
2026-09-10T21:29:10.209+00:00,1604.003,13.363,0,22465.7,210,41,measure
2026-09-10T21:29:11.207+00:00,1605.002,13.375,0,22465.7,210,41,measure
2026-09-10T21:29:12.210+00:00,1606.004,13.306,0,22465.7,210,41,measure
2026-09-10T21:29:13.213+00:00,1607.007,13.306,0,22465.7,210,41,measure
2026-09-10T21:29:14.208+00:00,1608.002,13.361,0,22465.7,210,41,measure
2026-09-10T21:29:15.211+00:00,1609.006,13.409,0,22465.7,210,41,measure
2026-09-10T21:29:16.211+00:00,1610.003,13.45,0,22465.7,210,41,measure
2026-09-10T21:29:17.212+00:00,1611.006,13.463,0,22465.7,210,41,measure
2026-09-10T21:29:18.209+00:00,1612.003,13.392,0,22465.7,210,41,measure
2026-09-10T21:29:19.213+00:00,1613.007,13.267,0,22465.7,210,41,measure
2026-09-10T21:29:20.208+00:00,1614.003,13.194,0,22465.7,210,41,measure
2026-09-10T21:29:21.208+00:00,1615.002,13.284,0,22465.7,210,41,measure
2026-09-10T21:29:22.206+00:00,1616.000,13.309,0,22465.7,210,41,measure
2026-09-10T21:29:23.213+00:00,1617.007,13.342,0,22465.7,210,41,measure
2026-09-10T21:29:24.206+00:00,1618.000,13.371,0,22465.7,210,41,measure
2026-09-10T21:29:25.289+00:00,1619.083,13.257,0,22465.7,210,41,measure
2026-09-10T21:29:26.282+00:00,1620.076,13.179,0,22465.7,210,41,measure
2026-09-10T21:29:27.238+00:00,1621.032,13.179,0,22465.7,210,41,measure
2026-09-10T21:29:28.286+00:00,1622.081,13.181,0,22465.7,210,41,measure
2026-09-10T21:29:29.282+00:00,1623.077,13.18,0,22465.7,210,41,measure
2026-09-10T21:29:27.795+00:00,1624.077,13.245,0,22465.7,210,41,measure
2026-09-10T21:29:28.777+00:00,1625.059,13.374,0,22465.7,210,41,measure
2026-09-10T21:29:29.776+00:00,1626.058,13.461,0,22465.7,210,41,measure
2026-09-10T21:29:30.734+00:00,1627.016,13.503,0,22465.7,210,41,measure
2026-09-10T21:29:31.799+00:00,1628.082,13.412,0,22465.7,210,41,measure
2026-09-10T21:29:32.757+00:00,1629.039,13.337,0,22465.7,210,41,measure
2026-09-10T21:29:33.798+00:00,1630.080,13.433,0,22465.7,210,41,measure
2026-09-10T21:29:34.727+00:00,1631.009,13.406,0,22465.7,210,41,measure
2026-09-10T21:29:35.800+00:00,1632.082,13.33,0,22465.7,210,42,measure
2026-09-10T21:29:36.777+00:00,1633.059,13.317,0,22465.7,210,42,measure
2026-09-10T21:29:37.796+00:00,1634.078,13.317,0,22465.7,210,42,measure
2026-09-10T21:29:38.795+00:00,1635.076,13.346,0,22465.7,210,42,measure
2026-09-10T21:29:39.720+00:00,1636.003,13.441,0,22465.7,210,42,measure
2026-09-10T21:29:40.759+00:00,1637.041,13.371,0,22465.7,210,42,measure
2026-09-10T21:29:41.798+00:00,1638.080,13.37,0,22465.7,210,42,measure
2026-09-10T21:29:42.794+00:00,1639.076,13.436,0,22465.7,210,42,measure
2026-09-10T21:29:43.795+00:00,1640.077,13.428,0,22465.7,210,42,measure
2026-09-10T21:29:44.778+00:00,1641.060,13.445,0,22465.7,210,42,measure
2026-09-10T21:29:45.794+00:00,1642.077,13.45,0,22465.7,210,42,measure
2026-09-10T21:29:46.794+00:00,1643.076,13.36,0,22465.7,210,42,measure
2026-09-10T21:29:47.795+00:00,1644.077,13.253,0,22465.7,210,42,measure
2026-09-10T21:29:48.777+00:00,1645.059,13.326,0,22465.7,210,42,measure
2026-09-10T21:29:49.719+00:00,1646.001,13.477,0,22465.7,210,42,measure
2026-09-10T21:29:50.801+00:00,1647.083,13.486,0,22465.7,210,42,measure
2026-09-10T21:29:51.794+00:00,1648.076,13.486,0,22465.7,210,42,measure
2026-09-10T21:29:52.777+00:00,1649.058,13.363,0,22465.7,210,42,measure
2026-09-10T21:29:53.796+00:00,1650.078,13.373,0,22465.7,210,42,measure
2026-09-10T21:29:54.780+00:00,1651.062,13.409,0,22465.7,210,42,measure
2026-09-10T21:29:55.796+00:00,1652.078,13.399,0,22465.7,210,42,measure
2026-09-10T21:29:56.776+00:00,1653.059,13.438,0,22465.7,210,42,measure
2026-09-10T21:29:57.796+00:00,1654.078,13.514,0,22465.7,210,42,measure
2026-09-10T21:29:58.794+00:00,1655.076,13.475,0,22465.7,210,42,measure
2026-09-10T21:29:59.718+00:00,1656.000,13.383,0,22465.7,210,42,measure
2026-09-10T21:29:58.257+00:00,1657.058,13.652,0,22465.7,210,42,measure
2026-09-10T21:29:59.259+00:00,1658.059,13.695,0,22465.7,210,42,measure
2026-09-10T21:30:00.279+00:00,1659.078,13.599,0,22465.7,210,42,measure
2026-09-10T21:30:01.276+00:00,1660.077,13.599,0,22465.7,210,42,measure
2026-09-10T21:30:02.251+00:00,1661.051,13.554,0,22465.7,210,42,measure
2026-09-10T21:30:03.279+00:00,1662.079,13.52,0,22465.7,210,42,measure
2026-09-10T21:30:04.277+00:00,1663.077,13.521,0,22465.7,210,42,measure
2026-09-10T21:30:05.277+00:00,1664.077,13.509,0,22465.7,210,42,measure
2026-09-10T21:30:06.258+00:00,1665.059,13.379,0,22465.7,210,42,measure
2026-09-10T21:30:07.224+00:00,1666.025,13.289,0,22465.7,210,42,measure
2026-09-10T21:30:08.200+00:00,1667.000,13.336,0,22465.7,210,42,measure
2026-09-10T21:30:09.200+00:00,1668.001,13.342,0,22465.7,210,42,measure
2026-09-10T21:30:10.200+00:00,1669.001,13.357,0,22465.7,210,42,measure
2026-09-10T21:30:11.200+00:00,1670.001,13.409,0,22465.7,210,42,measure
2026-09-10T21:30:12.200+00:00,1671.001,13.444,0,22465.7,210,42,measure
2026-09-10T21:30:13.199+00:00,1672.000,13.444,0,22465.7,210,42,measure
2026-09-10T21:30:14.200+00:00,1673.000,13.473,0,22465.7,210,42,measure
2026-09-10T21:30:15.283+00:00,1674.083,13.491,0,22465.7,210,42,measure
2026-09-10T21:30:16.276+00:00,1675.076,13.636,0,22465.7,210,42,measure
2026-09-10T21:30:17.205+00:00,1676.006,13.635,0,22465.7,210,42,measure
2026-09-10T21:30:18.202+00:00,1677.002,13.594,0,22465.7,210,42,measure
2026-09-10T21:30:19.204+00:00,1678.005,13.677,0,22465.7,210,42,measure
2026-09-10T21:30:20.207+00:00,1679.007,13.688,0,22465.7,210,42,measure
2026-09-10T21:30:21.200+00:00,1680.001,13.649,0,22465.7,210,42,measure
2026-09-10T21:30:22.202+00:00,1681.003,13.757,0,22465.7,210,42,measure
2026-09-10T21:30:23.205+00:00,1682.006,13.796,0,22465.7,210,42,measure
2026-09-10T21:30:24.200+00:00,1683.000,13.76,0,22465.7,210,42,measure
2026-09-10T21:30:25.202+00:00,1684.003,13.696,0,22465.7,210,42,measure
2026-09-10T21:30:26.207+00:00,1685.007,13.696,0,22465.7,210,42,measure
2026-09-10T21:30:27.201+00:00,1686.002,13.63,0,22465.7,210,42,measure
2026-09-10T21:30:28.204+00:00,1687.005,13.651,0,22465.7,210,42,measure
2026-09-10T21:30:29.207+00:00,1688.007,13.665,0,22465.7,210,42,measure
2026-09-10T21:30:27.725+00:00,1689.029,13.647,0,22465.7,210,42,measure
2026-09-10T21:30:28.777+00:00,1690.081,13.619,0,22465.7,210,42,measure
2026-09-10T21:30:29.726+00:00,1691.029,13.641,0,22465.7,210,42,measure
2026-09-10T21:30:30.703+00:00,1692.007,13.696,0,22465.7,210,42,measure
2026-09-10T21:30:31.697+00:00,1693.001,13.585,0,22465.7,210,42,measure
2026-09-10T21:30:32.699+00:00,1694.003,13.491,0,22465.7,210,42,measure
2026-09-10T21:30:33.701+00:00,1695.005,13.421,0,22465.7,210,42,measure
2026-09-10T21:30:34.707+00:00,1696.008,13.36,0,22465.7,210,42,measure
2026-09-10T21:30:35.708+00:00,1697.009,13.409,0,22465.7,210,42,measure
2026-09-10T21:30:36.697+00:00,1698.000,13.409,0,22465.7,210,42,measure
2026-09-10T21:30:37.699+00:00,1699.003,13.502,0,22465.7,210,42,measure
2026-09-10T21:30:38.701+00:00,1700.005,13.601,0,22465.7,210,42,measure
2026-09-10T21:30:39.704+00:00,1701.008,13.727,0,22465.7,210,42,measure
2026-09-10T21:30:40.698+00:00,1702.002,13.776,0,22465.7,210,42,measure
2026-09-10T21:30:41.701+00:00,1703.004,13.741,0,22465.7,210,42,measure
2026-09-10T21:30:42.705+00:00,1704.006,13.797,0,22465.7,210,42,measure
2026-09-10T21:30:43.697+00:00,1705.000,13.869,0,22465.7,210,42,measure
2026-09-10T21:30:44.700+00:00,1706.003,13.744,0,22465.7,210,42,measure
2026-09-10T21:30:45.702+00:00,1707.005,13.662,0,22465.7,210,42,measure
2026-09-10T21:30:46.702+00:00,1708.005,13.592,0,22465.7,210,42,measure
2026-09-10T21:30:47.702+00:00,1709.005,13.614,0,22465.7,210,42,measure
2026-09-10T21:30:48.704+00:00,1710.007,13.657,0,22465.7,210,42,measure
2026-09-10T21:30:49.698+00:00,1711.002,13.657,0,22465.7,210,42,measure
2026-09-10T21:30:50.702+00:00,1712.005,13.715,0,22465.7,210,42,measure
2026-09-10T21:30:51.706+00:00,1713.007,13.723,0,22465.7,210,42,measure
2026-09-10T21:30:52.700+00:00,1714.001,13.624,0,22465.7,210,42,measure
2026-09-10T21:30:53.698+00:00,1715.002,13.641,0,22465.7,210,42,measure
2026-09-10T21:30:54.720+00:00,1716.021,13.705,0,22465.7,210,42,measure
2026-09-10T21:30:55.699+00:00,1717.000,13.627,0,22465.7,210,42,measure
2026-09-10T21:30:56.699+00:00,1718.000,13.552,0,22465.7,210,42,measure
2026-09-10T21:30:57.699+00:00,1719.000,13.561,0,22465.7,210,42,measure
2026-09-10T21:30:58.700+00:00,1720.001,13.529,0,22465.7,210,42,measure
2026-09-10T21:30:59.700+00:00,1721.001,13.436,0,22465.7,210,42,measure
2026-09-10T21:30:58.202+00:00,1722.001,13.491,0,22465.7,210,42,measure
2026-09-10T21:30:59.203+00:00,1723.001,13.583,0,22465.7,210,42,measure
2026-09-10T21:31:00.204+00:00,1724.001,13.7,0,22465.7,210,42,measure
