timestamp_iso,t_s,power_w,util_gpu_pct,mem_used_mib,clocks_sm_mhz,temp_c,phase
2026-09-10T23:02:03.706+00:00,0.000,87.513,0,22477.5,2700,49,measure
2026-09-10T23:02:04.710+00:00,1.003,87.513,0,22477.5,570,49,measure
2026-09-10T23:02:05.708+00:00,2.001,64.29,0,22477.5,375,47,measure
2026-09-10T23:02:06.708+00:00,3.003,47.331,0,22477.5,270,47,measure
2026-09-10T23:02:07.706+00:00,4.000,31.387,0,22477.5,225,47,measure
2026-09-10T23:02:08.711+00:00,5.006,31.468,0,22477.5,210,46,measure
2026-09-10T23:02:09.713+00:00,6.007,31.383,0,22477.5,210,46,measure
2026-09-10T23:02:10.710+00:00,7.003,28.986,0,22477.5,210,46,measure
2026-09-10T23:02:11.714+00:00,8.006,24.613,0,22477.5,210,46,measure
2026-09-10T23:02:12.709+00:00,9.002,19.801,0,22477.5,210,45,measure
2026-09-10T23:02:13.711+00:00,10.005,16.059,0,22477.5,210,45,measure
2026-09-10T23:02:14.716+00:00,11.010,15.208,0,22477.5,210,45,measure
2026-09-10T23:02:15.709+00:00,12.000,14.955,0,22477.5,210,45,measure
2026-09-10T23:02:16.705+00:00,13.000,14.935,0,22477.5,210,45,measure
2026-09-10T23:02:17.705+00:00,14.000,14.855,0,22477.5,210,45,measure
2026-09-10T23:02:18.705+00:00,15.000,14.822,0,22477.5,210,44,measure
2026-09-10T23:02:19.705+00:00,16.000,49.814,99,22477.5,2715,51,measure
2026-09-10T23:02:20.706+00:00,17.000,280.66,99,22477.5,2700,54,measure
2026-09-10T23:02:19.210+00:00,18.000,297.436,99,22477.5,2700,56,measure
2026-09-10T23:02:20.208+00:00,19.000,301.954,99,22477.5,2700,56,measure
2026-09-10T23:02:21.208+00:00,20.000,310.214,99,22477.5,2700,57,measure
2026-09-10T23:02:22.210+00:00,21.000,319.612,99,22477.5,2700,58,measure
2026-09-10T23:02:23.208+00:00,22.000,331.199,99,22477.5,2700,60,measure
2026-09-10T23:02:24.210+00:00,23.001,359.947,99,22477.5,2685,62,measure
2026-09-10T23:02:25.264+00:00,24.000,361.688,99,22477.5,2685,61,measure
2026-09-10T23:02:26.208+00:00,25.000,364.253,99,22477.5,2685,62,measure
2026-09-10T23:02:27.208+00:00,26.000,364.356,99,22477.5,2685,61,measure
2026-09-10T23:02:28.215+00:00,27.000,364.924,99,22477.5,2685,60,measure
2026-09-10T23:02:29.209+00:00,28.001,354.841,99,22477.5,2685,62,measure
2026-09-10T23:02:30.210+00:00,29.000,352.152,99,22477.5,2685,62,measure
2026-09-10T23:02:31.211+00:00,30.001,317.351,99,22477.5,2700,60,measure
2026-09-10T23:02:32.209+00:00,31.001,313.281,99,22477.5,2700,60,measure
2026-09-10T23:02:33.209+00:00,32.001,315.111,99,22477.5,2700,60,measure
2026-09-10T23:02:34.208+00:00,33.001,329.83,99,22477.5,2700,58,measure
2026-09-10T23:02:35.208+00:00,34.000,343.069,99,22477.5,2700,61,measure
2026-09-10T23:02:36.211+00:00,35.001,358.583,99,22477.5,2685,61,measure
2026-09-10T23:02:37.211+00:00,36.000,355.584,99,22477.5,2685,61,measure
2026-09-10T23:02:38.208+00:00,37.000,332.074,99,22477.5,2685,59,measure
2026-09-10T23:02:39.208+00:00,38.000,320.092,99,22477.5,2685,60,measure
2026-09-10T23:02:40.208+00:00,39.000,328.368,99,22477.5,2700,62,measure
2026-09-10T23:02:41.208+00:00,40.000,317.49,99,22477.5,2700,62,measure
2026-09-10T23:02:42.210+00:00,41.001,319.149,99,22480.2,2700,59,measure
2026-09-10T23:02:43.210+00:00,42.000,325.055,99,22480.2,2700,59,measure
2026-09-10T23:02:44.209+00:00,43.001,346.079,99,22479.9,2700,62,measure
2026-09-10T23:02:45.208+00:00,44.000,357.874,99,22479.9,2685,63,measure
2026-09-10T23:02:46.208+00:00,45.000,356.769,99,22479.9,2685,64,measure
2026-09-10T23:02:47.208+00:00,46.000,363.031,99,22479.9,2685,62,measure
2026-09-10T23:02:48.210+00:00,47.000,362.363,99,22479.9,2685,62,measure
2026-09-10T23:02:49.211+00:00,48.000,359.467,99,22479.9,2685,65,measure
2026-09-10T23:02:50.209+00:00,49.001,364.984,99,22479.9,2685,63,measure
2026-09-10T23:02:51.208+00:00,50.000,361.086,99,22479.9,2685,64,measure
2026-09-10T23:02:49.724+00:00,51.000,351.968,99,22479.9,2685,62,measure
2026-09-10T23:02:50.723+00:00,52.001,345.165,99,22479.9,2685,61,measure
2026-09-10T23:02:51.725+00:00,53.000,335.658,99,22479.9,2685,60,measure
2026-09-10T23:02:52.725+00:00,54.000,345.064,99,22479.9,2685,62,measure
2026-09-10T23:02:53.723+00:00,55.000,346.87,99,22479.9,2685,60,measure
2026-09-10T23:02:54.770+00:00,56.001,319.063,99,22479.9,2685,59,measure
2026-09-10T23:02:55.723+00:00,57.000,316.531,99,22479.9,2685,59,measure
2026-09-10T23:02:56.723+00:00,58.000,323.023,99,22479.9,2685,60,measure
2026-09-10T23:02:57.725+00:00,59.001,330.208,99,22479.9,2685,62,measure
2026-09-10T23:02:58.725+00:00,60.000,358.05,99,22479.9,2685,64,measure
2026-09-10T23:02:59.723+00:00,61.000,360.928,99,22479.9,2685,66,measure
2026-09-10T23:03:00.723+00:00,62.000,360.138,99,22479.9,2685,64,measure
2026-09-10T23:03:01.723+00:00,63.000,353.22,99,22479.9,2685,65,measure
2026-09-10T23:03:02.723+00:00,64.000,336.292,99,22479.9,2685,61,measure
2026-09-10T23:03:03.725+00:00,65.001,332.154,99,22479.9,2685,61,measure
2026-09-10T23:03:04.725+00:00,66.000,357.154,99,22479.9,2685,63,measure
2026-09-10T23:03:05.723+00:00,67.001,370.937,99,22479.9,2685,65,measure
2026-09-10T23:03:06.723+00:00,68.001,358.751,99,22479.9,2685,64,measure
2026-09-10T23:03:07.724+00:00,69.001,353.447,99,22479.9,2685,64,measure
2026-09-10T23:03:08.725+00:00,70.002,327.671,99,22479.9,2685,64,measure
2026-09-10T23:03:09.729+00:00,71.000,321.086,99,22479.9,2685,64,measure
2026-09-10T23:03:10.758+00:00,72.001,311.65,99,22479.9,2685,64,measure
2026-09-10T23:03:11.723+00:00,73.000,327.078,99,22479.9,2685,61,measure
2026-09-10T23:03:12.723+00:00,74.000,338.189,99,22479.9,2685,63,measure
2026-09-10T23:03:13.724+00:00,75.001,317.99,99,22479.9,2685,60,measure
2026-09-10T23:03:14.723+00:00,76.000,346.559,99,22479.9,2685,64,measure
2026-09-10T23:03:15.724+00:00,77.000,346.196,99,22479.9,2685,63,measure
2026-09-10T23:03:16.724+00:00,78.001,345.488,99,22479.9,2685,65,measure
2026-09-10T23:03:17.723+00:00,79.001,339.106,99,22479.9,2685,62,measure
2026-09-10T23:03:18.723+00:00,80.001,326.693,99,22479.9,2685,63,measure
2026-09-10T23:03:19.723+00:00,81.001,316.9,99,22479.9,2685,63,measure
2026-09-10T23:03:20.723+00:00,82.000,332.22,99,22479.9,2685,64,measure
2026-09-10T23:03:19.229+00:00,83.001,338.853,99,22479.9,2685,65,measure
2026-09-10T23:03:20.229+00:00,84.000,361.39,99,22479.9,2685,65,measure
2026-09-10T23:03:21.236+00:00,85.000,361.927,99,22479.9,2685,64,measure
2026-09-10T23:03:22.227+00:00,86.001,360.233,99,22479.9,2685,65,measure
2026-09-10T23:03:23.227+00:00,87.000,360.61,99,22479.9,2685,65,measure
2026-09-10T23:03:24.228+00:00,88.001,339.18,99,22479.9,2685,65,measure
2026-09-10T23:03:25.228+00:00,89.000,363.345,99,22479.9,2685,64,measure
2026-09-10T23:03:26.228+00:00,90.000,352.364,99,22479.9,2685,64,measure
2026-09-10T23:03:27.227+00:00,91.000,360.751,99,22479.9,2685,66,measure
2026-09-10T23:03:28.227+00:00,92.000,360.351,99,22479.9,2685,65,measure
2026-09-10T23:03:29.227+00:00,93.000,359.993,99,22479.9,2685,65,measure
2026-09-10T23:03:30.227+00:00,94.000,368.15,99,22479.9,2685,65,measure
2026-09-10T23:03:31.229+00:00,95.000,366.634,99,22479.9,2685,67,measure
2026-09-10T23:03:32.227+00:00,96.001,357.072,99,22479.9,2685,65,measure
2026-09-10T23:03:33.228+00:00,97.001,360.142,99,22479.9,2685,65,measure
2026-09-10T23:03:34.230+00:00,98.001,370.092,99,22479.9,2685,64,measure
2026-09-10T23:03:35.227+00:00,99.000,365.375,99,22479.9,2685,66,measure
2026-09-10T23:03:36.228+00:00,100.001,371.136,99,22479.9,2685,66,measure
2026-09-10T23:03:37.228+00:00,101.000,370.005,99,22479.9,2685,66,measure
2026-09-10T23:03:38.228+00:00,102.000,378.756,99,22479.9,2685,65,measure
2026-09-10T23:03:39.277+00:00,103.000,381.624,99,22479.9,2685,67,measure
2026-09-10T23:03:40.227+00:00,104.000,363.027,99,22479.9,2685,66,measure
2026-09-10T23:03:41.227+00:00,105.000,366.599,99,22479.9,2685,65,measure
2026-09-10T23:03:42.228+00:00,106.001,361.14,99,22482.6,2685,66,measure
2026-09-10T23:03:43.228+00:00,107.000,356.362,99,22482.6,2685,65,measure
2026-09-10T23:03:44.228+00:00,108.000,328.177,99,22481.7,2685,65,measure
2026-09-10T23:03:45.229+00:00,109.002,313.862,99,22481.7,2685,61,measure
2026-09-10T23:03:46.227+00:00,110.000,324.755,99,22481.7,2685,63,measure
2026-09-10T23:03:47.227+00:00,111.000,329.601,99,22481.7,2685,65,measure
2026-09-10T23:03:48.228+00:00,112.000,342.296,99,22481.7,2685,66,measure
2026-09-10T23:03:49.231+00:00,113.000,346.625,99,22481.7,2685,65,measure
2026-09-10T23:03:50.263+00:00,114.000,332.473,99,22481.7,2685,64,measure
2026-09-10T23:03:48.727+00:00,115.001,307.562,99,22481.7,2685,64,measure
2026-09-10T23:03:49.732+00:00,116.000,337.052,99,22481.7,2685,66,measure
2026-09-10T23:03:50.726+00:00,117.001,321.085,99,22481.7,2685,63,measure
2026-09-10T23:03:51.728+00:00,118.000,356.693,99,22481.7,2685,67,measure
2026-09-10T23:03:52.730+00:00,119.001,347.189,99,22481.7,2685,62,measure
2026-09-10T23:03:53.726+00:00,120.000,315.8,99,22481.7,2685,63,measure
2026-09-10T23:03:54.737+00:00,121.001,313.153,99,22481.7,2685,62,measure
2026-09-10T23:03:55.727+00:00,122.001,320.477,99,22481.7,2685,65,measure
2026-09-10T23:03:56.733+00:00,123.005,307.56,99,22481.7,2685,61,measure
2026-09-10T23:03:57.730+00:00,124.003,329.021,99,22481.7,2685,65,measure
2026-09-10T23:03:58.731+00:00,125.005,324.156,99,22481.7,2685,62,measure
2026-09-10T23:03:59.727+00:00,126.001,325.656,99,22481.7,2685,64,measure
2026-09-10T23:04:00.727+00:00,127.001,325.296,99,22481.7,2685,61,measure
2026-09-10T23:04:01.728+00:00,128.000,316.378,99,22481.7,2685,63,measure
2026-09-10T23:04:02.726+00:00,129.000,323.808,99,22481.7,2685,64,measure
2026-09-10T23:04:03.727+00:00,130.000,318.427,99,22481.7,2685,62,measure
2026-09-10T23:04:04.728+00:00,131.000,332.46,99,22481.7,2685,62,measure
2026-09-10T23:04:05.726+00:00,132.000,338.659,99,22481.7,2685,65,measure
2026-09-10T23:04:06.727+00:00,133.001,341.453,99,22481.7,2685,66,measure
2026-09-10T23:04:07.726+00:00,134.000,367.838,99,22481.7,2685,64,measure
2026-09-10T23:04:08.728+00:00,135.002,363.235,99,22481.7,2685,65,measure
2026-09-10T23:04:09.727+00:00,136.000,367.279,99,22481.7,2685,68,measure
2026-09-10T23:04:10.729+00:00,137.001,368.127,99,22481.7,2685,67,measure
2026-09-10T23:04:11.726+00:00,138.001,359.899,99,22481.7,2685,65,measure
2026-09-10T23:04:12.726+00:00,139.000,358.432,99,22481.7,2685,64,measure
2026-09-10T23:04:13.726+00:00,140.000,358.547,99,22481.7,2685,64,measure
2026-09-10T23:04:14.748+00:00,141.000,339.918,99,22481.7,2685,65,measure
2026-09-10T23:04:15.727+00:00,142.000,341.397,99,22481.7,2685,65,measure
2026-09-10T23:04:16.729+00:00,143.001,309.536,99,22481.7,2685,61,measure
2026-09-10T23:04:17.726+00:00,144.000,329.059,99,22481.7,2685,66,measure
2026-09-10T23:04:18.731+00:00,145.003,347.421,99,22481.7,2685,65,measure
2026-09-10T23:04:19.727+00:00,146.001,365.278,99,22481.7,2685,64,measure
2026-09-10T23:04:20.726+00:00,147.000,373.005,99,22481.7,2685,67,measure
2026-09-10T23:04:19.229+00:00,148.001,375.009,99,22481.7,2685,67,measure
2026-09-10T23:04:20.230+00:00,149.001,362.585,99,22481.7,2685,66,measure
2026-09-10T23:04:21.228+00:00,150.002,364.309,99,22481.7,2685,66,measure
2026-09-10T23:04:22.227+00:00,151.001,358.456,99,22481.7,2685,66,measure
2026-09-10T23:04:23.227+00:00,152.001,361.722,99,22481.7,2685,67,measure
2026-09-10T23:04:24.227+00:00,153.000,336.107,99,22481.7,2685,62,measure
2026-09-10T23:04:25.228+00:00,154.000,337.95,99,22481.7,2685,66,measure
2026-09-10T23:04:26.230+00:00,155.001,355.594,99,22481.7,2685,66,measure
2026-09-10T23:04:27.229+00:00,156.002,338.99,99,22481.7,2685,64,measure
2026-09-10T23:04:28.230+00:00,157.003,361.866,99,22481.7,2685,64,measure
2026-09-10T23:04:29.229+00:00,158.001,334.79,99,22481.7,2685,62,measure
2026-09-10T23:04:30.227+00:00,159.000,353.701,99,22481.7,2685,66,measure
2026-09-10T23:04:31.229+00:00,160.000,345.277,99,22481.7,2685,64,measure
2026-09-10T23:04:32.229+00:00,161.002,349.286,99,22481.7,2685,65,measure
2026-09-10T23:04:33.228+00:00,162.001,362.637,99,22481.7,2685,66,measure
2026-09-10T23:04:34.227+00:00,163.001,344.008,99,22481.7,2685,66,measure
2026-09-10T23:04:35.227+00:00,164.000,367.874,99,22481.7,2685,65,measure
2026-09-10T23:04:36.228+00:00,165.001,369.303,99,22481.7,2685,66,measure
2026-09-10T23:04:37.230+00:00,166.001,355.987,99,22481.7,2685,66,measure
2026-09-10T23:04:38.229+00:00,167.001,359.694,99,22481.7,2685,64,measure
2026-09-10T23:04:39.227+00:00,168.001,327.792,99,22481.7,2685,65,measure
2026-09-10T23:04:40.227+00:00,169.000,331.054,99,22481.7,2685,65,measure
2026-09-10T23:04:41.227+00:00,170.000,344.765,99,22481.7,2685,64,measure
2026-09-10T23:04:42.227+00:00,171.000,358.613,99,22482.7,2685,65,measure
2026-09-10T23:04:43.229+00:00,172.001,362.332,99,22482.7,2685,65,measure
2026-09-10T23:04:44.229+00:00,173.000,363.636,99,22482.1,2685,66,measure
2026-09-10T23:04:45.228+00:00,174.001,359.367,99,22482.1,2685,65,measure
2026-09-10T23:04:46.227+00:00,175.001,369.118,99,22482.1,2685,66,measure
2026-09-10T23:04:47.227+00:00,176.001,360.272,99,22482.1,2685,65,measure
2026-09-10T23:04:48.227+00:00,177.000,355.336,99,22482.1,2685,65,measure
2026-09-10T23:04:49.233+00:00,178.000,348.255,99,22482.1,2685,63,measure
2026-09-10T23:04:50.229+00:00,179.001,311.515,99,22482.1,2685,62,measure
2026-09-10T23:04:48.744+00:00,180.000,315.596,99,22482.1,2685,63,measure
2026-09-10T23:04:49.744+00:00,181.000,313.826,99,22482.1,2685,63,measure
2026-09-10T23:04:50.744+00:00,182.000,310.337,99,22482.1,2685,62,measure
2026-09-10T23:04:51.744+00:00,183.000,327.021,99,22482.1,2685,62,measure
2026-09-10T23:04:52.745+00:00,184.000,328.52,99,22482.1,2685,62,measure
2026-09-10T23:04:53.744+00:00,185.000,349.19,99,22482.1,2685,66,measure
2026-09-10T23:04:54.744+00:00,186.000,366.793,99,22482.1,2685,66,measure
2026-09-10T23:04:55.744+00:00,187.000,366.907,99,22482.1,2685,68,measure
2026-09-10T23:04:56.744+00:00,188.000,369.722,99,22482.1,2685,67,measure
2026-09-10T23:04:57.744+00:00,189.001,361.347,99,22482.1,2685,65,measure
2026-09-10T23:04:58.745+00:00,190.000,364.317,99,22482.1,2685,66,measure
2026-09-10T23:04:59.746+00:00,191.001,354.666,99,22482.1,2685,66,measure
2026-09-10T23:05:00.744+00:00,192.000,358.961,99,22482.1,2685,65,measure
2026-09-10T23:05:01.744+00:00,193.000,370.006,99,22482.1,2685,65,measure
2026-09-10T23:05:02.744+00:00,194.000,371.391,99,22482.1,2685,65,measure
2026-09-10T23:05:03.744+00:00,195.000,370.715,99,22482.1,2685,65,measure
2026-09-10T23:05:04.745+00:00,196.000,381.62,99,22482.1,2685,67,measure
2026-09-10T23:05:05.745+00:00,197.000,366.992,99,22482.1,2685,67,measure
2026-09-10T23:05:06.744+00:00,198.000,366.498,99,22482.1,2685,67,measure
2026-09-10T23:05:07.744+00:00,199.000,366.842,99,22482.1,2685,66,measure
2026-09-10T23:05:08.744+00:00,200.000,372.946,99,22482.1,2685,66,measure
2026-09-10T23:05:09.744+00:00,201.000,371.559,99,22482.1,2685,66,measure
2026-09-10T23:05:10.749+00:00,202.001,362.186,99,22482.1,2685,67,measure
2026-09-10T23:05:11.744+00:00,203.001,361.11,99,22482.1,2685,67,measure
2026-09-10T23:05:12.744+00:00,204.000,361.886,99,22482.1,2685,65,measure
2026-09-10T23:05:13.751+00:00,205.000,351.623,99,22482.1,2685,63,measure
2026-09-10T23:05:14.744+00:00,206.001,331.459,99,22482.1,2685,63,measure
2026-09-10T23:05:15.746+00:00,207.001,339.016,99,22482.1,2685,65,measure
2026-09-10T23:05:16.745+00:00,208.000,319.873,99,22482.1,2685,65,measure
2026-09-10T23:05:17.744+00:00,209.000,317.896,99,22482.1,2685,67,measure
2026-09-10T23:05:18.753+00:00,210.001,341.508,99,22482.1,2685,62,measure
2026-09-10T23:05:19.744+00:00,211.001,326.117,99,22482.1,2685,67,measure
2026-09-10T23:05:20.744+00:00,212.000,360.959,99,22482.1,2685,67,measure
2026-09-10T23:05:19.248+00:00,213.000,363.67,99,22482.1,2685,66,measure
2026-09-10T23:05:20.248+00:00,214.000,361.133,99,22482.1,2685,65,measure
2026-09-10T23:05:21.247+00:00,215.000,359.684,99,22482.1,2685,65,measure
2026-09-10T23:05:22.247+00:00,216.001,348.227,99,22482.1,2685,65,measure
2026-09-10T23:05:23.247+00:00,217.001,356.14,99,22482.1,2685,66,measure
2026-09-10T23:05:24.247+00:00,218.001,362.98,99,22482.1,2685,65,measure
2026-09-10T23:05:25.247+00:00,219.000,360.116,99,22482.1,2685,66,measure
2026-09-10T23:05:26.250+00:00,220.001,364.197,99,22482.1,2685,66,measure
2026-09-10T23:05:27.247+00:00,221.001,323.641,99,22482.1,2685,64,measure
2026-09-10T23:05:28.247+00:00,222.000,320.16,99,22482.1,2685,63,measure
2026-09-10T23:05:29.246+00:00,223.000,335.393,99,22482.1,2685,63,measure
2026-09-10T23:05:30.247+00:00,224.000,358.696,99,22482.1,2685,66,measure
2026-09-10T23:05:31.248+00:00,225.001,375.093,99,22482.1,2685,67,measure
2026-09-10T23:05:32.248+00:00,226.000,370.36,99,22482.1,2685,65,measure
2026-09-10T23:05:33.247+00:00,227.000,359.401,99,22482.1,2685,65,measure
2026-09-10T23:05:34.247+00:00,228.000,353.366,99,22482.1,2685,66,measure
2026-09-10T23:05:35.247+00:00,229.001,334.236,99,22482.1,2685,64,measure
2026-09-10T23:05:36.271+00:00,230.000,331.155,99,22482.1,2685,66,measure
2026-09-10T23:05:37.248+00:00,231.000,333.509,99,22482.1,2685,61,measure
2026-09-10T23:05:38.248+00:00,232.000,312.49,99,22482.1,2685,61,measure
2026-09-10T23:05:39.247+00:00,233.000,358.966,99,22482.1,2685,66,measure
2026-09-10T23:05:40.247+00:00,234.000,347.107,99,22482.1,2685,65,measure
2026-09-10T23:05:41.249+00:00,235.001,356.888,99,22482.1,2685,67,measure
2026-09-10T23:05:42.247+00:00,236.000,308.932,99,22478.7,2685,63,measure
2026-09-10T23:05:43.248+00:00,237.000,338.512,99,22478.7,2685,66,measure
2026-09-10T23:05:44.250+00:00,238.001,329.197,99,22476.7,2685,64,measure
2026-09-10T23:05:45.247+00:00,239.000,347.77,99,22476.7,2685,65,measure
2026-09-10T23:05:46.248+00:00,240.001,348.523,99,22476.7,2685,66,measure
2026-09-10T23:05:47.248+00:00,241.001,320.81,99,22476.7,2685,62,measure
2026-09-10T23:05:48.248+00:00,242.002,320.807,99,22476.7,2685,64,measure
2026-09-10T23:05:49.248+00:00,243.000,311.846,99,22476.7,2685,64,measure
2026-09-10T23:05:50.250+00:00,244.001,325.981,99,22476.7,2685,64,measure
2026-09-10T23:05:48.765+00:00,245.001,347.137,99,22476.7,2685,65,measure
2026-09-10T23:05:49.765+00:00,246.000,355.445,99,22476.7,2685,64,measure
2026-09-10T23:05:50.765+00:00,247.000,369.809,99,22476.7,2685,65,measure
2026-09-10T23:05:51.773+00:00,248.007,358.864,99,22476.7,2685,64,measure
2026-09-10T23:05:52.772+00:00,249.003,368.876,99,22476.7,2685,67,measure
2026-09-10T23:05:53.768+00:00,250.000,364.622,99,22476.7,2685,65,measure
2026-09-10T23:05:54.765+00:00,251.001,367.088,99,22476.7,2685,66,measure
2026-09-10T23:05:55.765+00:00,252.000,369.524,99,22476.7,2685,67,measure
2026-09-10T23:05:56.766+00:00,253.001,365.66,99,22476.7,2685,65,measure
2026-09-10T23:05:57.765+00:00,254.000,363.114,99,22476.7,2685,67,measure
2026-09-10T23:05:58.766+00:00,255.000,367.685,99,22476.7,2685,66,measure
2026-09-10T23:05:59.766+00:00,256.000,364.044,99,22476.7,2685,65,measure
2026-09-10T23:06:00.767+00:00,257.002,364.316,99,22476.7,2685,66,measure
2026-09-10T23:06:01.765+00:00,258.000,361.121,99,22476.7,2685,65,measure
2026-09-10T23:06:02.769+00:00,259.004,353.539,99,22476.7,2685,66,measure
2026-09-10T23:06:03.770+00:00,260.003,326.362,99,22476.7,2685,66,measure
2026-09-10T23:06:04.767+00:00,261.001,312.03,99,22476.7,2685,65,measure
2026-09-10T23:06:05.767+00:00,262.000,302.351,99,22476.7,2685,61,measure
2026-09-10T23:06:06.765+00:00,263.000,322.018,99,22476.7,2685,65,measure
2026-09-10T23:06:07.765+00:00,264.000,331.417,99,22476.7,2685,62,measure
2026-09-10T23:06:08.767+00:00,265.002,319.248,99,22476.7,2685,63,measure
2026-09-10T23:06:09.766+00:00,266.001,318.861,99,22476.7,2685,65,measure
2026-09-10T23:06:10.781+00:00,267.001,303.178,99,22476.7,2685,62,measure
2026-09-10T23:06:11.779+00:00,268.000,327.42,99,22476.7,2685,62,measure
2026-09-10T23:06:12.765+00:00,269.000,310.521,99,22476.7,2685,61,measure
2026-09-10T23:06:13.765+00:00,270.000,327.288,99,22476.7,2685,62,measure
2026-09-10T23:06:14.765+00:00,271.000,326.019,99,22476.7,2685,63,measure
2026-09-10T23:06:15.766+00:00,272.001,330.004,99,22476.7,2685,64,measure
2026-09-10T23:06:16.767+00:00,273.000,353.334,99,22476.7,2685,65,measure
2026-09-10T23:06:17.771+00:00,274.006,366.247,99,22476.7,2685,65,measure
2026-09-10T23:06:18.769+00:00,275.004,359.73,99,22476.7,2685,65,measure
2026-09-10T23:06:19.765+00:00,276.000,363.677,99,22476.7,2685,67,measure
2026-09-10T23:06:18.268+00:00,277.000,361.203,99,22476.7,2685,66,measure
2026-09-10T23:06:19.268+00:00,278.000,339.024,99,22476.7,2685,64,measure
2026-09-10T23:06:20.270+00:00,279.001,315.196,99,22476.7,2685,64,measure
2026-09-10T23:06:21.270+00:00,280.001,311.253,99,22476.7,2685,64,measure
2026-09-10T23:06:22.268+00:00,281.000,319.746,99,22476.7,2685,65,measure
2026-09-10T23:06:23.268+00:00,282.000,326.344,99,22476.7,2685,65,measure
2026-09-10T23:06:24.268+00:00,283.000,321.478,99,22476.7,2685,62,measure
2026-09-10T23:06:25.268+00:00,284.000,332.905,99,22476.7,2685,66,measure
2026-09-10T23:06:26.274+00:00,285.001,357.312,99,22476.7,2685,65,measure
2026-09-10T23:06:27.270+00:00,286.000,362.692,99,22476.7,2685,66,measure
2026-09-10T23:06:28.268+00:00,287.000,365.469,99,22476.7,2685,65,measure
2026-09-10T23:06:29.268+00:00,288.000,353.44,99,22476.7,2685,63,measure
2026-09-10T23:06:30.268+00:00,289.000,348.05,99,22476.7,2685,66,measure
2026-09-10T23:06:31.268+00:00,290.001,340.813,99,22476.7,2685,65,measure
2026-09-10T23:06:32.272+00:00,291.000,354.444,99,22476.7,2685,65,measure
2026-09-10T23:06:33.303+00:00,292.000,372.779,99,22476.7,2685,68,measure
2026-09-10T23:06:34.268+00:00,293.000,364.056,99,22476.7,2685,66,measure
2026-09-10T23:06:35.268+00:00,294.001,363.213,99,22476.7,2685,66,measure
2026-09-10T23:06:36.274+00:00,295.005,369.853,99,22476.7,2685,67,measure
2026-09-10T23:06:37.275+00:00,296.004,358.192,99,22476.7,2685,64,measure
2026-09-10T23:06:38.273+00:00,297.003,332.91,99,22476.7,2685,65,measure
2026-09-10T23:06:39.270+00:00,298.002,308.711,99,22476.7,2685,62,measure
2026-09-10T23:06:40.268+00:00,299.001,326.009,99,22476.7,2685,64,measure
2026-09-10T23:06:41.268+00:00,300.000,325.779,99,22476.7,2685,62,measure
2026-09-10T23:06:42.268+00:00,301.000,332.51,99,22476.4,2685,66,measure
2026-09-10T23:06:43.311+00:00,302.001,327.164,100,22476.4,2685,66,measure
2026-09-10T23:06:44.270+00:00,303.001,347.121,99,22472.2,2685,62,measure
2026-09-10T23:06:45.269+00:00,304.001,360.996,99,22472.2,2685,67,measure
2026-09-10T23:06:46.268+00:00,305.000,364.32,99,22472.2,2685,66,measure
2026-09-10T23:06:47.269+00:00,306.001,363.786,99,22472.2,2685,66,measure
2026-09-10T23:06:48.271+00:00,307.003,366.169,99,22472.2,2685,65,measure
2026-09-10T23:06:49.268+00:00,308.000,364.05,99,22472.2,2685,65,measure
2026-09-10T23:06:50.270+00:00,309.001,362.014,99,22472.2,2685,66,measure
2026-09-10T23:06:48.770+00:00,310.001,353.541,99,22472.2,2685,65,measure
2026-09-10T23:06:49.769+00:00,311.000,332.008,99,22472.2,2685,64,measure
2026-09-10T23:06:50.772+00:00,312.000,354.186,99,22472.2,2685,65,measure
2026-09-10T23:06:51.769+00:00,313.000,345.602,99,22472.2,2685,65,measure
2026-09-10T23:06:52.771+00:00,314.001,365.141,99,22472.2,2685,67,measure
2026-09-10T23:06:53.771+00:00,315.001,363.401,99,22472.2,2685,67,measure
2026-09-10T23:06:54.771+00:00,316.002,377.243,99,22472.2,2685,65,measure
2026-09-10T23:06:55.771+00:00,317.003,395.701,99,22472.2,2685,69,measure
2026-09-10T23:06:56.769+00:00,318.000,411.103,99,22472.2,2685,70,measure
2026-09-10T23:06:57.770+00:00,319.001,410.621,100,22472.2,2685,70,measure
2026-09-10T23:06:58.769+00:00,320.000,412.839,99,22472.2,2685,70,measure
2026-09-10T23:06:59.771+00:00,321.001,403.478,100,22472.2,2685,69,measure
2026-09-10T23:07:00.770+00:00,322.000,403.899,100,22472.2,2685,69,measure
2026-09-10T23:07:01.769+00:00,323.000,404.255,100,22472.2,2685,70,measure
2026-09-10T23:07:02.769+00:00,324.000,400.306,99,22472.2,2685,70,measure
2026-09-10T23:07:03.769+00:00,325.001,401.532,100,22472.2,2685,70,measure
2026-09-10T23:07:04.769+00:00,326.000,407.868,99,22472.2,2685,69,measure
2026-09-10T23:07:05.770+00:00,327.000,411.604,100,22472.2,2685,70,measure
2026-09-10T23:07:06.770+00:00,328.001,407.13,99,22472.2,2685,69,measure
2026-09-10T23:07:07.769+00:00,329.001,404.173,99,22472.2,2685,69,measure
2026-09-10T23:07:08.769+00:00,330.000,403.107,100,22472.2,2685,69,measure
2026-09-10T23:07:09.771+00:00,331.002,403.751,99,22472.2,2685,69,measure
2026-09-10T23:07:10.777+00:00,332.003,401.935,100,22472.2,2685,70,measure
2026-09-10T23:07:11.773+00:00,333.000,404.422,100,22472.2,2685,70,measure
2026-09-10T23:07:12.769+00:00,334.001,409.069,100,22472.2,2685,70,measure
2026-09-10T23:07:13.769+00:00,335.000,413.918,100,22472.2,2685,70,measure
2026-09-10T23:07:14.769+00:00,336.001,406.149,99,22472.2,2685,70,measure
2026-09-10T23:07:15.770+00:00,337.002,406.245,100,22472.2,2685,69,measure
2026-09-10T23:07:16.769+00:00,338.000,405.342,99,22472.2,2685,70,measure
2026-09-10T23:07:17.770+00:00,339.000,401.538,99,22472.2,2685,69,measure
2026-09-10T23:07:18.769+00:00,340.000,401.611,100,22472.2,2685,69,measure
2026-09-10T23:07:19.769+00:00,341.000,407.798,99,22472.2,2685,70,measure
2026-09-10T23:07:18.284+00:00,342.000,412.264,100,22472.2,2685,70,measure
2026-09-10T23:07:19.282+00:00,343.001,415.219,100,22472.2,2685,71,measure
2026-09-10T23:07:20.283+00:00,344.000,405.514,99,22472.2,2685,69,measure
2026-09-10T23:07:21.286+00:00,345.001,404.917,99,22472.2,2685,69,measure
2026-09-10T23:07:22.283+00:00,346.001,405.013,100,22472.2,2685,70,measure
2026-09-10T23:07:23.282+00:00,347.000,403.296,100,22472.2,2685,70,measure
2026-09-10T23:07:24.282+00:00,348.001,403.716,100,22472.2,2685,70,measure
2026-09-10T23:07:25.282+00:00,349.000,409.449,99,22472.2,2685,71,measure
2026-09-10T23:07:26.283+00:00,350.000,413.247,100,22472.2,2685,71,measure
2026-09-10T23:07:27.285+00:00,351.001,411.231,99,22472.2,2685,70,measure
2026-09-10T23:07:28.282+00:00,352.000,403.342,99,22472.2,2685,71,measure
2026-09-10T23:07:29.283+00:00,353.001,404.111,100,22472.2,2685,70,measure
2026-09-10T23:07:30.282+00:00,354.001,403.986,99,22472.2,2685,70,measure
2026-09-10T23:07:31.282+00:00,355.000,401.413,100,22472.2,2685,70,measure
2026-09-10T23:07:32.283+00:00,356.000,404.157,100,22472.2,2685,71,measure
2026-09-10T23:07:33.285+00:00,357.001,410.191,100,22472.2,2685,70,measure
2026-09-10T23:07:34.283+00:00,358.001,414.379,100,22472.2,2685,71,measure
2026-09-10T23:07:35.284+00:00,359.002,408.669,99,22472.2,2685,70,measure
2026-09-10T23:07:36.283+00:00,360.001,405.416,100,22472.2,2685,70,measure
2026-09-10T23:07:37.285+00:00,361.002,404.944,100,22472.2,2685,70,measure
2026-09-10T23:07:38.286+00:00,362.003,403.888,100,22472.2,2685,70,measure
2026-09-10T23:07:39.283+00:00,363.000,401.341,100,22472.2,2685,70,measure
2026-09-10T23:07:40.282+00:00,364.000,406.7,100,22472.2,2685,71,measure
2026-09-10T23:07:41.282+00:00,365.000,412.156,100,22472.2,2685,71,measure
2026-09-10T23:07:42.282+00:00,366.000,416.184,100,22470.4,2685,71,measure
2026-09-10T23:07:43.282+00:00,367.000,406.263,100,22470.4,2685,70,measure
2026-09-10T23:07:44.283+00:00,368.000,406.748,100,22469.9,2685,70,measure
2026-09-10T23:07:45.284+00:00,369.000,407.149,100,22469.9,2685,71,measure
2026-09-10T23:07:46.282+00:00,370.000,403.31,99,22469.9,2685,70,measure
2026-09-10T23:07:47.282+00:00,371.000,405.163,100,22469.9,2685,70,measure
2026-09-10T23:07:48.284+00:00,372.000,409.179,99,22469.9,2685,70,measure
2026-09-10T23:07:49.282+00:00,373.000,412.534,100,22469.9,2685,71,measure
2026-09-10T23:07:50.283+00:00,374.000,415.207,100,22469.9,2685,71,measure
2026-09-10T23:07:48.790+00:00,375.001,405.903,100,22469.9,2685,70,measure
2026-09-10T23:07:49.787+00:00,376.000,405.731,100,22469.9,2685,70,measure
2026-09-10T23:07:50.787+00:00,377.000,406.008,100,22469.9,2685,70,measure
2026-09-10T23:07:51.787+00:00,378.000,401.718,99,22469.9,2685,70,measure
2026-09-10T23:07:52.788+00:00,379.001,402.489,100,22469.9,2685,70,measure
2026-09-10T23:07:53.788+00:00,380.000,409.99,100,22469.9,2685,71,measure
2026-09-10T23:07:54.790+00:00,381.003,413.824,100,22469.9,2685,71,measure
2026-09-10T23:07:55.787+00:00,382.000,410.422,100,22469.9,2685,70,measure
2026-09-10T23:07:56.787+00:00,383.000,405.182,100,22469.9,2685,71,measure
2026-09-10T23:07:57.791+00:00,384.004,405.161,100,22469.9,2685,70,measure
2026-09-10T23:07:58.787+00:00,385.000,405.281,100,22469.9,2685,70,measure
2026-09-10T23:07:59.790+00:00,386.002,403.293,100,22469.9,2685,70,measure
2026-09-10T23:08:00.789+00:00,387.001,405.868,100,22469.9,2685,71,measure
2026-09-10T23:08:01.788+00:00,388.000,411.027,100,22469.9,2685,70,measure
2026-09-10T23:08:02.787+00:00,389.000,416.624,100,22469.9,2685,71,measure
2026-09-10T23:08:03.788+00:00,390.000,407.602,100,22469.9,2685,70,measure
2026-09-10T23:08:04.787+00:00,391.000,407.943,100,22469.9,2685,70,measure
2026-09-10T23:08:05.794+00:00,392.000,406.767,100,22469.9,2685,71,measure
2026-09-10T23:08:06.788+00:00,393.001,402.563,99,22469.9,2685,70,measure
2026-09-10T23:08:07.788+00:00,394.001,402.44,100,22469.9,2685,70,measure
2026-09-10T23:08:08.787+00:00,395.000,408.03,100,22469.9,2685,72,measure
2026-09-10T23:08:09.788+00:00,396.001,413.037,100,22469.9,2685,71,measure
2026-09-10T23:08:10.788+00:00,397.001,415.173,99,22469.9,2685,71,measure
2026-09-10T23:08:11.789+00:00,398.000,406.103,100,22469.9,2685,70,measure
2026-09-10T23:08:12.789+00:00,399.000,406.347,100,22469.9,2685,70,measure
2026-09-10T23:08:13.788+00:00,400.001,405.875,100,22469.9,2685,71,measure
2026-09-10T23:08:14.787+00:00,401.000,402.657,100,22469.9,2685,70,measure
2026-09-10T23:08:15.788+00:00,402.000,403.846,100,22469.9,2685,70,measure
2026-09-10T23:08:16.787+00:00,403.000,409.673,100,22469.9,2685,70,measure
2026-09-10T23:08:17.790+00:00,404.001,413.23,100,22469.9,2685,71,measure
2026-09-10T23:08:18.789+00:00,405.000,411.556,100,22469.9,2685,70,measure
2026-09-10T23:08:19.788+00:00,406.000,403.896,100,22469.9,2685,70,measure
2026-09-10T23:08:18.288+00:00,407.001,404.703,100,22469.9,2685,70,measure
2026-09-10T23:08:19.287+00:00,408.000,404.784,100,22469.9,2685,70,measure
2026-09-10T23:08:20.289+00:00,409.002,402.364,100,22469.9,2685,70,measure
2026-09-10T23:08:21.289+00:00,410.001,405.863,100,22469.9,2685,70,measure
2026-09-10T23:08:22.288+00:00,411.001,411.981,100,22469.9,2685,71,measure
2026-09-10T23:08:23.288+00:00,412.001,416.281,100,22469.9,2685,72,measure
2026-09-10T23:08:24.287+00:00,413.000,409.548,100,22469.9,2685,70,measure
2026-09-10T23:08:25.287+00:00,414.001,406.773,100,22469.9,2685,71,measure
2026-09-10T23:08:26.287+00:00,415.000,405.812,100,22469.9,2685,70,measure
2026-09-10T23:08:27.289+00:00,416.001,405.976,100,22469.9,2685,70,measure
2026-09-10T23:08:28.288+00:00,417.001,404.02,100,22469.9,2685,70,measure
2026-09-10T23:08:29.287+00:00,418.000,408.247,100,22469.9,2685,71,measure
2026-09-10T23:08:30.290+00:00,419.001,413.478,100,22469.9,2685,72,measure
2026-09-10T23:08:31.287+00:00,420.001,417.792,100,22469.9,2685,71,measure
2026-09-10T23:08:32.288+00:00,421.000,408.015,100,22469.9,2685,70,measure
2026-09-10T23:08:33.292+00:00,422.001,407.568,100,22469.9,2685,70,measure
2026-09-10T23:08:34.289+00:00,423.002,407.033,100,22469.9,2685,71,measure
2026-09-10T23:08:35.287+00:00,424.000,403.744,100,22469.9,2685,70,measure
2026-09-10T23:08:36.287+00:00,425.000,404.114,100,22469.9,2685,70,measure
2026-09-10T23:08:37.287+00:00,426.000,409.201,100,22469.9,2685,71,measure
2026-09-10T23:08:38.287+00:00,427.000,412.699,100,22469.9,2685,72,measure
2026-09-10T23:08:39.288+00:00,428.001,414.626,100,22469.9,2685,71,measure
2026-09-10T23:08:40.288+00:00,429.000,406.958,100,22469.9,2685,70,measure
2026-09-10T23:08:41.287+00:00,430.000,406.005,100,22469.9,2685,70,measure
2026-09-10T23:08:42.287+00:00,431.000,405.966,99,22469.9,2685,70,measure
2026-09-10T23:08:43.287+00:00,432.000,403.02,100,22469.9,2685,70,measure
2026-09-10T23:08:44.287+00:00,433.000,403.631,100,22465.9,2685,70,measure
2026-09-10T23:08:45.288+00:00,434.000,409.416,100,22465.9,2685,70,measure
2026-09-10T23:08:46.287+00:00,435.001,415.197,100,22465.9,2685,71,measure
2026-09-10T23:08:47.287+00:00,436.001,410.727,100,22465.9,2685,70,measure
2026-09-10T23:08:48.287+00:00,437.000,405.331,100,22465.9,2685,70,measure
2026-09-10T23:08:49.287+00:00,438.001,403.757,100,22465.9,2685,70,measure
2026-09-10T23:08:50.288+00:00,439.000,404.974,100,22465.9,2685,71,measure
2026-09-10T23:08:48.787+00:00,440.000,404.135,99,22465.9,2685,70,measure
2026-09-10T23:08:49.792+00:00,441.007,405.598,100,22465.9,2685,70,measure
2026-09-10T23:08:50.786+00:00,442.000,411.169,100,22465.9,2685,71,measure
2026-09-10T23:08:51.786+00:00,443.000,415.144,100,22465.9,2685,72,measure
2026-09-10T23:08:52.786+00:00,444.000,406.563,99,22465.9,2685,70,measure
2026-09-10T23:08:53.787+00:00,445.001,407.124,100,22465.9,2685,71,measure
2026-09-10T23:08:54.787+00:00,446.000,405.248,100,22465.9,2685,70,measure
2026-09-10T23:08:55.786+00:00,447.001,403.889,100,22465.9,2685,70,measure
2026-09-10T23:08:56.786+00:00,448.000,403.599,100,22465.9,2685,70,measure
2026-09-10T23:08:57.788+00:00,449.000,408.062,100,22465.9,2685,71,measure
2026-09-10T23:08:58.786+00:00,450.000,412.884,100,22465.9,2685,72,measure
2026-09-10T23:08:59.787+00:00,451.000,416.51,100,22465.9,2685,71,measure
2026-09-10T23:09:00.788+00:00,452.000,406.506,100,22465.9,2685,70,measure
2026-09-10T23:09:01.786+00:00,453.001,406.474,100,22465.9,2685,70,measure
2026-09-10T23:09:02.786+00:00,454.001,406.218,99,22465.9,2685,71,measure
2026-09-10T23:09:03.786+00:00,455.001,404.198,100,22465.9,2685,70,measure
2026-09-10T23:09:04.786+00:00,456.000,405.36,100,22465.9,2685,70,measure
2026-09-10T23:09:05.787+00:00,457.001,408.825,100,22465.9,2685,70,measure
2026-09-10T23:09:06.787+00:00,458.000,413.082,100,22465.9,2685,71,measure
2026-09-10T23:09:07.786+00:00,459.000,412.57,100,22465.9,2685,71,measure
2026-09-10T23:09:08.785+00:00,460.000,406.038,100,22465.9,2685,70,measure
2026-09-10T23:09:09.786+00:00,461.000,405.127,100,22465.9,2685,70,measure
2026-09-10T23:09:10.786+00:00,462.000,404.85,99,22465.9,2685,70,measure
2026-09-10T23:09:11.787+00:00,463.000,402.15,100,22465.9,2685,70,measure
2026-09-10T23:09:12.787+00:00,464.000,403.563,100,22465.9,2685,71,measure
2026-09-10T23:09:13.786+00:00,465.000,410.888,100,22465.9,2685,70,measure
2026-09-10T23:09:14.786+00:00,466.000,415.385,100,22465.9,2685,71,measure
2026-09-10T23:09:15.786+00:00,467.001,408.589,100,22465.9,2685,70,measure
2026-09-10T23:09:16.786+00:00,468.000,405.628,100,22465.9,2685,70,measure
2026-09-10T23:09:17.787+00:00,469.000,405.389,99,22465.9,2685,70,measure
2026-09-10T23:09:18.788+00:00,470.001,405.194,100,22465.9,2685,71,measure
2026-09-10T23:09:19.789+00:00,471.004,402.548,100,22465.9,2685,70,measure
2026-09-10T23:09:18.307+00:00,472.000,406.716,100,22465.9,2685,70,measure
2026-09-10T23:09:19.308+00:00,473.001,411.198,100,22465.9,2685,71,measure
2026-09-10T23:09:20.307+00:00,474.000,416.252,100,22465.9,2685,72,measure
2026-09-10T23:09:21.308+00:00,475.000,407.161,100,22465.9,2685,70,measure
2026-09-10T23:09:22.309+00:00,476.001,406.081,100,22465.9,2685,70,measure
2026-09-10T23:09:23.307+00:00,477.000,406.568,100,22465.9,2685,71,measure
2026-09-10T23:09:24.311+00:00,478.004,404.08,100,22465.9,2685,70,measure
2026-09-10T23:09:25.309+00:00,479.000,403.789,99,22465.9,2685,70,measure
2026-09-10T23:09:26.307+00:00,480.000,409.113,100,22465.9,2685,71,measure
2026-09-10T23:09:27.309+00:00,481.001,413.341,100,22465.9,2685,72,measure
2026-09-10T23:09:28.309+00:00,482.000,414.745,100,22465.9,2685,71,measure
2026-09-10T23:09:29.307+00:00,483.000,406.529,100,22465.9,2685,71,measure
2026-09-10T23:09:30.307+00:00,484.000,405.332,100,22465.9,2685,70,measure
2026-09-10T23:09:31.308+00:00,485.001,406.241,100,22465.9,2685,71,measure
2026-09-10T23:09:32.308+00:00,486.000,403.339,100,22465.9,2685,70,measure
2026-09-10T23:09:33.308+00:00,487.000,403.403,100,22465.9,2685,71,measure
2026-09-10T23:09:34.309+00:00,488.000,409.388,100,22465.9,2685,70,measure
2026-09-10T23:09:35.307+00:00,489.001,413.72,100,22465.9,2685,71,measure
2026-09-10T23:09:36.307+00:00,490.000,411.747,100,22465.9,2685,70,measure
2026-09-10T23:09:37.308+00:00,491.001,405.051,100,22465.9,2685,70,measure
2026-09-10T23:09:38.307+00:00,492.000,404.542,100,22465.9,2685,70,measure
2026-09-10T23:09:39.309+00:00,493.000,405.642,100,22465.9,2685,70,measure
2026-09-10T23:09:40.307+00:00,494.001,402.204,100,22465.9,2685,71,measure
2026-09-10T23:09:41.307+00:00,495.000,406.501,100,22465.9,2685,70,measure
2026-09-10T23:09:42.307+00:00,496.000,411.006,100,22465.9,2685,71,measure
2026-09-10T23:09:43.307+00:00,497.000,415.985,100,22465.9,2685,71,measure
2026-09-10T23:09:44.307+00:00,498.000,410.074,100,22465.9,2685,70,measure
2026-09-10T23:09:45.313+00:00,499.000,408.076,100,22465.9,2685,70,measure
2026-09-10T23:09:46.309+00:00,500.000,406.628,99,22465.9,2685,70,measure
2026-09-10T23:09:47.307+00:00,501.000,404.622,100,22465.9,2685,71,measure
2026-09-10T23:09:48.310+00:00,502.003,403.082,100,22465.9,2685,71,measure
2026-09-10T23:09:49.307+00:00,503.000,408.698,100,22465.9,2685,71,measure
2026-09-10T23:09:47.807+00:00,504.000,413.837,100,22465.9,2685,71,measure
2026-09-10T23:09:48.808+00:00,505.000,416.731,100,22465.9,2685,72,measure
2026-09-10T23:09:49.807+00:00,506.001,406.906,99,22465.9,2685,70,measure
2026-09-10T23:09:50.807+00:00,507.000,407.217,100,22465.9,2685,70,measure
2026-09-10T23:09:51.807+00:00,508.000,406.94,100,22465.9,2685,71,measure
2026-09-10T23:09:52.807+00:00,509.001,404.277,100,22465.9,2685,71,measure
2026-09-10T23:09:53.808+00:00,510.000,406.277,100,22465.9,2685,71,measure
2026-09-10T23:09:54.812+00:00,511.002,410.29,100,22465.9,2685,71,measure
2026-09-10T23:09:55.808+00:00,512.001,414.366,99,22465.9,2685,72,measure
2026-09-10T23:09:56.808+00:00,513.001,413.642,99,22465.9,2685,71,measure
2026-09-10T23:09:57.808+00:00,514.002,406.722,100,22465.9,2685,70,measure
2026-09-10T23:09:58.807+00:00,515.000,406.374,99,22465.9,2685,71,measure
2026-09-10T23:09:59.808+00:00,516.000,405.728,100,22465.9,2685,70,measure
2026-09-10T23:10:00.808+00:00,517.000,403.159,99,22465.9,2685,70,measure
2026-09-10T23:10:01.807+00:00,518.001,404.762,100,22465.9,2685,71,measure
2026-09-10T23:10:02.809+00:00,519.002,411.078,100,22465.9,2685,71,measure
2026-09-10T23:10:03.807+00:00,520.001,415.184,99,22465.9,2685,71,measure
2026-09-10T23:10:04.806+00:00,521.000,410.224,100,22465.9,2685,70,measure
2026-09-10T23:10:05.810+00:00,522.002,406.862,100,22465.9,2685,70,measure
2026-09-10T23:10:06.809+00:00,523.001,406.924,100,22465.9,2685,71,measure
2026-09-10T23:10:07.808+00:00,524.001,405.853,100,22465.9,2685,70,measure
2026-09-10T23:10:08.807+00:00,525.000,404.018,100,22465.9,2685,70,measure
2026-09-10T23:10:09.810+00:00,526.002,408.917,100,22465.9,2685,71,measure
2026-09-10T23:10:10.810+00:00,527.003,412.69,100,22465.9,2685,71,measure
2026-09-10T23:10:11.815+00:00,528.006,418.099,100,22465.9,2685,72,measure
2026-09-10T23:10:12.811+00:00,529.002,408.98,100,22465.9,2685,70,measure
2026-09-10T23:10:13.807+00:00,530.000,407.865,100,22465.9,2685,70,measure
2026-09-10T23:10:14.807+00:00,531.000,408.63,100,22465.9,2685,71,measure
2026-09-10T23:10:15.807+00:00,532.000,404.9,100,22465.9,2685,71,measure
2026-09-10T23:10:16.807+00:00,533.001,405.351,100,22465.9,2685,71,measure
2026-09-10T23:10:17.808+00:00,534.001,411.496,100,22465.9,2685,71,measure
2026-09-10T23:10:18.808+00:00,535.000,415.232,100,22465.9,2685,72,measure
2026-09-10T23:10:19.808+00:00,536.001,416.677,100,22465.9,2685,70,measure
2026-09-10T23:10:18.307+00:00,537.000,407.871,100,22465.9,2685,70,measure
2026-09-10T23:10:19.309+00:00,538.003,407.975,100,22465.9,2685,70,measure
2026-09-10T23:10:20.307+00:00,539.000,408.205,100,22465.9,2685,71,measure
2026-09-10T23:10:21.307+00:00,540.000,404.241,99,22465.9,2685,70,measure
2026-09-10T23:10:22.309+00:00,541.001,404.384,100,22465.9,2685,71,measure
2026-09-10T23:10:23.307+00:00,542.001,410.435,100,22465.9,2685,71,measure
2026-09-10T23:10:24.307+00:00,543.001,414.34,100,22465.9,2685,72,measure
2026-09-10T23:10:25.308+00:00,544.001,413.032,100,22465.9,2685,71,measure
2026-09-10T23:10:26.308+00:00,545.001,406.204,100,22465.9,2685,71,measure
2026-09-10T23:10:27.310+00:00,546.002,405.645,100,22465.9,2685,71,measure
2026-09-10T23:10:28.311+00:00,547.001,407.005,99,22465.9,2685,70,measure
2026-09-10T23:10:29.311+00:00,548.005,404.24,100,22465.9,2685,70,measure
2026-09-10T23:10:30.307+00:00,549.001,406.583,100,22465.9,2685,71,measure
2026-09-10T23:10:31.308+00:00,550.001,412.246,99,22465.9,2685,71,measure
2026-09-10T23:10:32.307+00:00,551.001,416.825,100,22465.9,2685,71,measure
2026-09-10T23:10:33.309+00:00,552.001,409.973,99,22465.9,2685,70,measure
2026-09-10T23:10:34.311+00:00,553.001,408.347,100,22465.9,2685,70,measure
2026-09-10T23:10:35.308+00:00,554.001,407.841,100,22465.9,2685,71,measure
2026-09-10T23:10:36.307+00:00,555.000,404.605,100,22465.9,2685,70,measure
2026-09-10T23:10:37.310+00:00,556.001,404.021,100,22465.9,2685,70,measure
2026-09-10T23:10:38.307+00:00,557.000,408.964,100,22465.9,2685,71,measure
2026-09-10T23:10:39.308+00:00,558.000,414.798,100,22465.9,2685,71,measure
2026-09-10T23:10:40.311+00:00,559.000,416.891,100,22465.9,2685,72,measure
2026-09-10T23:10:41.307+00:00,560.000,407.24,99,22465.9,2685,70,measure
2026-09-10T23:10:42.307+00:00,561.001,408.008,99,22465.9,2685,70,measure
2026-09-10T23:10:43.307+00:00,562.000,407.463,100,22465.9,2685,70,measure
2026-09-10T23:10:44.307+00:00,563.000,405.07,100,22465.9,2685,71,measure
2026-09-10T23:10:45.308+00:00,564.001,405.378,99,22465.9,2685,71,measure
2026-09-10T23:10:46.310+00:00,565.001,410.276,100,22465.9,2685,71,measure
2026-09-10T23:10:47.308+00:00,566.001,413.739,100,22465.9,2685,72,measure
2026-09-10T23:10:48.307+00:00,567.001,414.909,100,22465.9,2685,70,measure
2026-09-10T23:10:49.307+00:00,568.000,406.026,100,22465.9,2685,70,measure
2026-09-10T23:10:47.807+00:00,569.001,406.168,99,22465.9,2685,70,measure
2026-09-10T23:10:48.807+00:00,570.000,406.716,100,22465.9,2685,70,measure
2026-09-10T23:10:49.808+00:00,571.000,403.21,100,22465.9,2685,70,measure
2026-09-10T23:10:50.805+00:00,572.000,405.202,99,22465.9,2685,71,measure
2026-09-10T23:10:51.806+00:00,573.001,410.856,100,22465.9,2685,71,measure
2026-09-10T23:10:52.806+00:00,574.001,415.597,100,22465.9,2685,72,measure
2026-09-10T23:10:53.806+00:00,575.001,410.235,100,22465.9,2685,71,measure
2026-09-10T23:10:54.807+00:00,576.000,407.266,99,22465.9,2685,70,measure
2026-09-10T23:10:55.807+00:00,577.001,406.701,100,22465.9,2685,71,measure
2026-09-10T23:10:56.806+00:00,578.000,405.797,100,22465.9,2685,70,measure
2026-09-10T23:10:57.805+00:00,579.000,405.271,100,22465.9,2685,70,measure
2026-09-10T23:10:58.806+00:00,580.000,407.025,99,22465.9,2685,71,measure
2026-09-10T23:10:59.806+00:00,581.000,412.648,99,22465.9,2685,71,measure
2026-09-10T23:11:00.807+00:00,582.000,418.106,99,22465.9,2685,72,measure
2026-09-10T23:11:01.808+00:00,583.001,408.081,100,22465.9,2685,70,measure
2026-09-10T23:11:02.806+00:00,584.000,408.818,100,22465.9,2685,70,measure
2026-09-10T23:11:03.805+00:00,585.000,407.827,100,22465.9,2685,70,measure
2026-09-10T23:11:04.807+00:00,586.000,404.322,100,22465.9,2685,70,measure
2026-09-10T23:11:05.806+00:00,587.000,404.362,100,22465.9,2685,71,measure
2026-09-10T23:11:06.807+00:00,588.000,409.379,100,22465.9,2685,71,measure
2026-09-10T23:11:07.806+00:00,589.001,414.568,100,22465.9,2685,71,measure
2026-09-10T23:11:08.806+00:00,590.000,415.885,100,22465.9,2685,72,measure
2026-09-10T23:11:09.806+00:00,591.001,407.475,99,22465.9,2685,71,measure
2026-09-10T23:11:10.806+00:00,592.000,408.127,100,22465.9,2685,70,measure
2026-09-10T23:11:11.806+00:00,593.000,407.03,100,22465.9,2685,70,measure
2026-09-10T23:11:12.806+00:00,594.000,403.558,99,22465.9,2685,71,measure
2026-09-10T23:11:13.806+00:00,595.001,404.178,99,22465.9,2685,70,measure
2026-09-10T23:11:14.805+00:00,596.000,409.699,99,22465.9,2685,71,measure
2026-09-10T23:11:15.806+00:00,597.001,414.817,99,22465.9,2685,72,measure
2026-09-10T23:11:16.805+00:00,598.000,413.167,99,22465.9,2685,71,measure
2026-09-10T23:11:17.806+00:00,599.001,405.752,99,22465.9,2685,70,measure
2026-09-10T23:11:18.807+00:00,600.000,404.975,99,22465.9,2685,71,measure
2026-09-10T23:11:19.808+00:00,601.000,405.95,100,22465.9,2685,71,measure
2026-09-10T23:11:18.343+00:00,602.001,403.512,99,22465.9,2685,70,measure
2026-09-10T23:11:19.344+00:00,603.001,405.683,99,22465.9,2685,71,measure
2026-09-10T23:11:20.343+00:00,604.001,412.053,100,22465.9,2685,71,measure
2026-09-10T23:11:21.343+00:00,605.000,416.107,100,22465.9,2685,71,measure
2026-09-10T23:11:22.349+00:00,606.001,409.499,100,22465.9,2685,70,measure
2026-09-10T23:11:23.343+00:00,607.000,407.664,99,22465.9,2685,70,measure
2026-09-10T23:11:24.343+00:00,608.001,406.587,99,22465.9,2685,71,measure
2026-09-10T23:11:25.344+00:00,609.001,406.333,99,22465.9,2685,70,measure
2026-09-10T23:11:26.343+00:00,610.001,403.531,100,22465.9,2685,71,measure
2026-09-10T23:11:27.343+00:00,611.000,408.079,100,22465.9,2685,71,measure
2026-09-10T23:11:28.344+00:00,612.000,413.864,99,22465.9,2685,71,measure
2026-09-10T23:11:29.343+00:00,613.000,417.031,100,22465.9,2685,72,measure
2026-09-10T23:11:30.343+00:00,614.000,408.34,100,22465.9,2685,71,measure
2026-09-10T23:11:31.343+00:00,615.000,407.721,100,22465.9,2685,70,measure
2026-09-10T23:11:32.344+00:00,616.001,406.868,100,22465.9,2685,70,measure
2026-09-10T23:11:33.344+00:00,617.001,404.973,100,22465.9,2685,70,measure
2026-09-10T23:11:34.344+00:00,618.000,405.385,100,22465.9,2685,71,measure
2026-09-10T23:11:35.343+00:00,619.001,409.624,100,22465.9,2685,70,measure
2026-09-10T23:11:36.343+00:00,620.001,412.927,100,22465.9,2685,71,measure
2026-09-10T23:11:37.343+00:00,621.000,414.849,99,22465.9,2685,72,measure
2026-09-10T23:11:38.343+00:00,622.000,407.075,99,22465.9,2685,71,measure
2026-09-10T23:11:39.344+00:00,623.001,405.973,99,22465.9,2685,70,measure
2026-09-10T23:11:40.345+00:00,624.000,405.948,100,22465.9,2685,71,measure
2026-09-10T23:11:41.344+00:00,625.000,402.882,100,22465.9,2685,71,measure
2026-09-10T23:11:42.343+00:00,626.000,403.906,100,22465.9,2685,71,measure
2026-09-10T23:11:43.343+00:00,627.001,409.596,100,22465.9,2685,71,measure
2026-09-10T23:11:44.343+00:00,628.000,416.177,100,22465.9,2685,72,measure
2026-09-10T23:11:45.343+00:00,629.000,410.443,100,22465.9,2685,71,measure
2026-09-10T23:11:46.345+00:00,630.000,406.01,99,22465.9,2685,70,measure
2026-09-10T23:11:47.343+00:00,631.001,405.398,100,22465.9,2685,71,measure
2026-09-10T23:11:48.343+00:00,632.000,406.445,100,22465.9,2685,71,measure
2026-09-10T23:11:49.345+00:00,633.001,404.785,99,22465.9,2685,71,measure
2026-09-10T23:11:47.845+00:00,634.000,406.937,100,22465.9,2685,71,measure
2026-09-10T23:11:48.847+00:00,635.002,411.257,100,22465.9,2685,71,measure
2026-09-10T23:11:49.846+00:00,636.000,417.051,99,22465.9,2685,71,measure
2026-09-10T23:11:50.846+00:00,637.002,407.467,99,22465.9,2685,70,measure
2026-09-10T23:11:51.845+00:00,638.000,408.05,100,22465.9,2685,70,measure
2026-09-10T23:11:52.845+00:00,639.001,406.415,100,22465.9,2685,70,measure
2026-09-10T23:11:53.845+00:00,640.000,404.327,100,22465.9,2685,71,measure
2026-09-10T23:11:54.846+00:00,641.001,404.569,100,22465.9,2685,71,measure
2026-09-10T23:11:55.848+00:00,642.001,409.085,100,22465.9,2685,71,measure
2026-09-10T23:11:56.848+00:00,643.003,413.452,100,22465.9,2685,71,measure
2026-09-10T23:11:57.848+00:00,644.004,416.749,100,22465.9,2685,72,measure
2026-09-10T23:11:58.847+00:00,645.002,407.899,99,22465.9,2685,71,measure
2026-09-10T23:11:59.845+00:00,646.000,406.667,99,22465.9,2685,71,measure
2026-09-10T23:12:00.846+00:00,647.001,406.619,100,22465.9,2685,70,measure
2026-09-10T23:12:01.848+00:00,648.002,404.51,100,22465.9,2685,70,measure
2026-09-10T23:12:02.845+00:00,649.000,403.572,100,22465.9,2685,71,measure
2026-09-10T23:12:03.847+00:00,650.002,409.946,99,22465.9,2685,70,measure
2026-09-10T23:12:04.846+00:00,651.001,414.871,100,22465.9,2685,71,measure
2026-09-10T23:12:05.847+00:00,652.002,413.763,99,22465.9,2685,70,measure
2026-09-10T23:12:06.846+00:00,653.000,405.718,100,22465.9,2685,70,measure
2026-09-10T23:12:07.849+00:00,654.004,404.852,100,22465.9,2685,70,measure
2026-09-10T23:12:08.848+00:00,655.003,405.609,99,22465.9,2685,71,measure
2026-09-10T23:12:09.848+00:00,656.003,402.626,99,22465.9,2685,71,measure
2026-09-10T23:12:10.847+00:00,657.002,405.105,100,22465.9,2685,71,measure
2026-09-10T23:12:11.851+00:00,658.005,412.127,100,22465.9,2685,71,measure
2026-09-10T23:12:12.849+00:00,659.003,417.258,100,22465.9,2685,72,measure
2026-09-10T23:12:13.849+00:00,660.001,410.32,100,22465.9,2685,71,measure
2026-09-10T23:12:14.849+00:00,661.004,407.17,100,22465.9,2685,70,measure
2026-09-10T23:12:15.845+00:00,662.000,407.032,100,22465.9,2685,71,measure
2026-09-10T23:12:16.848+00:00,663.002,405.949,100,22465.9,2685,71,measure
2026-09-10T23:12:17.845+00:00,664.001,403.26,99,22465.9,2685,71,measure
2026-09-10T23:12:18.845+00:00,665.000,408.737,100,22465.9,2685,71,measure
2026-09-10T23:12:17.349+00:00,666.001,413.713,100,22465.9,2685,72,measure
2026-09-10T23:12:18.345+00:00,667.000,417.158,100,22465.9,2685,71,measure
2026-09-10T23:12:19.346+00:00,668.002,407.888,100,22465.9,2685,70,measure
2026-09-10T23:12:20.345+00:00,669.001,406.551,100,22465.9,2685,70,measure
2026-09-10T23:12:21.351+00:00,670.005,406.566,99,22465.9,2685,70,measure
2026-09-10T23:12:22.348+00:00,671.003,404.132,100,22465.9,2685,71,measure
2026-09-10T23:12:23.346+00:00,672.000,404.694,100,22465.9,2685,71,measure
2026-09-10T23:12:24.348+00:00,673.003,409.256,100,22465.9,2685,71,measure
2026-09-10T23:12:25.345+00:00,674.000,412.736,100,22465.9,2685,71,measure
2026-09-10T23:12:26.345+00:00,675.001,413.58,100,22465.9,2685,72,measure
2026-09-10T23:12:27.351+00:00,676.005,406.829,100,22465.9,2685,71,measure
2026-09-10T23:12:28.346+00:00,677.000,406.341,100,22465.9,2685,70,measure
2026-09-10T23:12:29.347+00:00,678.001,407.198,99,22465.9,2685,70,measure
2026-09-10T23:12:30.346+00:00,679.002,402.767,100,22465.9,2685,70,measure
2026-09-10T23:12:31.346+00:00,680.002,403.576,100,22465.9,2685,71,measure
2026-09-10T23:12:32.344+00:00,681.000,408.984,100,22465.9,2685,70,measure
2026-09-10T23:12:33.346+00:00,682.001,413.575,100,22465.9,2685,71,measure
2026-09-10T23:12:34.347+00:00,683.001,409.263,99,22465.9,2685,70,measure
2026-09-10T23:12:35.346+00:00,684.000,405.284,100,22465.9,2685,70,measure
2026-09-10T23:12:36.345+00:00,685.001,404.794,100,22465.9,2685,70,measure
2026-09-10T23:12:37.345+00:00,686.000,406.114,100,22465.9,2685,71,measure
2026-09-10T23:12:38.345+00:00,687.000,403.506,100,22465.9,2685,71,measure
2026-09-10T23:12:39.346+00:00,688.002,406.84,100,22465.9,2685,70,measure
2026-09-10T23:12:40.347+00:00,689.001,411.619,100,22465.9,2685,71,measure
2026-09-10T23:12:41.347+00:00,690.000,417.134,100,22465.9,2685,72,measure
2026-09-10T23:12:42.345+00:00,691.001,409.752,100,22465.9,2685,70,measure
2026-09-10T23:12:43.357+00:00,692.011,408.573,100,22465.9,2685,70,measure
2026-09-10T23:12:44.358+00:00,693.010,406.645,100,22465.9,2685,70,measure
2026-09-10T23:12:45.354+00:00,694.009,404.089,99,22465.9,2685,71,measure
2026-09-10T23:12:46.346+00:00,695.000,403.151,100,22465.9,2685,71,measure
2026-09-10T23:12:47.347+00:00,696.001,409.172,100,22465.9,2685,71,measure
2026-09-10T23:12:48.345+00:00,697.000,413.699,100,22465.9,2685,72,measure
2026-09-10T23:12:49.345+00:00,698.000,416.493,99,22465.9,2685,71,measure
2026-09-10T23:12:47.847+00:00,699.000,406.468,99,22465.9,2685,70,measure
2026-09-10T23:12:48.848+00:00,700.001,408.042,100,22465.9,2685,70,measure
2026-09-10T23:12:49.853+00:00,701.004,406.201,100,22465.9,2685,70,measure
2026-09-10T23:12:50.849+00:00,702.000,404.011,99,22465.9,2685,71,measure
2026-09-10T23:12:51.847+00:00,703.000,405.8,100,22465.9,2685,70,measure
2026-09-10T23:12:52.848+00:00,704.001,410.461,100,22465.9,2685,70,measure
2026-09-10T23:12:53.847+00:00,705.001,414.505,100,22465.9,2685,71,measure
2026-09-10T23:12:54.848+00:00,706.001,413.201,100,22465.9,2685,72,measure
2026-09-10T23:12:55.849+00:00,707.001,406.228,100,22465.9,2685,71,measure
2026-09-10T23:12:56.849+00:00,708.000,406.015,100,22465.9,2685,70,measure
2026-09-10T23:12:57.849+00:00,709.002,406.106,100,22465.9,2685,70,measure
2026-09-10T23:12:58.847+00:00,710.000,403.134,100,22465.9,2685,70,measure
2026-09-10T23:12:59.848+00:00,711.001,404.745,99,22465.9,2685,71,measure
2026-09-10T23:13:00.847+00:00,712.000,410.815,99,22465.9,2685,70,measure
2026-09-10T23:13:01.853+00:00,713.001,416.005,99,22465.9,2685,71,measure
2026-09-10T23:13:02.848+00:00,714.000,409.737,99,22465.9,2685,70,measure
2026-09-10T23:13:03.850+00:00,715.003,406.854,100,22465.9,2685,70,measure
2026-09-10T23:13:04.848+00:00,716.002,405.999,99,22465.9,2685,70,measure
2026-09-10T23:13:05.847+00:00,717.001,404.944,99,22465.9,2685,71,measure
2026-09-10T23:13:06.847+00:00,718.001,402.546,100,22465.9,2685,71,measure
2026-09-10T23:13:07.849+00:00,719.001,407.173,100,22465.9,2685,70,measure
2026-09-10T23:13:08.847+00:00,720.000,411.915,100,22465.9,2685,71,measure
2026-09-10T23:13:09.854+00:00,721.007,416.669,100,22465.9,2685,72,measure
2026-09-10T23:13:10.850+00:00,722.004,407.657,99,22465.9,2685,70,measure
2026-09-10T23:13:11.848+00:00,723.001,406.776,99,22465.9,2685,70,measure
2026-09-10T23:13:12.847+00:00,724.001,407.954,100,22465.9,2685,71,measure
2026-09-10T23:13:13.848+00:00,725.000,403.932,99,22465.9,2685,70,measure
2026-09-10T23:13:14.849+00:00,726.001,405.181,100,22465.9,2685,71,measure
2026-09-10T23:13:15.847+00:00,727.000,410.485,100,22465.9,2685,71,measure
2026-09-10T23:13:16.847+00:00,728.000,414.402,100,22465.9,2685,72,measure
2026-09-10T23:13:17.847+00:00,729.001,415.474,99,22465.9,2685,72,measure
2026-09-10T23:13:18.847+00:00,730.001,407.314,100,22465.9,2685,70,measure
2026-09-10T23:13:17.349+00:00,731.000,407.016,100,22465.9,2685,71,measure
2026-09-10T23:13:18.349+00:00,732.003,407.357,99,22465.9,2685,72,measure
2026-09-10T23:13:19.350+00:00,733.004,403.206,99,22465.9,2685,70,measure
2026-09-10T23:13:20.350+00:00,734.004,404.399,99,22465.9,2685,71,measure
2026-09-10T23:13:21.347+00:00,735.001,409.823,100,22465.9,2685,70,measure
2026-09-10T23:13:22.346+00:00,736.001,413.767,100,22465.9,2685,71,measure
2026-09-10T23:13:23.351+00:00,737.003,412.228,100,22465.9,2685,70,measure
2026-09-10T23:13:24.347+00:00,738.002,404.814,99,22465.9,2685,70,measure
2026-09-10T23:13:25.346+00:00,739.000,404.493,100,22465.9,2685,70,measure
2026-09-10T23:13:26.351+00:00,740.005,406.43,100,22465.9,2685,70,measure
2026-09-10T23:13:27.351+00:00,741.004,402.953,99,22465.9,2685,71,measure
2026-09-10T23:13:28.349+00:00,742.002,406.346,100,22465.9,2685,71,measure
2026-09-10T23:13:29.347+00:00,743.000,411.35,100,22465.9,2685,72,measure
2026-09-10T23:13:30.346+00:00,744.000,416.269,100,22465.9,2685,72,measure
2026-09-10T23:13:31.348+00:00,745.002,410.015,100,22465.9,2685,71,measure
2026-09-10T23:13:32.346+00:00,746.000,407.355,100,22465.9,2685,70,measure
2026-09-10T23:13:33.347+00:00,747.001,405.995,99,22465.9,2685,71,measure
2026-09-10T23:13:34.347+00:00,748.000,403.712,100,22465.9,2685,71,measure
2026-09-10T23:13:35.348+00:00,749.001,402.376,100,22465.9,2685,71,measure
2026-09-10T23:13:36.347+00:00,750.001,408.34,100,22465.9,2685,71,measure
2026-09-10T23:13:37.347+00:00,751.001,414.078,100,22465.9,2685,71,measure
2026-09-10T23:13:38.346+00:00,752.000,417.293,100,22465.9,2685,72,measure
2026-09-10T23:13:39.346+00:00,753.001,407.398,100,22465.9,2685,70,measure
2026-09-10T23:13:40.347+00:00,754.000,408.469,100,22465.9,2685,70,measure
2026-09-10T23:13:41.350+00:00,755.001,407.578,100,22465.9,2685,71,measure
2026-09-10T23:13:42.347+00:00,756.000,403.703,100,22465.9,2685,71,measure
2026-09-10T23:13:43.346+00:00,757.000,406.131,100,22465.9,2685,71,measure
2026-09-10T23:13:44.346+00:00,758.000,409.949,100,22465.9,2685,71,measure
2026-09-10T23:13:45.347+00:00,759.001,412.402,100,22465.9,2685,72,measure
2026-09-10T23:13:46.348+00:00,760.001,413.468,100,22465.9,2685,72,measure
2026-09-10T23:13:47.350+00:00,761.001,406.373,99,22465.9,2685,71,measure
2026-09-10T23:13:48.347+00:00,762.001,405.993,99,22465.9,2685,71,measure
2026-09-10T23:13:49.347+00:00,763.001,406.445,100,22465.9,2685,70,measure
2026-09-10T23:13:47.849+00:00,764.002,403.456,100,22465.9,2685,70,measure
2026-09-10T23:13:48.847+00:00,765.001,405.37,100,22465.9,2685,71,measure
2026-09-10T23:13:49.849+00:00,766.000,411.231,100,22465.9,2685,71,measure
2026-09-10T23:13:50.848+00:00,767.000,415.785,100,22465.9,2685,71,measure
2026-09-10T23:13:51.847+00:00,768.000,411.352,100,22465.9,2685,70,measure
2026-09-10T23:13:52.847+00:00,769.000,407.204,100,22465.9,2685,70,measure
2026-09-10T23:13:53.850+00:00,770.000,407.316,100,22465.9,2685,71,measure
2026-09-10T23:13:54.847+00:00,771.001,406.047,100,22465.9,2685,70,measure
2026-09-10T23:13:55.848+00:00,772.000,405.208,100,22465.9,2685,70,measure
2026-09-10T23:13:56.849+00:00,773.000,408.758,100,22465.9,2685,71,measure
2026-09-10T23:13:57.848+00:00,774.001,413.262,100,22465.9,2685,71,measure
2026-09-10T23:13:58.847+00:00,775.000,418.263,100,22465.9,2685,72,measure
2026-09-10T23:13:59.847+00:00,776.000,408.295,100,22465.9,2685,70,measure
2026-09-10T23:14:00.847+00:00,777.000,409.347,100,22465.9,2685,71,measure
2026-09-10T23:14:01.849+00:00,778.001,408.755,99,22465.9,2685,71,measure
2026-09-10T23:14:02.848+00:00,779.000,404.627,99,22465.9,2685,71,measure
2026-09-10T23:14:03.847+00:00,780.000,405.253,100,22465.9,2685,71,measure
2026-09-10T23:14:04.847+00:00,781.000,409.807,100,22465.9,2685,72,measure
2026-09-10T23:14:05.847+00:00,782.001,414.651,100,22465.9,2685,72,measure
2026-09-10T23:14:06.848+00:00,783.001,416.349,100,22465.9,2685,71,measure
2026-09-10T23:14:07.849+00:00,784.000,407.514,99,22465.9,2685,70,measure
2026-09-10T23:14:08.848+00:00,785.000,407.128,99,22465.9,2685,70,measure
2026-09-10T23:14:09.847+00:00,786.001,407.194,99,22465.9,2685,71,measure
2026-09-10T23:14:10.847+00:00,787.001,403.748,100,22465.9,2685,71,measure
2026-09-10T23:14:11.847+00:00,788.000,403.98,100,22465.9,2685,71,measure
2026-09-10T23:14:12.847+00:00,789.000,410.02,100,22465.9,2685,71,measure
2026-09-10T23:14:13.848+00:00,790.000,413.812,100,22465.9,2685,72,measure
2026-09-10T23:14:14.848+00:00,791.000,412.492,99,22465.9,2685,72,measure
2026-09-10T23:14:15.848+00:00,792.000,405.913,100,22465.9,2685,70,measure
2026-09-10T23:14:16.850+00:00,793.003,405.596,100,22465.9,2685,71,measure
2026-09-10T23:14:17.850+00:00,794.003,405.92,100,22465.9,2685,70,measure
2026-09-10T23:14:18.849+00:00,795.002,403.53,100,22465.9,2685,71,measure
2026-09-10T23:14:17.362+00:00,796.000,405.784,100,22465.9,2685,72,measure
2026-09-10T23:14:18.363+00:00,797.000,412.631,100,22465.9,2685,71,measure
2026-09-10T23:14:19.361+00:00,798.001,416.476,100,22465.9,2685,71,measure
2026-09-10T23:14:20.361+00:00,799.000,409.595,100,22465.9,2685,70,measure
2026-09-10T23:14:21.362+00:00,800.001,408.117,99,22465.9,2685,70,measure
2026-09-10T23:14:22.361+00:00,801.000,407.123,100,22465.9,2685,71,measure
2026-09-10T23:14:23.362+00:00,802.000,406.736,100,22465.9,2685,70,measure
2026-09-10T23:14:24.363+00:00,803.001,403.166,99,22465.9,2685,71,measure
2026-09-10T23:14:25.361+00:00,804.000,408.742,100,22465.9,2685,71,measure
2026-09-10T23:14:26.362+00:00,805.001,414.717,100,22465.9,2685,71,measure
2026-09-10T23:14:27.364+00:00,806.003,417.874,100,22465.9,2685,72,measure
2026-09-10T23:14:28.371+00:00,807.009,407.259,100,22465.9,2685,70,measure
2026-09-10T23:14:29.365+00:00,808.002,408.573,100,22465.9,2685,70,measure
2026-09-10T23:14:30.363+00:00,809.001,407.88,100,22465.9,2685,71,measure
2026-09-10T23:14:31.361+00:00,810.000,406.304,100,22465.9,2685,71,measure
2026-09-10T23:14:32.361+00:00,811.000,406.304,100,22465.9,2685,71,measure
2026-09-10T23:14:33.361+00:00,812.000,410.545,100,22465.9,2685,71,measure
2026-09-10T23:14:34.361+00:00,813.000,413.965,100,22465.9,2685,72,measure
2026-09-10T23:14:35.362+00:00,814.000,415.595,100,22465.9,2685,70,measure
2026-09-10T23:14:36.362+00:00,815.000,408.331,100,22465.9,2685,71,measure
2026-09-10T23:14:37.361+00:00,816.000,406.158,99,22465.9,2685,70,measure
2026-09-10T23:14:38.361+00:00,817.000,406.11,100,22465.9,2685,71,measure
2026-09-10T23:14:39.361+00:00,818.001,403.279,99,22465.9,2685,71,measure
2026-09-10T23:14:40.361+00:00,819.001,404.521,100,22465.9,2685,71,measure
2026-09-10T23:14:41.367+00:00,820.000,411.866,100,22465.9,2685,72,measure
2026-09-10T23:14:42.362+00:00,821.000,415.698,100,22465.9,2685,72,measure
2026-09-10T23:14:43.361+00:00,822.000,410.149,100,22465.9,2685,70,measure
2026-09-10T23:14:44.361+00:00,823.001,405.982,100,22465.9,2685,71,measure
2026-09-10T23:14:45.361+00:00,824.001,405.025,100,22465.9,2685,71,measure
2026-09-10T23:14:46.370+00:00,825.005,406.116,100,22465.9,2685,70,measure
2026-09-10T23:14:47.366+00:00,826.005,404.726,100,22465.9,2685,71,measure
2026-09-10T23:14:48.363+00:00,827.002,407.233,99,22465.9,2685,72,measure
2026-09-10T23:14:49.361+00:00,828.000,412.062,100,22465.9,2685,71,measure
2026-09-10T23:14:47.880+00:00,829.000,417.841,100,22465.9,2685,71,measure
2026-09-10T23:14:48.881+00:00,830.000,408.228,99,22465.9,2685,70,measure
2026-09-10T23:14:49.880+00:00,831.000,408.563,100,22465.9,2685,70,measure
2026-09-10T23:14:50.881+00:00,832.000,406.572,99,22465.9,2685,71,measure
2026-09-10T23:14:51.880+00:00,833.000,404.395,100,22465.9,2685,70,measure
2026-09-10T23:14:52.881+00:00,834.001,404.082,100,22465.9,2685,70,measure
2026-09-10T23:14:53.880+00:00,835.000,408.862,100,22465.9,2685,71,measure
2026-09-10T23:14:54.881+00:00,836.001,414.025,100,22465.9,2685,71,measure
2026-09-10T23:14:55.881+00:00,837.000,415.886,100,22465.9,2685,72,measure
2026-09-10T23:14:56.881+00:00,838.000,406.792,99,22465.9,2685,70,measure
2026-09-10T23:14:57.881+00:00,839.000,407.407,100,22465.9,2685,70,measure
2026-09-10T23:14:58.881+00:00,840.001,406.663,100,22465.9,2685,71,measure
2026-09-10T23:14:59.880+00:00,841.000,404.353,100,22465.9,2685,70,measure
2026-09-10T23:15:00.880+00:00,842.000,403.412,99,22465.9,2685,71,measure
2026-09-10T23:15:01.880+00:00,843.000,409.938,99,22465.9,2685,71,measure
2026-09-10T23:15:02.881+00:00,844.000,414.37,99,22465.9,2685,72,measure
2026-09-10T23:15:03.880+00:00,845.000,413.46,100,22465.9,2685,71,measure
2026-09-10T23:15:04.881+00:00,846.001,406.272,99,22465.9,2685,71,measure
2026-09-10T23:15:05.882+00:00,847.000,404.718,99,22465.9,2685,71,measure
2026-09-10T23:15:06.880+00:00,848.000,405.851,100,22465.9,2685,70,measure
2026-09-10T23:15:07.881+00:00,849.000,402.861,99,22465.9,2685,70,measure
2026-09-10T23:15:08.881+00:00,850.000,406.404,99,22465.9,2685,71,measure
2026-09-10T23:15:09.880+00:00,851.000,412.613,100,22465.9,2685,71,measure
2026-09-10T23:15:10.882+00:00,852.003,416.64,100,22465.9,2685,72,measure
2026-09-10T23:15:11.880+00:00,853.000,410.907,100,22465.9,2685,70,measure
2026-09-10T23:15:12.880+00:00,854.000,407.338,99,22465.9,2685,70,measure
2026-09-10T23:15:13.881+00:00,855.000,407.478,99,22465.9,2685,71,measure
2026-09-10T23:15:14.882+00:00,856.000,405.834,100,22465.9,2685,70,measure
2026-09-10T23:15:15.880+00:00,857.001,403.645,100,22465.9,2685,70,measure
2026-09-10T23:15:16.880+00:00,858.001,408.369,99,22465.9,2685,71,measure
2026-09-10T23:15:17.880+00:00,859.000,414.825,100,22465.9,2685,71,measure
2026-09-10T23:15:18.880+00:00,860.000,417.898,99,22465.9,2685,72,measure
2026-09-10T23:15:17.385+00:00,861.000,408.353,99,22465.9,2685,71,measure
2026-09-10T23:15:18.388+00:00,862.000,408.072,100,22465.9,2685,70,measure
2026-09-10T23:15:19.384+00:00,863.000,407.23,99,22465.9,2685,71,measure
2026-09-10T23:15:20.384+00:00,864.001,405.633,99,22465.9,2685,70,measure
2026-09-10T23:15:21.384+00:00,865.001,406.939,100,22465.9,2685,71,measure
2026-09-10T23:15:22.384+00:00,866.000,411.31,99,22465.9,2685,71,measure
2026-09-10T23:15:23.385+00:00,867.000,413.935,100,22465.9,2685,71,measure
2026-09-10T23:15:24.385+00:00,868.000,415.291,100,22465.9,2685,72,measure
2026-09-10T23:15:25.384+00:00,869.000,407.729,100,22465.9,2685,71,measure
2026-09-10T23:15:26.384+00:00,870.000,406.876,99,22465.9,2685,70,measure
2026-09-10T23:15:27.384+00:00,871.001,408.172,100,22465.9,2685,71,measure
2026-09-10T23:15:28.384+00:00,872.001,403.172,99,22465.9,2685,71,measure
2026-09-10T23:15:29.385+00:00,873.000,404.203,100,22465.9,2685,71,measure
2026-09-10T23:15:30.387+00:00,874.001,410.353,100,22465.9,2685,71,measure
2026-09-10T23:15:31.384+00:00,875.000,414.92,100,22465.9,2685,72,measure
2026-09-10T23:15:32.385+00:00,876.001,410.123,100,22465.9,2685,71,measure
2026-09-10T23:15:33.386+00:00,877.001,406.036,100,22465.9,2685,70,measure
2026-09-10T23:15:34.386+00:00,878.002,405.089,100,22465.9,2685,71,measure
2026-09-10T23:15:35.387+00:00,879.001,405.814,99,22465.9,2685,71,measure
2026-09-10T23:15:36.388+00:00,880.000,404.49,100,22465.9,2685,71,measure
2026-09-10T23:15:37.384+00:00,881.000,406.713,100,22465.9,2685,71,measure
2026-09-10T23:15:38.384+00:00,882.000,411.914,100,22465.9,2685,71,measure
2026-09-10T23:15:39.384+00:00,883.000,416.904,100,22465.9,2685,71,measure
2026-09-10T23:15:40.384+00:00,884.000,410.79,99,22465.9,2685,70,measure
2026-09-10T23:15:41.386+00:00,885.001,408.786,100,22465.9,2685,70,measure
2026-09-10T23:15:42.385+00:00,886.001,406.864,100,22465.9,2685,70,measure
2026-09-10T23:15:43.384+00:00,887.000,404.25,100,22465.9,2685,71,measure
2026-09-10T23:15:44.385+00:00,888.000,403.628,100,22465.9,2685,71,measure
2026-09-10T23:15:45.384+00:00,889.000,409.79,100,22465.9,2685,71,measure
2026-09-10T23:15:46.384+00:00,890.000,414.587,100,22465.9,2685,71,measure
2026-09-10T23:15:47.385+00:00,891.000,417.106,100,22465.9,2685,72,measure
2026-09-10T23:15:48.385+00:00,892.000,406.781,100,22465.9,2685,71,measure
2026-09-10T23:15:46.890+00:00,893.004,407.842,100,22465.9,2685,70,measure
2026-09-10T23:15:47.895+00:00,894.009,406.573,100,22465.9,2685,70,measure
2026-09-10T23:15:48.886+00:00,895.001,404.658,99,22465.9,2685,70,measure
2026-09-10T23:15:49.887+00:00,896.001,406.016,100,22465.9,2685,71,measure
2026-09-10T23:15:50.893+00:00,897.004,410.258,100,22465.9,2685,71,measure
2026-09-10T23:15:51.887+00:00,898.000,415.142,100,22465.9,2685,71,measure
2026-09-10T23:15:52.895+00:00,899.009,413.73,100,22465.9,2685,70,measure
2026-09-10T23:15:53.894+00:00,900.008,406.833,99,22465.9,2685,70,measure
2026-09-10T23:15:54.887+00:00,901.001,406.357,100,22465.9,2685,70,measure
2026-09-10T23:15:55.887+00:00,902.001,406.464,100,22465.9,2685,71,measure
2026-09-10T23:15:56.888+00:00,903.000,403.564,100,22465.9,2685,71,measure
2026-09-10T23:15:57.890+00:00,904.004,405.662,100,22465.9,2685,71,measure
2026-09-10T23:15:58.887+00:00,905.001,411.324,100,22465.9,2685,71,measure
2026-09-10T23:15:59.887+00:00,906.001,416.943,100,22465.9,2685,72,measure
2026-09-10T23:16:00.888+00:00,907.000,410.947,100,22465.9,2685,71,measure
2026-09-10T23:16:01.887+00:00,908.000,407.287,99,22465.9,2685,71,measure
2026-09-10T23:16:02.891+00:00,909.000,407.758,100,22465.9,2685,71,measure
2026-09-10T23:16:03.888+00:00,910.001,406.578,100,22465.9,2685,71,measure
2026-09-10T23:16:04.887+00:00,911.000,403.802,100,22465.9,2685,71,measure
2026-09-10T23:16:05.888+00:00,912.002,408.704,100,22465.9,2685,71,measure
2026-09-10T23:16:06.887+00:00,913.000,412.907,100,22465.9,2685,72,measure
2026-09-10T23:16:07.887+00:00,914.000,417.888,100,22465.9,2685,71,measure
2026-09-10T23:16:08.888+00:00,915.001,408.468,99,22465.9,2685,71,measure
2026-09-10T23:16:09.888+00:00,916.000,408.223,100,22465.9,2685,70,measure
2026-09-10T23:16:10.887+00:00,917.001,408.838,100,22465.9,2685,70,measure
2026-09-10T23:16:11.886+00:00,918.000,405.003,100,22465.9,2685,71,measure
2026-09-10T23:16:12.886+00:00,919.001,406.109,100,22465.9,2685,71,measure
2026-09-10T23:16:13.886+00:00,920.000,410.751,100,22465.9,2685,71,measure
2026-09-10T23:16:14.887+00:00,921.000,413.965,100,22465.9,2685,71,measure
2026-09-10T23:16:15.888+00:00,922.002,416.064,100,22465.9,2685,72,measure
2026-09-10T23:16:16.886+00:00,923.000,408.323,100,22465.9,2685,71,measure
2026-09-10T23:16:17.886+00:00,924.000,408.011,100,22465.9,2685,71,measure
2026-09-10T23:16:18.886+00:00,925.000,408.434,100,22465.9,2685,70,measure
2026-09-10T23:16:17.384+00:00,926.000,404.926,100,22465.9,2685,71,measure
2026-09-10T23:16:18.390+00:00,927.000,405.202,100,22465.9,2685,71,measure
2026-09-10T23:16:19.386+00:00,928.001,411.072,100,22465.9,2685,70,measure
2026-09-10T23:16:20.385+00:00,929.001,415.614,100,22465.9,2685,71,measure
2026-09-10T23:16:21.385+00:00,930.001,413.298,99,22465.9,2685,70,measure
2026-09-10T23:16:22.388+00:00,931.004,407.438,100,22465.9,2685,70,measure
2026-09-10T23:16:23.385+00:00,932.000,407.062,100,22465.9,2685,70,measure
2026-09-10T23:16:24.391+00:00,933.007,407.801,99,22465.9,2685,71,measure
2026-09-10T23:16:25.385+00:00,934.000,405.233,100,22465.9,2685,71,measure
2026-09-10T23:16:26.385+00:00,935.000,407.434,100,22465.9,2685,71,measure
2026-09-10T23:16:27.385+00:00,936.001,412.843,100,22465.9,2685,72,measure
2026-09-10T23:16:28.387+00:00,937.003,418.283,100,22465.9,2685,72,measure
2026-09-10T23:16:29.385+00:00,938.000,410.411,99,22465.9,2685,70,measure
2026-09-10T23:16:30.387+00:00,939.002,409.144,100,22465.9,2685,70,measure
2026-09-10T23:16:31.386+00:00,940.001,407.176,100,22465.9,2685,71,measure
2026-09-10T23:16:32.386+00:00,941.002,404.617,99,22465.9,2685,71,measure
2026-09-10T23:16:33.388+00:00,942.004,403.92,100,22465.9,2685,71,measure
2026-09-10T23:16:34.385+00:00,943.001,408.793,99,22465.9,2685,71,measure
2026-09-10T23:16:35.385+00:00,944.000,414.362,100,22465.9,2685,72,measure
2026-09-10T23:16:36.386+00:00,945.001,416.937,100,22465.9,2685,72,measure
2026-09-10T23:16:37.385+00:00,946.001,406.963,99,22465.9,2685,70,measure
2026-09-10T23:16:38.386+00:00,947.002,407.88,99,22465.9,2685,70,measure
2026-09-10T23:16:39.386+00:00,948.001,406.985,99,22465.9,2685,70,measure
2026-09-10T23:16:40.392+00:00,949.006,403.951,99,22465.9,2685,71,measure
2026-09-10T23:16:41.388+00:00,950.003,405.225,100,22465.9,2685,71,measure
2026-09-10T23:16:42.389+00:00,951.001,410.263,100,22465.9,2685,71,measure
2026-09-10T23:16:43.384+00:00,952.000,413.783,100,22465.9,2685,72,measure
2026-09-10T23:16:44.391+00:00,953.007,413.29,99,22465.9,2685,72,measure
2026-09-10T23:16:45.388+00:00,954.003,406.253,100,22465.9,2685,71,measure
2026-09-10T23:16:46.387+00:00,955.002,405.536,99,22465.9,2685,70,measure
2026-09-10T23:16:47.386+00:00,956.001,405.862,99,22465.9,2685,70,measure
2026-09-10T23:16:48.386+00:00,957.001,402.387,100,22465.9,2685,70,measure
2026-09-10T23:16:46.886+00:00,958.001,405.334,100,22465.9,2685,71,measure
2026-09-10T23:16:47.888+00:00,959.003,411.911,100,22465.9,2685,71,measure
2026-09-10T23:16:48.890+00:00,960.004,415.927,100,22465.9,2685,71,measure
2026-09-10T23:16:49.889+00:00,961.003,410.681,99,22465.9,2685,70,measure
2026-09-10T23:16:50.893+00:00,962.005,406.806,100,22465.9,2685,70,measure
2026-09-10T23:16:51.890+00:00,963.005,407.035,100,22465.9,2685,71,measure
2026-09-10T23:16:52.889+00:00,964.003,406.014,99,22465.9,2685,71,measure
2026-09-10T23:16:53.889+00:00,965.003,404.779,100,22465.9,2685,71,measure
2026-09-10T23:16:54.887+00:00,966.001,408.92,100,22465.9,2685,71,measure
2026-09-10T23:16:55.886+00:00,967.000,413.679,99,22465.9,2685,71,measure
2026-09-10T23:16:56.888+00:00,968.001,418.444,99,22465.9,2685,72,measure
2026-09-10T23:16:57.888+00:00,969.002,408.702,99,22465.9,2685,70,measure
2026-09-10T23:16:58.886+00:00,970.000,408.512,100,22465.9,2685,70,measure
2026-09-10T23:16:59.886+00:00,971.000,408.472,99,22465.9,2685,71,measure
2026-09-10T23:17:00.886+00:00,972.001,405.212,99,22465.9,2685,71,measure
2026-09-10T23:17:01.885+00:00,973.000,405.234,100,22465.9,2685,71,measure
2026-09-10T23:17:02.887+00:00,974.001,411.801,100,22465.9,2685,71,measure
2026-09-10T23:17:03.887+00:00,975.001,414.736,100,22465.9,2685,72,measure
2026-09-10T23:17:04.886+00:00,976.000,416.608,100,22465.9,2685,71,measure
2026-09-10T23:17:05.886+00:00,977.001,408.172,100,22465.9,2685,70,measure
2026-09-10T23:17:06.886+00:00,978.000,408.056,99,22465.9,2685,71,measure
2026-09-10T23:17:07.887+00:00,979.002,408.029,99,22465.9,2685,70,measure
2026-09-10T23:17:08.887+00:00,980.001,404.813,99,22465.9,2685,71,measure
2026-09-10T23:17:09.887+00:00,981.001,404.899,99,22465.9,2685,71,measure
2026-09-10T23:17:10.893+00:00,982.008,410.139,99,22465.9,2685,70,measure
2026-09-10T23:17:11.886+00:00,983.001,413.972,100,22465.9,2685,71,measure
2026-09-10T23:17:12.888+00:00,984.001,413.201,99,22465.9,2685,71,measure
2026-09-10T23:17:13.886+00:00,985.000,406.61,99,22465.9,2685,71,measure
2026-09-10T23:17:14.892+00:00,986.004,405.931,99,22465.9,2685,70,measure
2026-09-10T23:17:15.889+00:00,987.002,407.611,100,22465.9,2685,70,measure
2026-09-10T23:17:16.888+00:00,988.003,404.071,99,22465.9,2685,71,measure
2026-09-10T23:17:17.886+00:00,989.001,406.685,100,22465.9,2685,71,measure
2026-09-10T23:17:18.886+00:00,990.000,412.585,100,22465.9,2685,71,measure
2026-09-10T23:17:17.399+00:00,991.014,417.447,100,22465.9,2685,72,measure
2026-09-10T23:17:18.393+00:00,992.005,410.237,100,22465.9,2685,70,measure
2026-09-10T23:17:19.390+00:00,993.004,408.217,100,22465.9,2685,71,measure
2026-09-10T23:17:20.394+00:00,994.008,407.392,99,22465.9,2685,71,measure
2026-09-10T23:17:21.390+00:00,995.005,406.557,99,22465.9,2685,71,measure
2026-09-10T23:17:22.386+00:00,996.000,404.371,100,22465.9,2685,71,measure
2026-09-10T23:17:23.386+00:00,997.001,408.882,99,22465.9,2685,72,measure
2026-09-10T23:17:24.387+00:00,998.000,414.076,99,22465.9,2685,71,measure
2026-09-10T23:17:25.388+00:00,999.001,417.521,100,22465.9,2685,72,measure
2026-09-10T23:17:26.389+00:00,1000.003,406.715,100,22465.9,2685,70,measure
2026-09-10T23:17:27.391+00:00,1001.004,408.166,100,22465.9,2685,70,measure
2026-09-10T23:17:28.386+00:00,1002.000,407.353,99,22465.9,2685,71,measure
2026-09-10T23:17:29.391+00:00,1003.004,404.964,99,22465.9,2685,71,measure
2026-09-10T23:17:30.387+00:00,1004.000,406.24,100,22465.9,2685,71,measure
2026-09-10T23:17:31.388+00:00,1005.002,410.667,100,22465.9,2685,71,measure
2026-09-10T23:17:32.386+00:00,1006.000,413.271,100,22465.9,2685,72,measure
2026-09-10T23:17:33.391+00:00,1007.005,414.708,100,22465.9,2685,72,measure
2026-09-10T23:17:34.390+00:00,1008.003,407.391,100,22465.9,2685,70,measure
2026-09-10T23:17:35.387+00:00,1009.001,405.414,100,22465.9,2685,71,measure
2026-09-10T23:17:36.390+00:00,1010.003,406.462,100,22465.9,2685,70,measure
2026-09-10T23:17:37.391+00:00,1011.005,403.163,99,22465.9,2685,70,measure
2026-09-10T23:17:38.388+00:00,1012.002,403.434,100,22465.9,2685,71,measure
2026-09-10T23:17:39.392+00:00,1013.006,411.159,100,22465.9,2685,71,measure
2026-09-10T23:17:40.388+00:00,1014.000,416.287,100,22465.9,2685,71,measure
2026-09-10T23:17:41.396+00:00,1015.008,410.894,100,22465.9,2685,70,measure
2026-09-10T23:17:42.388+00:00,1016.000,405.869,100,22465.9,2685,70,measure
2026-09-10T23:17:43.388+00:00,1017.001,406.704,100,22465.9,2685,72,measure
2026-09-10T23:17:44.387+00:00,1018.001,405.392,100,22465.9,2685,70,measure
2026-09-10T23:17:45.394+00:00,1019.008,404.213,100,22465.9,2685,71,measure
2026-09-10T23:17:46.393+00:00,1020.006,406.607,99,22465.9,2685,71,measure
2026-09-10T23:17:47.389+00:00,1021.002,412.841,100,22465.9,2685,71,measure
2026-09-10T23:17:48.388+00:00,1022.001,417.667,100,22465.9,2685,72,measure
2026-09-10T23:17:46.892+00:00,1023.007,408.54,99,22465.9,2685,70,measure
2026-09-10T23:17:47.890+00:00,1024.006,405.982,99,22465.9,2685,71,measure
2026-09-10T23:17:48.890+00:00,1025.005,403.796,100,22465.9,2685,71,measure
2026-09-10T23:17:49.884+00:00,1026.000,404.517,100,22465.9,2685,71,measure
2026-09-10T23:17:50.884+00:00,1027.000,405.02,99,22465.9,2685,71,measure
2026-09-10T23:17:51.886+00:00,1028.000,409.869,100,22465.9,2685,72,measure
2026-09-10T23:17:52.886+00:00,1029.000,414.048,99,22465.9,2685,71,measure
2026-09-10T23:17:53.887+00:00,1030.003,415.726,100,22465.9,2685,70,measure
2026-09-10T23:17:54.889+00:00,1031.004,407.245,100,22465.9,2685,70,measure
2026-09-10T23:17:55.887+00:00,1032.003,407.185,99,22465.9,2685,70,measure
2026-09-10T23:17:56.884+00:00,1033.000,406.61,100,22465.9,2685,71,measure
2026-09-10T23:17:57.890+00:00,1034.001,403.379,100,22465.9,2685,71,measure
2026-09-10T23:17:58.886+00:00,1035.000,403.821,100,22465.9,2685,71,measure
2026-09-10T23:17:59.885+00:00,1036.001,409.337,99,22465.9,2685,71,measure
2026-09-10T23:18:00.884+00:00,1037.000,413.995,99,22465.9,2685,72,measure
2026-09-10T23:18:01.885+00:00,1038.000,413.764,100,22465.9,2685,72,measure
2026-09-10T23:18:02.885+00:00,1039.000,405.303,99,22465.9,2685,71,measure
2026-09-10T23:18:03.888+00:00,1040.000,404.8,99,22465.9,2685,71,measure
2026-09-10T23:18:04.885+00:00,1041.000,406.021,99,22465.9,2685,70,measure
2026-09-10T23:18:05.885+00:00,1042.000,403.496,100,22465.9,2685,71,measure
2026-09-10T23:18:06.885+00:00,1043.000,406.212,100,22465.9,2685,72,measure
2026-09-10T23:18:07.885+00:00,1044.000,411.918,100,22465.9,2685,71,measure
2026-09-10T23:18:08.885+00:00,1045.001,415.828,100,22465.9,2685,71,measure
2026-09-10T23:18:09.885+00:00,1046.000,409.873,100,22465.9,2685,70,measure
2026-09-10T23:18:10.884+00:00,1047.000,408.002,100,22465.9,2685,70,measure
2026-09-10T23:18:11.885+00:00,1048.001,407.423,100,22465.9,2685,71,measure
2026-09-10T23:18:12.885+00:00,1049.001,406.247,100,22465.9,2685,70,measure
2026-09-10T23:18:13.885+00:00,1050.001,403.328,100,22465.9,2685,70,measure
2026-09-10T23:18:14.885+00:00,1051.000,408.081,100,22465.9,2685,72,measure
2026-09-10T23:18:15.885+00:00,1052.000,414.462,100,22465.9,2685,71,measure
2026-09-10T23:18:16.885+00:00,1053.001,417.294,100,22465.9,2685,72,measure
2026-09-10T23:18:17.885+00:00,1054.001,408.357,100,22465.9,2685,70,measure
2026-09-10T23:18:18.885+00:00,1055.001,407.682,100,22465.9,2685,70,measure
2026-09-10T23:18:17.387+00:00,1056.001,407.493,100,22465.9,2685,71,measure
2026-09-10T23:18:18.388+00:00,1057.001,405.568,100,22465.9,2685,71,measure
2026-09-10T23:18:19.388+00:00,1058.000,406.052,100,22465.9,2685,71,measure
2026-09-10T23:18:20.387+00:00,1059.000,410.887,100,22465.9,2685,72,measure
2026-09-10T23:18:21.387+00:00,1060.001,413.57,100,22465.9,2685,72,measure
2026-09-10T23:18:22.389+00:00,1061.001,415.524,100,22465.9,2685,70,measure
2026-09-10T23:18:23.387+00:00,1062.000,407.946,100,22465.9,2685,71,measure
2026-09-10T23:18:24.389+00:00,1063.002,406.968,99,22465.9,2685,70,measure
2026-09-10T23:18:25.388+00:00,1064.000,406.45,99,22465.9,2685,71,measure
2026-09-10T23:18:26.387+00:00,1065.001,403.485,99,22465.9,2685,71,measure
2026-09-10T23:18:27.386+00:00,1066.000,404.266,100,22465.9,2685,71,measure
2026-09-10T23:18:28.386+00:00,1067.000,409.955,100,22465.9,2685,72,measure
2026-09-10T23:18:29.387+00:00,1068.000,414.455,100,22465.9,2685,72,measure
2026-09-10T23:18:30.387+00:00,1069.000,410.088,99,22465.9,2685,70,measure
2026-09-10T23:18:31.388+00:00,1070.000,405.875,100,22465.9,2685,71,measure
2026-09-10T23:18:32.387+00:00,1071.001,405.211,100,22465.9,2685,71,measure
2026-09-10T23:18:33.387+00:00,1072.000,406.6,100,22465.9,2685,70,measure
2026-09-10T23:18:34.387+00:00,1073.001,404.914,100,22465.9,2685,71,measure
2026-09-10T23:18:35.387+00:00,1074.000,407.039,100,22465.9,2685,72,measure
2026-09-10T23:18:36.388+00:00,1075.001,411.649,100,22465.9,2685,71,measure
2026-09-10T23:18:37.388+00:00,1076.000,416.374,100,22465.9,2685,71,measure
2026-09-10T23:18:38.388+00:00,1077.000,407.913,100,22465.9,2685,70,measure
2026-09-10T23:18:39.387+00:00,1078.000,408.618,100,22465.9,2685,70,measure
2026-09-10T23:18:40.387+00:00,1079.000,406.69,99,22465.9,2685,71,measure
2026-09-10T23:18:41.387+00:00,1080.000,403.943,99,22465.9,2685,70,measure
2026-09-10T23:18:42.389+00:00,1081.001,403.873,100,22465.9,2685,70,measure
2026-09-10T23:18:43.390+00:00,1082.000,409.126,100,22465.9,2685,71,measure
2026-09-10T23:18:44.387+00:00,1083.001,413.415,100,22465.9,2685,71,measure
2026-09-10T23:18:45.386+00:00,1084.000,415.561,100,22465.9,2685,72,measure
2026-09-10T23:18:46.387+00:00,1085.000,405.832,100,22465.9,2685,70,measure
2026-09-10T23:18:47.387+00:00,1086.001,406.62,100,22465.9,2685,70,measure
2026-09-10T23:18:48.388+00:00,1087.001,405.762,99,22465.9,2685,71,measure
2026-09-10T23:18:46.886+00:00,1088.000,404.156,100,22465.9,2685,70,measure
2026-09-10T23:18:47.884+00:00,1089.000,405.057,100,22465.9,2685,71,measure
2026-09-10T23:18:48.884+00:00,1090.000,409.25,100,22465.9,2685,72,measure
2026-09-10T23:18:49.898+00:00,1091.012,413.927,99,22465.9,2685,72,measure
2026-09-10T23:18:50.884+00:00,1092.000,412.618,100,22465.9,2685,70,measure
2026-09-10T23:18:51.886+00:00,1093.001,405.986,100,22465.9,2685,71,measure
2026-09-10T23:18:52.888+00:00,1094.003,403.884,100,22465.9,2685,71,measure
2026-09-10T23:18:53.885+00:00,1095.001,405.298,100,22465.9,2685,71,measure
2026-09-10T23:18:54.885+00:00,1096.001,402.684,100,22465.9,2685,70,measure
2026-09-10T23:18:55.886+00:00,1097.002,405.547,100,22465.9,2685,71,measure
2026-09-10T23:18:56.885+00:00,1098.001,411.374,100,22465.9,2685,71,measure
2026-09-10T23:18:57.886+00:00,1099.000,415.584,100,22465.9,2685,72,measure
2026-09-10T23:18:58.887+00:00,1100.001,410.906,100,22465.9,2685,70,measure
2026-09-10T23:18:59.884+00:00,1101.000,406.552,99,22465.9,2685,70,measure
2026-09-10T23:19:00.884+00:00,1102.000,406.414,99,22465.9,2685,71,measure
2026-09-10T23:19:01.885+00:00,1103.001,405.241,99,22465.9,2685,70,measure
2026-09-10T23:19:02.885+00:00,1104.001,402.568,99,22465.9,2685,71,measure
2026-09-10T23:19:03.886+00:00,1105.000,407.791,99,22465.9,2685,72,measure
2026-09-10T23:19:04.886+00:00,1106.001,412.68,99,22465.9,2685,71,measure
2026-09-10T23:19:05.885+00:00,1107.000,417.557,100,22465.9,2685,72,measure
2026-09-10T23:19:06.885+00:00,1108.001,408.47,100,22465.9,2685,71,measure
2026-09-10T23:19:07.885+00:00,1109.001,408.058,99,22465.9,2685,70,measure
2026-09-10T23:19:08.884+00:00,1110.000,407.828,100,22465.9,2685,71,measure
2026-09-10T23:19:09.886+00:00,1111.000,405.317,100,22465.9,2685,71,measure
2026-09-10T23:19:10.887+00:00,1112.001,405.937,99,22465.9,2685,71,measure
2026-09-10T23:19:11.885+00:00,1113.000,410.954,100,22465.9,2685,71,measure
2026-09-10T23:19:12.885+00:00,1114.001,414.422,100,22465.9,2685,72,measure
2026-09-10T23:19:13.885+00:00,1115.001,415.684,100,22465.9,2685,71,measure
2026-09-10T23:19:14.885+00:00,1116.001,407.732,100,22465.9,2685,70,measure
2026-09-10T23:19:15.886+00:00,1117.000,406.942,100,22465.9,2685,70,measure
2026-09-10T23:19:16.887+00:00,1118.000,406.815,100,22465.9,2685,70,measure
2026-09-10T23:19:17.885+00:00,1119.000,402.78,100,22465.9,2685,70,measure
2026-09-10T23:19:18.884+00:00,1120.000,403.562,99,22465.9,2685,71,measure
2026-09-10T23:19:17.386+00:00,1121.001,408.776,99,22465.9,2685,71,measure
2026-09-10T23:19:18.385+00:00,1122.000,413.49,100,22465.9,2685,72,measure
2026-09-10T23:19:19.386+00:00,1123.000,412.699,100,22465.9,2685,71,measure
2026-09-10T23:19:20.388+00:00,1124.003,405.544,99,22465.9,2685,71,measure
2026-09-10T23:19:21.385+00:00,1125.000,404.339,100,22465.9,2685,72,measure
2026-09-10T23:19:22.385+00:00,1126.001,406.086,100,22465.9,2685,71,measure
2026-09-10T23:19:23.385+00:00,1127.000,403.169,99,22465.9,2685,71,measure
2026-09-10T23:19:24.385+00:00,1128.000,405.389,100,22465.9,2685,72,measure
2026-09-10T23:19:25.390+00:00,1129.004,411.24,100,22465.9,2685,71,measure
2026-09-10T23:19:26.415+00:00,1130.031,416.011,99,22465.9,2685,72,measure
2026-09-10T23:19:27.426+00:00,1131.037,407.877,99,22465.9,2685,70,measure
2026-09-10T23:19:28.447+00:00,1132.063,408.867,99,22465.9,2685,70,measure
2026-09-10T23:19:29.407+00:00,1133.023,407.494,100,22465.9,2685,71,measure
2026-09-10T23:19:30.435+00:00,1134.049,404.126,100,22465.9,2685,70,measure
2026-09-10T23:19:31.423+00:00,1135.038,403.728,100,22465.9,2685,71,measure
2026-09-10T23:19:32.419+00:00,1136.034,409.536,100,22465.9,2685,72,measure
2026-09-10T23:19:33.398+00:00,1137.013,414.288,100,22465.9,2685,71,measure
2026-09-10T23:19:34.404+00:00,1138.020,416.787,100,22465.9,2685,72,measure
2026-09-10T23:19:35.422+00:00,1139.038,406.942,99,22465.9,2685,71,measure
2026-09-10T23:19:36.391+00:00,1140.006,408.166,100,22465.9,2685,71,measure
2026-09-10T23:19:37.431+00:00,1141.045,406.238,99,22465.9,2685,71,measure
2026-09-10T23:19:38.425+00:00,1142.039,404.262,100,22465.9,2685,70,measure
2026-09-10T23:19:39.425+00:00,1143.040,405.509,100,22465.9,2685,71,measure
2026-09-10T23:19:40.465+00:00,1144.080,409.698,100,22465.9,2685,72,measure
2026-09-10T23:19:41.385+00:00,1145.001,413.424,100,22465.9,2685,72,measure
2026-09-10T23:19:42.386+00:00,1146.001,412.656,99,22465.9,2685,71,measure
2026-09-10T23:19:43.390+00:00,1147.006,406.024,100,22465.9,2685,71,measure
2026-09-10T23:19:44.386+00:00,1148.001,405.944,100,22465.9,2685,70,measure
2026-09-10T23:19:45.385+00:00,1149.000,406.388,100,22465.9,2685,70,measure
2026-09-10T23:19:46.387+00:00,1150.003,403.252,100,22465.9,2685,71,measure
2026-09-10T23:19:47.386+00:00,1151.002,405.434,100,22465.9,2685,71,measure
2026-09-10T23:19:48.384+00:00,1152.000,411.318,100,22465.9,2685,71,measure
2026-09-10T23:19:46.910+00:00,1153.001,416.101,100,22465.9,2685,72,measure
2026-09-10T23:19:47.906+00:00,1154.000,410.859,99,22465.9,2685,71,measure
2026-09-10T23:19:48.906+00:00,1155.000,407.396,100,22465.9,2685,71,measure
2026-09-10T23:19:49.906+00:00,1156.001,407.335,100,22465.9,2685,71,measure
2026-09-10T23:19:50.906+00:00,1157.000,406.302,100,22465.9,2685,71,measure
2026-09-10T23:19:51.906+00:00,1158.000,403.472,100,22465.9,2685,71,measure
2026-09-10T23:19:52.910+00:00,1159.003,408.927,100,22465.9,2685,72,measure
2026-09-10T23:19:53.906+00:00,1160.001,413.253,100,22465.9,2685,71,measure
2026-09-10T23:19:54.906+00:00,1161.001,417.952,100,22465.9,2685,72,measure
2026-09-10T23:19:55.906+00:00,1162.001,408.352,100,22465.9,2685,70,measure
2026-09-10T23:19:56.905+00:00,1163.000,407.698,100,22465.9,2685,71,measure
2026-09-10T23:19:57.905+00:00,1164.000,407.885,100,22465.9,2685,71,measure
2026-09-10T23:19:58.908+00:00,1165.001,404.684,99,22465.9,2685,71,measure
2026-09-10T23:19:59.906+00:00,1166.000,404.326,100,22465.9,2685,71,measure
2026-09-10T23:20:00.905+00:00,1167.000,410.811,100,22465.9,2685,71,measure
2026-09-10T23:20:01.908+00:00,1168.001,414.614,100,22465.9,2685,72,measure
2026-09-10T23:20:02.905+00:00,1169.000,416.731,99,22465.9,2685,72,measure
2026-09-10T23:20:03.908+00:00,1170.001,407.924,100,22465.9,2685,72,measure
2026-09-10T23:20:04.910+00:00,1171.000,407.295,100,22465.9,2685,71,measure
2026-09-10T23:20:05.906+00:00,1172.001,407.326,100,22465.9,2685,70,measure
2026-09-10T23:20:06.906+00:00,1173.001,403.154,100,22465.9,2685,70,measure
2026-09-10T23:20:07.906+00:00,1174.000,403.127,100,22465.9,2685,71,measure
2026-09-10T23:20:08.905+00:00,1175.000,409.861,100,22465.9,2685,71,measure
2026-09-10T23:20:09.906+00:00,1176.000,414.141,99,22465.9,2685,71,measure
2026-09-10T23:20:10.907+00:00,1177.001,411.973,100,22465.9,2685,70,measure
2026-09-10T23:20:11.906+00:00,1178.001,405.36,99,22465.9,2685,71,measure
2026-09-10T23:20:12.906+00:00,1179.001,404.878,99,22465.9,2685,71,measure
2026-09-10T23:20:13.906+00:00,1180.001,406.453,100,22465.9,2685,71,measure
2026-09-10T23:20:14.906+00:00,1181.001,403.609,99,22465.9,2685,71,measure
2026-09-10T23:20:15.907+00:00,1182.001,406.033,100,22465.9,2685,71,measure
2026-09-10T23:20:16.909+00:00,1183.001,412.066,99,22465.9,2685,71,measure
2026-09-10T23:20:17.907+00:00,1184.002,416.719,99,22465.9,2685,72,measure
2026-09-10T23:20:18.916+00:00,1185.010,409.49,99,22465.9,2685,70,measure
2026-09-10T23:20:17.406+00:00,1186.001,408.393,100,22465.9,2685,71,measure
2026-09-10T23:20:18.406+00:00,1187.001,407.093,100,22465.9,2685,71,measure
2026-09-10T23:20:19.412+00:00,1188.005,403.763,100,22465.9,2685,71,measure
2026-09-10T23:20:20.406+00:00,1189.000,403.253,100,22465.9,2685,71,measure
2026-09-10T23:20:21.405+00:00,1190.000,408.528,100,22465.9,2685,72,measure
2026-09-10T23:20:22.412+00:00,1191.007,414.51,100,22465.9,2685,72,measure
2026-09-10T23:20:23.406+00:00,1192.001,418.099,100,22465.9,2685,71,measure
2026-09-10T23:20:24.405+00:00,1193.000,406.856,100,22465.9,2685,70,measure
2026-09-10T23:20:25.407+00:00,1194.001,407.915,100,22465.9,2685,71,measure
2026-09-10T23:20:26.409+00:00,1195.004,407.77,100,22465.9,2685,71,measure
2026-09-10T23:20:27.405+00:00,1196.000,405.975,99,22465.9,2685,71,measure
2026-09-10T23:20:28.406+00:00,1197.001,405.651,100,22465.9,2685,71,measure
2026-09-10T23:20:29.407+00:00,1198.000,411.169,100,22465.9,2685,71,measure
2026-09-10T23:20:30.405+00:00,1199.000,414.328,99,22465.9,2685,72,measure
2026-09-10T23:20:31.406+00:00,1200.000,415.739,100,22465.9,2685,72,measure
2026-09-10T23:20:32.408+00:00,1201.003,407.005,99,22465.9,2685,71,measure
2026-09-10T23:20:33.407+00:00,1202.002,407.025,100,22465.9,2685,71,measure
2026-09-10T23:20:34.405+00:00,1203.001,406.914,100,22465.9,2685,70,measure
2026-09-10T23:20:35.407+00:00,1204.002,403.817,100,22465.9,2685,71,measure
2026-09-10T23:20:36.406+00:00,1205.001,404.954,99,22465.9,2685,71,measure
2026-09-10T23:20:37.406+00:00,1206.000,412.432,99,22465.9,2685,71,measure
2026-09-10T23:20:38.408+00:00,1207.000,416.427,100,22465.9,2685,71,measure
2026-09-10T23:20:39.406+00:00,1208.001,410.969,99,22465.9,2685,70,measure
2026-09-10T23:20:40.405+00:00,1209.000,406.662,100,22465.9,2685,71,measure
2026-09-10T23:20:41.405+00:00,1210.000,407.282,100,22465.9,2685,71,measure
2026-09-10T23:20:42.406+00:00,1211.001,406.161,100,22465.9,2685,71,measure
2026-09-10T23:20:43.408+00:00,1212.002,405.345,100,22465.9,2685,71,measure
2026-09-10T23:20:44.408+00:00,1213.000,407.314,100,22465.9,2685,72,measure
2026-09-10T23:20:45.410+00:00,1214.006,413.181,100,22465.9,2685,72,measure
2026-09-10T23:20:46.410+00:00,1215.005,417.661,100,22465.9,2685,72,measure
2026-09-10T23:20:47.405+00:00,1216.001,408.153,100,22465.9,2685,70,measure
2026-09-10T23:20:48.405+00:00,1217.000,409.348,99,22465.9,2685,70,measure
2026-09-10T23:20:46.911+00:00,1218.000,408.228,99,22465.9,2685,72,measure
2026-09-10T23:20:47.906+00:00,1219.000,404.571,100,22465.9,2685,71,measure
2026-09-10T23:20:48.904+00:00,1220.001,404.775,100,22465.9,2685,71,measure
2026-09-10T23:20:49.904+00:00,1221.000,409.659,100,22465.9,2685,72,measure
2026-09-10T23:20:50.904+00:00,1222.001,414.504,100,22465.9,2685,72,measure
2026-09-10T23:20:51.905+00:00,1223.001,416.206,100,22465.9,2685,71,measure
2026-09-10T23:20:52.906+00:00,1224.001,407.501,100,22465.9,2685,70,measure
2026-09-10T23:20:53.906+00:00,1225.001,407.51,100,22465.9,2685,71,measure
2026-09-10T23:20:54.904+00:00,1226.000,406.672,99,22465.9,2685,71,measure
2026-09-10T23:20:55.906+00:00,1227.002,404.159,100,22465.9,2685,71,measure
2026-09-10T23:20:56.906+00:00,1228.002,404.904,100,22465.9,2685,71,measure
2026-09-10T23:20:57.913+00:00,1229.008,410.682,100,22465.9,2685,71,measure
2026-09-10T23:20:58.909+00:00,1230.003,415.49,100,22465.9,2685,71,measure
2026-09-10T23:20:59.906+00:00,1231.001,412.115,99,22465.9,2685,70,measure
2026-09-10T23:21:00.904+00:00,1232.000,406.302,100,22465.9,2685,71,measure
2026-09-10T23:21:01.904+00:00,1233.001,405.195,100,22465.9,2685,71,measure
2026-09-10T23:21:02.904+00:00,1234.001,406.733,100,22465.9,2685,70,measure
2026-09-10T23:21:03.904+00:00,1235.001,404.937,99,22465.9,2685,71,measure
2026-09-10T23:21:04.906+00:00,1236.000,405.993,99,22465.9,2685,71,measure
2026-09-10T23:21:05.906+00:00,1237.000,412.738,100,22465.9,2685,71,measure
2026-09-10T23:21:06.904+00:00,1238.000,417.534,100,22465.9,2685,72,measure
2026-09-10T23:21:07.904+00:00,1239.000,411.802,99,22465.9,2685,71,measure
2026-09-10T23:21:08.904+00:00,1240.000,409.848,100,22465.9,2685,71,measure
2026-09-10T23:21:09.905+00:00,1241.001,408.004,100,22465.9,2685,71,measure
2026-09-10T23:21:10.905+00:00,1242.000,406.233,100,22465.9,2685,71,measure
2026-09-10T23:21:11.905+00:00,1243.001,403.472,99,22465.9,2685,71,measure
2026-09-10T23:21:12.904+00:00,1244.000,408.954,99,22465.9,2685,72,measure
2026-09-10T23:21:13.905+00:00,1245.001,414.38,100,22465.9,2685,71,measure
2026-09-10T23:21:14.905+00:00,1246.001,417.917,99,22465.9,2685,72,measure
2026-09-10T23:21:15.905+00:00,1247.001,408.253,99,22465.9,2685,70,measure
2026-09-10T23:21:16.910+00:00,1248.001,407.496,99,22465.9,2685,70,measure
2026-09-10T23:21:17.905+00:00,1249.000,407.281,99,22465.9,2685,71,measure
2026-09-10T23:21:16.426+00:00,1250.001,405.459,100,22465.9,2685,71,measure
2026-09-10T23:21:17.426+00:00,1251.000,405.761,99,22465.9,2685,71,measure
2026-09-10T23:21:18.426+00:00,1252.001,411.208,100,22465.9,2685,72,measure
2026-09-10T23:21:19.426+00:00,1253.001,413.998,100,22465.9,2685,72,measure
2026-09-10T23:21:20.427+00:00,1254.001,415.362,100,22465.9,2685,71,measure
2026-09-10T23:21:21.426+00:00,1255.001,408.213,99,22465.9,2685,71,measure
2026-09-10T23:21:22.425+00:00,1256.000,407.633,100,22465.9,2685,71,measure
2026-09-10T23:21:23.425+00:00,1257.000,406.403,99,22465.9,2685,71,measure
2026-09-10T23:21:24.426+00:00,1258.001,403.544,100,22465.9,2685,71,measure
2026-09-10T23:21:25.427+00:00,1259.001,404.613,99,22465.9,2685,71,measure
2026-09-10T23:21:26.430+00:00,1260.001,410.205,99,22465.9,2685,71,measure
2026-09-10T23:21:27.425+00:00,1261.000,416.58,100,22465.9,2685,72,measure
2026-09-10T23:21:28.426+00:00,1262.000,410.137,99,22465.9,2685,71,measure
2026-09-10T23:21:29.426+00:00,1263.001,406.133,100,22465.9,2685,71,measure
2026-09-10T23:21:30.425+00:00,1264.000,405.351,100,22465.9,2685,71,measure
2026-09-10T23:21:31.427+00:00,1265.001,406.459,100,22465.9,2685,71,measure
2026-09-10T23:21:32.429+00:00,1266.004,404.622,100,22465.9,2685,71,measure
2026-09-10T23:21:33.426+00:00,1267.000,407.154,100,22465.9,2685,72,measure
2026-09-10T23:21:34.426+00:00,1268.001,411.706,99,22465.9,2685,72,measure
2026-09-10T23:21:35.425+00:00,1269.000,416.399,99,22465.9,2685,72,measure
2026-09-10T23:21:36.426+00:00,1270.001,407.823,100,22465.9,2685,71,measure
2026-09-10T23:21:37.426+00:00,1271.000,408.921,100,22465.9,2685,71,measure
2026-09-10T23:21:38.427+00:00,1272.000,406.74,100,22465.9,2685,71,measure
2026-09-10T23:21:39.426+00:00,1273.001,404.345,100,22465.9,2685,71,measure
2026-09-10T23:21:40.426+00:00,1274.001,404.369,99,22465.9,2685,71,measure
2026-09-10T23:21:41.427+00:00,1275.000,409.115,100,22465.9,2685,72,measure
2026-09-10T23:21:42.425+00:00,1276.000,414.276,100,22465.9,2685,72,measure
2026-09-10T23:21:43.426+00:00,1277.000,417.086,100,22465.9,2685,72,measure
2026-09-10T23:21:44.427+00:00,1278.000,406.983,100,22465.9,2685,70,measure
2026-09-10T23:21:45.425+00:00,1279.000,406.679,99,22465.9,2685,70,measure
2026-09-10T23:21:46.426+00:00,1280.000,405.768,100,22465.9,2685,71,measure
2026-09-10T23:21:47.426+00:00,1281.000,404.594,100,22465.9,2685,71,measure
2026-09-10T23:21:48.426+00:00,1282.000,405.834,100,22465.9,2685,71,measure
2026-09-10T23:21:46.926+00:00,1283.001,409.949,99,22465.9,2685,71,measure
2026-09-10T23:21:47.925+00:00,1284.000,415.063,100,22465.9,2685,72,measure
2026-09-10T23:21:48.924+00:00,1285.000,413.76,100,22465.9,2685,72,measure
2026-09-10T23:21:49.924+00:00,1286.000,406.247,100,22465.9,2685,70,measure
2026-09-10T23:21:50.924+00:00,1287.000,404.937,99,22465.9,2685,71,measure
2026-09-10T23:21:51.924+00:00,1288.001,406.253,100,22465.9,2685,71,measure
2026-09-10T23:21:52.926+00:00,1289.001,403.697,100,22465.9,2685,71,measure
2026-09-10T23:21:53.928+00:00,1290.003,406.07,100,22465.9,2685,71,measure
2026-09-10T23:21:54.924+00:00,1291.000,412.756,100,22465.9,2685,71,measure
2026-09-10T23:21:55.924+00:00,1292.000,417.178,99,22465.9,2685,72,measure
2026-09-10T23:21:56.924+00:00,1293.000,411.155,100,22465.9,2685,71,measure
2026-09-10T23:21:57.924+00:00,1294.000,407.24,99,22465.9,2685,70,measure
2026-09-10T23:21:58.925+00:00,1295.000,407.63,99,22465.9,2685,71,measure
2026-09-10T23:21:59.927+00:00,1296.001,405.928,100,22465.9,2685,70,measure
2026-09-10T23:22:00.925+00:00,1297.001,403.535,100,22465.9,2685,71,measure
2026-09-10T23:22:01.924+00:00,1298.000,408.496,100,22465.9,2685,71,measure
2026-09-10T23:22:02.924+00:00,1299.000,413.384,100,22465.9,2685,72,measure
2026-09-10T23:22:03.924+00:00,1300.000,418.069,100,22465.9,2685,72,measure
2026-09-10T23:22:04.926+00:00,1301.001,409.095,100,22465.9,2685,71,measure
2026-09-10T23:22:05.927+00:00,1302.003,408.308,99,22465.9,2685,70,measure
2026-09-10T23:22:06.925+00:00,1303.002,408.681,100,22465.9,2685,71,measure
2026-09-10T23:22:07.924+00:00,1304.001,405.967,100,22465.9,2685,71,measure
2026-09-10T23:22:08.926+00:00,1305.002,406.07,99,22465.9,2685,71,measure
2026-09-10T23:22:09.926+00:00,1306.002,411.051,100,22465.9,2685,72,measure
2026-09-10T23:22:10.926+00:00,1307.000,414.779,100,22465.9,2685,72,measure
2026-09-10T23:22:11.927+00:00,1308.000,415.486,100,22465.9,2685,71,measure
2026-09-10T23:22:12.928+00:00,1309.004,408.299,100,22465.9,2685,72,measure
2026-09-10T23:22:13.926+00:00,1310.002,407.908,100,22465.9,2685,71,measure
2026-09-10T23:22:14.924+00:00,1311.000,407.597,100,22465.9,2685,71,measure
2026-09-10T23:22:15.925+00:00,1312.000,403.503,100,22465.9,2685,71,measure
2026-09-10T23:22:16.927+00:00,1313.002,404.867,100,22465.9,2685,72,measure
2026-09-10T23:22:17.927+00:00,1314.001,410.763,100,22465.9,2685,71,measure
2026-09-10T23:22:16.431+00:00,1315.006,414.381,99,22465.9,2685,72,measure
2026-09-10T23:22:17.426+00:00,1316.001,412.257,100,22465.9,2685,72,measure
2026-09-10T23:22:18.425+00:00,1317.000,406.599,100,22465.9,2685,71,measure
2026-09-10T23:22:19.426+00:00,1318.001,405.319,99,22465.9,2685,71,measure
2026-09-10T23:22:20.427+00:00,1319.000,406.403,100,22465.9,2685,70,measure
2026-09-10T23:22:21.428+00:00,1320.000,404.692,100,22465.9,2685,71,measure
2026-09-10T23:22:22.426+00:00,1321.001,407.556,100,22465.9,2685,71,measure
2026-09-10T23:22:23.426+00:00,1322.001,412.152,100,22465.9,2685,72,measure
2026-09-10T23:22:24.425+00:00,1323.001,417.576,100,22465.9,2685,72,measure
2026-09-10T23:22:25.426+00:00,1324.001,409.953,100,22465.9,2685,71,measure
2026-09-10T23:22:26.427+00:00,1325.000,408.752,100,22465.9,2685,71,measure
2026-09-10T23:22:27.427+00:00,1326.001,407.504,100,22465.9,2685,71,measure
2026-09-10T23:22:28.426+00:00,1327.000,404.204,100,22465.9,2685,70,measure
2026-09-10T23:22:29.425+00:00,1328.000,403.482,99,22465.9,2685,71,measure
2026-09-10T23:22:30.425+00:00,1329.000,408.744,100,22465.9,2685,71,measure
2026-09-10T23:22:31.425+00:00,1330.000,414.112,100,22465.9,2685,71,measure
2026-09-10T23:22:32.426+00:00,1331.000,416.284,99,22465.9,2685,72,measure
2026-09-10T23:22:33.427+00:00,1332.001,406.543,100,22465.9,2685,71,measure
2026-09-10T23:22:34.426+00:00,1333.001,407.48,100,22465.9,2685,70,measure
2026-09-10T23:22:35.426+00:00,1334.001,406.198,100,22465.9,2685,71,measure
2026-09-10T23:22:36.426+00:00,1335.001,404.448,99,22465.9,2685,71,measure
2026-09-10T23:22:37.425+00:00,1336.001,405.589,100,22465.9,2685,71,measure
2026-09-10T23:22:38.427+00:00,1337.000,410.735,100,22465.9,2685,72,measure
2026-09-10T23:22:39.426+00:00,1338.000,414.865,100,22465.9,2685,72,measure
2026-09-10T23:22:40.426+00:00,1339.001,413.014,99,22465.9,2685,71,measure
2026-09-10T23:22:41.426+00:00,1340.001,406.401,100,22465.9,2685,71,measure
2026-09-10T23:22:42.425+00:00,1341.000,406.268,100,22465.9,2685,71,measure
2026-09-10T23:22:43.428+00:00,1342.002,405.271,99,22465.9,2685,71,measure
2026-09-10T23:22:44.426+00:00,1343.000,403.088,100,22465.9,2685,71,measure
2026-09-10T23:22:45.427+00:00,1344.000,405.721,100,22465.9,2685,71,measure
2026-09-10T23:22:46.425+00:00,1345.000,411.688,100,22465.9,2685,71,measure
2026-09-10T23:22:47.425+00:00,1346.000,416.034,100,22465.9,2685,72,measure
2026-09-10T23:22:48.426+00:00,1347.001,410.271,100,22465.9,2685,71,measure
2026-09-10T23:22:46.924+00:00,1348.001,406.285,100,22465.9,2685,70,measure
2026-09-10T23:22:47.929+00:00,1349.006,406.366,100,22465.9,2685,71,measure
2026-09-10T23:22:48.924+00:00,1350.000,406.057,99,22465.9,2685,70,measure
2026-09-10T23:22:49.924+00:00,1351.000,403.152,100,22465.9,2685,71,measure
2026-09-10T23:22:50.924+00:00,1352.000,408.017,99,22465.9,2685,72,measure
2026-09-10T23:22:51.924+00:00,1353.001,412.823,99,22465.9,2685,72,measure
2026-09-10T23:22:52.924+00:00,1354.001,417.669,100,22465.9,2685,72,measure
2026-09-10T23:22:53.928+00:00,1355.001,408.28,99,22465.9,2685,71,measure
2026-09-10T23:22:54.924+00:00,1356.001,408.277,100,22465.9,2685,70,measure
2026-09-10T23:22:55.924+00:00,1357.001,407.776,100,22465.9,2685,71,measure
2026-09-10T23:22:56.923+00:00,1358.000,403.885,99,22465.9,2685,70,measure
2026-09-10T23:22:57.923+00:00,1359.000,404.004,100,22465.9,2685,71,measure
2026-09-10T23:22:58.924+00:00,1360.001,410.383,100,22465.9,2685,71,measure
2026-09-10T23:22:59.925+00:00,1361.000,413.967,100,22465.9,2685,72,measure
2026-09-10T23:23:00.924+00:00,1362.000,415.652,100,22465.9,2685,72,measure
2026-09-10T23:23:01.924+00:00,1363.000,407.069,99,22465.9,2685,71,measure
2026-09-10T23:23:02.924+00:00,1364.000,407.383,100,22465.9,2685,70,measure
2026-09-10T23:23:03.924+00:00,1365.000,407.095,100,22465.9,2685,71,measure
2026-09-10T23:23:04.925+00:00,1366.001,403.502,99,22465.9,2685,71,measure
2026-09-10T23:23:05.927+00:00,1367.002,403.566,99,22465.9,2685,71,measure
2026-09-10T23:23:06.925+00:00,1368.000,410.235,100,22465.9,2685,72,measure
2026-09-10T23:23:07.923+00:00,1369.000,414.235,100,22465.9,2685,72,measure
2026-09-10T23:23:08.923+00:00,1370.000,411.862,99,22465.9,2685,71,measure
2026-09-10T23:23:09.931+00:00,1371.006,406.026,99,22465.9,2685,71,measure
2026-09-10T23:23:10.926+00:00,1372.001,405.949,100,22465.9,2685,71,measure
2026-09-10T23:23:11.925+00:00,1373.001,406.372,100,22465.9,2685,71,measure
2026-09-10T23:23:12.923+00:00,1374.000,402.879,100,22465.9,2685,71,measure
2026-09-10T23:23:13.923+00:00,1375.000,406.398,100,22465.9,2685,71,measure
2026-09-10T23:23:14.924+00:00,1376.001,411.676,99,22465.9,2685,71,measure
2026-09-10T23:23:15.923+00:00,1377.001,416.004,99,22465.9,2685,72,measure
2026-09-10T23:23:16.923+00:00,1378.000,409.636,100,22465.9,2685,71,measure
2026-09-10T23:23:17.926+00:00,1379.001,408.099,99,22465.9,2685,70,measure
2026-09-10T23:23:16.427+00:00,1380.003,407.101,99,22465.9,2685,71,measure
2026-09-10T23:23:17.425+00:00,1381.002,404.43,100,22465.9,2685,70,measure
2026-09-10T23:23:18.426+00:00,1382.000,402.914,99,22465.9,2685,71,measure
2026-09-10T23:23:19.424+00:00,1383.000,407.511,100,22465.9,2685,72,measure
2026-09-10T23:23:20.425+00:00,1384.000,413.943,100,22465.9,2685,72,measure
2026-09-10T23:23:21.426+00:00,1385.001,416.411,100,22465.9,2685,72,measure
2026-09-10T23:23:22.424+00:00,1386.000,406.57,99,22465.9,2685,71,measure
2026-09-10T23:23:23.424+00:00,1387.000,407.783,100,22465.9,2685,71,measure
2026-09-10T23:23:24.424+00:00,1388.000,407.1,100,22465.9,2685,71,measure
2026-09-10T23:23:25.424+00:00,1389.000,404.763,100,22465.9,2685,71,measure
2026-09-10T23:23:26.425+00:00,1390.000,405.327,99,22465.9,2685,71,measure
2026-09-10T23:23:27.428+00:00,1391.004,409.915,99,22465.9,2685,72,measure
2026-09-10T23:23:28.426+00:00,1392.002,412.935,99,22465.9,2685,71,measure
2026-09-10T23:23:29.424+00:00,1393.000,414.82,100,22465.9,2685,71,measure
2026-09-10T23:23:30.424+00:00,1394.000,406.461,100,22465.9,2685,70,measure
2026-09-10T23:23:31.424+00:00,1395.000,406.158,99,22465.9,2685,70,measure
2026-09-10T23:23:32.426+00:00,1396.001,406.652,100,22465.9,2685,71,measure
2026-09-10T23:23:33.427+00:00,1397.001,403.853,100,22465.9,2685,70,measure
2026-09-10T23:23:34.424+00:00,1398.000,405.936,99,22465.9,2685,71,measure
2026-09-10T23:23:35.425+00:00,1399.001,411.781,100,22465.9,2685,71,measure
2026-09-10T23:23:36.424+00:00,1400.000,415.714,100,22465.9,2685,72,measure
2026-09-10T23:23:37.424+00:00,1401.000,411.028,100,22465.9,2685,71,measure
2026-09-10T23:23:38.426+00:00,1402.000,407.788,100,22465.9,2685,70,measure
2026-09-10T23:23:39.427+00:00,1403.000,407.927,100,22465.9,2685,71,measure
2026-09-10T23:23:40.425+00:00,1404.001,406.646,100,22465.9,2685,71,measure
2026-09-10T23:23:41.424+00:00,1405.000,405.27,100,22465.9,2685,71,measure
2026-09-10T23:23:42.425+00:00,1406.000,406.588,100,22465.9,2685,71,measure
2026-09-10T23:23:43.424+00:00,1407.000,412.61,100,22465.9,2685,71,measure
2026-09-10T23:23:44.426+00:00,1408.000,417.51,100,22465.9,2685,72,measure
2026-09-10T23:23:45.425+00:00,1409.001,408.14,100,22465.9,2685,71,measure
2026-09-10T23:23:46.424+00:00,1410.000,408.732,100,22465.9,2685,70,measure
2026-09-10T23:23:47.424+00:00,1411.001,407.65,100,22465.9,2685,71,measure
2026-09-10T23:23:48.426+00:00,1412.000,405.001,100,22465.9,2685,71,measure
2026-09-10T23:23:46.944+00:00,1413.000,404.923,100,22465.9,2685,72,measure
2026-09-10T23:23:47.945+00:00,1414.001,409.269,100,22465.9,2685,72,measure
2026-09-10T23:23:48.947+00:00,1415.000,413.992,100,22465.9,2685,72,measure
2026-09-10T23:23:49.943+00:00,1416.000,415.972,100,22465.9,2685,72,measure
2026-09-10T23:23:50.945+00:00,1417.002,407.019,100,22465.9,2685,71,measure
2026-09-10T23:23:51.943+00:00,1418.000,407.565,100,22465.9,2685,71,measure
2026-09-10T23:23:52.944+00:00,1419.001,406.434,100,22465.9,2685,71,measure
2026-09-10T23:23:53.945+00:00,1420.000,403.805,100,22465.9,2685,71,measure
2026-09-10T23:23:54.945+00:00,1421.001,404.399,100,22465.9,2685,71,measure
2026-09-10T23:23:55.943+00:00,1422.000,411.548,100,22465.9,2685,72,measure
2026-09-10T23:23:56.944+00:00,1423.001,415.218,100,22465.9,2685,71,measure
2026-09-10T23:23:57.944+00:00,1424.001,412.731,99,22465.9,2685,71,measure
2026-09-10T23:23:58.943+00:00,1425.000,406.343,99,22465.9,2685,71,measure
2026-09-10T23:23:59.945+00:00,1426.000,405.232,100,22465.9,2685,71,measure
2026-09-10T23:24:00.945+00:00,1427.001,406.385,100,22465.9,2685,71,measure
2026-09-10T23:24:01.943+00:00,1428.001,404.433,100,22465.9,2685,71,measure
2026-09-10T23:24:02.949+00:00,1429.006,406.5,100,22465.9,2685,71,measure
2026-09-10T23:24:03.943+00:00,1430.000,412.056,99,22465.9,2685,71,measure
2026-09-10T23:24:04.944+00:00,1431.000,416.681,100,22465.9,2685,72,measure
2026-09-10T23:24:05.945+00:00,1432.001,408.943,100,22465.9,2685,70,measure
2026-09-10T23:24:06.946+00:00,1433.000,407.446,99,22465.9,2685,70,measure
2026-09-10T23:24:07.943+00:00,1434.000,406.952,100,22465.9,2685,71,measure
2026-09-10T23:24:08.943+00:00,1435.000,405.356,100,22465.9,2685,71,measure
2026-09-10T23:24:09.943+00:00,1436.000,402.914,100,22465.9,2685,71,measure
2026-09-10T23:24:10.946+00:00,1437.001,408.364,100,22465.9,2685,71,measure
2026-09-10T23:24:11.947+00:00,1438.001,413.86,100,22465.9,2685,72,measure
2026-09-10T23:24:12.946+00:00,1439.000,417.935,100,22465.9,2685,72,measure
2026-09-10T23:24:13.945+00:00,1440.001,408.623,100,22465.9,2685,70,measure
2026-09-10T23:24:14.945+00:00,1441.002,407.973,99,22465.9,2685,70,measure
2026-09-10T23:24:15.945+00:00,1442.002,407.993,100,22465.9,2685,71,measure
2026-09-10T23:24:16.944+00:00,1443.001,405.739,100,22465.9,2685,71,measure
2026-09-10T23:24:17.945+00:00,1444.000,405.658,100,22465.9,2685,72,measure
2026-09-10T23:24:16.436+00:00,1445.000,410.138,100,22465.9,2685,71,measure
2026-09-10T23:24:17.435+00:00,1446.001,413.23,100,22465.9,2685,72,measure
2026-09-10T23:24:18.434+00:00,1447.000,414.798,100,22465.9,2685,72,measure
2026-09-10T23:24:19.434+00:00,1448.000,407.644,100,22465.9,2685,71,measure
2026-09-10T23:24:20.435+00:00,1449.001,406.175,100,22465.9,2685,71,measure
2026-09-10T23:24:21.436+00:00,1450.000,406.585,99,22465.9,2685,71,measure
2026-09-10T23:24:22.435+00:00,1451.000,403.459,100,22465.9,2685,71,measure
2026-09-10T23:24:23.434+00:00,1452.000,404.478,99,22465.9,2685,71,measure
2026-09-10T23:24:24.434+00:00,1453.000,410.088,99,22465.9,2685,72,measure
2026-09-10T23:24:25.436+00:00,1454.001,416.319,100,22465.9,2685,72,measure
2026-09-10T23:24:26.434+00:00,1455.000,410.129,99,22465.9,2685,71,measure
2026-09-10T23:24:27.436+00:00,1456.001,406.086,100,22465.9,2685,71,measure
2026-09-10T23:24:28.435+00:00,1457.000,405.165,100,22465.9,2685,71,measure
2026-09-10T23:24:29.434+00:00,1458.001,406.036,100,22465.9,2685,71,measure
2026-09-10T23:24:30.437+00:00,1459.000,404.567,99,22465.9,2685,71,measure
2026-09-10T23:24:31.434+00:00,1460.000,407.655,100,22465.9,2685,71,measure
2026-09-10T23:24:32.435+00:00,1461.001,412.555,100,22465.9,2685,72,measure
2026-09-10T23:24:33.438+00:00,1462.001,418.023,99,22465.9,2685,72,measure
2026-09-10T23:24:34.434+00:00,1463.000,408.473,100,22465.9,2685,70,measure
2026-09-10T23:24:35.435+00:00,1464.001,409.198,100,22465.9,2685,70,measure
2026-09-10T23:24:36.435+00:00,1465.001,407.146,99,22465.9,2685,72,measure
2026-09-10T23:24:37.434+00:00,1466.000,404.946,99,22465.9,2685,71,measure
2026-09-10T23:24:38.434+00:00,1467.000,405.214,100,22465.9,2685,71,measure
2026-09-10T23:24:39.436+00:00,1468.000,408.985,100,22465.9,2685,72,measure
2026-09-10T23:24:40.435+00:00,1469.000,408.551,99,22465.9,2685,70,measure
2026-09-10T23:24:41.434+00:00,1470.000,393.132,99,22465.9,2685,70,measure
2026-09-10T23:24:42.435+00:00,1471.000,396.043,99,22465.9,2685,71,measure
2026-09-10T23:24:43.434+00:00,1472.000,397.725,99,22465.9,2685,70,measure
2026-09-10T23:24:44.435+00:00,1473.000,387.843,99,22465.9,2685,70,measure
2026-09-10T23:24:45.435+00:00,1474.000,371.475,99,22465.9,2685,69,measure
2026-09-10T23:24:46.434+00:00,1475.000,378.849,99,22465.9,2685,70,measure
2026-09-10T23:24:47.435+00:00,1476.001,364.254,99,22465.9,2685,67,measure
2026-09-10T23:24:48.437+00:00,1477.003,363.706,99,22465.9,2685,68,measure
2026-09-10T23:24:46.933+00:00,1478.001,364.876,99,22465.9,2685,67,measure
2026-09-10T23:24:47.934+00:00,1479.001,337.867,99,22465.9,2685,65,measure
2026-09-10T23:24:48.936+00:00,1480.001,331.994,99,22465.9,2685,67,measure
2026-09-10T23:24:49.933+00:00,1481.001,326.142,99,22465.9,2685,65,measure
2026-09-10T23:24:50.960+00:00,1482.001,338.541,99,22465.9,2685,67,measure
2026-09-10T23:24:51.933+00:00,1483.000,368.136,99,22465.9,2685,68,measure
2026-09-10T23:24:52.932+00:00,1484.000,364.037,99,22465.9,2685,67,measure
2026-09-10T23:24:53.933+00:00,1485.000,376.827,99,22465.9,2685,68,measure
2026-09-10T23:24:54.933+00:00,1486.000,366.046,99,22465.9,2685,68,measure
2026-09-10T23:24:55.935+00:00,1487.003,363.32,99,22465.9,2685,66,measure
2026-09-10T23:24:56.934+00:00,1488.002,349.777,99,22465.9,2685,66,measure
2026-09-10T23:24:57.935+00:00,1489.001,328.204,99,22465.9,2685,67,measure
2026-09-10T23:24:58.932+00:00,1490.000,355.158,99,22465.9,2685,68,measure
2026-09-10T23:24:59.934+00:00,1491.001,361.818,99,22465.9,2685,66,measure
2026-09-10T23:25:00.934+00:00,1492.001,360.261,99,22465.9,2685,67,measure
2026-09-10T23:25:01.932+00:00,1493.000,359.446,99,22465.9,2685,67,measure
2026-09-10T23:25:02.936+00:00,1494.004,355.463,99,22465.9,2685,68,measure
2026-09-10T23:25:03.932+00:00,1495.000,363.2,99,22465.9,2685,66,measure
2026-09-10T23:25:04.934+00:00,1496.002,364.156,99,22465.9,2685,66,measure
2026-09-10T23:25:05.934+00:00,1497.001,357.697,99,22465.9,2685,66,measure
2026-09-10T23:25:06.934+00:00,1498.000,326.482,99,22465.9,2685,65,measure
2026-09-10T23:25:07.933+00:00,1499.001,367.565,99,22465.9,2685,66,measure
2026-09-10T23:25:08.932+00:00,1500.000,363.711,99,22465.9,2685,66,measure
2026-09-10T23:25:09.977+00:00,1501.001,365.212,99,22465.9,2685,66,measure
2026-09-10T23:25:10.974+00:00,1502.000,331.807,99,22465.9,2685,66,measure
2026-09-10T23:25:11.933+00:00,1503.000,330.141,99,22465.9,2685,66,measure
2026-09-10T23:25:12.944+00:00,1504.000,334.611,99,22465.9,2685,66,measure
2026-09-10T23:25:13.932+00:00,1505.000,345.375,99,22465.9,2685,67,measure
2026-09-10T23:25:14.933+00:00,1506.001,355.975,99,22465.9,2685,65,measure
2026-09-10T23:25:15.932+00:00,1507.001,367.567,99,22465.9,2685,67,measure
2026-09-10T23:25:16.933+00:00,1508.001,366.535,99,22465.9,2685,66,measure
2026-09-10T23:25:17.934+00:00,1509.000,366.146,99,22465.9,2685,66,measure
2026-09-10T23:25:16.447+00:00,1510.001,360.945,99,22465.9,2685,66,measure
2026-09-10T23:25:17.445+00:00,1511.000,363.469,99,22465.9,2685,65,measure
2026-09-10T23:25:18.445+00:00,1512.000,336.047,99,22465.9,2685,66,measure
2026-09-10T23:25:19.446+00:00,1513.001,343.055,99,22465.9,2685,66,measure
2026-09-10T23:25:20.453+00:00,1514.007,352.601,99,22465.9,2685,66,measure
2026-09-10T23:25:21.446+00:00,1515.000,359.978,99,22465.9,2685,65,measure
2026-09-10T23:25:22.446+00:00,1516.001,364.369,99,22465.9,2685,65,measure
2026-09-10T23:25:23.445+00:00,1517.000,293.945,99,22465.9,2685,61,measure
2026-09-10T23:25:24.476+00:00,1518.001,259.61,99,22465.9,2700,61,measure
2026-09-10T23:25:25.449+00:00,1519.001,101.285,0,22465.9,2700,54,measure
2026-09-10T23:25:26.445+00:00,1520.000,101.285,0,22465.9,705,53,measure
2026-09-10T23:25:27.445+00:00,1521.000,69.973,0,22465.9,450,52,measure
2026-09-10T23:25:28.447+00:00,1522.001,52.498,0,22465.9,315,51,measure
2026-09-10T23:25:29.446+00:00,1523.000,30.553,0,22465.9,255,50,measure
2026-09-10T23:25:30.446+00:00,1524.001,22.73,0,22465.9,210,50,measure
2026-09-10T23:25:31.446+00:00,1525.000,18.991,0,22465.9,210,49,measure
2026-09-10T23:25:32.445+00:00,1526.000,17.769,0,22465.9,210,49,measure
2026-09-10T23:25:33.446+00:00,1527.000,17.218,0,22465.9,210,49,measure
2026-09-10T23:25:34.446+00:00,1528.000,17.13,0,22465.9,210,48,measure
2026-09-10T23:25:35.446+00:00,1529.001,17.325,0,22465.9,210,48,measure
2026-09-10T23:25:36.445+00:00,1530.000,17.234,0,22465.9,210,48,measure
2026-09-10T23:25:37.446+00:00,1531.001,16.906,0,22465.9,210,48,measure
2026-09-10T23:25:38.447+00:00,1532.001,16.426,0,22465.9,210,48,measure
2026-09-10T23:25:39.446+00:00,1533.001,16.426,0,22465.9,210,47,measure
2026-09-10T23:25:40.446+00:00,1534.000,16.085,0,22465.9,210,47,measure
2026-09-10T23:25:41.446+00:00,1535.001,16.2,0,22465.9,210,47,measure
2026-09-10T23:25:42.446+00:00,1536.000,15.714,0,22465.9,210,47,measure
2026-09-10T23:25:43.446+00:00,1537.000,15.602,0,22465.9,210,47,measure
2026-09-10T23:25:44.445+00:00,1538.000,15.884,0,22465.9,210,47,measure
2026-09-10T23:25:45.445+00:00,1539.000,15.921,0,22465.9,210,46,measure
2026-09-10T23:25:46.446+00:00,1540.000,15.701,0,22465.9,210,46,measure
2026-09-10T23:25:47.446+00:00,1541.001,15.552,0,22465.9,210,46,measure
2026-09-10T23:25:48.445+00:00,1542.001,15.552,0,22465.9,210,46,measure
2026-09-10T23:25:46.942+00:00,1543.000,15.465,0,22465.9,210,46,measure
2026-09-10T23:25:47.942+00:00,1544.000,15.456,0,22465.9,210,46,measure
2026-09-10T23:25:48.942+00:00,1545.001,15.098,0,22465.9,210,45,measure
2026-09-10T23:25:49.949+00:00,1546.007,15.01,0,22465.9,210,45,measure
2026-09-10T23:25:50.941+00:00,1547.000,15.152,0,22465.9,210,45,measure
2026-09-10T23:25:51.941+00:00,1548.000,15.042,0,22465.9,210,45,measure
2026-09-10T23:25:52.941+00:00,1549.000,14.913,0,22465.9,210,45,measure
2026-09-10T23:25:53.947+00:00,1550.006,14.907,0,22465.9,210,45,measure
2026-09-10T23:25:54.942+00:00,1551.001,14.995,0,22465.9,210,45,measure
2026-09-10T23:25:55.946+00:00,1552.005,14.916,0,22465.9,210,45,measure
2026-09-10T23:25:56.945+00:00,1553.003,14.716,0,22465.9,210,45,measure
2026-09-10T23:25:57.941+00:00,1554.000,14.71,0,22465.9,210,44,measure
2026-09-10T23:25:58.942+00:00,1555.001,14.71,0,22465.9,210,44,measure
2026-09-10T23:25:59.946+00:00,1556.002,14.857,1,22465.9,210,44,measure
2026-09-10T23:26:00.942+00:00,1557.000,14.978,0,22465.9,210,44,measure
2026-09-10T23:26:01.950+00:00,1558.008,14.964,0,22465.9,210,44,measure
2026-09-10T23:26:02.942+00:00,1559.000,14.813,0,22465.9,210,44,measure
2026-09-10T23:26:03.943+00:00,1560.001,14.813,0,22465.9,210,44,measure
2026-09-10T23:26:04.942+00:00,1561.000,14.649,0,22465.9,210,44,measure
2026-09-10T23:26:05.941+00:00,1562.000,14.486,0,22465.9,210,44,measure
2026-09-10T23:26:06.942+00:00,1563.000,14.413,0,22465.9,210,43,measure
2026-09-10T23:26:07.942+00:00,1564.000,14.359,0,22465.9,210,43,measure
2026-09-10T23:26:08.942+00:00,1565.000,14.362,0,22465.9,210,43,measure
2026-09-10T23:26:09.946+00:00,1566.004,14.59,0,22465.9,210,43,measure
2026-09-10T23:26:10.944+00:00,1567.003,14.636,0,22465.9,210,43,measure
2026-09-10T23:26:11.943+00:00,1568.002,14.33,0,22465.9,210,43,measure
2026-09-10T23:26:12.948+00:00,1569.007,14.138,0,22465.9,210,43,measure
2026-09-10T23:26:13.944+00:00,1570.003,14.266,0,22465.9,210,43,measure
2026-09-10T23:26:14.942+00:00,1571.001,14.371,0,22465.9,210,43,measure
2026-09-10T23:26:15.942+00:00,1572.001,14.378,0,22465.9,210,43,measure
2026-09-10T23:26:16.942+00:00,1573.000,14.378,0,22465.9,210,43,measure
2026-09-10T23:26:17.944+00:00,1574.003,14.312,0,22465.9,210,42,measure
2026-09-10T23:26:16.425+00:00,1575.001,14.262,0,22465.9,210,42,measure
2026-09-10T23:26:17.432+00:00,1576.008,14.289,0,22465.9,210,42,measure
2026-09-10T23:26:18.477+00:00,1577.052,14.123,0,22465.9,210,42,measure
2026-09-10T23:26:19.427+00:00,1578.003,13.967,0,22465.9,210,42,measure
2026-09-10T23:26:20.424+00:00,1579.000,14.111,0,22465.9,210,42,measure
2026-09-10T23:26:21.426+00:00,1580.002,14.128,0,22465.9,210,42,measure
2026-09-10T23:26:22.428+00:00,1581.004,14.035,0,22465.9,210,42,measure
2026-09-10T23:26:23.424+00:00,1582.000,13.976,0,22465.9,210,42,measure
2026-09-10T23:26:24.430+00:00,1583.006,13.952,0,22465.9,210,42,measure
2026-09-10T23:26:25.428+00:00,1584.003,13.948,0,22465.9,210,42,measure
2026-09-10T23:26:26.430+00:00,1585.005,13.896,0,22465.9,210,42,measure
2026-09-10T23:26:27.430+00:00,1586.004,14.001,0,22465.9,210,41,measure
2026-09-10T23:26:28.425+00:00,1587.001,14.001,0,22465.9,210,41,measure
2026-09-10T23:26:29.424+00:00,1588.000,14.204,0,22465.9,210,41,measure
2026-09-10T23:26:30.428+00:00,1589.004,14.147,0,22465.9,210,41,measure
2026-09-10T23:26:31.429+00:00,1590.005,13.934,0,22465.9,210,41,measure
2026-09-10T23:26:32.428+00:00,1591.004,13.807,0,22465.9,210,41,measure
2026-09-10T23:26:33.424+00:00,1592.000,13.727,0,22465.9,210,41,measure
2026-09-10T23:26:34.424+00:00,1593.000,13.577,0,22465.9,210,41,measure
2026-09-10T23:26:35.428+00:00,1594.004,13.496,0,22465.9,210,41,measure
2026-09-10T23:26:36.427+00:00,1595.003,13.466,0,22465.9,210,41,measure
2026-09-10T23:26:37.425+00:00,1596.001,13.374,0,22465.9,210,41,measure
2026-09-10T23:26:38.429+00:00,1597.005,13.48,0,22465.9,210,41,measure
2026-09-10T23:26:39.428+00:00,1598.003,13.684,0,22465.9,210,41,measure
2026-09-10T23:26:40.430+00:00,1599.006,13.654,0,22465.9,210,41,measure
2026-09-10T23:26:41.426+00:00,1600.002,13.654,0,22465.9,210,41,measure
2026-09-10T23:26:42.430+00:00,1601.006,13.752,0,22465.9,210,41,measure
2026-09-10T23:26:43.424+00:00,1602.000,13.684,0,22465.9,210,41,measure
2026-09-10T23:26:44.437+00:00,1603.006,13.65,0,22465.9,210,41,measure
2026-09-10T23:26:45.427+00:00,1604.003,13.707,0,22465.9,210,41,measure
2026-09-10T23:26:46.426+00:00,1605.002,13.779,0,22465.9,210,41,measure
2026-09-10T23:26:47.431+00:00,1606.006,13.618,0,22465.9,210,41,measure
2026-09-10T23:26:48.426+00:00,1607.002,13.618,0,22465.9,210,41,measure
2026-09-10T23:26:46.972+00:00,1608.047,13.467,0,22465.9,210,41,measure
2026-09-10T23:26:48.005+00:00,1609.079,13.608,0,22465.9,210,41,measure
2026-09-10T23:26:48.931+00:00,1610.006,13.598,0,22465.9,210,41,measure
2026-09-10T23:26:49.928+00:00,1611.003,13.42,0,22465.9,210,41,measure
2026-09-10T23:26:50.927+00:00,1612.002,13.312,0,22465.9,210,41,measure
2026-09-10T23:26:51.928+00:00,1613.000,13.264,0,22465.9,210,41,measure
2026-09-10T23:26:52.925+00:00,1614.000,13.349,0,22465.9,210,41,measure
2026-09-10T23:26:53.926+00:00,1615.001,13.56,0,22465.9,210,41,measure
2026-09-10T23:26:54.926+00:00,1616.000,13.681,0,22465.9,210,41,measure
2026-09-10T23:26:55.926+00:00,1617.000,13.625,0,22465.9,210,41,measure
2026-09-10T23:26:56.925+00:00,1618.000,13.497,0,22465.9,210,41,measure
2026-09-10T23:26:57.926+00:00,1619.001,13.355,0,22465.9,210,41,measure
2026-09-10T23:26:58.927+00:00,1620.001,13.355,0,22465.9,210,41,measure
2026-09-10T23:26:59.926+00:00,1621.001,13.497,0,22465.9,210,42,measure
2026-09-10T23:27:00.926+00:00,1622.001,13.518,0,22465.9,210,42,measure
2026-09-10T23:27:01.925+00:00,1623.000,13.489,0,22465.9,210,42,measure
2026-09-10T23:27:02.928+00:00,1624.003,13.464,0,22465.9,210,42,measure
2026-09-10T23:27:03.932+00:00,1625.007,13.552,0,22465.9,210,42,measure
2026-09-10T23:27:04.927+00:00,1626.001,13.552,0,22465.9,210,42,measure
2026-09-10T23:27:05.926+00:00,1627.001,13.675,0,22465.9,210,42,measure
2026-09-10T23:27:06.926+00:00,1628.001,13.684,0,22465.9,210,42,measure
2026-09-10T23:27:07.926+00:00,1629.001,13.69,0,22465.9,210,42,measure
2026-09-10T23:27:08.926+00:00,1630.001,13.761,0,22465.9,210,42,measure
2026-09-10T23:27:09.926+00:00,1631.001,13.737,0,22465.9,210,42,measure
2026-09-10T23:27:10.926+00:00,1632.001,13.624,0,22465.9,210,42,measure
2026-09-10T23:27:11.925+00:00,1633.000,13.597,0,22465.9,210,42,measure
2026-09-10T23:27:12.932+00:00,1634.007,13.569,0,22465.9,210,42,measure
2026-09-10T23:27:13.926+00:00,1635.001,13.48,0,22465.9,210,42,measure
2026-09-10T23:27:14.929+00:00,1636.004,13.586,0,22465.9,210,42,measure
2026-09-10T23:27:15.926+00:00,1637.001,13.747,0,22465.9,210,42,measure
2026-09-10T23:27:16.931+00:00,1638.006,13.797,0,22465.9,210,42,measure
2026-09-10T23:27:17.926+00:00,1639.001,13.797,0,22465.9,210,42,measure
2026-09-10T23:27:16.431+00:00,1640.005,13.754,0,22465.9,210,42,measure
2026-09-10T23:27:17.434+00:00,1641.008,13.623,0,22465.9,210,42,measure
2026-09-10T23:27:18.457+00:00,1642.032,13.711,0,22465.9,210,42,measure
2026-09-10T23:27:19.427+00:00,1643.002,13.831,0,22465.9,210,42,measure
2026-09-10T23:27:20.431+00:00,1644.005,13.794,0,22465.9,210,42,measure
2026-09-10T23:27:21.433+00:00,1645.008,13.596,0,22465.9,210,42,measure
2026-09-10T23:27:22.432+00:00,1646.006,13.372,0,22465.9,210,42,measure
2026-09-10T23:27:23.426+00:00,1647.000,13.477,0,22465.9,210,42,measure
2026-09-10T23:27:24.428+00:00,1648.002,13.488,0,22465.9,210,42,measure
2026-09-10T23:27:25.432+00:00,1649.006,13.323,0,22465.9,210,42,measure
2026-09-10T23:27:26.428+00:00,1650.002,13.389,0,22465.9,210,42,measure
2026-09-10T23:27:27.431+00:00,1651.006,13.475,0,22465.9,210,42,measure
2026-09-10T23:27:28.428+00:00,1652.002,13.475,0,22465.9,210,42,measure
2026-09-10T23:27:29.426+00:00,1653.000,13.635,0,22465.9,210,42,measure
2026-09-10T23:27:30.431+00:00,1654.006,13.798,0,22465.9,210,42,measure
2026-09-10T23:27:31.427+00:00,1655.001,13.826,0,22465.9,210,42,measure
2026-09-10T23:27:32.429+00:00,1656.004,13.838,0,22465.9,210,42,measure
2026-09-10T23:27:33.428+00:00,1657.002,13.688,0,22465.9,210,42,measure
2026-09-10T23:27:34.426+00:00,1658.001,13.496,0,22465.9,210,42,measure
2026-09-10T23:27:35.427+00:00,1659.002,13.533,0,22465.9,210,42,measure
2026-09-10T23:27:36.444+00:00,1660.018,13.583,0,22465.9,210,42,measure
2026-09-10T23:27:37.439+00:00,1661.014,13.649,0,22465.9,210,42,measure
2026-09-10T23:27:38.435+00:00,1662.009,13.74,0,22465.9,210,42,measure
2026-09-10T23:27:39.428+00:00,1663.002,13.712,0,22465.9,210,42,measure
2026-09-10T23:27:40.432+00:00,1664.006,13.608,0,22465.9,210,42,measure
2026-09-10T23:27:41.426+00:00,1665.001,13.608,0,22465.9,210,42,measure
2026-09-10T23:27:42.430+00:00,1666.005,13.666,0,22465.9,210,42,measure
2026-09-10T23:27:43.435+00:00,1667.009,13.556,0,22465.9,210,42,measure
2026-09-10T23:27:44.426+00:00,1668.000,13.674,0,22465.9,210,42,measure
2026-09-10T23:27:45.427+00:00,1669.000,13.742,0,22465.9,210,42,measure
2026-09-10T23:27:46.426+00:00,1670.000,13.729,0,22465.9,210,42,measure
2026-09-10T23:27:47.427+00:00,1671.000,13.573,0,22465.9,210,42,measure
2026-09-10T23:27:48.426+00:00,1672.000,13.548,0,22465.9,210,42,measure
2026-09-10T23:27:46.918+00:00,1673.000,13.548,0,22465.9,210,42,measure
2026-09-10T23:27:47.917+00:00,1674.000,13.643,0,22465.9,210,42,measure
2026-09-10T23:27:48.918+00:00,1675.001,13.813,0,22465.9,210,42,measure
2026-09-10T23:27:49.917+00:00,1676.001,13.844,0,22465.9,210,42,measure
2026-09-10T23:27:50.917+00:00,1677.000,13.677,0,22465.9,210,42,measure
2026-09-10T23:27:51.917+00:00,1678.001,13.741,0,22465.9,210,42,measure
2026-09-10T23:27:52.917+00:00,1679.000,13.7,0,22465.9,210,42,measure
2026-09-10T23:27:53.918+00:00,1680.001,13.547,0,22465.9,210,42,measure
2026-09-10T23:27:54.917+00:00,1681.000,13.637,0,22465.9,210,42,measure
2026-09-10T23:27:55.936+00:00,1682.020,13.647,0,22465.9,210,42,measure
2026-09-10T23:27:56.956+00:00,1683.039,13.507,0,22465.9,210,42,measure
2026-09-10T23:27:57.932+00:00,1684.016,13.475,0,22465.9,210,42,measure
2026-09-10T23:27:58.924+00:00,1685.007,13.555,0,22465.9,210,42,measure
2026-09-10T23:27:59.920+00:00,1686.002,13.772,0,22465.9,210,42,measure
2026-09-10T23:28:00.917+00:00,1687.000,13.979,0,22465.9,210,42,measure
2026-09-10T23:28:01.919+00:00,1688.002,14.101,0,22465.9,210,42,measure
2026-09-10T23:28:02.922+00:00,1689.006,14.023,0,22465.9,210,42,measure
2026-09-10T23:28:03.925+00:00,1690.008,13.83,0,22465.9,210,42,measure
2026-09-10T23:28:04.954+00:00,1691.037,13.83,0,22465.9,210,42,measure
2026-09-10T23:28:05.920+00:00,1692.004,13.7,0,22465.9,210,42,measure
2026-09-10T23:28:06.925+00:00,1693.008,13.882,0,22465.9,210,42,measure
2026-09-10T23:28:07.917+00:00,1694.000,14.056,0,22465.9,210,42,measure
2026-09-10T23:28:08.917+00:00,1695.000,13.836,0,22465.9,210,42,measure
2026-09-10T23:28:09.917+00:00,1696.000,13.76,0,22465.9,210,42,measure
2026-09-10T23:28:10.917+00:00,1697.001,13.924,0,22465.9,210,42,measure
2026-09-10T23:28:11.917+00:00,1698.000,13.858,0,22465.9,210,42,measure
2026-09-10T23:28:12.917+00:00,1699.000,13.918,0,22465.9,210,42,measure
2026-09-10T23:28:13.917+00:00,1700.000,14.123,0,22465.9,210,42,measure
2026-09-10T23:28:14.924+00:00,1701.008,14.097,0,22465.9,210,42,measure
2026-09-10T23:28:15.918+00:00,1702.001,13.865,0,22465.9,210,42,measure
2026-09-10T23:28:16.918+00:00,1703.002,13.669,0,22465.9,210,42,measure
2026-09-10T23:28:17.924+00:00,1704.006,13.754,0,22465.9,210,42,measure
2026-09-10T23:28:16.417+00:00,1705.003,13.768,0,22465.9,210,42,measure
2026-09-10T23:28:17.493+00:00,1706.078,13.74,0,22465.9,210,42,measure
2026-09-10T23:28:18.453+00:00,1707.038,13.803,0,22465.9,210,42,measure
2026-09-10T23:28:19.419+00:00,1708.005,13.889,0,22465.9,210,42,measure
2026-09-10T23:28:20.415+00:00,1709.000,13.896,0,22465.9,210,42,measure
2026-09-10T23:28:21.423+00:00,1710.009,13.991,0,22465.9,210,42,measure
2026-09-10T23:28:22.418+00:00,1711.004,14.099,0,22465.9,210,42,measure
2026-09-10T23:28:23.433+00:00,1712.019,13.943,0,22465.9,210,42,measure
2026-09-10T23:28:24.429+00:00,1713.015,13.79,0,22465.9,210,42,measure
2026-09-10T23:28:25.418+00:00,1714.004,13.696,0,22465.9,210,42,measure
2026-09-10T23:28:26.422+00:00,1715.007,13.679,0,22465.9,210,42,measure
2026-09-10T23:28:27.416+00:00,1716.001,13.674,0,22465.9,210,42,measure
2026-09-10T23:28:28.420+00:00,1717.005,13.674,0,22465.9,210,42,measure
2026-09-10T23:28:29.415+00:00,1718.000,13.703,0,22465.9,210,42,measure
2026-09-10T23:28:30.417+00:00,1719.003,13.852,0,22465.9,210,42,measure
2026-09-10T23:28:31.421+00:00,1720.007,13.788,0,22465.9,210,42,measure
2026-09-10T23:28:32.415+00:00,1721.000,13.747,0,22465.9,210,42,measure
2026-09-10T23:28:33.417+00:00,1722.003,13.689,0,22465.9,210,42,measure
2026-09-10T23:28:34.420+00:00,1723.006,13.561,0,22465.9,210,42,measure
2026-09-10T23:28:35.419+00:00,1724.005,13.538,0,22465.9,210,43,measure
2026-09-10T23:28:36.417+00:00,1725.002,13.549,0,22465.9,210,43,measure
2026-09-10T23:28:37.419+00:00,1726.005,13.618,0,22465.9,210,43,measure
2026-09-10T23:28:38.423+00:00,1727.008,13.636,0,22465.9,210,43,measure
2026-09-10T23:28:39.439+00:00,1728.025,13.568,0,22465.9,210,43,measure
2026-09-10T23:28:40.432+00:00,1729.017,13.644,0,22465.9,210,43,measure
2026-09-10T23:28:41.424+00:00,1730.010,13.644,0,22465.9,210,43,measure
2026-09-10T23:28:42.417+00:00,1731.003,13.924,0,22465.9,210,43,measure
2026-09-10T23:28:43.457+00:00,1732.042,13.963,0,22465.9,210,43,measure
2026-09-10T23:28:44.474+00:00,1733.057,13.779,0,22465.9,210,43,measure
2026-09-10T23:28:45.415+00:00,1734.001,13.867,0,22465.9,210,43,measure
2026-09-10T23:28:46.421+00:00,1735.007,13.945,0,22465.9,210,43,measure
2026-09-10T23:28:47.420+00:00,1736.003,13.985,0,22465.9,210,43,measure
2026-09-10T23:28:48.416+00:00,1737.001,13.985,0,22465.9,210,43,measure
2026-09-10T23:28:46.935+00:00,1738.023,13.89,0,22465.9,210,43,measure
2026-09-10T23:28:47.950+00:00,1739.038,13.734,0,22465.9,210,43,measure
2026-09-10T23:28:48.913+00:00,1740.002,13.807,0,22465.9,210,43,measure
2026-09-10T23:28:49.914+00:00,1741.002,13.778,0,22465.9,210,43,measure
2026-09-10T23:28:50.912+00:00,1742.001,13.692,0,22465.9,210,43,measure
2026-09-10T23:28:51.915+00:00,1743.003,13.735,0,22465.9,210,43,measure
2026-09-10T23:28:52.917+00:00,1744.006,13.832,0,22465.9,210,43,measure
2026-09-10T23:28:53.913+00:00,1745.001,13.902,0,22465.9,210,43,measure
2026-09-10T23:28:54.916+00:00,1746.005,13.819,0,22465.9,210,43,measure
2026-09-10T23:28:55.926+00:00,1747.014,13.813,0,22465.9,210,43,measure
2026-09-10T23:28:56.916+00:00,1748.004,13.777,0,22465.9,210,43,measure
2026-09-10T23:28:57.912+00:00,1749.001,13.652,0,22465.9,210,43,measure
2026-09-10T23:28:58.913+00:00,1750.001,13.652,0,22465.9,210,43,measure
2026-09-10T23:28:59.921+00:00,1751.007,13.76,0,22465.9,210,43,measure
2026-09-10T23:29:00.915+00:00,1752.003,13.823,0,22465.9,210,43,measure
2026-09-10T23:29:01.925+00:00,1753.013,13.805,0,22465.9,210,43,measure
2026-09-10T23:29:02.915+00:00,1754.003,13.885,0,22465.9,210,43,measure
2026-09-10T23:29:03.918+00:00,1755.006,13.911,0,22465.9,210,43,measure
2026-09-10T23:29:04.920+00:00,1756.008,13.911,0,22465.9,210,43,measure
2026-09-10T23:29:05.918+00:00,1757.006,13.657,0,22465.9,210,43,measure
2026-09-10T23:29:06.914+00:00,1758.001,13.457,0,22465.9,210,43,measure
2026-09-10T23:29:07.917+00:00,1759.005,13.449,0,22465.9,210,43,measure
2026-09-10T23:29:08.915+00:00,1760.002,13.377,0,22465.9,210,43,measure
2026-09-10T23:29:09.915+00:00,1761.002,13.319,0,22465.9,210,43,measure
2026-09-10T23:29:10.914+00:00,1762.000,13.364,0,22465.9,210,43,measure
2026-09-10T23:29:11.920+00:00,1763.006,13.333,0,22465.9,210,43,measure
2026-09-10T23:29:12.917+00:00,1764.003,13.365,0,22465.9,210,43,measure
2026-09-10T23:29:13.920+00:00,1765.006,13.534,0,22465.9,210,43,measure
2026-09-10T23:29:14.915+00:00,1766.001,13.663,0,22465.9,210,43,measure
2026-09-10T23:29:15.917+00:00,1767.004,13.867,0,22465.9,210,43,measure
2026-09-10T23:29:16.915+00:00,1768.003,14.086,0,22465.9,210,43,measure
2026-09-10T23:29:17.919+00:00,1769.005,14.092,0,22465.9,210,43,measure
2026-09-10T23:29:18.915+00:00,1770.003,14.09,0,22465.9,210,43,measure
2026-09-10T23:29:17.407+00:00,1771.011,14.107,0,22465.9,210,43,measure
2026-09-10T23:29:18.410+00:00,1772.017,14.088,0,22465.9,210,43,measure
2026-09-10T23:29:19.402+00:00,1773.006,13.934,0,22465.9,210,43,measure
2026-09-10T23:29:20.398+00:00,1774.003,13.725,0,22465.9,210,43,measure
2026-09-10T23:29:21.398+00:00,1775.003,13.783,0,22465.9,210,43,measure
2026-09-10T23:29:22.397+00:00,1776.001,13.845,0,22465.9,210,43,measure
2026-09-10T23:29:23.399+00:00,1777.003,13.871,0,22465.9,210,43,measure
2026-09-10T23:29:24.394+00:00,1778.001,14.009,0,22465.9,210,43,measure
2026-09-10T23:29:25.399+00:00,1779.006,14.233,0,22465.9,210,43,measure
2026-09-10T23:29:26.397+00:00,1780.002,14.384,0,22465.9,210,43,measure
2026-09-10T23:29:27.403+00:00,1781.005,14.226,0,22465.9,210,43,measure
2026-09-10T23:29:28.397+00:00,1782.002,14.226,0,22465.9,210,43,measure
2026-09-10T23:29:29.397+00:00,1783.001,13.903,0,22465.9,210,43,measure
2026-09-10T23:29:30.402+00:00,1784.006,13.798,0,22465.9,210,43,measure
2026-09-10T23:29:31.399+00:00,1785.002,13.841,0,22465.9,210,43,measure
2026-09-10T23:29:32.403+00:00,1786.007,13.724,0,22465.9,210,43,measure
2026-09-10T23:29:33.401+00:00,1787.004,13.769,0,22465.9,210,43,measure
2026-09-10T23:29:34.401+00:00,1788.006,13.948,0,22465.9,210,43,measure
