timestamp_iso,t_s,power_w,util_gpu_pct,mem_used_mib,clocks_sm_mhz,temp_c,phase
2026-09-11T01:33:30.488+00:00,0.000,151.23,0,21695.9,2700,52,measure
2026-09-11T01:33:31.489+00:00,1.001,72.278,0,21695.9,2700,51,measure
2026-09-11T01:33:32.490+00:00,2.003,59.751,0,21695.9,390,49,measure
2026-09-11T01:33:33.487+00:00,3.001,44.356,0,21695.9,300,48,measure
2026-09-11T01:33:34.486+00:00,4.001,24.958,0,21695.9,240,48,measure
2026-09-11T01:33:35.492+00:00,5.001,18.351,0,21695.9,210,48,measure
2026-09-11T01:33:36.486+00:00,6.000,214.741,99,21695.9,2700,56,measure
2026-09-11T01:33:37.486+00:00,7.001,308.386,99,21695.9,2700,60,measure
2026-09-11T01:33:38.486+00:00,8.001,318.935,99,21695.9,2700,58,measure
2026-09-11T01:33:39.486+00:00,9.001,318.37,99,21695.9,2700,58,measure
2026-09-11T01:33:40.488+00:00,10.001,344.378,99,21695.9,2700,59,measure
2026-09-11T01:33:41.487+00:00,11.001,328.127,99,21695.9,2700,59,measure
2026-09-11T01:33:42.486+00:00,12.001,327.182,99,21695.9,2700,62,measure
2026-09-11T01:33:43.486+00:00,13.001,311.283,99,21695.9,2700,60,measure
2026-09-11T01:33:44.510+00:00,14.024,305.284,99,21695.9,2700,58,measure
2026-09-11T01:33:45.506+00:00,15.020,314.854,99,21695.9,2700,60,measure
2026-09-11T01:33:46.503+00:00,16.017,323.138,99,21695.9,2700,59,measure
2026-09-11T01:33:47.491+00:00,17.005,331.897,99,21695.9,2685,60,measure
2026-09-11T01:33:48.486+00:00,18.000,325.217,99,21695.9,2685,62,measure
2026-09-11T01:33:49.489+00:00,19.003,306.371,99,21695.9,2700,62,measure
2026-09-11T01:33:50.493+00:00,20.006,305.838,99,21695.9,2700,58,measure
2026-09-11T01:33:51.487+00:00,21.002,310.588,99,21695.9,2700,59,measure
2026-09-11T01:33:52.488+00:00,22.001,306.454,99,21695.9,2700,59,measure
2026-09-11T01:33:50.991+00:00,23.000,308.072,99,21695.9,2700,59,measure
2026-09-11T01:33:51.989+00:00,24.001,316.795,99,21695.9,2700,60,measure
2026-09-11T01:33:52.989+00:00,25.000,332.306,99,21695.9,2700,60,measure
2026-09-11T01:33:53.989+00:00,26.000,326.127,99,21695.9,2700,61,measure
2026-09-11T01:33:54.989+00:00,27.000,343.566,99,21695.9,2685,61,measure
2026-09-11T01:33:55.990+00:00,28.000,363.962,99,21695.9,2685,65,measure
2026-09-11T01:33:57.046+00:00,29.001,346.302,99,21695.9,2685,64,measure
2026-09-11T01:33:57.989+00:00,30.001,353.027,99,21695.9,2685,61,measure
2026-09-11T01:33:58.993+00:00,31.004,323.212,99,21695.9,2685,60,measure
2026-09-11T01:33:59.989+00:00,32.001,332.597,99,21695.9,2685,61,measure
2026-09-11T01:34:00.989+00:00,33.000,309.106,99,21695.9,2685,60,measure
2026-09-11T01:34:01.990+00:00,34.001,313.75,99,21695.9,2685,60,measure
2026-09-11T01:34:02.989+00:00,35.000,311.536,100,21695.9,2685,59,measure
2026-09-11T01:34:03.988+00:00,36.000,305.192,100,21695.9,2685,59,measure
2026-09-11T01:34:04.989+00:00,37.001,309.008,99,21695.9,2685,59,measure
2026-09-11T01:34:05.989+00:00,38.001,324.588,99,21695.9,2685,62,measure
2026-09-11T01:34:06.989+00:00,39.001,322.172,100,21695.9,2685,61,measure
2026-09-11T01:34:07.990+00:00,40.000,322.837,99,21695.9,2685,61,measure
2026-09-11T01:34:08.991+00:00,41.000,306.67,99,21695.9,2685,60,measure
2026-09-11T01:34:09.989+00:00,42.000,302.709,99,21695.9,2685,60,measure
2026-09-11T01:34:10.989+00:00,43.001,308.848,99,21695.9,2685,61,measure
2026-09-11T01:34:11.989+00:00,44.001,313.972,99,21695.9,2685,60,measure
2026-09-11T01:34:12.989+00:00,45.000,308.057,100,21695.9,2685,60,measure
2026-09-11T01:34:13.990+00:00,46.000,316.361,99,21695.9,2685,60,measure
2026-09-11T01:34:14.990+00:00,47.000,308.434,99,21695.9,2685,60,measure
2026-09-11T01:34:15.989+00:00,48.000,325.171,99,21695.9,2685,63,measure
2026-09-11T01:34:16.989+00:00,49.001,316.029,100,21695.9,2685,60,measure
2026-09-11T01:34:17.990+00:00,50.001,329.38,99,21695.9,2685,61,measure
2026-09-11T01:34:18.998+00:00,51.007,318.129,99,21695.9,2685,60,measure
2026-09-11T01:34:19.990+00:00,52.000,321.351,100,21695.9,2685,61,measure
2026-09-11T01:34:21.002+00:00,53.000,318.457,99,21695.9,2685,63,measure
2026-09-11T01:34:21.989+00:00,54.000,318.414,99,21695.9,2685,60,measure
2026-09-11T01:34:20.482+00:00,55.001,310.04,99,21695.9,2685,60,measure
2026-09-11T01:34:21.482+00:00,56.001,305.173,99,21695.9,2685,60,measure
2026-09-11T01:34:22.482+00:00,57.000,302.237,99,21695.9,2685,60,measure
2026-09-11T01:34:23.483+00:00,58.001,312.163,99,21695.9,2685,61,measure
2026-09-11T01:34:24.483+00:00,59.001,306.023,99,21695.9,2685,60,measure
2026-09-11T01:34:25.482+00:00,60.001,314.844,99,21695.9,2685,60,measure
2026-09-11T01:34:26.482+00:00,61.001,318.667,99,21695.9,2685,63,measure
2026-09-11T01:34:27.481+00:00,62.000,347.591,99,21695.9,2685,61,measure
2026-09-11T01:34:28.482+00:00,63.000,337.401,100,21695.9,2685,61,measure
2026-09-11T01:34:29.483+00:00,64.001,323.661,99,21695.9,2685,61,measure
2026-09-11T01:34:30.482+00:00,65.001,308.824,100,21695.9,2685,61,measure
2026-09-11T01:34:31.482+00:00,66.001,311.117,99,21695.9,2685,60,measure
2026-09-11T01:34:32.497+00:00,67.014,308.553,99,21695.9,2685,60,measure
2026-09-11T01:34:33.493+00:00,68.010,307.583,99,21695.9,2685,63,measure
2026-09-11T01:34:34.488+00:00,69.005,315.147,100,21695.9,2685,60,measure
2026-09-11T01:34:35.487+00:00,70.005,306.902,99,21695.9,2685,60,measure
2026-09-11T01:34:36.483+00:00,71.001,341.03,99,21695.9,2685,62,measure
2026-09-11T01:34:37.482+00:00,72.000,351.65,99,21695.9,2685,64,measure
2026-09-11T01:34:38.482+00:00,73.001,352.783,99,21695.9,2685,62,measure
2026-09-11T01:34:39.485+00:00,74.003,340.665,100,21695.9,2685,62,measure
2026-09-11T01:34:40.490+00:00,75.008,336.229,99,21695.9,2685,62,measure
2026-09-11T01:34:41.486+00:00,76.001,324.346,99,21695.9,2685,63,measure
2026-09-11T01:34:42.489+00:00,77.007,310.436,99,21697.3,2685,61,measure
2026-09-11T01:34:43.483+00:00,78.002,305.313,99,21697,2685,61,measure
2026-09-11T01:34:44.488+00:00,79.006,317.108,99,21697,2685,63,measure
2026-09-11T01:34:45.483+00:00,80.002,316.543,99,21697,2685,61,measure
2026-09-11T01:34:46.482+00:00,81.001,312.977,99,21697,2685,62,measure
2026-09-11T01:34:47.483+00:00,82.000,312.047,99,21697,2685,61,measure
2026-09-11T01:34:48.483+00:00,83.000,310.953,99,21697,2685,61,measure
2026-09-11T01:34:49.482+00:00,84.000,302.602,100,21697,2685,60,measure
2026-09-11T01:34:50.482+00:00,85.000,311.015,99,21697,2685,62,measure
2026-09-11T01:34:51.482+00:00,86.000,310.88,99,21697,2685,61,measure
2026-09-11T01:34:52.524+00:00,87.000,335.262,99,21697,2685,62,measure
2026-09-11T01:34:50.985+00:00,88.001,343.144,99,21697,2685,62,measure
2026-09-11T01:34:51.984+00:00,89.001,326.77,99,21697,2685,62,measure
2026-09-11T01:34:52.984+00:00,90.001,315.174,99,21697,2685,61,measure
2026-09-11T01:34:53.999+00:00,91.011,315.649,99,21697,2685,61,measure
2026-09-11T01:34:54.987+00:00,92.004,304.093,99,21697,2685,61,measure
2026-09-11T01:34:56.022+00:00,93.000,312.375,99,21697,2685,62,measure
2026-09-11T01:34:56.985+00:00,94.001,324.191,99,21697,2685,62,measure
2026-09-11T01:34:57.984+00:00,95.000,339.916,99,21697,2685,62,measure
2026-09-11T01:34:58.984+00:00,96.001,325.515,100,21697,2685,62,measure
2026-09-11T01:34:59.986+00:00,97.001,308.231,99,21697,2685,61,measure
2026-09-11T01:35:00.983+00:00,98.000,303.785,99,21697,2685,62,measure
2026-09-11T01:35:01.984+00:00,99.000,317.508,99,21697,2685,61,measure
2026-09-11T01:35:02.985+00:00,100.000,307.242,99,21697,2685,62,measure
2026-09-11T01:35:03.983+00:00,101.000,317.855,99,21697,2685,61,measure
2026-09-11T01:35:04.984+00:00,102.000,306.329,99,21697,2685,61,measure
2026-09-11T01:35:05.984+00:00,103.000,310.533,99,21697,2685,61,measure
2026-09-11T01:35:06.984+00:00,104.000,312.644,99,21697,2685,61,measure
2026-09-11T01:35:07.985+00:00,105.001,322.958,99,21697,2685,64,measure
2026-09-11T01:35:08.987+00:00,106.003,330.207,99,21697,2685,61,measure
2026-09-11T01:35:09.984+00:00,107.001,335.458,99,21697,2685,63,measure
2026-09-11T01:35:10.983+00:00,108.000,338.43,99,21697,2685,62,measure
2026-09-11T01:35:11.984+00:00,109.000,334.075,99,21697,2685,63,measure
2026-09-11T01:35:12.984+00:00,110.000,330.426,99,21697,2685,64,measure
2026-09-11T01:35:13.986+00:00,111.001,313.791,99,21697,2685,61,measure
2026-09-11T01:35:14.985+00:00,112.001,312.627,99,21697,2685,62,measure
2026-09-11T01:35:15.984+00:00,113.000,311.415,99,21697,2685,61,measure
2026-09-11T01:35:16.984+00:00,114.001,311.319,99,21697,2685,61,measure
2026-09-11T01:35:17.984+00:00,115.001,321.853,99,21697,2685,61,measure
2026-09-11T01:35:18.984+00:00,116.001,334.54,99,21697,2685,62,measure
2026-09-11T01:35:19.985+00:00,117.000,334.414,99,21697,2685,62,measure
2026-09-11T01:35:20.987+00:00,118.001,333.076,99,21697,2685,64,measure
2026-09-11T01:35:21.984+00:00,119.000,340.342,99,21697,2685,62,measure
2026-09-11T01:35:20.501+00:00,120.000,331.345,99,21697,2685,62,measure
2026-09-11T01:35:21.502+00:00,121.000,319.684,100,21697,2685,62,measure
2026-09-11T01:35:22.502+00:00,122.001,309.143,100,21697,2685,62,measure
2026-09-11T01:35:23.503+00:00,123.000,308.33,99,21697,2685,61,measure
2026-09-11T01:35:24.504+00:00,124.000,324.594,100,21697,2685,64,measure
2026-09-11T01:35:25.533+00:00,125.000,334.065,99,21697,2685,68,measure
2026-09-11T01:35:26.501+00:00,126.000,344.383,99,21697,2655,64,measure
2026-09-11T01:35:27.503+00:00,127.000,331.187,99,21697,2685,62,measure
2026-09-11T01:35:28.501+00:00,128.000,326.893,99,21697,2685,62,measure
2026-09-11T01:35:29.503+00:00,129.000,326.406,99,21697,2685,63,measure
2026-09-11T01:35:30.504+00:00,130.000,324.955,99,21697,2685,63,measure
2026-09-11T01:35:31.501+00:00,131.000,319.318,99,21697,2685,61,measure
2026-09-11T01:35:32.516+00:00,132.013,311.855,99,21697,2685,61,measure
2026-09-11T01:35:33.502+00:00,133.001,311.208,99,21697,2685,61,measure
2026-09-11T01:35:34.501+00:00,134.001,314.301,99,21697,2685,65,measure
2026-09-11T01:35:35.503+00:00,135.000,334.142,99,21697,2685,62,measure
2026-09-11T01:35:36.504+00:00,136.000,334.715,100,21697,2685,63,measure
2026-09-11T01:35:37.501+00:00,137.000,337.737,100,21697,2685,63,measure
2026-09-11T01:35:38.502+00:00,138.001,325.548,99,21697,2685,62,measure
2026-09-11T01:35:39.501+00:00,139.000,306.028,99,21697,2685,61,measure
2026-09-11T01:35:40.502+00:00,140.000,306.298,100,21697,2685,61,measure
2026-09-11T01:35:41.503+00:00,141.000,321.024,99,21697,2685,62,measure
2026-09-11T01:35:42.503+00:00,142.000,335.322,99,21696.5,2685,62,measure
2026-09-11T01:35:43.502+00:00,143.000,337.944,99,21696.1,2685,62,measure
2026-09-11T01:35:44.501+00:00,144.001,316.323,99,21696.1,2685,62,measure
2026-09-11T01:35:45.501+00:00,145.000,301.008,99,21696.1,2685,61,measure
2026-09-11T01:35:46.501+00:00,146.000,294.07,99,21696.1,2685,60,measure
2026-09-11T01:35:47.503+00:00,147.000,299.265,100,21696.1,2685,61,measure
2026-09-11T01:35:48.503+00:00,148.001,294.091,99,21696.1,2685,60,measure
2026-09-11T01:35:49.502+00:00,149.001,308.63,99,21696.1,2685,61,measure
2026-09-11T01:35:50.501+00:00,150.000,310.363,99,21696.1,2685,61,measure
2026-09-11T01:35:51.504+00:00,151.003,317.674,99,21696.1,2685,64,measure
2026-09-11T01:35:50.003+00:00,152.001,338.389,99,21696.1,2685,63,measure
2026-09-11T01:35:51.004+00:00,153.000,337.369,99,21696.1,2685,62,measure
2026-09-11T01:35:52.004+00:00,154.000,335.327,99,21696.1,2685,62,measure
2026-09-11T01:35:53.002+00:00,155.001,319.071,99,21696.1,2685,61,measure
2026-09-11T01:35:54.002+00:00,156.000,306.938,99,21696.1,2685,61,measure
2026-09-11T01:35:55.004+00:00,157.000,301.506,100,21696.1,2685,61,measure
2026-09-11T01:35:56.002+00:00,158.000,295.926,99,21696.1,2685,61,measure
2026-09-11T01:35:57.004+00:00,159.000,308.377,99,21696.1,2685,61,measure
2026-09-11T01:35:58.004+00:00,160.001,323.179,99,21696.1,2685,61,measure
2026-09-11T01:35:59.003+00:00,161.001,326.905,100,21696.1,2685,62,measure
2026-09-11T01:36:00.002+00:00,162.000,316.855,99,21696.1,2685,62,measure
2026-09-11T01:36:01.028+00:00,163.026,308.811,99,21696.1,2685,61,measure
2026-09-11T01:36:02.010+00:00,164.006,313.984,99,21696.1,2685,61,measure
2026-09-11T01:36:03.011+00:00,165.009,305.253,100,21696.1,2685,61,measure
2026-09-11T01:36:04.005+00:00,166.003,308.571,99,21696.1,2685,63,measure
2026-09-11T01:36:05.009+00:00,167.008,304.868,99,21696.1,2685,61,measure
2026-09-11T01:36:06.003+00:00,168.001,302.531,99,21696.1,2685,61,measure
2026-09-11T01:36:07.010+00:00,169.007,311.984,99,21696.1,2685,60,measure
2026-09-11T01:36:08.011+00:00,170.004,330.754,100,21696.1,2685,62,measure
2026-09-11T01:36:09.003+00:00,171.000,325.446,99,21696.1,2685,62,measure
2026-09-11T01:36:10.008+00:00,172.006,325.561,99,21696.1,2685,62,measure
2026-09-11T01:36:11.006+00:00,173.004,310.951,100,21696.1,2685,63,measure
2026-09-11T01:36:12.008+00:00,174.007,306.397,100,21696.1,2685,62,measure
2026-09-11T01:36:13.005+00:00,175.004,313.906,99,21696.1,2685,61,measure
2026-09-11T01:36:14.002+00:00,176.000,311.746,100,21696.1,2685,61,measure
2026-09-11T01:36:15.008+00:00,177.002,306.595,99,21696.1,2685,61,measure
2026-09-11T01:36:16.009+00:00,178.007,302.025,99,21696.1,2685,60,measure
2026-09-11T01:36:17.005+00:00,179.003,313.693,99,21696.1,2685,61,measure
2026-09-11T01:36:18.009+00:00,180.007,311.891,99,21696.1,2685,61,measure
2026-09-11T01:36:19.007+00:00,181.005,329.326,99,21696.1,2685,62,measure
2026-09-11T01:36:20.002+00:00,182.000,326.065,99,21696.1,2685,62,measure
2026-09-11T01:36:21.004+00:00,183.001,313.392,99,21696.1,2685,61,measure
2026-09-11T01:36:22.003+00:00,184.001,311.828,99,21696.1,2685,62,measure
2026-09-11T01:36:20.523+00:00,185.001,313.15,99,21696.1,2685,61,measure
2026-09-11T01:36:21.523+00:00,186.001,304.59,99,21696.1,2685,61,measure
2026-09-11T01:36:22.566+00:00,187.044,308.7,99,21696.1,2685,64,measure
2026-09-11T01:36:23.588+00:00,188.065,317.563,99,21696.1,2685,64,measure
2026-09-11T01:36:24.524+00:00,189.000,312.788,99,21696.1,2685,62,measure
2026-09-11T01:36:25.524+00:00,190.000,346.771,99,21696.1,2685,67,measure
2026-09-11T01:36:26.526+00:00,191.003,337.655,99,21696.1,2685,62,measure
2026-09-11T01:36:27.569+00:00,192.000,332.282,99,21696.1,2685,65,measure
2026-09-11T01:36:28.523+00:00,193.001,353.597,99,21696.1,2685,62,measure
2026-09-11T01:36:29.525+00:00,194.001,356.29,99,21696.1,2640,63,measure
2026-09-11T01:36:30.561+00:00,195.038,331.176,99,21696.1,2685,65,measure
2026-09-11T01:36:31.524+00:00,196.000,358.331,99,21696.1,2685,63,measure
2026-09-11T01:36:32.523+00:00,197.001,357.232,99,21696.1,2685,65,measure
2026-09-11T01:36:33.524+00:00,198.000,346.241,100,21696.1,2685,66,measure
2026-09-11T01:36:34.523+00:00,199.000,338.55,99,21696.1,2685,63,measure
2026-09-11T01:36:35.525+00:00,200.001,315.625,99,21696.1,2685,62,measure
2026-09-11T01:36:36.524+00:00,201.000,314.489,99,21696.1,2685,62,measure
2026-09-11T01:36:37.523+00:00,202.000,344.228,99,21696.1,2685,64,measure
2026-09-11T01:36:38.523+00:00,203.001,349.02,99,21696.1,2685,63,measure
2026-09-11T01:36:39.525+00:00,204.000,346.938,99,21696.1,2685,67,measure
2026-09-11T01:36:40.523+00:00,205.000,330.384,100,21696.1,2685,63,measure
2026-09-11T01:36:41.528+00:00,206.004,313.985,99,21696.1,2685,62,measure
2026-09-11T01:36:42.527+00:00,207.004,323.576,99,21694.1,2685,61,measure
2026-09-11T01:36:43.523+00:00,208.000,312.338,99,21692.1,2685,61,measure
2026-09-11T01:36:44.523+00:00,209.000,312.81,99,21692.1,2685,62,measure
2026-09-11T01:36:45.523+00:00,210.001,310.134,99,21692.1,2685,62,measure
2026-09-11T01:36:46.524+00:00,211.001,339.671,99,21692.1,2685,62,measure
2026-09-11T01:36:47.525+00:00,212.001,326.393,99,21692.1,2685,62,measure
2026-09-11T01:36:48.525+00:00,213.000,331.524,99,21692.1,2685,63,measure
2026-09-11T01:36:49.523+00:00,214.000,317.245,99,21692.1,2685,61,measure
2026-09-11T01:36:50.523+00:00,215.001,310.687,100,21692.1,2685,61,measure
2026-09-11T01:36:51.524+00:00,216.001,309.344,99,21692.1,2685,65,measure
2026-09-11T01:36:50.039+00:00,217.001,319.218,99,21692.1,2685,62,measure
2026-09-11T01:36:51.040+00:00,218.001,317.631,99,21692.1,2685,61,measure
2026-09-11T01:36:52.042+00:00,219.001,324.673,99,21692.1,2685,62,measure
2026-09-11T01:36:53.039+00:00,220.001,320.432,99,21692.1,2685,61,measure
2026-09-11T01:36:54.039+00:00,221.001,310.441,99,21692.1,2685,61,measure
2026-09-11T01:36:55.039+00:00,222.000,317.337,99,21692.1,2685,61,measure
2026-09-11T01:36:56.039+00:00,223.000,314.666,99,21692.1,2685,61,measure
2026-09-11T01:36:57.042+00:00,224.001,334.989,99,21692.1,2685,62,measure
2026-09-11T01:36:58.042+00:00,225.001,325.032,99,21692.1,2685,62,measure
2026-09-11T01:36:59.040+00:00,226.001,315.738,99,21692.1,2685,64,measure
2026-09-11T01:37:00.039+00:00,227.000,315.023,99,21692.1,2685,62,measure
2026-09-11T01:37:01.039+00:00,228.001,302.986,100,21692.1,2685,62,measure
2026-09-11T01:37:02.039+00:00,229.001,308.837,100,21692.1,2685,61,measure
2026-09-11T01:37:03.041+00:00,230.001,302.591,99,21692.1,2685,64,measure
2026-09-11T01:37:04.041+00:00,231.001,310.907,99,21692.1,2685,62,measure
2026-09-11T01:37:05.039+00:00,232.001,312.72,99,21692.1,2685,62,measure
2026-09-11T01:37:06.039+00:00,233.000,319.344,99,21692.1,2685,63,measure
2026-09-11T01:37:07.041+00:00,234.000,309.531,99,21692.1,2685,62,measure
2026-09-11T01:37:08.039+00:00,235.001,311.734,100,21692.1,2685,61,measure
2026-09-11T01:37:09.041+00:00,236.001,310.568,99,21692.1,2685,62,measure
2026-09-11T01:37:10.042+00:00,237.001,332.26,99,21692.1,2685,62,measure
2026-09-11T01:37:11.040+00:00,238.000,333.64,99,21692.1,2685,62,measure
2026-09-11T01:37:12.039+00:00,239.000,365.979,99,21692.1,2685,63,measure
2026-09-11T01:37:13.038+00:00,240.000,357.347,99,21692.1,2685,67,measure
2026-09-11T01:37:14.039+00:00,241.001,349.616,99,21692.1,2685,64,measure
2026-09-11T01:37:15.041+00:00,242.001,350.022,100,21692.1,2685,62,measure
2026-09-11T01:37:16.041+00:00,243.000,331.396,99,21692.1,2685,65,measure
2026-09-11T01:37:17.039+00:00,244.000,336.599,99,21692.1,2685,63,measure
2026-09-11T01:37:18.039+00:00,245.000,326.752,99,21692.1,2685,64,measure
2026-09-11T01:37:19.039+00:00,246.000,324.301,99,21692.1,2685,62,measure
2026-09-11T01:37:20.039+00:00,247.000,319.373,99,21692.1,2685,63,measure
2026-09-11T01:37:21.040+00:00,248.000,309.078,99,21692.1,2685,62,measure
2026-09-11T01:37:19.545+00:00,249.000,327.251,99,21692.1,2685,63,measure
2026-09-11T01:37:20.542+00:00,250.000,333.158,99,21692.1,2685,62,measure
2026-09-11T01:37:21.567+00:00,251.007,325.775,100,21692.1,2685,63,measure
2026-09-11T01:37:22.547+00:00,252.005,319.782,99,21692.1,2685,62,measure
2026-09-11T01:37:23.547+00:00,253.004,317.496,99,21692.1,2685,62,measure
2026-09-11T01:37:24.563+00:00,254.020,322.516,99,21692.1,2685,64,measure
2026-09-11T01:37:25.563+00:00,255.020,324.787,99,21692.1,2685,62,measure
2026-09-11T01:37:26.550+00:00,256.008,308.679,99,21692.1,2685,61,measure
2026-09-11T01:37:27.546+00:00,257.004,311.059,99,21692.1,2685,61,measure
2026-09-11T01:37:28.542+00:00,258.000,317.662,99,21692.1,2685,61,measure
2026-09-11T01:37:29.547+00:00,259.004,303.27,99,21692.1,2685,63,measure
2026-09-11T01:37:30.548+00:00,260.004,303.678,99,21692.1,2685,61,measure
2026-09-11T01:37:31.547+00:00,261.005,299.028,99,21692.1,2685,64,measure
2026-09-11T01:37:32.546+00:00,262.003,301.63,99,21692.1,2685,61,measure
2026-09-11T01:37:33.542+00:00,263.000,315.451,99,21692.1,2685,63,measure
2026-09-11T01:37:34.543+00:00,264.001,312.421,99,21692.1,2685,61,measure
2026-09-11T01:37:35.550+00:00,265.008,305.864,99,21692.1,2685,61,measure
2026-09-11T01:37:36.545+00:00,266.001,299.354,99,21692.1,2685,60,measure
2026-09-11T01:37:37.547+00:00,267.005,316.697,99,21692.1,2685,61,measure
2026-09-11T01:37:38.542+00:00,268.000,317.448,99,21692.1,2685,62,measure
2026-09-11T01:37:39.546+00:00,269.004,339.887,99,21692.1,2685,64,measure
2026-09-11T01:37:40.551+00:00,270.008,332.831,99,21692.1,2685,61,measure
2026-09-11T01:37:41.547+00:00,271.003,314.62,99,21692.1,2685,61,measure
2026-09-11T01:37:42.544+00:00,272.001,314.226,100,21685.1,2685,61,measure
2026-09-11T01:37:43.548+00:00,273.006,314.073,99,21683.1,2685,61,measure
2026-09-11T01:37:44.547+00:00,274.005,337.059,99,21683.1,2685,62,measure
2026-09-11T01:37:45.547+00:00,275.005,328.678,99,21683.1,2685,62,measure
2026-09-11T01:37:46.542+00:00,276.000,315.12,99,21683.1,2685,61,measure
2026-09-11T01:37:47.542+00:00,277.000,316.838,99,21683.1,2685,61,measure
2026-09-11T01:37:48.547+00:00,278.005,312.866,99,21683.1,2685,61,measure
2026-09-11T01:37:49.547+00:00,279.005,317.308,99,21683.1,2685,61,measure
2026-09-11T01:37:50.546+00:00,280.004,327.44,100,21683.1,2685,63,measure
2026-09-11T01:37:51.543+00:00,281.000,309.677,100,21683.1,2685,61,measure
2026-09-11T01:37:50.073+00:00,282.006,315.704,99,21683.1,2685,65,measure
2026-09-11T01:37:51.045+00:00,283.002,329.787,99,21683.1,2685,61,measure
2026-09-11T01:37:52.049+00:00,284.000,339.027,99,21683.1,2640,66,measure
2026-09-11T01:37:53.042+00:00,285.001,342.778,99,21683.1,2685,65,measure
2026-09-11T01:37:54.042+00:00,286.001,339.725,99,21683.1,2685,64,measure
2026-09-11T01:37:55.041+00:00,287.000,319.362,99,21683.1,2685,62,measure
2026-09-11T01:37:56.042+00:00,288.001,316.83,99,21683.1,2685,63,measure
2026-09-11T01:37:57.042+00:00,289.001,312.466,99,21683.1,2685,63,measure
2026-09-11T01:37:58.043+00:00,290.001,320.959,99,21683.1,2685,64,measure
2026-09-11T01:37:59.042+00:00,291.000,329.992,99,21683.1,2685,63,measure
2026-09-11T01:38:00.041+00:00,292.000,321.55,99,21683.1,2685,63,measure
2026-09-11T01:38:01.042+00:00,293.001,336.252,99,21683.1,2685,62,measure
2026-09-11T01:38:02.042+00:00,294.001,335.479,99,21683.1,2685,65,measure
2026-09-11T01:38:03.042+00:00,295.000,325.757,99,21683.1,2685,62,measure
2026-09-11T01:38:04.046+00:00,296.000,315.024,99,21683.1,2685,61,measure
2026-09-11T01:38:05.043+00:00,297.001,308.889,99,21683.1,2685,61,measure
2026-09-11T01:38:06.041+00:00,298.000,317.99,100,21683.1,2685,62,measure
2026-09-11T01:38:07.041+00:00,299.000,319.403,99,21683.1,2685,62,measure
2026-09-11T01:38:08.042+00:00,300.000,329.388,100,21683.1,2685,62,measure
2026-09-11T01:38:09.043+00:00,301.001,314.476,99,21683.1,2685,61,measure
2026-09-11T01:38:10.042+00:00,302.000,323.363,99,21683.1,2685,61,measure
2026-09-11T01:38:11.042+00:00,303.000,340.953,99,21683.1,2685,63,measure
2026-09-11T01:38:12.042+00:00,304.001,336.645,99,21683.1,2685,63,measure
2026-09-11T01:38:13.041+00:00,305.000,328.048,99,21683.1,2685,64,measure
2026-09-11T01:38:14.041+00:00,306.000,386.513,99,21683.1,2685,71,measure
2026-09-11T01:38:15.043+00:00,307.000,365.433,99,21683.1,2685,63,measure
2026-09-11T01:38:16.046+00:00,308.001,345.502,99,21683.1,2685,64,measure
2026-09-11T01:38:17.042+00:00,309.001,361.549,99,21683.1,2685,63,measure
2026-09-11T01:38:18.049+00:00,310.002,396.015,99,21683.1,2685,69,measure
2026-09-11T01:38:19.044+00:00,311.001,346.038,100,21683.1,2685,63,measure
2026-09-11T01:38:20.087+00:00,312.000,354.011,99,21683.1,2670,63,measure
2026-09-11T01:38:21.042+00:00,313.000,376.349,99,21683.1,2685,65,measure
2026-09-11T01:38:19.557+00:00,314.001,373.703,99,21683.1,2685,63,measure
2026-09-11T01:38:20.556+00:00,315.000,345.982,99,21683.1,2685,63,measure
2026-09-11T01:38:21.556+00:00,316.001,364.306,99,21683.1,2685,64,measure
2026-09-11T01:38:22.556+00:00,317.000,396.91,99,21683.1,2685,66,measure
2026-09-11T01:38:23.600+00:00,318.000,357.258,99,21683.1,2685,63,measure
2026-09-11T01:38:24.577+00:00,319.000,368.841,99,21683.1,2685,64,measure
2026-09-11T01:38:25.560+00:00,320.005,358.046,100,21683.1,2685,64,measure
2026-09-11T01:38:26.559+00:00,321.004,370.359,99,21683.1,2685,65,measure
2026-09-11T01:38:27.556+00:00,322.000,376.207,99,21683.1,2685,67,measure
2026-09-11T01:38:28.556+00:00,323.000,368.333,99,21683.1,2685,69,measure
2026-09-11T01:38:29.556+00:00,324.001,374.622,99,21683.1,2655,65,measure
2026-09-11T01:38:30.558+00:00,325.001,387.933,99,21683.1,2685,67,measure
2026-09-11T01:38:31.559+00:00,326.001,364.235,99,21683.1,2685,65,measure
2026-09-11T01:38:32.557+00:00,327.002,366.703,99,21683.1,2685,65,measure
2026-09-11T01:38:33.556+00:00,328.000,378.963,99,21683.1,2685,69,measure
2026-09-11T01:38:34.556+00:00,329.000,373.468,99,21683.1,2685,64,measure
2026-09-11T01:38:35.577+00:00,330.000,361.478,99,21683.1,2685,66,measure
2026-09-11T01:38:36.558+00:00,331.001,366.993,99,21683.1,2685,67,measure
2026-09-11T01:38:37.559+00:00,332.000,373.378,99,21683.1,2685,64,measure
2026-09-11T01:38:38.556+00:00,333.000,361.907,99,21683.1,2685,65,measure
2026-09-11T01:38:39.556+00:00,334.000,382.082,99,21683.1,2685,66,measure
2026-09-11T01:38:40.580+00:00,335.000,374.521,99,21683.1,2685,66,measure
2026-09-11T01:38:41.556+00:00,336.001,372.468,99,21683.1,2670,65,measure
2026-09-11T01:38:42.557+00:00,337.000,373.419,99,21682.8,2685,65,measure
2026-09-11T01:38:43.615+00:00,338.001,380.366,99,21680.9,2625,64,measure
2026-09-11T01:38:44.556+00:00,339.000,357.443,100,21680.9,2685,64,measure
2026-09-11T01:38:45.585+00:00,340.000,370.272,99,21680.9,2685,65,measure
2026-09-11T01:38:46.562+00:00,341.000,396.415,99,21680.9,2685,72,measure
2026-09-11T01:38:47.556+00:00,342.000,368.656,99,21680.9,2685,68,measure
2026-09-11T01:38:48.562+00:00,343.002,351.007,99,21680.9,2685,64,measure
2026-09-11T01:38:49.603+00:00,344.002,378.139,99,21680.9,2685,68,measure
2026-09-11T01:38:50.556+00:00,345.000,370.712,99,21680.9,2685,66,measure
2026-09-11T01:38:51.556+00:00,346.000,377.797,99,21680.9,2685,64,measure
2026-09-11T01:38:50.060+00:00,347.000,367.284,99,21680.9,2685,67,measure
2026-09-11T01:38:51.064+00:00,348.003,369.085,99,21680.9,2685,66,measure
2026-09-11T01:38:52.100+00:00,349.000,379.233,99,21680.9,2685,67,measure
2026-09-11T01:38:53.096+00:00,350.001,366.426,99,21680.9,2685,65,measure
2026-09-11T01:38:54.061+00:00,351.000,380.409,99,21680.9,2640,70,measure
2026-09-11T01:38:55.064+00:00,352.001,372.627,99,21680.9,2685,65,measure
2026-09-11T01:38:56.061+00:00,353.001,360.446,99,21680.9,2685,65,measure
2026-09-11T01:38:57.111+00:00,354.001,363.59,99,21680.9,2685,68,measure
2026-09-11T01:38:58.063+00:00,355.001,373.345,99,21680.9,2685,66,measure
2026-09-11T01:38:59.067+00:00,356.007,369.052,99,21680.9,2685,64,measure
2026-09-11T01:39:00.060+00:00,357.000,352.335,99,21680.9,2685,64,measure
2026-09-11T01:39:01.132+00:00,358.015,376.008,99,21680.9,2685,69,measure
2026-09-11T01:39:02.108+00:00,359.005,381.309,99,21680.9,2685,65,measure
2026-09-11T01:39:03.061+00:00,360.001,361.971,99,21680.9,2685,64,measure
2026-09-11T01:39:04.079+00:00,361.000,369.489,99,21680.9,2685,65,measure
2026-09-11T01:39:05.064+00:00,362.000,370.765,99,21680.9,2685,64,measure
2026-09-11T01:39:06.060+00:00,363.000,378.58,99,21680.9,2685,65,measure
2026-09-11T01:39:07.060+00:00,364.000,368.205,99,21680.9,2685,65,measure
2026-09-11T01:39:08.060+00:00,365.000,376.367,99,21680.9,2685,67,measure
2026-09-11T01:39:09.061+00:00,366.001,369.077,99,21680.9,2685,71,measure
2026-09-11T01:39:10.062+00:00,367.001,375.209,99,21680.9,2685,65,measure
2026-09-11T01:39:11.065+00:00,368.001,362.889,99,21680.9,2625,64,measure
2026-09-11T01:39:12.061+00:00,369.000,372.405,99,21680.9,2685,65,measure
2026-09-11T01:39:13.060+00:00,370.000,372.715,99,21680.9,2685,68,measure
2026-09-11T01:39:14.061+00:00,371.001,362.758,99,21680.9,2685,67,measure
2026-09-11T01:39:15.060+00:00,372.000,364.688,99,21680.9,2685,65,measure
2026-09-11T01:39:16.062+00:00,373.000,370.125,100,21680.9,2685,69,measure
2026-09-11T01:39:17.062+00:00,374.000,383.457,99,21680.9,2685,65,measure
2026-09-11T01:39:18.061+00:00,375.000,356.115,99,21680.9,2685,66,measure
2026-09-11T01:39:19.060+00:00,376.000,381.694,99,21680.9,2685,69,measure
2026-09-11T01:39:20.084+00:00,377.000,375.121,99,21680.9,2685,67,measure
2026-09-11T01:39:21.061+00:00,378.001,365.113,99,21680.9,2685,65,measure
2026-09-11T01:39:19.582+00:00,379.000,353.966,99,21680.9,2685,65,measure
2026-09-11T01:39:20.636+00:00,380.000,376.801,99,21680.9,2640,69,measure
2026-09-11T01:39:21.582+00:00,381.002,391.644,99,21680.9,2685,64,measure
2026-09-11T01:39:22.584+00:00,382.004,363.644,99,21680.9,2685,66,measure
2026-09-11T01:39:23.582+00:00,383.003,366.373,99,21680.9,2685,64,measure
2026-09-11T01:39:24.581+00:00,384.001,376.142,99,21680.9,2640,66,measure
2026-09-11T01:39:25.587+00:00,385.007,378.551,99,21680.9,2685,65,measure
2026-09-11T01:39:26.582+00:00,386.002,369.234,99,21680.9,2685,65,measure
2026-09-11T01:39:27.611+00:00,387.000,373.644,99,21680.9,2685,65,measure
2026-09-11T01:39:28.599+00:00,388.000,380.258,99,21680.9,2655,66,measure
2026-09-11T01:39:29.585+00:00,389.005,376.703,99,21680.9,2685,65,measure
2026-09-11T01:39:30.583+00:00,390.002,365.413,99,21680.9,2685,63,measure
2026-09-11T01:39:31.628+00:00,391.002,383.636,99,21680.9,2685,68,measure
2026-09-11T01:39:32.581+00:00,392.001,380.041,99,21680.9,2685,66,measure
2026-09-11T01:39:33.581+00:00,393.001,351.566,99,21680.9,2685,64,measure
2026-09-11T01:39:34.583+00:00,394.003,367.896,99,21680.9,2685,65,measure
2026-09-11T01:39:35.583+00:00,395.002,381.448,99,21680.9,2685,66,measure
2026-09-11T01:39:36.588+00:00,396.006,370.581,99,21680.9,2685,68,measure
2026-09-11T01:39:37.583+00:00,397.001,361.156,99,21680.9,2685,66,measure
2026-09-11T01:39:38.581+00:00,398.000,367.275,99,21680.9,2685,67,measure
2026-09-11T01:39:39.587+00:00,399.007,382.496,99,21680.9,2685,64,measure
2026-09-11T01:39:40.583+00:00,400.003,364.127,99,21680.9,2685,64,measure
2026-09-11T01:39:41.583+00:00,401.003,365.607,99,21680.9,2685,67,measure
2026-09-11T01:39:42.621+00:00,402.001,387.325,99,21680.9,2685,71,measure
2026-09-11T01:39:43.581+00:00,403.000,363.272,99,21680.5,2685,66,measure
2026-09-11T01:39:44.583+00:00,404.003,368.034,99,21680.5,2685,68,measure
2026-09-11T01:39:45.583+00:00,405.003,352.25,99,21680.5,2595,65,measure
2026-09-11T01:39:46.584+00:00,406.004,368.692,99,21680.5,2655,64,measure
2026-09-11T01:39:47.585+00:00,407.004,378.615,99,21680.5,2685,66,measure
2026-09-11T01:39:48.581+00:00,408.000,369.762,99,21680.5,2685,66,measure
2026-09-11T01:39:49.584+00:00,409.001,362.98,99,21680.5,2685,68,measure
2026-09-11T01:39:50.582+00:00,410.002,370.267,99,21680.5,2625,64,measure
2026-09-11T01:39:49.110+00:00,411.009,382.82,99,21680.5,2685,67,measure
2026-09-11T01:39:50.101+00:00,412.001,369.86,99,21680.5,2685,66,measure
2026-09-11T01:39:51.103+00:00,413.003,359.868,99,21680.5,2685,64,measure
2026-09-11T01:39:52.102+00:00,414.001,367.574,99,21680.5,2685,66,measure
2026-09-11T01:39:53.104+00:00,415.003,378.875,99,21680.5,2685,67,measure
2026-09-11T01:39:54.105+00:00,416.004,367.666,99,21680.5,2685,64,measure
2026-09-11T01:39:55.102+00:00,417.002,368.972,99,21680.5,2685,66,measure
2026-09-11T01:39:56.103+00:00,418.001,364.723,99,21680.5,2685,66,measure
2026-09-11T01:39:57.101+00:00,419.000,367.852,99,21680.5,2685,64,measure
2026-09-11T01:39:58.106+00:00,420.004,360.781,99,21680.5,2670,65,measure
2026-09-11T01:39:59.106+00:00,421.005,372.677,99,21680.5,2640,65,measure
2026-09-11T01:40:00.103+00:00,422.003,376.829,99,21680.5,2685,67,measure
2026-09-11T01:40:01.101+00:00,423.001,365.479,99,21680.5,2685,64,measure
2026-09-11T01:40:02.100+00:00,424.000,377.733,99,21680.5,2685,66,measure
2026-09-11T01:40:03.101+00:00,425.001,376.55,99,21680.5,2655,64,measure
2026-09-11T01:40:04.104+00:00,426.002,369.316,99,21680.5,2685,64,measure
2026-09-11T01:40:05.104+00:00,427.000,374.121,99,21680.5,2685,64,measure
2026-09-11T01:40:06.105+00:00,428.005,372.335,99,21680.5,2685,64,measure
2026-09-11T01:40:07.100+00:00,429.000,366.002,99,21680.5,2685,65,measure
2026-09-11T01:40:08.107+00:00,430.001,381.699,99,21680.5,2685,69,measure
2026-09-11T01:40:09.102+00:00,431.001,375.066,99,21680.5,2685,64,measure
2026-09-11T01:40:10.102+00:00,432.001,361.862,99,21680.5,2685,65,measure
2026-09-11T01:40:11.144+00:00,433.000,364.858,99,21680.5,2640,65,measure
2026-09-11T01:40:12.101+00:00,434.000,378.216,99,21680.5,2685,66,measure
2026-09-11T01:40:13.101+00:00,435.000,371.4,99,21680.5,2685,65,measure
2026-09-11T01:40:14.102+00:00,436.002,362.182,99,21680.5,2685,69,measure
2026-09-11T01:40:15.101+00:00,437.000,378.468,99,21680.5,2685,64,measure
2026-09-11T01:40:16.148+00:00,438.000,371.856,99,21680.5,2685,68,measure
2026-09-11T01:40:17.103+00:00,439.001,361.981,99,21680.5,2685,66,measure
2026-09-11T01:40:18.112+00:00,440.000,360.731,99,21680.5,2685,65,measure
2026-09-11T01:40:19.101+00:00,441.000,375.105,99,21680.5,2685,64,measure
2026-09-11T01:40:20.102+00:00,442.001,378.943,99,21680.5,2655,70,measure
2026-09-11T01:40:21.144+00:00,443.001,358.243,99,21680.5,2685,64,measure
2026-09-11T01:40:19.600+00:00,444.000,378.796,99,21680.5,2685,69,measure
2026-09-11T01:40:20.604+00:00,445.000,371.855,99,21680.5,2610,64,measure
2026-09-11T01:40:21.607+00:00,446.001,377.882,99,21680.5,2685,64,measure
2026-09-11T01:40:22.599+00:00,447.000,367.984,99,21680.5,2685,65,measure
2026-09-11T01:40:23.601+00:00,448.000,370.421,99,21680.5,2685,66,measure
2026-09-11T01:40:24.599+00:00,449.000,362.543,99,21680.5,2685,64,measure
2026-09-11T01:40:25.600+00:00,450.000,370.074,99,21680.5,2685,64,measure
2026-09-11T01:40:26.614+00:00,451.001,383.202,99,21680.5,2640,67,measure
2026-09-11T01:40:27.600+00:00,452.001,370.72,99,21680.5,2685,65,measure
2026-09-11T01:40:28.607+00:00,453.008,375.449,99,21680.5,2685,69,measure
2026-09-11T01:40:29.599+00:00,454.000,374.386,99,21680.5,2685,64,measure
2026-09-11T01:40:30.619+00:00,455.020,366.525,99,21680.5,2685,69,measure
2026-09-11T01:40:31.607+00:00,456.008,368.778,99,21680.5,2640,64,measure
2026-09-11T01:40:32.678+00:00,457.024,387.405,99,21680.5,2685,69,measure
2026-09-11T01:40:33.600+00:00,458.001,373.568,99,21680.5,2685,68,measure
2026-09-11T01:40:34.606+00:00,459.008,370.7,99,21680.5,2685,65,measure
2026-09-11T01:40:35.609+00:00,460.009,388.118,99,21680.5,2685,67,measure
2026-09-11T01:40:36.600+00:00,461.001,366.969,99,21680.5,2640,64,measure
2026-09-11T01:40:37.606+00:00,462.007,364.491,99,21680.5,2685,68,measure
2026-09-11T01:40:38.623+00:00,463.021,337.516,99,21680.5,2685,67,measure
2026-09-11T01:40:39.602+00:00,464.004,375.005,99,21680.5,2625,64,measure
2026-09-11T01:40:40.612+00:00,465.012,387.721,99,21680.5,2685,63,measure
2026-09-11T01:40:41.599+00:00,466.001,345.985,99,21680.5,2685,64,measure
2026-09-11T01:40:42.608+00:00,467.009,362.86,99,21680.5,2685,65,measure
2026-09-11T01:40:43.613+00:00,468.014,362.311,99,21680.5,2610,64,measure
2026-09-11T01:40:44.654+00:00,469.007,379.947,99,21680.5,2685,70,measure
2026-09-11T01:40:45.599+00:00,470.000,362.009,99,21680.5,2685,65,measure
2026-09-11T01:40:46.612+00:00,471.012,373.169,99,21680.5,2685,65,measure
2026-09-11T01:40:47.607+00:00,472.006,369.679,99,21680.5,2685,67,measure
2026-09-11T01:40:48.618+00:00,473.017,357.348,99,21680.5,2685,67,measure
2026-09-11T01:40:49.659+00:00,474.002,376.383,99,21680.5,2685,65,measure
2026-09-11T01:40:50.605+00:00,475.006,376.918,99,21680.5,2640,66,measure
2026-09-11T01:40:49.107+00:00,476.006,377.292,99,21680.5,2685,66,measure
2026-09-11T01:40:50.123+00:00,477.022,366.546,99,21680.5,2685,67,measure
2026-09-11T01:40:51.101+00:00,478.000,361.618,99,21680.5,2685,68,measure
2026-09-11T01:40:52.106+00:00,479.003,380.749,99,21680.5,2685,65,measure
2026-09-11T01:40:53.148+00:00,480.001,372.919,99,21680.5,2670,64,measure
2026-09-11T01:40:54.105+00:00,481.004,376.131,99,21680.5,2685,68,measure
2026-09-11T01:40:55.103+00:00,482.002,375.617,99,21680.5,2685,65,measure
2026-09-11T01:40:56.104+00:00,483.001,377.45,99,21680.5,2685,65,measure
2026-09-11T01:40:57.102+00:00,484.001,374.373,99,21680.5,2685,66,measure
2026-09-11T01:40:58.101+00:00,485.000,360.41,99,21680.5,2685,64,measure
2026-09-11T01:40:59.103+00:00,486.001,362.856,99,21680.5,2685,66,measure
2026-09-11T01:41:00.114+00:00,487.000,379.025,99,21680.5,2685,68,measure
2026-09-11T01:41:01.102+00:00,488.000,373.218,99,21680.5,2685,64,measure
2026-09-11T01:41:02.101+00:00,489.000,363.869,99,21680.5,2685,70,measure
2026-09-11T01:41:03.101+00:00,490.001,371.619,99,21680.5,2685,65,measure
2026-09-11T01:41:04.105+00:00,491.003,382.991,99,21680.5,2685,67,measure
2026-09-11T01:41:05.103+00:00,492.001,354.987,99,21680.5,2685,64,measure
2026-09-11T01:41:06.102+00:00,493.000,368.72,99,21680.5,2685,64,measure
2026-09-11T01:41:07.101+00:00,494.000,398.611,99,21680.5,2685,70,measure
2026-09-11T01:41:08.104+00:00,495.001,374.389,99,21680.5,2685,64,measure
2026-09-11T01:41:09.102+00:00,496.001,364.995,99,21680.5,2685,64,measure
2026-09-11T01:41:10.102+00:00,497.001,372.861,99,21680.5,2685,65,measure
2026-09-11T01:41:11.106+00:00,498.004,380.057,100,21680.5,2685,66,measure
2026-09-11T01:41:12.104+00:00,499.002,362.37,99,21680.5,2685,64,measure
2026-09-11T01:41:13.103+00:00,500.002,379.762,99,21680.5,2685,69,measure
2026-09-11T01:41:14.149+00:00,501.001,387.117,99,21680.5,2655,65,measure
2026-09-11T01:41:15.102+00:00,502.001,367.041,99,21680.5,2685,64,measure
2026-09-11T01:41:16.101+00:00,503.000,367.98,99,21680.5,2685,68,measure
2026-09-11T01:41:17.106+00:00,504.002,380.726,99,21680.5,2685,65,measure
2026-09-11T01:41:18.104+00:00,505.000,380.085,99,21680.5,2685,64,measure
2026-09-11T01:41:19.154+00:00,506.000,371.714,99,21680.5,2685,64,measure
2026-09-11T01:41:20.102+00:00,507.001,371.903,99,21680.5,2685,65,measure
2026-09-11T01:41:21.104+00:00,508.003,353.872,99,21680.5,2685,64,measure
2026-09-11T01:41:19.617+00:00,509.001,368.338,99,21722.5,2685,64,measure
2026-09-11T01:41:20.619+00:00,510.002,376.903,99,21722.5,2685,69,measure
2026-09-11T01:41:21.619+00:00,511.004,360.674,99,21722.5,2685,64,measure
2026-09-11T01:41:22.621+00:00,512.003,366.152,99,21722.5,2685,69,measure
2026-09-11T01:41:23.641+00:00,513.002,384.249,99,21722.5,2685,69,measure
2026-09-11T01:41:24.625+00:00,514.000,380.058,99,21722.5,2595,64,measure
2026-09-11T01:41:25.616+00:00,515.000,349.776,99,21722.5,2685,66,measure
2026-09-11T01:41:26.672+00:00,516.001,386.837,99,21722.5,2595,65,measure
2026-09-11T01:41:27.616+00:00,517.001,382.27,99,21722.5,2685,69,measure
2026-09-11T01:41:28.616+00:00,518.001,358.016,99,21722.5,2685,64,measure
2026-09-11T01:41:29.616+00:00,519.000,374.351,99,21722.5,2640,66,measure
2026-09-11T01:41:30.616+00:00,520.000,377.161,99,21722.5,2685,64,measure
2026-09-11T01:41:31.623+00:00,521.007,371.492,99,21722.5,2685,64,measure
2026-09-11T01:41:32.622+00:00,522.006,351.294,99,21722.5,2685,66,measure
2026-09-11T01:41:33.649+00:00,523.006,387.59,99,21722.5,2685,69,measure
2026-09-11T01:41:34.617+00:00,524.002,387.764,99,21722.5,2685,67,measure
2026-09-11T01:41:35.618+00:00,525.000,360.072,99,21722.5,2685,66,measure
2026-09-11T01:41:36.616+00:00,526.000,377.912,99,21722.5,2640,64,measure
2026-09-11T01:41:37.617+00:00,527.001,389.59,99,21722.5,2655,69,measure
2026-09-11T01:41:38.622+00:00,528.007,366.748,99,21722.5,2685,65,measure
2026-09-11T01:41:39.618+00:00,529.003,366.037,99,21722.5,2685,64,measure
2026-09-11T01:41:40.617+00:00,530.001,375.58,99,21722.5,2670,67,measure
2026-09-11T01:41:41.616+00:00,531.000,387.495,99,21722.5,2685,68,measure
2026-09-11T01:41:42.616+00:00,532.000,359.146,100,21722.5,2685,64,measure
2026-09-11T01:41:43.654+00:00,533.000,378.184,99,21718.5,2685,68,measure
2026-09-11T01:41:44.631+00:00,534.001,388.924,99,21718.5,2685,65,measure
2026-09-11T01:41:45.685+00:00,535.070,359.375,99,21718.5,2685,64,measure
2026-09-11T01:41:46.616+00:00,536.000,357.915,99,21718.5,2655,67,measure
2026-09-11T01:41:47.616+00:00,537.001,385.432,99,21718.5,2685,67,measure
2026-09-11T01:41:48.615+00:00,538.000,369.162,99,21718.5,2685,64,measure
2026-09-11T01:41:49.617+00:00,539.001,364.618,99,21718.5,2685,70,measure
2026-09-11T01:41:50.628+00:00,540.001,372.989,99,21718.5,2685,68,measure
2026-09-11T01:41:49.119+00:00,541.000,381.485,99,21718.5,2685,67,measure
2026-09-11T01:41:50.125+00:00,542.005,373.635,99,21718.5,2685,65,measure
2026-09-11T01:41:51.166+00:00,543.004,365.483,99,21718.5,2685,69,measure
2026-09-11T01:41:52.119+00:00,544.000,387.605,99,21718.5,2625,65,measure
2026-09-11T01:41:53.121+00:00,545.000,373.322,99,21718.5,2655,64,measure
2026-09-11T01:41:54.124+00:00,546.001,362.609,99,21718.5,2670,66,measure
2026-09-11T01:41:55.119+00:00,547.000,373.795,99,21718.5,2685,65,measure
2026-09-11T01:41:56.119+00:00,548.000,378.829,99,21718.5,2685,64,measure
2026-09-11T01:41:57.130+00:00,549.010,361.448,99,21718.5,2685,64,measure
2026-09-11T01:41:58.144+00:00,550.024,373.035,99,21718.5,2685,65,measure
2026-09-11T01:41:59.143+00:00,551.022,389.413,99,21718.5,2685,69,measure
2026-09-11T01:42:00.142+00:00,552.021,367.01,99,21718.5,2685,65,measure
2026-09-11T01:42:01.202+00:00,553.081,364.057,99,21718.5,2685,68,measure
2026-09-11T01:42:02.150+00:00,554.001,364.243,99,21718.5,2685,64,measure
2026-09-11T01:42:03.139+00:00,555.005,394.812,99,21718.5,2685,67,measure
2026-09-11T01:42:04.126+00:00,556.005,377.563,99,21718.5,2685,67,measure
2026-09-11T01:42:05.121+00:00,557.001,358.775,100,21718.5,2685,65,measure
2026-09-11T01:42:06.127+00:00,558.000,373.433,100,21718.5,2685,67,measure
2026-09-11T01:42:07.121+00:00,559.001,365.761,99,21718.5,2685,66,measure
2026-09-11T01:42:08.120+00:00,560.001,354.926,99,21718.5,2685,69,measure
2026-09-11T01:42:09.119+00:00,561.000,360.507,99,21718.5,2625,64,measure
2026-09-11T01:42:10.120+00:00,562.000,389.321,99,21718.5,2685,66,measure
2026-09-11T01:42:11.125+00:00,563.004,362.571,99,21718.5,2685,66,measure
2026-09-11T01:42:12.127+00:00,564.008,350.641,99,21718.5,2685,64,measure
2026-09-11T01:42:13.119+00:00,565.000,364.969,99,21718.5,2685,65,measure
2026-09-11T01:42:14.127+00:00,566.001,373.853,99,21718.5,2685,64,measure
2026-09-11T01:42:15.120+00:00,567.001,369.43,100,21718.5,2685,64,measure
2026-09-11T01:42:16.120+00:00,568.000,364.537,99,21718.5,2685,65,measure
2026-09-11T01:42:17.121+00:00,569.000,380.333,99,21718.5,2685,67,measure
2026-09-11T01:42:18.121+00:00,570.001,371.99,99,21718.5,2685,66,measure
2026-09-11T01:42:19.119+00:00,571.000,357.689,99,21718.5,2685,64,measure
2026-09-11T01:42:20.120+00:00,572.001,371.871,99,21718.5,2685,64,measure
2026-09-11T01:42:18.619+00:00,573.000,385.474,99,21718.5,2685,67,measure
2026-09-11T01:42:19.619+00:00,574.001,370.625,99,21718.5,2655,68,measure
2026-09-11T01:42:20.620+00:00,575.000,375.742,99,21718.5,2685,67,measure
2026-09-11T01:42:21.620+00:00,576.000,372.437,99,21718.5,2685,65,measure
2026-09-11T01:42:22.619+00:00,577.001,364.865,99,21718.5,2685,64,measure
2026-09-11T01:42:23.619+00:00,578.000,369.74,99,21718.5,2685,64,measure
2026-09-11T01:42:24.619+00:00,579.000,366.794,99,21718.5,2685,64,measure
2026-09-11T01:42:25.619+00:00,580.001,376.796,100,21718.5,2685,64,measure
2026-09-11T01:42:26.621+00:00,581.001,357.742,99,21718.5,2685,63,measure
2026-09-11T01:42:27.621+00:00,582.002,376.405,99,21718.5,2685,68,measure
2026-09-11T01:42:28.620+00:00,583.002,374.7,99,21718.5,2685,65,measure
2026-09-11T01:42:29.619+00:00,584.001,366.557,99,21718.5,2685,64,measure
2026-09-11T01:42:30.620+00:00,585.001,376.859,99,21718.5,2685,64,measure
2026-09-11T01:42:31.620+00:00,586.001,377.868,99,21718.5,2685,66,measure
2026-09-11T01:42:32.636+00:00,587.008,371.11,99,21718.5,2685,64,measure
2026-09-11T01:42:33.622+00:00,588.002,373.424,99,21718.5,2685,67,measure
2026-09-11T01:42:34.619+00:00,589.001,379.649,99,21718.5,2685,67,measure
2026-09-11T01:42:35.667+00:00,590.001,373.705,99,21718.5,2685,64,measure
2026-09-11T01:42:36.619+00:00,591.001,361.145,99,21718.5,2685,64,measure
2026-09-11T01:42:37.628+00:00,592.005,360.705,99,21718.5,2685,63,measure
2026-09-11T01:42:38.624+00:00,593.003,363.048,99,21718.5,2685,66,measure
2026-09-11T01:42:39.620+00:00,594.002,387.515,99,21718.5,2685,65,measure
2026-09-11T01:42:40.622+00:00,595.004,378.817,99,21718.5,2685,65,measure
2026-09-11T01:42:41.647+00:00,596.001,354.827,99,21718.5,2640,64,measure
2026-09-11T01:42:42.644+00:00,597.000,377.288,99,21718.5,2670,64,measure
2026-09-11T01:42:43.619+00:00,598.000,367.72,99,21718.5,2685,68,measure
2026-09-11T01:42:44.620+00:00,599.000,354.65,100,21718.5,2685,64,measure
2026-09-11T01:42:45.620+00:00,600.001,364.835,99,21718.5,2685,64,measure
2026-09-11T01:42:46.620+00:00,601.001,361.82,99,21718.5,2685,64,measure
2026-09-11T01:42:47.621+00:00,602.000,365.382,99,21718.5,2685,64,measure
2026-09-11T01:42:48.636+00:00,603.018,360.563,99,21718.5,2685,66,measure
2026-09-11T01:42:49.620+00:00,604.001,367.682,99,21718.5,2685,64,measure
2026-09-11T01:42:50.676+00:00,605.000,374.449,99,21718.5,2685,64,measure
2026-09-11T01:42:49.121+00:00,606.002,366.342,99,21718.5,2685,64,measure
2026-09-11T01:42:50.120+00:00,607.001,350.888,99,21718.5,2685,65,measure
2026-09-11T01:42:51.120+00:00,608.001,371.226,99,21718.5,2685,66,measure
2026-09-11T01:42:52.121+00:00,609.002,347.866,99,21718.5,2685,64,measure
2026-09-11T01:42:53.119+00:00,610.000,329.779,99,21718.5,2685,63,measure
2026-09-11T01:42:54.121+00:00,611.001,317.946,99,21718.5,2685,62,measure
2026-09-11T01:42:55.119+00:00,612.000,313.139,100,21718.5,2685,62,measure
2026-09-11T01:42:56.120+00:00,613.001,318.163,99,21718.5,2685,63,measure
2026-09-11T01:42:57.121+00:00,614.001,327.108,100,21718.5,2685,62,measure
2026-09-11T01:42:58.119+00:00,615.000,326.875,99,21718.5,2685,64,measure
2026-09-11T01:42:59.122+00:00,616.001,330.912,99,21718.5,2685,62,measure
2026-09-11T01:43:00.123+00:00,617.002,339.453,99,21718.5,2685,64,measure
2026-09-11T01:43:01.120+00:00,618.000,356.325,99,21718.5,2685,63,measure
2026-09-11T01:43:02.119+00:00,619.000,338.822,99,21718.5,2685,63,measure
2026-09-11T01:43:03.120+00:00,620.001,336.881,99,21718.5,2685,64,measure
2026-09-11T01:43:04.119+00:00,621.000,326.582,99,21718.5,2685,63,measure
2026-09-11T01:43:05.120+00:00,622.000,325.776,99,21718.5,2685,63,measure
2026-09-11T01:43:06.120+00:00,623.000,313.408,99,21718.5,2685,61,measure
2026-09-11T01:43:07.119+00:00,624.000,305.99,100,21718.5,2685,62,measure
2026-09-11T01:43:08.119+00:00,625.000,315.086,99,21718.5,2685,62,measure
2026-09-11T01:43:09.120+00:00,626.001,313.913,99,21718.5,2685,61,measure
2026-09-11T01:43:10.119+00:00,627.000,309.773,99,21718.5,2685,61,measure
2026-09-11T01:43:11.139+00:00,628.001,317.364,99,21718.5,2685,61,measure
2026-09-11T01:43:12.123+00:00,629.001,327.093,99,21718.5,2685,62,measure
2026-09-11T01:43:13.120+00:00,630.001,334.072,99,21718.5,2685,63,measure
2026-09-11T01:43:14.119+00:00,631.000,322.181,99,21718.5,2685,62,measure
2026-09-11T01:43:15.122+00:00,632.001,304.144,100,21718.5,2685,61,measure
2026-09-11T01:43:16.119+00:00,633.000,303.295,99,21718.5,2685,61,measure
2026-09-11T01:43:17.120+00:00,634.000,313.213,100,21718.5,2685,61,measure
2026-09-11T01:43:18.121+00:00,635.001,304.03,100,21718.5,2685,61,measure
2026-09-11T01:43:19.120+00:00,636.001,319.23,99,21718.5,2685,61,measure
2026-09-11T01:43:20.119+00:00,637.000,317.072,99,21718.5,2685,61,measure
2026-09-11T01:43:18.620+00:00,638.001,333.554,99,21718.5,2685,66,measure
2026-09-11T01:43:19.620+00:00,639.000,325.027,99,21718.5,2685,61,measure
2026-09-11T01:43:20.621+00:00,640.001,304.24,100,21718.5,2685,61,measure
2026-09-11T01:43:21.622+00:00,641.001,294.543,99,21718.5,2685,60,measure
2026-09-11T01:43:22.620+00:00,642.001,293.376,99,21718.5,2685,60,measure
2026-09-11T01:43:23.620+00:00,643.001,301.559,99,21718.5,2685,61,measure
2026-09-11T01:43:24.620+00:00,644.001,314.688,99,21718.5,2685,61,measure
2026-09-11T01:43:25.619+00:00,645.000,331.265,99,21718.5,2685,62,measure
2026-09-11T01:43:26.621+00:00,646.000,316.379,99,21718.5,2685,62,measure
2026-09-11T01:43:27.622+00:00,647.000,313.438,99,21718.5,2685,61,measure
2026-09-11T01:43:28.619+00:00,648.000,318.949,99,21718.5,2685,61,measure
2026-09-11T01:43:29.620+00:00,649.001,313.851,99,21718.5,2685,61,measure
2026-09-11T01:43:30.619+00:00,650.000,331.632,99,21718.5,2685,65,measure
2026-09-11T01:43:31.619+00:00,651.000,332.099,99,21718.5,2685,61,measure
2026-09-11T01:43:32.621+00:00,652.000,329.428,99,21718.5,2685,63,measure
2026-09-11T01:43:33.622+00:00,653.001,315.975,99,21718.5,2685,61,measure
2026-09-11T01:43:34.619+00:00,654.000,316.05,100,21718.5,2685,61,measure
2026-09-11T01:43:35.619+00:00,655.000,320.589,99,21718.5,2685,61,measure
2026-09-11T01:43:36.619+00:00,656.001,361.894,99,21718.5,2685,65,measure
2026-09-11T01:43:37.619+00:00,657.001,340.842,99,21718.5,2685,62,measure
2026-09-11T01:43:38.621+00:00,658.001,336.07,99,21718.5,2685,62,measure
2026-09-11T01:43:39.621+00:00,659.000,340.466,99,21718.5,2685,62,measure
2026-09-11T01:43:40.638+00:00,660.000,327.746,99,21718.5,2685,62,measure
2026-09-11T01:43:41.619+00:00,661.000,334.469,99,21718.5,2685,62,measure
2026-09-11T01:43:42.621+00:00,662.001,310.795,99,21718.5,2685,60,measure
2026-09-11T01:43:43.619+00:00,663.001,319.894,99,21718.5,2685,64,measure
2026-09-11T01:43:44.621+00:00,664.000,315.885,99,21718.5,2685,61,measure
2026-09-11T01:43:45.622+00:00,665.001,316.812,99,21718.5,2685,63,measure
2026-09-11T01:43:46.619+00:00,666.000,321.888,99,21718.5,2685,61,measure
2026-09-11T01:43:47.619+00:00,667.000,334.45,99,21718.5,2685,63,measure
2026-09-11T01:43:48.620+00:00,668.001,336.362,99,21718.5,2685,63,measure
2026-09-11T01:43:49.620+00:00,669.000,363.591,99,21718.5,2685,63,measure
2026-09-11T01:43:50.621+00:00,670.000,348.276,99,21718.5,2685,66,measure
2026-09-11T01:43:49.156+00:00,671.001,347.659,99,21718.5,2685,62,measure
2026-09-11T01:43:50.156+00:00,672.001,343.506,99,21718.5,2685,62,measure
2026-09-11T01:43:51.155+00:00,673.000,332.804,99,21718.5,2685,62,measure
2026-09-11T01:43:52.156+00:00,674.001,336.604,100,21718.5,2685,61,measure
2026-09-11T01:43:53.156+00:00,675.001,314.977,99,21718.5,2685,61,measure
2026-09-11T01:43:54.161+00:00,676.004,312.901,99,21718.5,2685,61,measure
2026-09-11T01:43:55.157+00:00,677.000,312.764,99,21718.5,2685,60,measure
2026-09-11T01:43:56.155+00:00,678.001,314.59,99,21718.5,2685,61,measure
2026-09-11T01:43:57.156+00:00,679.000,321.645,99,21718.5,2685,62,measure
2026-09-11T01:43:58.156+00:00,680.001,353.336,99,21718.5,2685,63,measure
2026-09-11T01:43:59.155+00:00,681.001,342.101,99,21718.5,2685,62,measure
2026-09-11T01:44:00.157+00:00,682.000,345.811,99,21718.5,2685,63,measure
2026-09-11T01:44:01.157+00:00,683.001,328.932,99,21718.5,2685,64,measure
2026-09-11T01:44:02.156+00:00,684.001,336.904,100,21718.5,2685,62,measure
2026-09-11T01:44:03.155+00:00,685.000,329.293,100,21718.5,2685,62,measure
2026-09-11T01:44:04.155+00:00,686.000,338.183,99,21718.5,2685,62,measure
2026-09-11T01:44:05.155+00:00,687.000,330.491,99,21718.5,2685,62,measure
2026-09-11T01:44:06.157+00:00,688.000,336.11,100,21718.5,2685,62,measure
2026-09-11T01:44:07.157+00:00,689.000,330.992,99,21718.5,2685,62,measure
2026-09-11T01:44:08.156+00:00,690.001,334.934,99,21718.5,2685,62,measure
2026-09-11T01:44:09.155+00:00,691.000,318.506,99,21718.5,2685,61,measure
2026-09-11T01:44:10.156+00:00,692.001,327.833,99,21718.5,2685,62,measure
2026-09-11T01:44:11.156+00:00,693.001,329.261,99,21718.5,2685,62,measure
2026-09-11T01:44:12.159+00:00,694.000,328.385,99,21718.5,2685,63,measure
2026-09-11T01:44:13.157+00:00,695.000,309.541,100,21718.5,2685,60,measure
2026-09-11T01:44:14.156+00:00,696.001,309.332,99,21718.5,2685,60,measure
2026-09-11T01:44:15.156+00:00,697.002,315.901,99,21718.5,2685,62,measure
2026-09-11T01:44:16.155+00:00,698.000,327.999,99,21718.5,2685,61,measure
2026-09-11T01:44:17.155+00:00,699.000,329.107,99,21718.5,2685,62,measure
2026-09-11T01:44:18.157+00:00,700.000,326.503,99,21718.5,2685,62,measure
2026-09-11T01:44:19.156+00:00,701.000,326.946,99,21718.5,2685,62,measure
2026-09-11T01:44:20.155+00:00,702.000,320.457,99,21718.5,2685,62,measure
2026-09-11T01:44:18.684+00:00,703.007,331.17,100,21718.5,2685,62,measure
2026-09-11T01:44:19.677+00:00,704.000,306.639,100,21718.5,2685,61,measure
2026-09-11T01:44:20.678+00:00,705.001,302.659,99,21718.5,2685,60,measure
2026-09-11T01:44:21.679+00:00,706.001,284.434,99,21718.5,2685,60,measure
2026-09-11T01:44:22.677+00:00,707.000,293.305,99,21718.5,2685,60,measure
2026-09-11T01:44:23.678+00:00,708.001,299.785,99,21718.5,2685,60,measure
2026-09-11T01:44:24.681+00:00,709.004,322.447,99,21718.5,2685,63,measure
2026-09-11T01:44:25.678+00:00,710.001,324.557,99,21718.5,2685,61,measure
2026-09-11T01:44:26.678+00:00,711.001,339.818,99,21718.5,2685,65,measure
2026-09-11T01:44:27.682+00:00,712.000,340.014,99,21718.5,2685,62,measure
2026-09-11T01:44:28.678+00:00,713.001,324.948,99,21718.5,2685,61,measure
2026-09-11T01:44:29.677+00:00,714.000,315.425,99,21718.5,2685,61,measure
2026-09-11T01:44:30.678+00:00,715.001,316.12,99,21718.5,2685,60,measure
2026-09-11T01:44:31.678+00:00,716.001,325.611,99,21718.5,2685,64,measure
2026-09-11T01:44:32.678+00:00,717.000,317.068,99,21718.5,2685,61,measure
2026-09-11T01:44:33.679+00:00,718.001,314.877,99,21718.5,2685,60,measure
2026-09-11T01:44:34.678+00:00,719.001,316.308,99,21718.5,2685,61,measure
2026-09-11T01:44:35.677+00:00,720.000,312.847,99,21718.5,2685,61,measure
2026-09-11T01:44:36.677+00:00,721.000,317.636,99,21718.5,2685,60,measure
2026-09-11T01:44:37.677+00:00,722.001,318.722,99,21718.5,2685,60,measure
2026-09-11T01:44:38.677+00:00,723.000,317.703,99,21718.5,2685,64,measure
2026-09-11T01:44:39.679+00:00,724.000,311.803,99,21718.5,2685,60,measure
2026-09-11T01:44:40.679+00:00,725.002,304.607,99,21718.5,2685,62,measure
2026-09-11T01:44:41.678+00:00,726.001,288.017,99,21718.5,2685,59,measure
2026-09-11T01:44:42.677+00:00,727.000,301.525,99,21718.5,2685,60,measure
2026-09-11T01:44:43.677+00:00,728.000,310.72,99,21718.5,2685,62,measure
2026-09-11T01:44:44.679+00:00,729.001,311.191,100,21718.5,2685,61,measure
2026-09-11T01:44:45.679+00:00,730.000,308.244,99,21718.5,2685,60,measure
2026-09-11T01:44:46.678+00:00,731.001,316.29,99,21718.5,2685,62,measure
2026-09-11T01:44:47.677+00:00,732.000,330.259,99,21718.5,2685,61,measure
2026-09-11T01:44:48.677+00:00,733.000,341.443,99,21718.5,2685,63,measure
2026-09-11T01:44:49.677+00:00,734.001,342.591,99,21718.5,2685,62,measure
2026-09-11T01:44:48.176+00:00,735.000,320.062,99,21718.5,2685,62,measure
2026-09-11T01:44:49.179+00:00,736.000,320.626,100,21718.5,2685,60,measure
2026-09-11T01:44:50.210+00:00,737.000,319.72,99,21718.5,2685,64,measure
2026-09-11T01:44:51.175+00:00,738.001,337.962,99,21718.5,2685,62,measure
2026-09-11T01:44:52.177+00:00,739.000,330.769,99,21718.5,2685,62,measure
2026-09-11T01:44:53.176+00:00,740.001,330.655,99,21718.5,2685,61,measure
2026-09-11T01:44:54.181+00:00,741.002,313.155,99,21718.5,2685,61,measure
2026-09-11T01:44:55.178+00:00,742.002,307.437,99,21718.5,2685,60,measure
2026-09-11T01:44:56.180+00:00,743.006,314.542,100,21718.5,2685,61,measure
2026-09-11T01:44:57.177+00:00,744.001,306.95,99,21718.5,2685,60,measure
2026-09-11T01:44:58.182+00:00,745.007,311.624,99,21718.5,2685,60,measure
2026-09-11T01:44:59.177+00:00,746.002,313.761,100,21718.5,2685,64,measure
2026-09-11T01:45:00.182+00:00,747.008,321.791,99,21718.5,2685,60,measure
2026-09-11T01:45:01.211+00:00,748.004,329.099,99,21718.5,2685,61,measure
2026-09-11T01:45:02.182+00:00,749.007,328.617,99,21718.5,2685,61,measure
2026-09-11T01:45:03.177+00:00,750.002,315.475,99,21718.5,2685,63,measure
2026-09-11T01:45:04.180+00:00,751.006,315.856,99,21718.5,2685,63,measure
2026-09-11T01:45:05.177+00:00,752.002,303.407,99,21718.5,2685,60,measure
2026-09-11T01:45:06.177+00:00,753.001,312.46,99,21718.5,2685,60,measure
2026-09-11T01:45:07.178+00:00,754.002,317.153,99,21718.5,2685,62,measure
2026-09-11T01:45:08.181+00:00,755.006,310.465,99,21718.5,2685,60,measure
2026-09-11T01:45:09.175+00:00,756.001,318.236,99,21718.5,2685,61,measure
2026-09-11T01:45:10.179+00:00,757.004,322.101,99,21718.5,2685,60,measure
2026-09-11T01:45:11.175+00:00,758.001,303.863,99,21718.5,2670,60,measure
2026-09-11T01:45:12.182+00:00,759.006,317.15,99,21718.5,2685,60,measure
2026-09-11T01:45:13.177+00:00,760.002,322.931,99,21718.5,2685,63,measure
2026-09-11T01:45:14.179+00:00,761.005,331.692,99,21718.5,2685,63,measure
2026-09-11T01:45:15.179+00:00,762.004,357.839,99,21718.5,2655,63,measure
2026-09-11T01:45:16.179+00:00,763.004,342.53,99,21718.5,2685,64,measure
2026-09-11T01:45:17.197+00:00,764.008,342.102,99,21718.5,2685,62,measure
2026-09-11T01:45:18.181+00:00,765.005,325.405,99,21718.5,2685,67,measure
2026-09-11T01:45:19.177+00:00,766.002,330.96,99,21718.5,2685,63,measure
2026-09-11T01:45:20.176+00:00,767.001,348.557,99,21718.5,2685,62,measure
2026-09-11T01:45:18.683+00:00,768.005,341.938,99,21718.5,2685,62,measure
2026-09-11T01:45:19.679+00:00,769.001,346.774,99,21718.5,2685,62,measure
2026-09-11T01:45:20.679+00:00,770.001,308.605,100,21718.5,2685,60,measure
2026-09-11T01:45:21.680+00:00,771.001,309.458,99,21718.5,2685,61,measure
2026-09-11T01:45:22.712+00:00,772.033,307.947,100,21718.5,2685,60,measure
2026-09-11T01:45:23.680+00:00,773.002,323.289,99,21718.5,2685,61,measure
2026-09-11T01:45:24.678+00:00,774.000,352.247,99,21718.5,2685,62,measure
2026-09-11T01:45:25.678+00:00,775.000,350.468,99,21718.5,2685,62,measure
2026-09-11T01:45:26.679+00:00,776.001,341.076,99,21718.5,2685,62,measure
2026-09-11T01:45:27.681+00:00,777.002,319.386,99,21718.5,2685,61,measure
2026-09-11T01:45:28.680+00:00,778.001,309.043,99,21718.5,2685,60,measure
2026-09-11T01:45:29.678+00:00,779.000,310.231,99,21718.5,2685,60,measure
2026-09-11T01:45:30.678+00:00,780.001,310.603,99,21718.5,2685,60,measure
2026-09-11T01:45:31.679+00:00,781.001,309.514,99,21718.5,2685,60,measure
2026-09-11T01:45:32.679+00:00,782.001,317.323,99,21718.5,2685,61,measure
2026-09-11T01:45:33.682+00:00,783.000,341.778,99,21718.5,2685,62,measure
2026-09-11T01:45:34.680+00:00,784.001,338.492,99,21718.5,2685,62,measure
2026-09-11T01:45:35.678+00:00,785.001,338.259,99,21718.5,2685,63,measure
2026-09-11T01:45:36.679+00:00,786.001,318.942,99,21718.5,2685,60,measure
2026-09-11T01:45:37.679+00:00,787.001,329.856,100,21718.5,2685,62,measure
2026-09-11T01:45:38.678+00:00,788.000,330.428,100,21718.5,2685,62,measure
2026-09-11T01:45:39.679+00:00,789.000,316.386,99,21718.5,2685,63,measure
2026-09-11T01:45:40.679+00:00,790.001,331.175,99,21718.5,2685,61,measure
2026-09-11T01:45:41.689+00:00,791.000,335.432,99,21718.5,2685,64,measure
2026-09-11T01:45:42.678+00:00,792.000,334.38,100,21718.5,2685,62,measure
2026-09-11T01:45:43.678+00:00,793.001,321.728,99,21718.5,2685,61,measure
2026-09-11T01:45:44.678+00:00,794.001,309.603,99,21718.5,2685,61,measure
2026-09-11T01:45:45.679+00:00,795.000,309.016,99,21718.5,2685,61,measure
2026-09-11T01:45:46.680+00:00,796.000,310.619,99,21718.5,2685,61,measure
2026-09-11T01:45:47.684+00:00,797.000,313.122,99,21718.5,2685,61,measure
2026-09-11T01:45:48.678+00:00,798.000,333.378,99,21718.5,2685,61,measure
2026-09-11T01:45:49.732+00:00,799.000,352.185,99,21718.5,2685,62,measure
2026-09-11T01:45:48.178+00:00,800.000,349.545,99,21718.5,2685,62,measure
2026-09-11T01:45:49.180+00:00,801.001,353.973,99,21718.5,2685,65,measure
2026-09-11T01:45:50.179+00:00,802.000,358.331,99,21718.5,2685,63,measure
2026-09-11T01:45:51.178+00:00,803.000,338.527,99,21718.5,2685,62,measure
2026-09-11T01:45:52.183+00:00,804.006,356.394,99,21718.5,2685,64,measure
2026-09-11T01:45:53.178+00:00,805.001,350.27,99,21718.5,2685,62,measure
2026-09-11T01:45:54.179+00:00,806.001,358.963,99,21718.5,2685,62,measure
2026-09-11T01:45:55.194+00:00,807.000,353.766,99,21718.5,2685,64,measure
2026-09-11T01:45:56.184+00:00,808.000,340.113,99,21718.5,2685,65,measure
2026-09-11T01:45:57.178+00:00,809.000,336.301,100,21718.5,2685,62,measure
2026-09-11T01:45:58.179+00:00,810.002,318.363,100,21718.5,2685,63,measure
2026-09-11T01:45:59.178+00:00,811.001,335.757,99,21718.5,2685,62,measure
2026-09-11T01:46:00.178+00:00,812.000,320.856,99,21718.5,2685,61,measure
2026-09-11T01:46:01.180+00:00,813.001,329.311,99,21718.5,2685,61,measure
2026-09-11T01:46:02.179+00:00,814.000,315.395,99,21718.5,2685,61,measure
2026-09-11T01:46:03.178+00:00,815.000,313.378,99,21718.5,2685,62,measure
2026-09-11T01:46:04.180+00:00,816.000,326.677,99,21718.5,2685,64,measure
2026-09-11T01:46:05.178+00:00,817.001,343.587,99,21718.5,2685,62,measure
2026-09-11T01:46:06.178+00:00,818.000,323.965,99,21718.5,2685,62,measure
2026-09-11T01:46:07.183+00:00,819.000,324.893,99,21718.5,2685,64,measure
2026-09-11T01:46:08.178+00:00,820.001,313.913,99,21718.5,2685,61,measure
2026-09-11T01:46:09.178+00:00,821.000,313.437,99,21718.5,2685,61,measure
2026-09-11T01:46:10.178+00:00,822.000,333.175,99,21718.5,2685,62,measure
2026-09-11T01:46:11.178+00:00,823.000,317.272,99,21718.5,2685,61,measure
2026-09-11T01:46:12.178+00:00,824.001,342.134,99,21718.5,2685,62,measure
2026-09-11T01:46:13.237+00:00,825.001,357.281,99,21718.5,2685,64,measure
2026-09-11T01:46:14.178+00:00,826.001,331.472,99,21718.5,2685,62,measure
2026-09-11T01:46:15.178+00:00,827.001,315.58,100,21718.5,2685,61,measure
2026-09-11T01:46:16.178+00:00,828.000,308.315,99,21718.5,2685,61,measure
2026-09-11T01:46:17.178+00:00,829.001,304.248,99,21718.5,2685,61,measure
2026-09-11T01:46:18.179+00:00,830.000,318.372,99,21718.5,2685,61,measure
2026-09-11T01:46:19.179+00:00,831.000,325.122,99,21718.5,2685,62,measure
2026-09-11T01:46:20.178+00:00,832.001,316.855,99,21718.5,2685,63,measure
2026-09-11T01:46:18.694+00:00,833.001,334.379,100,21718.5,2685,62,measure
2026-09-11T01:46:19.694+00:00,834.000,334.941,99,21718.5,2685,63,measure
2026-09-11T01:46:20.695+00:00,835.002,340.336,99,21718.5,2685,66,measure
2026-09-11T01:46:21.696+00:00,836.001,336.923,100,21718.5,2685,62,measure
2026-09-11T01:46:22.695+00:00,837.001,315.552,99,21718.5,2685,61,measure
2026-09-11T01:46:23.695+00:00,838.001,336.517,99,21718.5,2685,62,measure
2026-09-11T01:46:24.694+00:00,839.000,328.987,99,21718.5,2685,67,measure
2026-09-11T01:46:25.694+00:00,840.000,363.022,99,21718.5,2685,63,measure
2026-09-11T01:46:26.694+00:00,841.001,341.538,99,21842.5,2685,63,measure
2026-09-11T01:46:27.695+00:00,842.000,334.431,99,21842.5,2685,62,measure
2026-09-11T01:46:28.695+00:00,843.000,333.449,99,21843.1,2685,62,measure
2026-09-11T01:46:29.694+00:00,844.000,315.081,99,21843.3,2685,61,measure
2026-09-11T01:46:30.694+00:00,845.000,319.989,99,21843.3,2685,61,measure
2026-09-11T01:46:31.696+00:00,846.000,313.335,99,21843.3,2685,61,measure
2026-09-11T01:46:32.694+00:00,847.000,307.406,100,21843.3,2685,61,measure
2026-09-11T01:46:33.695+00:00,848.001,301.928,99,21843.3,2685,62,measure
2026-09-11T01:46:34.695+00:00,849.001,309.223,99,21843.6,2685,61,measure
2026-09-11T01:46:35.693+00:00,850.000,309.942,99,21870.7,2685,62,measure
2026-09-11T01:46:36.694+00:00,851.001,294.05,100,21870.7,2685,60,measure
2026-09-11T01:46:37.777+00:00,852.083,314.764,99,21870.7,2685,62,measure
2026-09-11T01:46:38.709+00:00,853.016,316.808,100,21870.7,2685,61,measure
2026-09-11T01:46:39.776+00:00,854.082,324.406,100,21717.6,2685,62,measure
2026-09-11T01:46:40.764+00:00,855.070,332.102,99,21717.6,2685,62,measure
2026-09-11T01:46:41.771+00:00,856.077,329.817,99,21717.6,2685,62,measure
2026-09-11T01:46:42.772+00:00,857.077,336.442,100,21717.6,2685,63,measure
2026-09-11T01:46:43.745+00:00,858.051,330.338,99,21717.6,2685,62,measure
2026-09-11T01:46:44.694+00:00,859.000,333.215,99,21717.6,2685,62,measure
2026-09-11T01:46:45.695+00:00,860.000,331.65,99,21717.6,2685,61,measure
2026-09-11T01:46:46.696+00:00,861.000,314.156,99,21717.6,2685,61,measure
2026-09-11T01:46:47.694+00:00,862.001,335.813,99,21717.6,2685,64,measure
2026-09-11T01:46:48.694+00:00,863.000,342.38,99,21717.6,2685,65,measure
2026-09-11T01:46:49.694+00:00,864.001,330.647,99,21717.6,2685,62,measure
2026-09-11T01:46:48.200+00:00,865.001,317.017,99,21717.6,2685,61,measure
2026-09-11T01:46:49.201+00:00,866.000,292.183,99,21717.6,2685,60,measure
2026-09-11T01:46:50.256+00:00,867.001,301.478,99,21717.6,2685,65,measure
2026-09-11T01:46:51.200+00:00,868.001,321.737,99,21717.6,2685,64,measure
2026-09-11T01:46:52.200+00:00,869.000,315.914,100,21717.6,2685,62,measure
2026-09-11T01:46:53.200+00:00,870.001,316.779,99,21717.6,2685,61,measure
2026-09-11T01:46:54.200+00:00,871.000,318.368,99,21717.6,2685,61,measure
2026-09-11T01:46:55.201+00:00,872.001,318.671,99,21717.6,2685,62,measure
2026-09-11T01:46:56.202+00:00,873.001,332.995,99,21717.6,2685,62,measure
2026-09-11T01:46:57.200+00:00,874.000,335.486,99,21717.6,2685,62,measure
2026-09-11T01:46:58.200+00:00,875.000,339.307,99,21717.6,2685,62,measure
2026-09-11T01:46:59.201+00:00,876.001,319.274,99,21717.6,2685,61,measure
2026-09-11T01:47:00.200+00:00,877.001,315.413,99,21717.6,2685,61,measure
2026-09-11T01:47:01.201+00:00,878.001,308.119,100,21717.6,2685,61,measure
2026-09-11T01:47:02.201+00:00,879.000,308.042,100,21717.6,2685,61,measure
2026-09-11T01:47:03.200+00:00,880.000,310.549,100,21717.6,2685,61,measure
2026-09-11T01:47:04.200+00:00,881.001,305.19,100,21717.6,2685,61,measure
2026-09-11T01:47:05.199+00:00,882.000,309.73,99,21717.6,2685,61,measure
2026-09-11T01:47:06.199+00:00,883.000,313.994,99,21717.6,2685,61,measure
2026-09-11T01:47:07.201+00:00,884.000,320.126,100,21717.6,2685,62,measure
2026-09-11T01:47:08.202+00:00,885.000,323.424,99,21717.6,2685,61,measure
2026-09-11T01:47:09.200+00:00,886.001,334.786,99,21717.6,2685,63,measure
2026-09-11T01:47:10.199+00:00,887.000,332.42,99,21717.6,2685,62,measure
2026-09-11T01:47:11.199+00:00,888.000,327.298,99,21717.6,2685,62,measure
2026-09-11T01:47:12.200+00:00,889.000,311.817,99,21717.6,2685,61,measure
2026-09-11T01:47:13.202+00:00,890.001,319.254,99,21717.6,2685,61,measure
2026-09-11T01:47:14.200+00:00,891.000,305.425,100,21717.6,2685,61,measure
2026-09-11T01:47:15.200+00:00,892.001,314.155,99,21717.6,2685,61,measure
2026-09-11T01:47:16.200+00:00,893.000,334.594,99,21717.6,2685,62,measure
2026-09-11T01:47:17.200+00:00,894.000,327.472,99,21717.6,2685,62,measure
2026-09-11T01:47:18.199+00:00,895.000,338.344,99,21717.6,2685,63,measure
2026-09-11T01:47:19.201+00:00,896.001,339.258,99,21717.6,2685,63,measure
2026-09-11T01:47:17.717+00:00,897.000,359.843,99,21717.6,2685,62,measure
2026-09-11T01:47:18.716+00:00,898.001,347.564,99,21717.6,2685,64,measure
2026-09-11T01:47:19.781+00:00,899.065,348.465,99,21717.6,2685,64,measure
2026-09-11T01:47:20.716+00:00,900.000,347.395,99,21717.6,2685,62,measure
2026-09-11T01:47:21.717+00:00,901.001,324.065,99,21717.6,2685,62,measure
2026-09-11T01:47:22.718+00:00,902.001,318.386,99,21717.6,2685,62,measure
2026-09-11T01:47:23.717+00:00,903.001,308.795,100,21717.6,2685,61,measure
2026-09-11T01:47:24.716+00:00,904.000,312.35,99,21717.6,2685,61,measure
2026-09-11T01:47:25.716+00:00,905.001,309.922,100,21717.6,2685,61,measure
2026-09-11T01:47:26.716+00:00,906.000,307.774,99,21717.6,2685,62,measure
2026-09-11T01:47:27.716+00:00,907.001,312.714,99,21717.6,2685,61,measure
2026-09-11T01:47:28.718+00:00,908.001,304.087,99,21717.6,2685,61,measure
2026-09-11T01:47:29.717+00:00,909.001,312.763,99,21717.6,2685,61,measure
2026-09-11T01:47:30.718+00:00,910.003,313.445,99,21717.6,2685,64,measure
2026-09-11T01:47:31.723+00:00,911.007,317.695,99,21717.6,2685,62,measure
2026-09-11T01:47:32.722+00:00,912.004,328.218,99,21717.6,2685,62,measure
2026-09-11T01:47:33.716+00:00,913.000,335.094,99,21717.6,2685,62,measure
2026-09-11T01:47:34.721+00:00,914.005,329.085,99,21717.6,2685,62,measure
2026-09-11T01:47:35.721+00:00,915.005,321.398,99,21717.6,2685,61,measure
2026-09-11T01:47:36.719+00:00,916.003,342.228,99,21717.6,2685,65,measure
2026-09-11T01:47:37.716+00:00,917.000,333.908,99,21717.6,2685,62,measure
2026-09-11T01:47:38.720+00:00,918.004,330.146,99,21717.6,2685,62,measure
2026-09-11T01:47:39.720+00:00,919.003,328.315,99,21717.6,2685,61,measure
2026-09-11T01:47:40.718+00:00,920.001,328.102,99,21717.6,2685,62,measure
2026-09-11T01:47:41.718+00:00,921.002,332.704,99,21717.6,2685,64,measure
2026-09-11T01:47:42.717+00:00,922.001,311.564,99,21717.6,2685,62,measure
2026-09-11T01:47:43.720+00:00,923.003,314.522,99,21717.6,2685,61,measure
2026-09-11T01:47:44.717+00:00,924.002,309.747,100,21717.6,2685,61,measure
2026-09-11T01:47:45.724+00:00,925.008,307.221,99,21717.6,2685,61,measure
2026-09-11T01:47:46.721+00:00,926.001,316.032,99,21717.6,2685,64,measure
2026-09-11T01:47:47.721+00:00,927.006,333.131,99,21717.6,2685,61,measure
2026-09-11T01:47:48.721+00:00,928.005,327.584,99,21717.6,2685,65,measure
2026-09-11T01:47:49.717+00:00,929.002,320.698,99,21717.6,2685,61,measure
2026-09-11T01:47:48.226+00:00,930.008,311.839,99,21717.6,2685,62,measure
2026-09-11T01:47:49.224+00:00,931.006,313.939,99,21717.6,2685,61,measure
2026-09-11T01:47:50.221+00:00,932.005,309.473,99,21717.6,2685,64,measure
2026-09-11T01:47:51.219+00:00,933.002,327.717,99,21717.6,2685,62,measure
2026-09-11T01:47:52.223+00:00,934.007,316.505,99,21717.6,2685,61,measure
2026-09-11T01:47:53.218+00:00,935.002,332.679,99,21717.6,2685,62,measure
2026-09-11T01:47:54.217+00:00,936.001,318.085,99,21717.6,2685,61,measure
2026-09-11T01:47:55.220+00:00,937.002,327.264,99,21717.6,2685,61,measure
2026-09-11T01:47:56.218+00:00,938.001,336.294,99,21717.6,2685,62,measure
2026-09-11T01:47:57.220+00:00,939.003,334.446,99,21717.6,2685,62,measure
2026-09-11T01:47:58.217+00:00,940.001,328.441,99,21717.6,2685,63,measure
2026-09-11T01:47:59.216+00:00,941.000,325.058,99,21717.6,2685,62,measure
2026-09-11T01:48:00.220+00:00,942.003,321.475,99,21717.6,2685,61,measure
2026-09-11T01:48:01.221+00:00,943.004,320.619,99,21717.6,2685,61,measure
2026-09-11T01:48:02.220+00:00,944.001,312.702,100,21717.6,2685,62,measure
2026-09-11T01:48:03.217+00:00,945.000,315.468,99,21717.6,2685,61,measure
2026-09-11T01:48:04.221+00:00,946.005,312.192,99,21717.6,2685,61,measure
2026-09-11T01:48:05.221+00:00,947.004,305.381,100,21717.6,2685,61,measure
2026-09-11T01:48:06.219+00:00,948.003,315.032,100,21717.6,2685,61,measure
2026-09-11T01:48:07.219+00:00,949.002,315.784,99,21717.6,2685,61,measure
2026-09-11T01:48:08.220+00:00,950.003,312.921,99,21717.6,2685,61,measure
2026-09-11T01:48:09.218+00:00,951.002,324.664,99,21717.6,2685,63,measure
2026-09-11T01:48:10.221+00:00,952.005,319.205,99,21717.6,2685,61,measure
2026-09-11T01:48:11.219+00:00,953.003,320.213,99,21717.6,2685,64,measure
2026-09-11T01:48:12.217+00:00,954.001,313.481,99,21717.6,2685,63,measure
2026-09-11T01:48:13.218+00:00,955.000,315.11,99,21717.6,2685,61,measure
2026-09-11T01:48:14.220+00:00,956.001,309.426,99,21717.6,2685,62,measure
2026-09-11T01:48:15.218+00:00,957.002,310.136,99,21717.6,2685,61,measure
2026-09-11T01:48:16.219+00:00,958.003,316.742,99,21717.6,2685,61,measure
2026-09-11T01:48:17.217+00:00,959.001,321.339,99,21717.6,2685,63,measure
2026-09-11T01:48:18.227+00:00,960.006,332.103,99,21717.6,2685,62,measure
2026-09-11T01:48:19.218+00:00,961.000,333.089,100,21717.6,2685,63,measure
2026-09-11T01:48:17.722+00:00,962.001,317.297,99,21717.6,2685,61,measure
2026-09-11T01:48:18.725+00:00,963.007,312.173,99,21717.6,2685,63,measure
2026-09-11T01:48:19.722+00:00,964.003,322.443,99,21717.6,2685,63,measure
2026-09-11T01:48:20.726+00:00,965.006,320.465,99,21717.6,2685,62,measure
2026-09-11T01:48:21.724+00:00,966.004,313.078,100,21717.6,2685,61,measure
2026-09-11T01:48:22.721+00:00,967.001,312.047,99,21717.6,2685,61,measure
2026-09-11T01:48:23.721+00:00,968.002,314.742,100,21717.6,2685,61,measure
2026-09-11T01:48:24.719+00:00,969.000,310.325,99,21717.6,2685,62,measure
2026-09-11T01:48:25.724+00:00,970.005,309.802,99,21717.6,2685,62,measure
2026-09-11T01:48:26.723+00:00,971.004,316.931,99,21717.6,2685,61,measure
2026-09-11T01:48:27.722+00:00,972.003,321.04,99,21717.6,2685,63,measure
2026-09-11T01:48:28.726+00:00,973.001,313.227,99,21717.6,2685,61,measure
2026-09-11T01:48:29.721+00:00,974.002,322.482,99,21717.6,2685,63,measure
2026-09-11T01:48:30.719+00:00,975.001,319.276,99,21717.6,2685,61,measure
2026-09-11T01:48:31.720+00:00,976.001,357.188,99,21717.6,2685,63,measure
2026-09-11T01:48:32.721+00:00,977.002,347.557,99,21717.6,2685,65,measure
2026-09-11T01:48:33.721+00:00,978.002,354.26,99,21717.6,2685,62,measure
2026-09-11T01:48:34.721+00:00,979.001,340.831,99,21717.6,2685,63,measure
2026-09-11T01:48:35.722+00:00,980.000,329.383,99,21717.6,2685,62,measure
2026-09-11T01:48:36.720+00:00,981.000,311.364,99,21717.6,2685,61,measure
2026-09-11T01:48:37.720+00:00,982.001,303.557,99,21717.6,2685,61,measure
2026-09-11T01:48:38.720+00:00,983.001,293.91,99,21717.6,2685,60,measure
2026-09-11T01:48:39.719+00:00,984.001,312.755,99,21717.6,2685,61,measure
2026-09-11T01:48:40.721+00:00,985.000,309.96,99,21717.6,2685,61,measure
2026-09-11T01:48:41.722+00:00,986.001,330.444,99,21717.6,2685,62,measure
2026-09-11T01:48:42.719+00:00,987.000,315.335,99,21717.6,2685,61,measure
2026-09-11T01:48:43.720+00:00,988.001,316.161,99,21717.6,2685,63,measure
2026-09-11T01:48:44.720+00:00,989.001,319.029,99,21717.6,2685,61,measure
2026-09-11T01:48:45.719+00:00,990.001,330.229,100,21717.6,2685,62,measure
2026-09-11T01:48:46.721+00:00,991.001,336.08,99,21717.6,2685,64,measure
2026-09-11T01:48:47.721+00:00,992.001,351.855,99,21717.6,2685,62,measure
2026-09-11T01:48:48.719+00:00,993.000,314.347,99,21717.6,2685,61,measure
2026-09-11T01:48:49.720+00:00,994.001,334.509,100,21717.6,2685,63,measure
2026-09-11T01:48:48.220+00:00,995.001,340.92,99,21717.6,2685,63,measure
2026-09-11T01:48:49.219+00:00,996.001,344.142,100,21717.6,2685,62,measure
2026-09-11T01:48:50.221+00:00,997.001,327.631,99,21717.6,2685,62,measure
2026-09-11T01:48:51.226+00:00,998.007,321.498,100,21717.6,2685,62,measure
2026-09-11T01:48:52.220+00:00,999.001,309.456,99,21717.6,2685,61,measure
2026-09-11T01:48:53.219+00:00,1000.000,315.062,99,21717.6,2685,61,measure
2026-09-11T01:48:54.220+00:00,1001.000,304.783,100,21717.6,2685,61,measure
2026-09-11T01:48:55.220+00:00,1002.001,324.193,99,21717.6,2685,63,measure
2026-09-11T01:48:56.223+00:00,1003.001,310.967,99,21717.6,2685,62,measure
2026-09-11T01:48:57.220+00:00,1004.000,316.777,99,21717.6,2685,61,measure
2026-09-11T01:48:58.221+00:00,1005.002,313.786,99,21717.6,2685,62,measure
2026-09-11T01:48:59.224+00:00,1006.005,320.81,99,21717.6,2685,62,measure
2026-09-11T01:49:00.219+00:00,1007.000,326.214,100,21717.6,2685,62,measure
2026-09-11T01:49:01.219+00:00,1008.000,312.173,99,21717.6,2685,61,measure
2026-09-11T01:49:02.221+00:00,1009.000,311.861,99,21717.6,2685,61,measure
2026-09-11T01:49:03.221+00:00,1010.000,332.251,99,21717.6,2685,63,measure
2026-09-11T01:49:04.237+00:00,1011.000,343.898,100,21717.6,2685,62,measure
2026-09-11T01:49:05.219+00:00,1012.001,355.096,99,21717.6,2685,63,measure
2026-09-11T01:49:06.220+00:00,1013.001,357.924,99,21717.6,2685,63,measure
2026-09-11T01:49:07.221+00:00,1014.001,349.898,99,21717.6,2685,63,measure
2026-09-11T01:49:08.221+00:00,1015.001,319.014,99,21717.6,2685,61,measure
2026-09-11T01:49:09.220+00:00,1016.000,315.259,99,21717.6,2685,62,measure
2026-09-11T01:49:10.219+00:00,1017.000,311.866,99,21717.6,2685,62,measure
2026-09-11T01:49:11.221+00:00,1018.002,321.994,99,21717.6,2685,62,measure
2026-09-11T01:49:12.220+00:00,1019.001,330.95,99,21717.6,2685,64,measure
2026-09-11T01:49:13.222+00:00,1020.002,335.792,99,21717.6,2685,63,measure
2026-09-11T01:49:14.221+00:00,1021.000,322.089,99,21717.6,2685,67,measure
2026-09-11T01:49:15.221+00:00,1022.002,325.563,99,21717.6,2685,62,measure
2026-09-11T01:49:16.220+00:00,1023.001,322.276,99,21717.6,2685,62,measure
2026-09-11T01:49:17.220+00:00,1024.001,329.205,99,21717.6,2685,62,measure
2026-09-11T01:49:18.219+00:00,1025.000,328.258,99,21717.6,2685,63,measure
2026-09-11T01:49:19.220+00:00,1026.001,319.643,99,21717.6,2685,61,measure
2026-09-11T01:49:17.732+00:00,1027.005,325.839,99,21717.6,2685,61,measure
2026-09-11T01:49:18.720+00:00,1028.003,320.426,99,21717.6,2685,61,measure
2026-09-11T01:49:19.746+00:00,1029.028,318.419,99,21717.6,2685,64,measure
2026-09-11T01:49:20.721+00:00,1030.002,319.992,99,21717.6,2685,62,measure
2026-09-11T01:49:21.736+00:00,1031.019,331.342,100,21717.6,2685,63,measure
2026-09-11T01:49:22.733+00:00,1032.016,341.126,99,21717.6,2685,67,measure
2026-09-11T01:49:23.729+00:00,1033.012,347.915,99,21717.6,2685,64,measure
2026-09-11T01:49:24.721+00:00,1034.004,357.618,99,21717.6,2685,63,measure
2026-09-11T01:49:25.719+00:00,1035.002,349.958,99,21717.6,2685,63,measure
2026-09-11T01:49:26.718+00:00,1036.001,346.364,99,21717.6,2685,63,measure
2026-09-11T01:49:27.725+00:00,1037.007,342.023,99,21717.6,2685,63,measure
2026-09-11T01:49:28.725+00:00,1038.008,337.921,99,21717.6,2685,62,measure
2026-09-11T01:49:29.719+00:00,1039.001,313.184,99,21717.6,2685,61,measure
2026-09-11T01:49:30.719+00:00,1040.002,307.18,99,21717.6,2685,61,measure
2026-09-11T01:49:31.723+00:00,1041.006,309.436,99,21717.6,2685,61,measure
2026-09-11T01:49:32.719+00:00,1042.002,311.855,99,21717.6,2685,62,measure
2026-09-11T01:49:33.721+00:00,1043.004,311.243,99,21717.6,2685,61,measure
2026-09-11T01:49:34.725+00:00,1044.008,323.583,99,21717.6,2685,61,measure
2026-09-11T01:49:35.723+00:00,1045.005,325.468,99,21717.6,2685,62,measure
2026-09-11T01:49:36.718+00:00,1046.001,320.881,99,21717.6,2685,62,measure
2026-09-11T01:49:37.718+00:00,1047.001,307.464,100,21717.6,2685,61,measure
2026-09-11T01:49:38.719+00:00,1048.002,321.482,99,21717.6,2685,62,measure
2026-09-11T01:49:39.720+00:00,1049.003,313.418,99,21717.6,2685,63,measure
2026-09-11T01:49:40.721+00:00,1050.002,336.235,99,21717.6,2685,62,measure
2026-09-11T01:49:41.721+00:00,1051.001,315.539,99,21717.6,2685,61,measure
2026-09-11T01:49:42.719+00:00,1052.001,309.182,99,21717.6,2685,61,measure
2026-09-11T01:49:43.717+00:00,1053.000,314.673,99,21717.6,2685,61,measure
2026-09-11T01:49:44.718+00:00,1054.000,324.923,99,21717.6,2685,62,measure
2026-09-11T01:49:45.718+00:00,1055.001,325.619,99,21717.6,2685,62,measure
2026-09-11T01:49:46.720+00:00,1056.001,335.851,99,21717.6,2685,62,measure
2026-09-11T01:49:47.719+00:00,1057.000,318.976,99,21717.6,2685,61,measure
2026-09-11T01:49:48.718+00:00,1058.001,312.561,99,21717.6,2685,61,measure
2026-09-11T01:49:49.718+00:00,1059.000,320.829,99,21717.6,2685,63,measure
2026-09-11T01:49:48.238+00:00,1060.000,310.863,99,21717.6,2685,61,measure
2026-09-11T01:49:49.236+00:00,1061.000,330.613,99,21717.6,2685,64,measure
2026-09-11T01:49:50.276+00:00,1062.001,340.071,99,21717.6,2685,66,measure
2026-09-11T01:49:51.237+00:00,1063.001,353.819,99,21717.6,2685,63,measure
2026-09-11T01:49:52.237+00:00,1064.002,335.7,99,21717.6,2685,62,measure
2026-09-11T01:49:53.235+00:00,1065.000,325.854,99,21717.6,2685,62,measure
2026-09-11T01:49:54.236+00:00,1066.001,328.528,99,21717.6,2685,61,measure
2026-09-11T01:49:55.237+00:00,1067.001,320.326,99,21717.6,2685,62,measure
2026-09-11T01:49:56.237+00:00,1068.001,312.59,100,21717.6,2685,61,measure
2026-09-11T01:49:57.236+00:00,1069.000,312.628,100,21717.6,2685,64,measure
2026-09-11T01:49:58.235+00:00,1070.000,304.844,99,21717.6,2685,61,measure
2026-09-11T01:49:59.235+00:00,1071.000,308.781,99,21717.6,2685,61,measure
2026-09-11T01:50:00.235+00:00,1072.000,304.869,99,21717.6,2685,61,measure
2026-09-11T01:50:01.235+00:00,1073.001,311.52,99,21717.6,2685,61,measure
2026-09-11T01:50:02.237+00:00,1074.001,307.908,99,21717.6,2685,61,measure
2026-09-11T01:50:03.240+00:00,1075.000,307.135,99,21717.6,2685,63,measure
2026-09-11T01:50:04.236+00:00,1076.001,308.994,100,21717.6,2685,61,measure
2026-09-11T01:50:05.235+00:00,1077.000,308.453,99,21717.6,2685,61,measure
2026-09-11T01:50:06.235+00:00,1078.000,323.546,99,21717.6,2685,61,measure
2026-09-11T01:50:07.235+00:00,1079.000,307.798,99,21717.6,2685,62,measure
2026-09-11T01:50:08.237+00:00,1080.000,331.803,99,21717.6,2685,62,measure
2026-09-11T01:50:09.241+00:00,1081.006,308.331,100,21717.6,2685,62,measure
2026-09-11T01:50:10.235+00:00,1082.000,311.702,99,21717.6,2685,61,measure
2026-09-11T01:50:11.235+00:00,1083.001,308.296,99,21717.6,2685,62,measure
2026-09-11T01:50:12.236+00:00,1084.001,318.912,99,21717.6,2685,63,measure
2026-09-11T01:50:13.235+00:00,1085.000,328.568,99,21717.6,2685,62,measure
2026-09-11T01:50:14.237+00:00,1086.001,309.672,100,21717.6,2685,61,measure
2026-09-11T01:50:15.238+00:00,1087.000,314.015,99,21717.6,2685,61,measure
2026-09-11T01:50:16.270+00:00,1088.005,316.193,99,21717.6,2685,61,measure
2026-09-11T01:50:17.238+00:00,1089.003,345.431,99,21717.6,2685,63,measure
2026-09-11T01:50:18.237+00:00,1090.001,349.159,99,21717.6,2685,64,measure
2026-09-11T01:50:19.236+00:00,1091.001,340.05,99,21717.6,2685,67,measure
2026-09-11T01:50:17.739+00:00,1092.000,323.13,100,21717.6,2685,61,measure
2026-09-11T01:50:18.740+00:00,1093.000,314.707,99,21717.6,2685,61,measure
2026-09-11T01:50:19.737+00:00,1094.000,317.024,99,21717.6,2685,61,measure
2026-09-11T01:50:20.738+00:00,1095.001,324.406,99,21717.6,2685,61,measure
2026-09-11T01:50:21.738+00:00,1096.001,341.513,99,21717.6,2685,64,measure
2026-09-11T01:50:22.738+00:00,1097.001,327.451,99,21717.6,2685,62,measure
2026-09-11T01:50:23.739+00:00,1098.000,327.941,100,21717.6,2685,62,measure
2026-09-11T01:50:24.738+00:00,1099.001,311.664,100,21717.6,2685,61,measure
2026-09-11T01:50:25.737+00:00,1100.000,318.034,99,21717.6,2685,63,measure
2026-09-11T01:50:26.737+00:00,1101.001,317.118,99,21717.6,2685,61,measure
2026-09-11T01:50:27.738+00:00,1102.001,333.199,99,21717.6,2685,65,measure
2026-09-11T01:50:28.738+00:00,1103.001,345.841,100,21717.6,2685,64,measure
2026-09-11T01:50:29.738+00:00,1104.000,340.577,99,21717.6,2685,63,measure
2026-09-11T01:50:30.738+00:00,1105.001,352.722,99,21717.6,2685,62,measure
2026-09-11T01:50:31.737+00:00,1106.000,338.881,99,21717.6,2685,62,measure
2026-09-11T01:50:32.737+00:00,1107.000,319.403,99,21717.6,2685,62,measure
2026-09-11T01:50:33.737+00:00,1108.000,303.505,99,21717.6,2685,61,measure
2026-09-11T01:50:34.737+00:00,1109.000,314.901,99,21717.6,2685,61,measure
2026-09-11T01:50:35.739+00:00,1110.001,310.184,100,21717.6,2685,61,measure
2026-09-11T01:50:36.737+00:00,1111.000,320.25,100,21717.6,2685,62,measure
2026-09-11T01:50:37.737+00:00,1112.001,306.285,99,21717.6,2685,62,measure
2026-09-11T01:50:38.737+00:00,1113.000,311.081,99,21717.6,2685,62,measure
2026-09-11T01:50:39.737+00:00,1114.000,311.869,100,21717.6,2685,61,measure
2026-09-11T01:50:40.737+00:00,1115.000,315.424,99,21717.6,2685,61,measure
2026-09-11T01:50:41.739+00:00,1116.000,320.965,99,21717.6,2685,61,measure
2026-09-11T01:50:42.739+00:00,1117.001,332.116,99,21717.6,2685,63,measure
2026-09-11T01:50:43.737+00:00,1118.000,331.644,100,21717.6,2685,62,measure
2026-09-11T01:50:44.787+00:00,1119.000,329.804,99,21717.6,2685,61,measure
2026-09-11T01:50:45.738+00:00,1120.000,311.379,100,21717.6,2685,61,measure
2026-09-11T01:50:46.737+00:00,1121.000,314.091,99,21717.6,2685,63,measure
2026-09-11T01:50:47.739+00:00,1122.001,309.218,100,21717.6,2685,61,measure
2026-09-11T01:50:48.738+00:00,1123.000,309.891,99,21717.6,2685,61,measure
2026-09-11T01:50:47.238+00:00,1124.000,304.931,99,21717.6,2685,61,measure
2026-09-11T01:50:48.238+00:00,1125.000,307.178,99,21717.6,2685,61,measure
2026-09-11T01:50:49.238+00:00,1126.001,306.159,99,21717.6,2685,62,measure
2026-09-11T01:50:50.238+00:00,1127.000,311.99,99,21717.6,2685,62,measure
2026-09-11T01:50:51.239+00:00,1128.000,329.195,99,21717.6,2685,62,measure
2026-09-11T01:50:52.239+00:00,1129.000,336.509,99,21717.6,2685,62,measure
2026-09-11T01:50:53.238+00:00,1130.001,327.833,100,21717.6,2685,62,measure
2026-09-11T01:50:54.238+00:00,1131.000,306.124,99,21717.6,2685,61,measure
2026-09-11T01:50:55.238+00:00,1132.000,299.608,99,21717.6,2685,62,measure
2026-09-11T01:50:56.239+00:00,1133.001,319.108,99,21717.6,2685,62,measure
2026-09-11T01:50:57.241+00:00,1134.001,328.934,99,21717.6,2685,64,measure
2026-09-11T01:50:58.239+00:00,1135.000,321.335,100,21717.6,2685,62,measure
2026-09-11T01:50:59.238+00:00,1136.001,328.954,99,21717.6,2685,62,measure
2026-09-11T01:51:00.240+00:00,1137.000,340.926,99,21717.6,2685,67,measure
2026-09-11T01:51:01.239+00:00,1138.001,334.168,99,21717.6,2685,62,measure
2026-09-11T01:51:02.238+00:00,1139.000,332.159,99,21717.6,2685,64,measure
2026-09-11T01:51:03.243+00:00,1140.001,313.849,99,21717.6,2685,63,measure
2026-09-11T01:51:04.238+00:00,1141.000,308.073,99,21717.6,2685,61,measure
2026-09-11T01:51:05.238+00:00,1142.000,314.93,100,21717.6,2685,61,measure
2026-09-11T01:51:06.238+00:00,1143.000,312.36,99,21717.6,2685,62,measure
2026-09-11T01:51:07.238+00:00,1144.000,311.372,99,21717.6,2685,61,measure
2026-09-11T01:51:08.239+00:00,1145.000,310.191,99,21717.6,2685,62,measure
2026-09-11T01:51:09.243+00:00,1146.005,332.59,99,21717.6,2685,63,measure
2026-09-11T01:51:10.238+00:00,1147.001,335.94,99,21717.6,2685,62,measure
2026-09-11T01:51:11.238+00:00,1148.001,337.791,99,21717.6,2685,63,measure
2026-09-11T01:51:12.238+00:00,1149.001,323.556,100,21717.6,2685,62,measure
2026-09-11T01:51:13.238+00:00,1150.000,313.669,100,21717.6,2685,61,measure
2026-09-11T01:51:14.240+00:00,1151.001,331.576,99,21717.6,2685,63,measure
2026-09-11T01:51:15.239+00:00,1152.000,339.15,99,21717.6,2655,67,measure
2026-09-11T01:51:16.239+00:00,1153.001,380.557,99,21717.6,2685,71,measure
2026-09-11T01:51:17.238+00:00,1154.000,359.17,99,21717.6,2685,63,measure
2026-09-11T01:51:18.238+00:00,1155.000,350.952,99,21717.6,2685,63,measure
2026-09-11T01:51:19.238+00:00,1156.000,343.065,99,21717.6,2685,64,measure
2026-09-11T01:51:17.737+00:00,1157.000,336.312,99,21717.6,2685,69,measure
2026-09-11T01:51:18.738+00:00,1158.000,338.993,99,21717.6,2685,63,measure
2026-09-11T01:51:19.736+00:00,1159.000,338.349,99,21717.6,2685,63,measure
2026-09-11T01:51:20.737+00:00,1160.001,345.921,99,21717.6,2685,68,measure
2026-09-11T01:51:21.737+00:00,1161.001,335.527,99,21717.6,2685,63,measure
2026-09-11T01:51:22.737+00:00,1162.001,331.515,99,21717.6,2685,63,measure
2026-09-11T01:51:23.737+00:00,1163.000,332.412,99,21717.6,2685,63,measure
2026-09-11T01:51:24.740+00:00,1164.001,314.951,99,21717.6,2685,62,measure
2026-09-11T01:51:25.736+00:00,1165.000,308.278,100,21717.6,2685,61,measure
2026-09-11T01:51:26.737+00:00,1166.001,311.862,99,21717.6,2685,61,measure
2026-09-11T01:51:27.739+00:00,1167.000,329.032,99,21717.6,2685,64,measure
2026-09-11T01:51:28.736+00:00,1168.000,346.427,99,21717.6,2685,62,measure
2026-09-11T01:51:29.740+00:00,1169.002,339.233,99,21717.6,2685,67,measure
2026-09-11T01:51:30.738+00:00,1170.000,332.429,99,21717.6,2685,64,measure
2026-09-11T01:51:31.738+00:00,1171.001,322.076,99,21717.6,2685,63,measure
2026-09-11T01:51:32.737+00:00,1172.000,318.79,100,21717.6,2685,63,measure
2026-09-11T01:51:33.738+00:00,1173.002,338.155,99,21717.6,2685,62,measure
2026-09-11T01:51:34.737+00:00,1174.000,341.923,99,21717.6,2685,63,measure
2026-09-11T01:51:35.739+00:00,1175.001,346.863,99,21717.6,2685,63,measure
2026-09-11T01:51:36.739+00:00,1176.001,320.888,99,21717.6,2685,62,measure
2026-09-11T01:51:37.737+00:00,1177.001,317.419,99,21717.6,2685,62,measure
2026-09-11T01:51:38.736+00:00,1178.000,315.305,99,21717.6,2685,63,measure
2026-09-11T01:51:39.736+00:00,1179.000,337.182,99,21717.6,2685,63,measure
2026-09-11T01:51:40.737+00:00,1180.001,335.012,99,21717.6,2685,63,measure
2026-09-11T01:51:41.738+00:00,1181.000,336.821,99,21717.6,2685,63,measure
2026-09-11T01:51:42.737+00:00,1182.000,328.907,100,21717.6,2685,63,measure
2026-09-11T01:51:43.737+00:00,1183.001,308.69,100,21717.6,2685,62,measure
2026-09-11T01:51:44.751+00:00,1184.001,321.321,99,21717.6,2685,61,measure
2026-09-11T01:51:45.737+00:00,1185.001,313.016,99,21717.6,2685,62,measure
2026-09-11T01:51:46.736+00:00,1186.000,310.093,99,21717.6,2685,61,measure
2026-09-11T01:51:47.743+00:00,1187.001,303.534,99,21717.6,2685,62,measure
2026-09-11T01:51:48.739+00:00,1188.001,310.082,99,21717.6,2685,62,measure
2026-09-11T01:51:47.256+00:00,1189.001,313.51,99,21717.6,2685,62,measure
2026-09-11T01:51:48.257+00:00,1190.001,312.291,99,21717.6,2685,61,measure
2026-09-11T01:51:49.256+00:00,1191.000,307.775,99,21717.6,2685,61,measure
2026-09-11T01:51:50.256+00:00,1192.001,299.743,99,21717.6,2685,62,measure
2026-09-11T01:51:51.258+00:00,1193.001,310.356,99,21717.6,2685,61,measure
2026-09-11T01:51:52.258+00:00,1194.002,309.815,99,21717.6,2685,61,measure
2026-09-11T01:51:53.257+00:00,1195.002,300.331,100,21717.6,2685,61,measure
2026-09-11T01:51:54.257+00:00,1196.002,290.421,99,21717.6,2685,60,measure
2026-09-11T01:51:55.257+00:00,1197.001,289.359,99,21717.6,2685,63,measure
2026-09-11T01:51:56.256+00:00,1198.000,298.929,99,21717.6,2685,61,measure
2026-09-11T01:51:57.258+00:00,1199.001,309.976,99,21717.6,2685,62,measure
2026-09-11T01:51:58.259+00:00,1200.001,321.835,99,21717.6,2685,65,measure
2026-09-11T01:51:59.256+00:00,1201.000,327.474,99,21717.6,2685,62,measure
2026-09-11T01:52:00.256+00:00,1202.001,331.531,99,21717.6,2685,64,measure
2026-09-11T01:52:01.256+00:00,1203.000,335.78,99,21717.6,2685,63,measure
2026-09-11T01:52:02.256+00:00,1204.000,330.935,99,21717.6,2685,63,measure
2026-09-11T01:52:03.273+00:00,1205.001,346.583,99,21717.6,2685,64,measure
2026-09-11T01:52:04.260+00:00,1206.001,359.674,99,21717.6,2685,64,measure
2026-09-11T01:52:05.257+00:00,1207.001,338.654,99,21717.6,2685,62,measure
2026-09-11T01:52:06.256+00:00,1208.000,343.614,99,21717.6,2685,62,measure
2026-09-11T01:52:07.257+00:00,1209.001,321.878,99,21717.6,2685,61,measure
2026-09-11T01:52:08.256+00:00,1210.000,305.442,99,21717.6,2685,61,measure
2026-09-11T01:52:09.258+00:00,1211.001,314.409,99,21717.6,2685,63,measure
2026-09-11T01:52:10.260+00:00,1212.004,303.009,100,21717.6,2685,61,measure
2026-09-11T01:52:11.258+00:00,1213.002,322.232,99,21717.6,2685,63,measure
2026-09-11T01:52:12.257+00:00,1214.001,328.354,99,21717.6,2685,62,measure
2026-09-11T01:52:13.256+00:00,1215.000,319.408,99,21717.6,2685,62,measure
2026-09-11T01:52:14.256+00:00,1216.001,317.401,99,21717.6,2685,64,measure
2026-09-11T01:52:15.258+00:00,1217.001,304.767,100,21717.6,2685,61,measure
2026-09-11T01:52:16.257+00:00,1218.000,316.316,99,21717.6,2685,61,measure
2026-09-11T01:52:17.256+00:00,1219.000,327.756,99,21717.6,2685,62,measure
2026-09-11T01:52:18.256+00:00,1220.000,331.517,99,21717.6,2685,65,measure
2026-09-11T01:52:16.775+00:00,1221.001,339.424,99,21717.6,2685,63,measure
2026-09-11T01:52:17.774+00:00,1222.001,349.169,99,21717.6,2685,65,measure
2026-09-11T01:52:18.779+00:00,1223.001,354.556,99,21717.6,2685,64,measure
2026-09-11T01:52:19.776+00:00,1224.000,341.339,99,21717.6,2685,63,measure
2026-09-11T01:52:20.774+00:00,1225.000,327.594,99,21717.6,2685,62,measure
2026-09-11T01:52:21.776+00:00,1226.002,335.723,99,21717.6,2685,63,measure
2026-09-11T01:52:22.775+00:00,1227.000,336.121,99,21717.6,2685,62,measure
2026-09-11T01:52:23.782+00:00,1228.004,348.294,99,21717.6,2685,64,measure
2026-09-11T01:52:24.775+00:00,1229.000,336.616,99,21717.6,2685,63,measure
2026-09-11T01:52:25.775+00:00,1230.000,333.857,99,21717.6,2685,63,measure
2026-09-11T01:52:26.775+00:00,1231.002,318.811,99,21717.6,2685,64,measure
2026-09-11T01:52:27.775+00:00,1232.001,309.873,99,21717.6,2685,62,measure
2026-09-11T01:52:28.774+00:00,1233.001,316.312,99,21717.6,2685,64,measure
2026-09-11T01:52:29.774+00:00,1234.000,312.668,99,21717.6,2685,62,measure
2026-09-11T01:52:30.775+00:00,1235.000,308.56,100,21717.6,2685,61,measure
2026-09-11T01:52:31.775+00:00,1236.001,307.47,99,21717.6,2685,61,measure
2026-09-11T01:52:32.774+00:00,1237.000,309.663,99,21717.6,2685,62,measure
2026-09-11T01:52:33.774+00:00,1238.000,311.294,99,21717.6,2685,61,measure
2026-09-11T01:52:34.774+00:00,1239.001,314.395,99,21717.6,2685,64,measure
2026-09-11T01:52:35.775+00:00,1240.001,312.982,99,21717.6,2685,61,measure
2026-09-11T01:52:36.775+00:00,1241.000,315.333,99,21717.6,2685,62,measure
2026-09-11T01:52:37.776+00:00,1242.003,318.887,99,21717.6,2685,61,measure
2026-09-11T01:52:38.776+00:00,1243.002,322.396,99,21717.6,2685,64,measure
2026-09-11T01:52:39.776+00:00,1244.000,337.154,99,21717.6,2685,65,measure
2026-09-11T01:52:40.774+00:00,1245.001,331.529,99,21717.6,2685,61,measure
2026-09-11T01:52:41.782+00:00,1246.006,325.511,100,21717.6,2685,62,measure
2026-09-11T01:52:42.779+00:00,1247.000,307.364,99,21717.6,2685,61,measure
2026-09-11T01:52:43.774+00:00,1248.001,303.414,99,21717.6,2685,61,measure
2026-09-11T01:52:44.775+00:00,1249.001,300.505,99,21717.6,2685,61,measure
2026-09-11T01:52:45.774+00:00,1250.000,316.7,99,21717.6,2685,62,measure
2026-09-11T01:52:46.776+00:00,1251.002,320.837,99,21717.6,2685,61,measure
2026-09-11T01:52:47.776+00:00,1252.000,327.766,99,21717.6,2685,62,measure
2026-09-11T01:52:48.775+00:00,1253.000,326.255,99,21717.6,2685,64,measure
2026-09-11T01:52:47.277+00:00,1254.000,306.755,100,21717.6,2685,61,measure
2026-09-11T01:52:48.277+00:00,1255.000,307.378,99,21717.6,2685,61,measure
2026-09-11T01:52:49.277+00:00,1256.000,307.4,99,21717.6,2685,62,measure
2026-09-11T01:52:50.277+00:00,1257.000,317.118,100,21717.6,2685,61,measure
2026-09-11T01:52:51.280+00:00,1258.002,320.628,99,21717.6,2685,61,measure
2026-09-11T01:52:52.279+00:00,1259.001,349.064,99,21717.6,2685,65,measure
2026-09-11T01:52:53.280+00:00,1260.001,339.464,99,21717.6,2685,63,measure
2026-09-11T01:52:54.278+00:00,1261.001,346.283,99,21717.6,2685,66,measure
2026-09-11T01:52:55.278+00:00,1262.001,334.112,99,21717.6,2685,65,measure
2026-09-11T01:52:56.278+00:00,1263.001,333.709,99,21717.6,2685,62,measure
2026-09-11T01:52:57.279+00:00,1264.001,320.446,100,21717.6,2685,63,measure
2026-09-11T01:52:58.283+00:00,1265.006,318.339,99,21717.6,2685,61,measure
2026-09-11T01:52:59.284+00:00,1266.007,331.868,99,21717.6,2685,63,measure
2026-09-11T01:53:00.280+00:00,1267.003,331.718,99,21717.6,2685,63,measure
2026-09-11T01:53:01.278+00:00,1268.001,325.679,99,21717.6,2685,63,measure
2026-09-11T01:53:02.277+00:00,1269.000,305.217,100,21717.6,2685,61,measure
2026-09-11T01:53:03.279+00:00,1270.001,294.193,99,21717.6,2685,60,measure
2026-09-11T01:53:04.279+00:00,1271.001,295.429,99,21717.6,2685,61,measure
2026-09-11T01:53:05.278+00:00,1272.001,308.042,99,21717.6,2685,63,measure
2026-09-11T01:53:06.277+00:00,1273.000,299.205,99,21717.6,2685,61,measure
2026-09-11T01:53:07.279+00:00,1274.000,310.078,100,21717.6,2685,61,measure
2026-09-11T01:53:08.278+00:00,1275.001,318.325,99,21717.6,2685,63,measure
2026-09-11T01:53:09.280+00:00,1276.002,332.929,99,21717.6,2685,62,measure
2026-09-11T01:53:10.280+00:00,1277.001,333.454,99,21717.6,2685,63,measure
2026-09-11T01:53:11.277+00:00,1278.000,353.214,99,21717.6,2685,66,measure
2026-09-11T01:53:12.278+00:00,1279.001,332.129,100,21717.6,2685,62,measure
2026-09-11T01:53:13.278+00:00,1280.002,324.314,99,21717.6,2685,62,measure
2026-09-11T01:53:14.288+00:00,1281.005,301.484,99,21717.6,2685,61,measure
2026-09-11T01:53:15.279+00:00,1282.001,309.344,99,21717.6,2685,61,measure
2026-09-11T01:53:16.280+00:00,1283.001,317.529,99,21717.6,2685,62,measure
2026-09-11T01:53:17.280+00:00,1284.003,338.896,99,21717.6,2685,62,measure
2026-09-11T01:53:18.277+00:00,1285.000,338.442,99,21717.6,2610,63,measure
2026-09-11T01:53:19.277+00:00,1286.000,332.899,99,21717.6,2685,63,measure
2026-09-11T01:53:17.762+00:00,1287.006,316.407,99,21717.6,2685,61,measure
2026-09-11T01:53:18.762+00:00,1288.004,317.356,100,21717.6,2685,62,measure
2026-09-11T01:53:19.757+00:00,1289.002,310.171,100,21717.6,2685,61,measure
2026-09-11T01:53:20.755+00:00,1290.000,312.853,99,21717.6,2685,61,measure
2026-09-11T01:53:21.755+00:00,1291.000,314.359,99,21717.6,2685,61,measure
2026-09-11T01:53:22.762+00:00,1292.007,314.678,99,21717.6,2685,62,measure
2026-09-11T01:53:23.760+00:00,1293.003,308.116,99,21717.6,2685,61,measure
2026-09-11T01:53:24.772+00:00,1294.003,326.972,99,21717.6,2685,61,measure
2026-09-11T01:53:25.772+00:00,1295.017,341.971,99,21717.6,2685,63,measure
2026-09-11T01:53:26.756+00:00,1296.002,356.009,99,21717.6,2685,66,measure
2026-09-11T01:53:27.756+00:00,1297.001,351.346,99,21717.6,2685,67,measure
2026-09-11T01:53:28.781+00:00,1298.017,345.51,99,21717.6,2685,68,measure
2026-09-11T01:53:29.756+00:00,1299.002,325.436,100,21717.6,2685,62,measure
2026-09-11T01:53:30.766+00:00,1300.011,313.686,100,21717.6,2685,62,measure
2026-09-11T01:53:31.758+00:00,1301.003,304.306,99,21717.6,2685,65,measure
2026-09-11T01:53:32.776+00:00,1302.017,311.749,99,21717.6,2685,62,measure
2026-09-11T01:53:33.761+00:00,1303.007,310.83,99,21717.6,2685,63,measure
2026-09-11T01:53:34.765+00:00,1304.009,312.959,100,21717.6,2685,62,measure
2026-09-11T01:53:35.756+00:00,1305.001,320.427,99,21717.6,2685,63,measure
2026-09-11T01:53:36.763+00:00,1306.007,334.956,99,21717.6,2685,66,measure
2026-09-11T01:53:37.766+00:00,1307.011,343.696,100,21717.6,2685,64,measure
2026-09-11T01:53:38.757+00:00,1308.003,342.416,99,21717.6,2685,67,measure
2026-09-11T01:53:39.761+00:00,1309.006,348.691,99,21717.6,2685,62,measure
2026-09-11T01:53:40.755+00:00,1310.000,333.719,99,21717.6,2685,63,measure
2026-09-11T01:53:41.762+00:00,1311.006,327.703,100,21717.6,2685,63,measure
2026-09-11T01:53:42.769+00:00,1312.013,308.392,99,21717.6,2685,61,measure
2026-09-11T01:53:43.757+00:00,1313.001,320.992,99,21717.6,2685,61,measure
2026-09-11T01:53:44.755+00:00,1314.000,308.004,99,21717.6,2685,61,measure
2026-09-11T01:53:45.755+00:00,1315.001,315.299,99,21717.6,2685,61,measure
2026-09-11T01:53:46.755+00:00,1316.001,309.636,100,21717.6,2685,63,measure
2026-09-11T01:53:47.755+00:00,1317.001,313.428,99,21717.6,2685,63,measure
2026-09-11T01:53:48.756+00:00,1318.000,314.911,100,21717.6,2685,62,measure
2026-09-11T01:53:47.259+00:00,1319.000,311.489,99,21717.6,2685,62,measure
2026-09-11T01:53:48.258+00:00,1320.000,331.967,99,21717.6,2685,63,measure
2026-09-11T01:53:49.259+00:00,1321.001,347.34,99,21717.6,2685,64,measure
2026-09-11T01:53:50.258+00:00,1322.000,349.521,99,21717.6,2685,64,measure
2026-09-11T01:53:51.258+00:00,1323.000,336.619,99,21717.6,2685,63,measure
2026-09-11T01:53:52.259+00:00,1324.001,316.379,99,21717.6,2685,61,measure
2026-09-11T01:53:53.258+00:00,1325.000,305.653,99,21717.6,2685,61,measure
2026-09-11T01:53:54.257+00:00,1326.000,292.979,99,21717.6,2685,61,measure
2026-09-11T01:53:55.258+00:00,1327.001,294.191,99,21717.6,2685,60,measure
2026-09-11T01:53:56.258+00:00,1328.000,289.001,99,21717.6,2685,61,measure
2026-09-11T01:53:57.257+00:00,1329.000,289.302,99,21717.6,2685,60,measure
2026-09-11T01:53:58.263+00:00,1330.005,292.951,99,21717.6,2685,62,measure
2026-09-11T01:53:59.259+00:00,1331.001,292.462,100,21717.6,2685,60,measure
2026-09-11T01:54:00.262+00:00,1332.004,309.407,99,21717.6,2685,61,measure
2026-09-11T01:54:01.266+00:00,1333.008,315.523,99,21717.6,2685,61,measure
2026-09-11T01:54:02.258+00:00,1334.001,313.22,100,21717.6,2685,61,measure
2026-09-11T01:54:03.258+00:00,1335.001,318.12,99,21717.6,2685,63,measure
2026-09-11T01:54:04.259+00:00,1336.000,310.638,99,21717.6,2685,61,measure
2026-09-11T01:54:05.259+00:00,1337.001,312.36,99,21717.6,2685,61,measure
2026-09-11T01:54:06.258+00:00,1338.001,320.213,100,21717.6,2685,61,measure
2026-09-11T01:54:07.258+00:00,1339.000,320.017,99,21717.6,2685,65,measure
2026-09-11T01:54:08.258+00:00,1340.001,337.371,99,21717.6,2685,62,measure
2026-09-11T01:54:09.261+00:00,1341.002,314.21,99,21717.6,2685,61,measure
2026-09-11T01:54:10.259+00:00,1342.000,308.862,99,21717.6,2685,64,measure
2026-09-11T01:54:11.259+00:00,1343.000,313.086,99,21717.6,2685,62,measure
2026-09-11T01:54:12.258+00:00,1344.001,311.569,99,21717.6,2685,61,measure
2026-09-11T01:54:13.264+00:00,1345.006,322.377,99,21717.6,2685,63,measure
2026-09-11T01:54:14.258+00:00,1346.001,325.46,99,21717.6,2685,62,measure
2026-09-11T01:54:15.259+00:00,1347.001,313.563,99,21717.6,2685,62,measure
2026-09-11T01:54:16.259+00:00,1348.001,316.89,99,21717.6,2685,61,measure
2026-09-11T01:54:17.259+00:00,1349.001,319.449,99,21717.6,2685,63,measure
2026-09-11T01:54:18.259+00:00,1350.002,315.326,99,21717.6,2685,62,measure
2026-09-11T01:54:19.260+00:00,1351.001,307.997,99,21717.6,2685,61,measure
2026-09-11T01:54:17.757+00:00,1352.001,299.66,99,21717.6,2685,60,measure
2026-09-11T01:54:18.758+00:00,1353.001,300.822,99,21717.6,2685,62,measure
2026-09-11T01:54:19.761+00:00,1354.003,316.005,99,21717.6,2685,63,measure
2026-09-11T01:54:20.760+00:00,1355.004,308.586,99,21717.6,2685,61,measure
2026-09-11T01:54:21.757+00:00,1356.000,314.465,99,21717.6,2685,61,measure
2026-09-11T01:54:22.758+00:00,1357.002,321.928,100,21717.6,2685,61,measure
2026-09-11T01:54:23.758+00:00,1358.001,318.977,99,21717.6,2685,63,measure
2026-09-11T01:54:24.758+00:00,1359.001,327.341,99,21717.6,2685,64,measure
2026-09-11T01:54:25.758+00:00,1360.000,333,99,21717.6,2685,62,measure
2026-09-11T01:54:26.758+00:00,1361.001,331.645,99,21717.6,2685,62,measure
2026-09-11T01:54:27.757+00:00,1362.001,313.157,100,21717.6,2685,61,measure
2026-09-11T01:54:28.757+00:00,1363.000,314.21,99,21717.6,2685,61,measure
2026-09-11T01:54:29.761+00:00,1364.004,315.407,99,21717.6,2685,61,measure
2026-09-11T01:54:30.758+00:00,1365.001,306.701,99,21717.6,2685,61,measure
2026-09-11T01:54:31.758+00:00,1366.000,309.656,99,21717.6,2685,62,measure
2026-09-11T01:54:32.757+00:00,1367.000,323.04,99,21717.6,2685,63,measure
2026-09-11T01:54:33.757+00:00,1368.000,346.286,99,21717.6,2685,63,measure
2026-09-11T01:54:34.759+00:00,1369.002,348.684,100,21717.6,2685,62,measure
2026-09-11T01:54:35.758+00:00,1370.002,355.142,99,21717.6,2685,66,measure
2026-09-11T01:54:36.759+00:00,1371.001,326.198,99,21717.6,2685,62,measure
2026-09-11T01:54:37.760+00:00,1372.001,326.009,99,21717.6,2685,62,measure
2026-09-11T01:54:38.757+00:00,1373.000,324.72,99,21717.6,2685,61,measure
2026-09-11T01:54:39.757+00:00,1374.001,320.341,99,21717.6,2685,62,measure
2026-09-11T01:54:40.758+00:00,1375.001,324.741,99,21717.6,2685,61,measure
2026-09-11T01:54:41.757+00:00,1376.000,310.482,99,21717.6,2685,62,measure
2026-09-11T01:54:42.759+00:00,1377.001,306.821,99,21717.6,2685,62,measure
2026-09-11T01:54:43.758+00:00,1378.001,295.184,99,21717.6,2685,61,measure
2026-09-11T01:54:44.757+00:00,1379.000,295.05,99,21717.6,2685,61,measure
2026-09-11T01:54:45.757+00:00,1380.001,313.748,99,21717.6,2685,64,measure
2026-09-11T01:54:46.759+00:00,1381.001,335.755,99,21717.6,2685,62,measure
2026-09-11T01:54:47.758+00:00,1382.001,330.895,99,21717.6,2685,65,measure
2026-09-11T01:54:48.760+00:00,1383.002,337.378,99,21717.6,2685,63,measure
2026-09-11T01:54:47.255+00:00,1384.002,314.173,99,21717.6,2685,61,measure
2026-09-11T01:54:48.252+00:00,1385.000,310.6,99,21717.6,2685,61,measure
2026-09-11T01:54:49.253+00:00,1386.001,309.732,99,21717.6,2685,62,measure
2026-09-11T01:54:50.253+00:00,1387.001,321.272,99,21717.6,2685,61,measure
2026-09-11T01:54:51.253+00:00,1388.001,333.042,99,21717.6,2685,61,measure
2026-09-11T01:54:52.255+00:00,1389.001,356.484,99,21717.6,2685,63,measure
2026-09-11T01:54:53.254+00:00,1390.001,346.538,100,21717.6,2685,62,measure
2026-09-11T01:54:54.253+00:00,1391.001,338.264,100,21717.6,2685,63,measure
2026-09-11T01:54:55.253+00:00,1392.001,327.321,100,21717.6,2685,62,measure
2026-09-11T01:54:56.254+00:00,1393.002,309.196,99,21717.6,2685,61,measure
2026-09-11T01:54:57.252+00:00,1394.000,315.647,99,21717.6,2685,61,measure
2026-09-11T01:54:58.255+00:00,1395.001,316.828,99,21717.6,2685,61,measure
2026-09-11T01:54:59.255+00:00,1396.002,306.34,99,21717.6,2685,62,measure
2026-09-11T01:55:00.254+00:00,1397.000,328.105,99,21717.6,2685,67,measure
2026-09-11T01:55:01.280+00:00,1398.001,351.952,99,21717.6,2685,63,measure
2026-09-11T01:55:02.252+00:00,1399.000,346.211,99,21717.6,2685,63,measure
2026-09-11T01:55:03.253+00:00,1400.001,340.496,100,21717.6,2685,65,measure
2026-09-11T01:55:04.259+00:00,1401.001,317.753,99,21717.6,2685,62,measure
2026-09-11T01:55:05.254+00:00,1402.002,323.625,99,21717.6,2685,63,measure
2026-09-11T01:55:06.254+00:00,1403.002,314.449,99,21717.6,2685,63,measure
2026-09-11T01:55:07.253+00:00,1404.001,318.584,99,21717.6,2685,62,measure
2026-09-11T01:55:08.253+00:00,1405.001,317.364,100,21717.6,2685,61,measure
2026-09-11T01:55:09.252+00:00,1406.000,334.473,99,21717.6,2685,62,measure
2026-09-11T01:55:10.255+00:00,1407.001,330.804,99,21717.6,2685,63,measure
2026-09-11T01:55:11.254+00:00,1408.000,328.469,99,21717.6,2685,64,measure
2026-09-11T01:55:12.253+00:00,1409.001,340.414,99,21717.6,2685,63,measure
2026-09-11T01:55:13.254+00:00,1410.002,344.84,99,21717.6,2685,63,measure
2026-09-11T01:55:14.254+00:00,1411.002,352.241,99,21717.6,2685,63,measure
2026-09-11T01:55:15.253+00:00,1412.001,334.01,99,21717.6,2685,65,measure
2026-09-11T01:55:16.254+00:00,1413.001,351.008,99,21717.6,2685,63,measure
2026-09-11T01:55:17.255+00:00,1414.001,346.755,99,21717.6,2685,63,measure
2026-09-11T01:55:18.252+00:00,1415.001,344.326,99,21717.6,2685,67,measure
2026-09-11T01:55:19.253+00:00,1416.001,333.128,99,21717.6,2685,63,measure
2026-09-11T01:55:17.748+00:00,1417.001,313.462,99,21717.6,2685,62,measure
2026-09-11T01:55:18.749+00:00,1418.001,318.887,99,21717.6,2685,62,measure
2026-09-11T01:55:19.749+00:00,1419.000,308.884,99,21717.6,2685,62,measure
2026-09-11T01:55:20.749+00:00,1420.000,322.223,99,21717.6,2685,64,measure
2026-09-11T01:55:21.749+00:00,1421.001,310.739,99,21717.6,2685,62,measure
2026-09-11T01:55:22.748+00:00,1422.001,305.861,100,21717.6,2685,61,measure
2026-09-11T01:55:23.748+00:00,1423.001,303.412,99,21717.6,2685,61,measure
2026-09-11T01:55:24.749+00:00,1424.001,316.837,99,21717.6,2685,61,measure
2026-09-11T01:55:25.758+00:00,1425.010,320.286,99,21717.6,2685,63,measure
2026-09-11T01:55:26.754+00:00,1426.006,325.523,99,21717.6,2685,61,measure
2026-09-11T01:55:27.752+00:00,1427.005,316.501,99,21717.6,2685,64,measure
2026-09-11T01:55:28.752+00:00,1428.004,309.373,100,21717.6,2685,61,measure
2026-09-11T01:55:29.750+00:00,1429.002,298.564,99,21717.6,2685,61,measure
2026-09-11T01:55:30.752+00:00,1430.003,296.454,99,21717.6,2685,60,measure
2026-09-11T01:55:31.750+00:00,1431.001,309.996,99,21717.6,2685,62,measure
2026-09-11T01:55:32.749+00:00,1432.001,312.993,99,21717.6,2685,63,measure
2026-09-11T01:55:33.748+00:00,1433.000,332.51,99,21717.6,2685,63,measure
2026-09-11T01:55:34.748+00:00,1434.000,320.499,100,21717.6,2685,63,measure
2026-09-11T01:55:35.748+00:00,1435.000,339.08,100,21717.6,2685,64,measure
2026-09-11T01:55:36.750+00:00,1436.002,337.093,99,21717.6,2685,63,measure
2026-09-11T01:55:37.750+00:00,1437.001,323.106,99,21717.6,2685,62,measure
2026-09-11T01:55:38.749+00:00,1438.001,312.3,99,21717.6,2685,63,measure
2026-09-11T01:55:39.749+00:00,1439.001,303.356,99,21717.6,2685,61,measure
2026-09-11T01:55:40.748+00:00,1440.000,316.29,99,21717.6,2685,65,measure
2026-09-11T01:55:41.752+00:00,1441.004,324.31,100,21717.6,2685,62,measure
2026-09-11T01:55:42.748+00:00,1442.001,323.884,99,21717.6,2685,63,measure
2026-09-11T01:55:43.783+00:00,1443.035,320.48,99,21717.6,2685,61,measure
2026-09-11T01:55:44.800+00:00,1444.053,312.518,99,21717.6,2685,61,measure
2026-09-11T01:55:45.767+00:00,1445.017,340.116,99,21717.6,2685,63,measure
2026-09-11T01:55:46.830+00:00,1446.082,328.266,99,21717.6,2685,64,measure
2026-09-11T01:55:47.748+00:00,1447.000,323.823,99,21717.6,2685,63,measure
2026-09-11T01:55:48.748+00:00,1448.000,311.458,99,21717.6,2685,61,measure
2026-09-11T01:55:47.248+00:00,1449.000,311.42,99,21717.6,2685,61,measure
2026-09-11T01:55:48.247+00:00,1450.001,314.454,99,21717.6,2685,64,measure
2026-09-11T01:55:49.247+00:00,1451.001,310.197,100,21717.6,2685,64,measure
2026-09-11T01:55:50.246+00:00,1452.000,311.827,99,21717.6,2685,62,measure
2026-09-11T01:55:51.246+00:00,1453.000,330.628,99,21717.6,2685,63,measure
2026-09-11T01:55:52.247+00:00,1454.000,306.868,99,21717.6,2685,61,measure
2026-09-11T01:55:53.248+00:00,1455.001,302.586,100,21717.6,2685,61,measure
2026-09-11T01:55:54.247+00:00,1456.001,307.251,99,21717.6,2685,61,measure
2026-09-11T01:55:55.246+00:00,1457.001,314.9,99,21717.6,2685,61,measure
2026-09-11T01:55:56.249+00:00,1458.001,332.562,99,21717.6,2685,62,measure
2026-09-11T01:55:57.250+00:00,1459.004,327.715,99,21717.6,2685,62,measure
2026-09-11T01:55:58.254+00:00,1460.008,320.357,99,21717.6,2685,62,measure
2026-09-11T01:55:59.251+00:00,1461.000,313.839,99,21717.6,2685,63,measure
2026-09-11T01:56:00.246+00:00,1462.000,312.323,99,21717.6,2685,62,measure
2026-09-11T01:56:01.247+00:00,1463.001,303.218,99,21717.6,2685,62,measure
2026-09-11T01:56:02.247+00:00,1464.001,311.333,99,21717.6,2685,64,measure
2026-09-11T01:56:03.247+00:00,1465.001,310.739,100,21717.6,2685,61,measure
2026-09-11T01:56:04.251+00:00,1466.003,311.079,100,21717.6,2685,61,measure
2026-09-11T01:56:05.248+00:00,1467.001,321.839,99,21717.6,2685,62,measure
2026-09-11T01:56:06.246+00:00,1468.001,327.803,99,21717.6,2685,64,measure
2026-09-11T01:56:07.247+00:00,1469.001,331.355,100,21717.6,2685,62,measure
2026-09-11T01:56:08.247+00:00,1470.001,334.665,99,21717.6,2685,62,measure
2026-09-11T01:56:09.247+00:00,1471.001,337.136,99,21717.6,2685,63,measure
2026-09-11T01:56:10.249+00:00,1472.001,344.341,99,21717.6,2685,64,measure
2026-09-11T01:56:11.247+00:00,1473.000,346.229,99,21717.6,2685,63,measure
2026-09-11T01:56:12.247+00:00,1474.001,332.809,99,21717.6,2685,62,measure
2026-09-11T01:56:13.247+00:00,1475.001,323.947,99,21717.6,2685,64,measure
2026-09-11T01:56:14.247+00:00,1476.001,325.607,99,21717.6,2685,62,measure
2026-09-11T01:56:15.246+00:00,1477.001,321.404,99,21717.6,2685,61,measure
2026-09-11T01:56:16.248+00:00,1478.001,321.934,99,21717.6,2685,61,measure
2026-09-11T01:56:17.249+00:00,1479.002,332.428,99,21717.6,2685,62,measure
2026-09-11T01:56:18.247+00:00,1480.001,332.905,99,21717.6,2685,63,measure
2026-09-11T01:56:19.246+00:00,1481.000,349.324,99,21717.6,2685,66,measure
2026-09-11T01:56:17.743+00:00,1482.001,350.601,99,21717.6,2685,63,measure
2026-09-11T01:56:18.743+00:00,1483.001,352.964,99,21717.6,2655,67,measure
2026-09-11T01:56:19.749+00:00,1484.005,345.214,99,21717.6,2685,63,measure
2026-09-11T01:56:20.744+00:00,1485.002,330.441,100,21717.6,2685,62,measure
2026-09-11T01:56:21.742+00:00,1486.001,318.77,99,21717.6,2685,62,measure
2026-09-11T01:56:22.742+00:00,1487.000,321.746,100,21717.6,2685,65,measure
2026-09-11T01:56:23.748+00:00,1488.002,326.836,99,21717.6,2685,63,measure
2026-09-11T01:56:24.742+00:00,1489.000,336.75,99,21717.6,2685,64,measure
2026-09-11T01:56:25.744+00:00,1490.001,322.879,99,21717.6,2685,62,measure
2026-09-11T01:56:26.745+00:00,1491.002,323.759,99,21717.6,2685,62,measure
2026-09-11T01:56:27.742+00:00,1492.001,313.623,99,21717.6,2685,62,measure
2026-09-11T01:56:28.742+00:00,1493.000,309.945,99,21717.6,2685,62,measure
2026-09-11T01:56:29.742+00:00,1494.000,312.151,99,21717.6,2685,62,measure
2026-09-11T01:56:30.743+00:00,1495.001,320.889,99,21717.6,2685,64,measure
2026-09-11T01:56:31.745+00:00,1496.002,306.26,99,21717.6,2685,63,measure
2026-09-11T01:56:32.745+00:00,1497.001,333.31,99,21717.6,2685,63,measure
2026-09-11T01:56:33.743+00:00,1498.002,337.16,99,21717.6,2685,64,measure
2026-09-11T01:56:34.743+00:00,1499.001,328.561,99,21717.6,2685,63,measure
2026-09-11T01:56:35.742+00:00,1500.000,315.555,99,21717.6,2685,61,measure
2026-09-11T01:56:36.742+00:00,1501.000,309.561,100,21717.6,2685,61,measure
2026-09-11T01:56:37.745+00:00,1502.002,315.594,99,21717.6,2685,62,measure
2026-09-11T01:56:38.743+00:00,1503.001,316.89,100,21717.6,2685,62,measure
2026-09-11T01:56:39.742+00:00,1504.001,306.727,99,21717.6,2685,62,measure
2026-09-11T01:56:40.747+00:00,1505.005,322.349,99,21717.6,2685,62,measure
2026-09-11T01:56:41.742+00:00,1506.001,305.823,99,21717.6,2685,61,measure
2026-09-11T01:56:42.748+00:00,1507.005,294.286,100,21717.6,2685,61,measure
2026-09-11T01:56:43.748+00:00,1508.001,198.155,0,21717.6,2700,55,measure
2026-09-11T01:56:44.743+00:00,1509.001,104.174,0,21717.6,2700,54,measure
2026-09-11T01:56:45.742+00:00,1510.000,71.891,0,21717.6,465,53,measure
2026-09-11T01:56:46.743+00:00,1511.001,54.373,0,21717.6,345,53,measure
2026-09-11T01:56:47.752+00:00,1512.010,30.289,0,21717.6,255,51,measure
2026-09-11T01:56:48.742+00:00,1513.000,21.234,0,21717.6,210,51,measure
2026-09-11T01:56:47.239+00:00,1514.001,18.661,0,21717.6,210,50,measure
2026-09-11T01:56:48.236+00:00,1515.000,18.661,0,21717.6,210,50,measure
2026-09-11T01:56:49.237+00:00,1516.001,18.11,0,21717.6,210,50,measure
2026-09-11T01:56:50.237+00:00,1517.000,18.12,0,21717.6,210,49,measure
2026-09-11T01:56:51.237+00:00,1518.001,18.191,0,21717.6,210,49,measure
2026-09-11T01:56:52.237+00:00,1519.001,17.816,0,21717.6,210,49,measure
2026-09-11T01:56:53.239+00:00,1520.004,17.463,0,21717.6,210,49,measure
2026-09-11T01:56:54.242+00:00,1521.006,17.288,0,21717.6,210,48,measure
2026-09-11T01:56:55.237+00:00,1522.000,17.176,0,21717.6,210,48,measure
2026-09-11T01:56:56.237+00:00,1523.001,16.982,0,21717.6,210,48,measure
2026-09-11T01:56:57.237+00:00,1524.000,16.863,0,21717.6,210,48,measure
2026-09-11T01:56:58.237+00:00,1525.001,16.801,0,21717.6,210,48,measure
2026-09-11T01:56:59.242+00:00,1526.004,16.581,1,21717.6,210,47,measure
2026-09-11T01:57:00.306+00:00,1527.070,16.567,0,21717.6,210,47,measure
2026-09-11T01:57:01.244+00:00,1528.008,16.567,0,21717.6,210,47,measure
2026-09-11T01:57:02.236+00:00,1529.000,16.559,0,21717.6,210,47,measure
2026-09-11T01:57:03.237+00:00,1530.001,16.618,0,21717.6,210,47,measure
2026-09-11T01:57:04.237+00:00,1531.001,16.537,0,21717.6,210,46,measure
2026-09-11T01:57:05.237+00:00,1532.001,16.453,0,21717.6,210,46,measure
2026-09-11T01:57:06.237+00:00,1533.000,16.505,0,21717.6,210,46,measure
2026-09-11T01:57:07.237+00:00,1534.000,16.552,0,21717.6,210,46,measure
2026-09-11T01:57:08.236+00:00,1535.000,16.353,0,21717.6,210,46,measure
2026-09-11T01:57:09.237+00:00,1536.001,16.22,0,21717.6,210,46,measure
2026-09-11T01:57:10.237+00:00,1537.001,16.632,0,21717.6,210,46,measure
2026-09-11T01:57:11.237+00:00,1538.001,16.503,0,21717.6,210,45,measure
2026-09-11T01:57:12.237+00:00,1539.000,15.98,0,21717.6,210,45,measure
2026-09-11T01:57:13.237+00:00,1540.000,15.705,0,21717.6,210,45,measure
2026-09-11T01:57:14.237+00:00,1541.001,15.705,0,21717.6,210,45,measure
2026-09-11T01:57:15.237+00:00,1542.001,15.292,0,21717.6,210,45,measure
2026-09-11T01:57:16.237+00:00,1543.000,15.237,0,21717.6,210,45,measure
2026-09-11T01:57:17.239+00:00,1544.001,15.357,0,21717.6,210,45,measure
2026-09-11T01:57:18.237+00:00,1545.001,15.353,0,21717.6,210,45,measure
2026-09-11T01:57:19.238+00:00,1546.002,15.242,0,21717.6,210,44,measure
2026-09-11T01:57:17.718+00:00,1547.001,15.303,0,21717.6,210,44,measure
2026-09-11T01:57:18.718+00:00,1548.000,15.261,0,21717.6,210,44,measure
2026-09-11T01:57:19.718+00:00,1549.000,15.223,0,21717.6,210,44,measure
2026-09-11T01:57:20.718+00:00,1550.000,15.348,0,21717.6,210,44,measure
2026-09-11T01:57:21.788+00:00,1551.070,15.209,0,21717.6,210,44,measure
2026-09-11T01:57:22.722+00:00,1552.004,15.158,0,21717.6,210,44,measure
2026-09-11T01:57:23.718+00:00,1553.000,15.227,0,21717.6,210,44,measure
2026-09-11T01:57:24.720+00:00,1554.003,15.227,0,21717.6,210,44,measure
2026-09-11T01:57:25.724+00:00,1555.006,15.119,0,21717.6,210,43,measure
2026-09-11T01:57:26.721+00:00,1556.003,14.966,0,21717.6,210,43,measure
2026-09-11T01:57:27.721+00:00,1557.004,14.997,0,21717.6,210,43,measure
2026-09-11T01:57:28.724+00:00,1558.006,15.034,0,21717.6,210,43,measure
2026-09-11T01:57:29.719+00:00,1559.001,14.927,0,21717.6,210,43,measure
2026-09-11T01:57:30.722+00:00,1560.004,14.803,0,21717.6,210,43,measure
2026-09-11T01:57:31.725+00:00,1561.006,14.811,0,21717.6,210,43,measure
2026-09-11T01:57:32.721+00:00,1562.003,15.002,0,21717.6,210,43,measure
