timestamp_iso,t_s,power_w,util_gpu_pct,mem_used_mib,clocks_sm_mhz,temp_c,phase
2026-09-10T21:32:25.366+00:00,0.000,115.702,0,22484.2,2700,50,measure
2026-09-10T21:32:26.368+00:00,1.001,71.624,0,22484.2,2700,49,measure
2026-09-10T21:32:27.364+00:00,2.000,61.214,0,22484.2,420,47,measure
2026-09-10T21:32:28.385+00:00,3.023,31.331,0,22484.2,300,47,measure
2026-09-10T21:32:29.395+00:00,4.030,31.073,0,22484.2,240,47,measure
2026-09-10T21:32:27.916+00:00,5.060,30.965,0,22484.2,210,47,measure
2026-09-10T21:32:28.888+00:00,6.031,30.755,0,22484.2,210,46,measure
2026-09-10T21:32:29.883+00:00,7.027,27.61,0,22484.2,210,46,measure
2026-09-10T21:32:30.891+00:00,8.035,23.506,0,22484.2,210,46,measure
2026-09-10T21:32:31.857+00:00,9.001,18.758,0,22484.2,210,46,measure
2026-09-10T21:32:32.856+00:00,10.000,70.539,99,22484.2,2700,56,measure
2026-09-10T21:32:33.857+00:00,11.001,306.416,99,22484.2,2700,60,measure
2026-09-10T21:32:34.857+00:00,12.001,308.742,99,22484.2,2700,60,measure
2026-09-10T21:32:35.858+00:00,13.001,332.599,99,22484.2,2700,59,measure
2026-09-10T21:32:36.891+00:00,14.003,314.411,99,22484.2,2700,57,measure
2026-09-10T21:32:37.868+00:00,15.001,341.496,99,22484.2,2700,61,measure
2026-09-10T21:32:38.856+00:00,16.001,365.627,99,22484.2,2685,62,measure
2026-09-10T21:32:39.856+00:00,17.001,357.835,99,22484.2,2685,61,measure
2026-09-10T21:32:40.857+00:00,18.001,361.847,99,22484.2,2685,61,measure
2026-09-10T21:32:41.894+00:00,19.000,348.61,99,22484.2,2700,62,measure
2026-09-10T21:32:42.872+00:00,20.000,317.641,99,22484.2,2700,61,measure
2026-09-10T21:32:43.856+00:00,21.000,324.932,99,22484.2,2685,62,measure
2026-09-10T21:32:44.857+00:00,22.002,320.563,99,22484.2,2700,62,measure
2026-09-10T21:32:45.857+00:00,23.001,319.583,99,22484.2,2700,61,measure
2026-09-10T21:32:46.900+00:00,24.001,325,99,22484.2,2685,59,measure
2026-09-10T21:32:47.858+00:00,25.001,335.771,99,22484.2,2685,62,measure
2026-09-10T21:32:48.858+00:00,26.001,320.585,99,22484.2,2700,59,measure
2026-09-10T21:32:49.857+00:00,27.001,352.293,99,22484.2,2685,63,measure
2026-09-10T21:32:50.860+00:00,28.004,362.258,99,22484.2,2685,63,measure
2026-09-10T21:32:51.862+00:00,29.006,357.314,99,22484.2,2685,64,measure
2026-09-10T21:32:52.860+00:00,30.003,342.608,99,22484.2,2685,62,measure
2026-09-10T21:32:53.859+00:00,31.002,330.482,99,22484.2,2685,62,measure
2026-09-10T21:32:54.861+00:00,32.006,321.892,99,22484.2,2685,61,measure
2026-09-10T21:32:55.867+00:00,33.011,342.763,99,22484.2,2685,64,measure
2026-09-10T21:32:56.868+00:00,34.011,344.113,99,22484.2,2685,61,measure
2026-09-10T21:32:57.857+00:00,35.001,319.894,99,22484.2,2685,63,measure
2026-09-10T21:32:58.856+00:00,36.000,332.995,99,22484.2,2685,61,measure
2026-09-10T21:32:57.365+00:00,37.000,334.12,99,22484.2,2685,63,measure
2026-09-10T21:32:58.365+00:00,38.000,333.729,99,22484.2,2685,60,measure
2026-09-10T21:32:59.363+00:00,39.000,367.588,99,22484.2,2685,64,measure
2026-09-10T21:33:00.363+00:00,40.000,359.216,99,22484.2,2685,64,measure
2026-09-10T21:33:01.364+00:00,41.001,364.656,99,22484.2,2685,63,measure
2026-09-10T21:33:02.363+00:00,42.000,360.983,99,22484.2,2685,64,measure
2026-09-10T21:33:03.366+00:00,43.001,347.769,99,22484.2,2685,63,measure
2026-09-10T21:33:04.365+00:00,44.001,365.395,99,22484.2,2685,65,measure
2026-09-10T21:33:05.363+00:00,45.000,351.392,99,22484.2,2685,64,measure
2026-09-10T21:33:06.389+00:00,46.000,355.501,99,22484.2,2685,63,measure
2026-09-10T21:33:07.364+00:00,47.000,315.906,99,22484.2,2685,60,measure
2026-09-10T21:33:08.364+00:00,48.001,326.68,99,22484.2,2685,64,measure
2026-09-10T21:33:09.367+00:00,49.000,312.045,99,22484.2,2685,60,measure
2026-09-10T21:33:10.364+00:00,50.000,316.923,99,22484.2,2685,60,measure
2026-09-10T21:33:11.363+00:00,51.001,320.558,99,22484.2,2685,63,measure
2026-09-10T21:33:12.363+00:00,52.000,303.041,99,22484.2,2685,60,measure
2026-09-10T21:33:13.364+00:00,53.001,322.683,99,22484.2,2685,63,measure
2026-09-10T21:33:14.363+00:00,54.000,318.417,99,22484.2,2685,63,measure
2026-09-10T21:33:15.369+00:00,55.001,312.344,99,22484.2,2685,61,measure
2026-09-10T21:33:16.364+00:00,56.001,316.109,99,22484.2,2685,63,measure
2026-09-10T21:33:17.363+00:00,57.000,311.701,99,22484.2,2685,61,measure
2026-09-10T21:33:18.363+00:00,58.000,336.34,99,22484.2,2685,62,measure
2026-09-10T21:33:19.363+00:00,59.000,351.663,99,22484.2,2685,64,measure
2026-09-10T21:33:20.364+00:00,60.001,376.798,99,22484.2,2685,66,measure
2026-09-10T21:33:21.366+00:00,61.001,385.023,99,22484.2,2685,68,measure
2026-09-10T21:33:22.364+00:00,62.000,382.327,99,22484.2,2685,65,measure
2026-09-10T21:33:23.364+00:00,63.001,372.664,99,22484.2,2685,65,measure
2026-09-10T21:33:24.363+00:00,64.000,365.422,99,22484.2,2685,64,measure
2026-09-10T21:33:25.364+00:00,65.000,359.356,99,22484.2,2685,64,measure
2026-09-10T21:33:26.363+00:00,66.000,336.245,99,22484.2,2685,64,measure
2026-09-10T21:33:27.365+00:00,67.001,328.502,99,22484.2,2685,61,measure
2026-09-10T21:33:28.364+00:00,68.001,312.211,99,22484.2,2685,61,measure
2026-09-10T21:33:29.363+00:00,69.000,319.649,99,22484.2,2685,63,measure
2026-09-10T21:33:27.863+00:00,70.000,326.282,99,22484.2,2685,63,measure
2026-09-10T21:33:28.863+00:00,71.000,355.187,99,22484.2,2685,66,measure
2026-09-10T21:33:29.864+00:00,72.001,366.464,99,22484.2,2685,65,measure
2026-09-10T21:33:30.864+00:00,73.000,366.692,99,22484.2,2685,65,measure
2026-09-10T21:33:31.864+00:00,74.000,372.469,99,22484.2,2685,66,measure
2026-09-10T21:33:32.864+00:00,75.001,361.587,99,22484.2,2685,66,measure
2026-09-10T21:33:33.864+00:00,76.001,342.609,99,22484.2,2685,64,measure
2026-09-10T21:33:34.863+00:00,77.001,315.905,99,22484.2,2685,64,measure
2026-09-10T21:33:35.863+00:00,78.000,314.96,99,22484.2,2685,63,measure
2026-09-10T21:33:36.865+00:00,79.001,321.746,99,22484.2,2685,65,measure
2026-09-10T21:33:37.864+00:00,80.001,325.2,99,22484.2,2685,61,measure
2026-09-10T21:33:38.913+00:00,81.001,331.742,99,22484.2,2685,65,measure
2026-09-10T21:33:39.865+00:00,82.000,336.347,99,22484.2,2685,61,measure
2026-09-10T21:33:40.864+00:00,83.001,364.576,99,22484.2,2685,65,measure
2026-09-10T21:33:41.864+00:00,84.000,362.521,99,22485.4,2685,64,measure
2026-09-10T21:33:42.864+00:00,85.001,362.855,99,22485,2685,65,measure
2026-09-10T21:33:43.864+00:00,86.001,354.66,99,22485,2685,65,measure
2026-09-10T21:33:44.863+00:00,87.000,364.39,99,22485,2685,66,measure
2026-09-10T21:33:45.863+00:00,88.000,364.255,99,22485,2685,66,measure
2026-09-10T21:33:46.864+00:00,89.001,375.063,99,22485,2685,67,measure
2026-09-10T21:33:47.864+00:00,90.000,381.224,99,22485,2685,67,measure
2026-09-10T21:33:48.867+00:00,91.001,374.297,99,22485,2685,65,measure
2026-09-10T21:33:49.863+00:00,92.001,385.451,99,22485,2685,65,measure
2026-09-10T21:33:50.863+00:00,93.001,358.435,99,22485,2685,64,measure
2026-09-10T21:33:51.863+00:00,94.001,325.349,100,22485,2685,68,measure
2026-09-10T21:33:52.863+00:00,95.000,380.908,99,22485,2685,68,measure
2026-09-10T21:33:53.869+00:00,96.003,364.245,99,22485,2685,64,measure
2026-09-10T21:33:54.867+00:00,97.000,381.589,99,22485,2685,68,measure
2026-09-10T21:33:55.864+00:00,98.001,372.562,99,22485,2685,65,measure
2026-09-10T21:33:56.865+00:00,99.002,367.025,99,22485,2685,64,measure
2026-09-10T21:33:57.865+00:00,100.002,350.625,99,22485,2685,63,measure
2026-09-10T21:33:58.863+00:00,101.001,329.809,99,22485,2685,64,measure
2026-09-10T21:33:57.382+00:00,102.001,326.213,99,22485,2685,62,measure
2026-09-10T21:33:58.383+00:00,103.003,332.189,99,22485,2685,63,measure
2026-09-10T21:33:59.385+00:00,104.005,362.9,99,22485,2685,66,measure
2026-09-10T21:34:00.380+00:00,105.001,364.33,99,22485,2685,66,measure
2026-09-10T21:34:01.381+00:00,106.001,365.775,99,22485,2685,65,measure
2026-09-10T21:34:02.380+00:00,107.000,354.952,99,22485,2685,66,measure
2026-09-10T21:34:03.382+00:00,108.000,358.642,99,22485,2685,65,measure
2026-09-10T21:34:04.382+00:00,109.000,362.359,99,22485,2685,66,measure
2026-09-10T21:34:05.380+00:00,110.000,367.848,99,22485,2685,65,measure
2026-09-10T21:34:06.380+00:00,111.000,369.334,99,22485,2685,67,measure
2026-09-10T21:34:07.383+00:00,112.000,367.485,99,22485,2685,65,measure
2026-09-10T21:34:08.380+00:00,113.000,366.155,99,22485,2685,67,measure
2026-09-10T21:34:09.382+00:00,114.001,364.216,99,22485,2685,65,measure
2026-09-10T21:34:10.384+00:00,115.000,321.803,99,22485,2685,64,measure
2026-09-10T21:34:11.381+00:00,116.000,330.362,99,22485,2685,62,measure
2026-09-10T21:34:12.381+00:00,117.001,339.241,99,22485,2685,64,measure
2026-09-10T21:34:13.380+00:00,118.000,345.407,99,22485,2685,67,measure
2026-09-10T21:34:14.381+00:00,119.000,337.673,99,22485,2685,64,measure
2026-09-10T21:34:15.382+00:00,120.000,329.295,99,22485,2685,63,measure
2026-09-10T21:34:16.383+00:00,121.001,324.969,99,22485,2685,64,measure
2026-09-10T21:34:17.380+00:00,122.000,323.274,99,22485,2685,62,measure
2026-09-10T21:34:18.380+00:00,123.001,339.622,99,22485,2685,64,measure
2026-09-10T21:34:19.380+00:00,124.000,327.238,99,22485,2685,62,measure
2026-09-10T21:34:20.380+00:00,125.000,362.671,99,22485,2685,65,measure
2026-09-10T21:34:21.383+00:00,126.002,364.754,99,22485,2685,65,measure
2026-09-10T21:34:22.383+00:00,127.000,378.116,99,22485,2685,66,measure
2026-09-10T21:34:23.380+00:00,128.000,378.091,99,22485,2685,66,measure
2026-09-10T21:34:24.384+00:00,129.002,366.931,99,22485,2685,66,measure
2026-09-10T21:34:25.380+00:00,130.000,361.773,99,22485,2685,66,measure
2026-09-10T21:34:26.380+00:00,131.000,342.88,99,22485,2685,64,measure
2026-09-10T21:34:27.382+00:00,132.001,337.545,99,22485,2685,66,measure
2026-09-10T21:34:28.383+00:00,133.000,353.808,99,22485,2685,65,measure
2026-09-10T21:34:26.881+00:00,134.000,355.743,99,22485,2685,65,measure
2026-09-10T21:34:27.880+00:00,135.000,339.916,99,22485,2685,66,measure
2026-09-10T21:34:28.881+00:00,136.000,332.624,99,22485,2685,67,measure
2026-09-10T21:34:29.881+00:00,137.001,332.577,99,22485,2685,65,measure
2026-09-10T21:34:30.882+00:00,138.001,323.169,99,22485,2685,65,measure
2026-09-10T21:34:31.883+00:00,139.000,338.616,99,22485,2685,66,measure
2026-09-10T21:34:32.881+00:00,140.000,332.933,99,22485,2685,65,measure
2026-09-10T21:34:33.881+00:00,141.001,323.964,99,22485,2685,65,measure
2026-09-10T21:34:34.882+00:00,142.001,319.286,99,22485,2685,65,measure
2026-09-10T21:34:35.881+00:00,143.000,308.244,99,22485,2685,62,measure
2026-09-10T21:34:36.883+00:00,144.001,330.528,99,22485,2685,64,measure
2026-09-10T21:34:37.882+00:00,145.000,318.381,99,22485,2685,62,measure
2026-09-10T21:34:38.899+00:00,146.000,322.638,99,22485,2685,65,measure
2026-09-10T21:34:39.881+00:00,147.001,330.396,99,22485,2685,65,measure
2026-09-10T21:34:40.881+00:00,148.001,337.069,99,22485,2685,62,measure
2026-09-10T21:34:41.881+00:00,149.000,351.578,99,22484.5,2685,66,measure
2026-09-10T21:34:42.882+00:00,150.000,351.568,99,22482.4,2685,65,measure
2026-09-10T21:34:43.881+00:00,151.000,329.703,99,22482.4,2685,65,measure
2026-09-10T21:34:44.881+00:00,152.000,341.443,99,22482.4,2685,67,measure
2026-09-10T21:34:45.881+00:00,153.000,367.306,99,22482.4,2685,68,measure
2026-09-10T21:34:46.881+00:00,154.001,367.689,99,22482.4,2685,65,measure
2026-09-10T21:34:47.881+00:00,155.001,359.143,99,22482.4,2685,65,measure
2026-09-10T21:34:48.882+00:00,156.001,379.631,99,22482.4,2685,66,measure
2026-09-10T21:34:49.882+00:00,157.000,369.9,99,22482.4,2685,66,measure
2026-09-10T21:34:50.880+00:00,158.000,379.082,99,22482.4,2685,66,measure
2026-09-10T21:34:51.880+00:00,159.000,384.038,99,22482.4,2685,66,measure
2026-09-10T21:34:52.881+00:00,160.000,376.012,99,22482.4,2685,67,measure
2026-09-10T21:34:53.881+00:00,161.001,368.418,99,22482.4,2685,68,measure
2026-09-10T21:34:54.886+00:00,162.000,368.255,99,22482.4,2685,65,measure
2026-09-10T21:34:55.896+00:00,163.016,361.723,99,22482.4,2685,65,measure
2026-09-10T21:34:56.882+00:00,164.002,355.187,99,22482.4,2685,66,measure
2026-09-10T21:34:57.882+00:00,165.001,359.527,99,22482.4,2685,66,measure
2026-09-10T21:34:58.881+00:00,166.000,358.71,99,22482.4,2685,65,measure
2026-09-10T21:34:57.382+00:00,167.000,344.492,99,22482.4,2685,66,measure
2026-09-10T21:34:58.384+00:00,168.001,318.442,99,22482.4,2685,62,measure
2026-09-10T21:34:59.383+00:00,169.001,326.792,99,22482.4,2685,65,measure
2026-09-10T21:35:00.382+00:00,170.000,307.12,99,22482.4,2685,65,measure
2026-09-10T21:35:01.382+00:00,171.000,323.074,99,22482.4,2685,61,measure
2026-09-10T21:35:02.383+00:00,172.000,330.675,99,22482.4,2685,67,measure
2026-09-10T21:35:03.383+00:00,173.001,340.626,99,22482.4,2685,64,measure
2026-09-10T21:35:04.384+00:00,174.000,333.792,99,22482.4,2685,64,measure
2026-09-10T21:35:05.384+00:00,175.000,338.898,99,22482.4,2685,66,measure
2026-09-10T21:35:06.383+00:00,176.001,354.399,99,22482.4,2685,65,measure
2026-09-10T21:35:07.382+00:00,177.000,351.455,99,22482.4,2685,67,measure
2026-09-10T21:35:08.383+00:00,178.001,367.982,99,22482.4,2685,66,measure
2026-09-10T21:35:09.388+00:00,179.005,360.856,99,22482.4,2685,65,measure
2026-09-10T21:35:10.387+00:00,180.000,349.277,99,22482.4,2685,66,measure
2026-09-10T21:35:11.383+00:00,181.001,327.792,99,22482.4,2685,63,measure
2026-09-10T21:35:12.383+00:00,182.001,329.285,99,22482.4,2685,62,measure
2026-09-10T21:35:13.385+00:00,183.003,312.384,99,22482.4,2685,62,measure
2026-09-10T21:35:14.382+00:00,184.000,343.31,99,22482.4,2685,63,measure
2026-09-10T21:35:15.383+00:00,185.000,316.408,99,22482.4,2685,64,measure
2026-09-10T21:35:16.384+00:00,186.000,328.303,99,22482.4,2685,64,measure
2026-09-10T21:35:17.383+00:00,187.001,352.15,99,22482.4,2685,65,measure
2026-09-10T21:35:18.383+00:00,188.001,357.464,99,22482.4,2685,66,measure
2026-09-10T21:35:19.384+00:00,189.000,371.999,99,22482.4,2685,65,measure
2026-09-10T21:35:20.383+00:00,190.001,368.049,99,22482.4,2685,65,measure
2026-09-10T21:35:21.384+00:00,191.001,362.328,99,22482.4,2685,65,measure
2026-09-10T21:35:22.383+00:00,192.000,362.018,99,22482.4,2685,66,measure
2026-09-10T21:35:23.383+00:00,193.001,362.028,99,22482.4,2685,67,measure
2026-09-10T21:35:24.382+00:00,194.000,343.297,99,22482.4,2685,65,measure
2026-09-10T21:35:25.383+00:00,195.001,323.919,99,22482.4,2685,62,measure
2026-09-10T21:35:26.429+00:00,196.002,322.634,99,22482.4,2685,63,measure
2026-09-10T21:35:27.387+00:00,197.003,310.765,99,22482.4,2685,63,measure
2026-09-10T21:35:28.398+00:00,198.001,310.063,99,22482.4,2685,63,measure
2026-09-10T21:35:26.891+00:00,199.000,308.5,99,22482.4,2685,62,measure
2026-09-10T21:35:27.882+00:00,200.000,323.374,99,22482.4,2685,65,measure
2026-09-10T21:35:28.931+00:00,201.002,331.273,99,22482.4,2685,61,measure
2026-09-10T21:35:29.883+00:00,202.001,330.912,99,22482.4,2685,63,measure
2026-09-10T21:35:30.885+00:00,203.001,340.556,99,22482.4,2685,64,measure
2026-09-10T21:35:31.883+00:00,204.000,345.497,99,22482.4,2685,67,measure
2026-09-10T21:35:32.883+00:00,205.001,340.317,99,22482.4,2685,67,measure
2026-09-10T21:35:33.882+00:00,206.000,372.052,99,22482.4,2685,67,measure
2026-09-10T21:35:34.883+00:00,207.001,374.024,99,22482.4,2685,68,measure
2026-09-10T21:35:35.882+00:00,208.001,377.983,99,22482.4,2685,69,measure
2026-09-10T21:35:36.884+00:00,209.001,380.425,99,22482.4,2685,68,measure
2026-09-10T21:35:37.884+00:00,210.001,377.529,99,22482.4,2685,65,measure
2026-09-10T21:35:38.884+00:00,211.002,379.772,99,22482.4,2685,66,measure
2026-09-10T21:35:39.882+00:00,212.001,371.313,99,22482.4,2685,65,measure
2026-09-10T21:35:40.883+00:00,213.001,370.843,99,22482.4,2685,65,measure
2026-09-10T21:35:41.882+00:00,214.000,371.573,99,22482.1,2685,65,measure
2026-09-10T21:35:42.884+00:00,215.001,361.956,99,22478.3,2685,65,measure
2026-09-10T21:35:43.885+00:00,216.002,344.812,99,22478.3,2685,66,measure
2026-09-10T21:35:44.882+00:00,217.000,333.428,99,22478.3,2685,63,measure
2026-09-10T21:35:45.884+00:00,218.002,362.509,99,22478.3,2685,68,measure
2026-09-10T21:35:46.884+00:00,219.002,373.372,99,22478.3,2685,67,measure
2026-09-10T21:35:47.882+00:00,220.000,379.218,99,22478.3,2685,67,measure
2026-09-10T21:35:48.885+00:00,221.001,388.167,99,22478.3,2685,68,measure
2026-09-10T21:35:49.889+00:00,222.007,374.564,99,22478.3,2685,66,measure
2026-09-10T21:35:50.883+00:00,223.001,359.992,99,22478.3,2685,66,measure
2026-09-10T21:35:51.909+00:00,224.001,339.361,99,22478.3,2685,62,measure
2026-09-10T21:35:52.882+00:00,225.000,324.547,99,22478.3,2685,65,measure
2026-09-10T21:35:53.886+00:00,226.003,331.059,99,22478.3,2685,65,measure
2026-09-10T21:35:54.884+00:00,227.001,327.147,99,22478.3,2685,63,measure
2026-09-10T21:35:55.921+00:00,228.006,330.246,99,22478.3,2685,66,measure
2026-09-10T21:35:56.882+00:00,229.000,327.689,99,22478.3,2685,65,measure
2026-09-10T21:35:57.882+00:00,230.001,311.897,99,22478.3,2685,65,measure
2026-09-10T21:35:58.882+00:00,231.000,326.475,99,22478.3,2685,62,measure
2026-09-10T21:35:57.383+00:00,232.001,313.696,99,22478.3,2685,61,measure
2026-09-10T21:35:58.384+00:00,233.001,339.297,99,22478.3,2685,63,measure
2026-09-10T21:35:59.383+00:00,234.000,340.875,99,22478.3,2685,63,measure
2026-09-10T21:36:00.383+00:00,235.000,315.492,99,22478.3,2685,62,measure
2026-09-10T21:36:01.383+00:00,236.001,328.559,99,22478.3,2685,63,measure
2026-09-10T21:36:02.383+00:00,237.000,326.684,99,22478.3,2685,63,measure
2026-09-10T21:36:03.383+00:00,238.000,356.704,99,22478.3,2685,66,measure
2026-09-10T21:36:04.385+00:00,239.001,367.912,99,22478.3,2685,66,measure
2026-09-10T21:36:05.385+00:00,240.000,357.882,99,22478.3,2685,66,measure
2026-09-10T21:36:06.385+00:00,241.003,366.277,99,22478.3,2685,69,measure
2026-09-10T21:36:07.383+00:00,242.000,348.749,99,22478.3,2685,66,measure
2026-09-10T21:36:08.383+00:00,243.001,360.818,99,22478.3,2685,65,measure
2026-09-10T21:36:09.383+00:00,244.000,368.538,99,22478.3,2685,69,measure
2026-09-10T21:36:10.384+00:00,245.001,373.722,99,22478.3,2685,65,measure
2026-09-10T21:36:11.385+00:00,246.000,364.535,99,22478.3,2685,66,measure
2026-09-10T21:36:12.383+00:00,247.000,356.325,99,22478.3,2685,66,measure
2026-09-10T21:36:13.384+00:00,248.002,333.498,99,22478.3,2685,63,measure
2026-09-10T21:36:14.384+00:00,249.001,323.466,99,22478.3,2685,65,measure
2026-09-10T21:36:15.383+00:00,250.000,322.129,99,22478.3,2685,63,measure
2026-09-10T21:36:16.385+00:00,251.002,321.634,99,22478.3,2685,66,measure
2026-09-10T21:36:17.385+00:00,252.002,340.664,99,22478.3,2685,67,measure
2026-09-10T21:36:18.385+00:00,253.002,366.182,99,22478.3,2685,66,measure
2026-09-10T21:36:19.382+00:00,254.000,362.607,99,22478.3,2685,65,measure
2026-09-10T21:36:20.384+00:00,255.001,365.763,99,22478.3,2685,67,measure
2026-09-10T21:36:21.383+00:00,256.001,368.071,99,22478.3,2685,65,measure
2026-09-10T21:36:22.385+00:00,257.001,362.119,99,22478.3,2685,65,measure
2026-09-10T21:36:23.384+00:00,258.001,354.212,99,22478.3,2685,65,measure
2026-09-10T21:36:24.383+00:00,259.001,326.373,99,22478.3,2685,62,measure
2026-09-10T21:36:25.383+00:00,260.001,321.567,99,22478.3,2685,65,measure
2026-09-10T21:36:26.382+00:00,261.000,329.352,99,22478.3,2685,66,measure
2026-09-10T21:36:27.382+00:00,262.000,341.533,99,22478.3,2685,63,measure
2026-09-10T21:36:28.384+00:00,263.001,365.557,99,22478.3,2685,65,measure
2026-09-10T21:36:26.883+00:00,264.001,364.506,99,22478.3,2685,66,measure
2026-09-10T21:36:27.883+00:00,265.001,365.51,99,22478.3,2685,66,measure
2026-09-10T21:36:28.886+00:00,266.002,341.215,99,22478.3,2685,66,measure
2026-09-10T21:36:29.884+00:00,267.002,320.723,99,22478.3,2685,63,measure
2026-09-10T21:36:30.882+00:00,268.000,324.399,99,22478.3,2685,63,measure
2026-09-10T21:36:31.888+00:00,269.000,327.006,99,22478.3,2685,65,measure
2026-09-10T21:36:32.884+00:00,270.001,356.738,99,22478.3,2685,65,measure
2026-09-10T21:36:33.884+00:00,271.003,369.511,99,22478.3,2685,68,measure
2026-09-10T21:36:34.882+00:00,272.001,377.163,99,22478.3,2685,66,measure
2026-09-10T21:36:35.882+00:00,273.000,384.366,99,22478.3,2685,67,measure
2026-09-10T21:36:36.883+00:00,274.001,385.482,99,22478.3,2685,69,measure
2026-09-10T21:36:37.883+00:00,275.000,369.791,99,22478.3,2685,68,measure
2026-09-10T21:36:38.882+00:00,276.000,368.245,99,22478.3,2685,66,measure
2026-09-10T21:36:39.883+00:00,277.001,367.847,99,22478.3,2685,68,measure
2026-09-10T21:36:40.883+00:00,278.002,368.461,99,22478.3,2685,65,measure
2026-09-10T21:36:41.882+00:00,279.001,365.805,99,22477.8,2685,66,measure
2026-09-10T21:36:42.882+00:00,280.000,354.918,99,22477.4,2685,65,measure
2026-09-10T21:36:43.884+00:00,281.001,357.56,99,22477.4,2685,64,measure
2026-09-10T21:36:44.883+00:00,282.001,368.577,99,22477.4,2685,66,measure
2026-09-10T21:36:45.882+00:00,283.000,361.933,99,22477.4,2685,66,measure
2026-09-10T21:36:46.883+00:00,284.001,363.117,99,22477.4,2685,67,measure
2026-09-10T21:36:47.882+00:00,285.000,361.877,99,22477.4,2685,67,measure
2026-09-10T21:36:48.882+00:00,286.000,357.624,99,22477.4,2685,66,measure
2026-09-10T21:36:49.883+00:00,287.000,369.737,99,22477.4,2685,65,measure
2026-09-10T21:36:50.883+00:00,288.000,369.522,99,22477.4,2685,67,measure
2026-09-10T21:36:51.882+00:00,289.000,372.449,99,22477.4,2685,67,measure
2026-09-10T21:36:52.883+00:00,290.001,362.325,99,22477.4,2685,66,measure
2026-09-10T21:36:53.884+00:00,291.002,337.461,99,22477.4,2685,62,measure
2026-09-10T21:36:54.882+00:00,292.000,318.202,99,22477.4,2685,65,measure
2026-09-10T21:36:55.893+00:00,293.001,326.565,99,22477.4,2685,65,measure
2026-09-10T21:36:56.883+00:00,294.001,343.391,99,22477.4,2685,66,measure
2026-09-10T21:36:57.888+00:00,295.006,363.495,99,22477.4,2685,67,measure
2026-09-10T21:36:58.884+00:00,296.000,367.852,99,22477.4,2685,65,measure
2026-09-10T21:36:57.382+00:00,297.000,370.648,99,22477.4,2685,68,measure
2026-09-10T21:36:58.383+00:00,298.000,360.143,99,22477.4,2685,65,measure
2026-09-10T21:36:59.383+00:00,299.000,355.237,99,22477.4,2685,66,measure
2026-09-10T21:37:00.382+00:00,300.000,326.238,99,22477.4,2685,64,measure
2026-09-10T21:37:01.384+00:00,301.002,317.475,99,22477.4,2685,62,measure
2026-09-10T21:37:02.409+00:00,302.002,332.204,99,22477.4,2685,65,measure
2026-09-10T21:37:03.404+00:00,303.001,325.733,99,22477.4,2685,65,measure
2026-09-10T21:37:04.383+00:00,304.001,355.063,99,22477.4,2685,66,measure
2026-09-10T21:37:05.384+00:00,305.001,363.098,99,22477.4,2685,65,measure
2026-09-10T21:37:06.382+00:00,306.001,368.486,99,22477.4,2685,65,measure
2026-09-10T21:37:07.382+00:00,307.000,367.014,99,22477.4,2685,66,measure
2026-09-10T21:37:08.382+00:00,308.000,367.506,99,22477.4,2685,68,measure
2026-09-10T21:37:09.382+00:00,309.000,363.317,99,22477.4,2685,66,measure
2026-09-10T21:37:10.385+00:00,310.002,387.208,99,22477.4,2685,67,measure
2026-09-10T21:37:11.386+00:00,311.001,405.814,99,22477.4,2685,68,measure
2026-09-10T21:37:12.383+00:00,312.001,413.546,100,22477.4,2685,71,measure
2026-09-10T21:37:13.382+00:00,313.000,414.523,99,22477.4,2685,71,measure
2026-09-10T21:37:14.382+00:00,314.001,415.64,100,22477.4,2685,69,measure
2026-09-10T21:37:15.384+00:00,315.002,414.742,100,22477.4,2685,69,measure
2026-09-10T21:37:16.384+00:00,316.001,404.464,100,22477.4,2685,70,measure
2026-09-10T21:37:17.383+00:00,317.000,410.2,100,22477.4,2685,71,measure
2026-09-10T21:37:18.382+00:00,318.001,409.544,100,22477.4,2685,70,measure
2026-09-10T21:37:19.382+00:00,319.000,409.891,99,22477.4,2685,70,measure
2026-09-10T21:37:20.382+00:00,320.001,413.019,99,22477.4,2685,71,measure
2026-09-10T21:37:21.382+00:00,321.001,417.636,99,22477.4,2685,72,measure
2026-09-10T21:37:22.383+00:00,322.000,418.207,99,22477.4,2685,70,measure
2026-09-10T21:37:23.385+00:00,323.001,411.954,99,22477.4,2685,70,measure
2026-09-10T21:37:24.384+00:00,324.002,405.838,99,22477.4,2685,70,measure
2026-09-10T21:37:25.382+00:00,325.000,410.049,100,22477.4,2685,72,measure
2026-09-10T21:37:26.384+00:00,326.000,408.261,99,22477.4,2685,70,measure
2026-09-10T21:37:27.382+00:00,327.000,409.712,100,22477.4,2685,71,measure
2026-09-10T21:37:28.383+00:00,328.000,414.988,99,22477.4,2685,71,measure
2026-09-10T21:37:26.884+00:00,329.000,417.125,100,22477.4,2685,72,measure
2026-09-10T21:37:27.881+00:00,330.001,414.789,99,22477.4,2685,70,measure
2026-09-10T21:37:28.882+00:00,331.002,407.836,100,22477.4,2685,70,measure
2026-09-10T21:37:29.880+00:00,332.000,408.413,99,22477.4,2685,71,measure
2026-09-10T21:37:30.880+00:00,333.000,408.701,100,22477.4,2685,70,measure
2026-09-10T21:37:31.882+00:00,334.001,410.704,100,22477.4,2685,70,measure
2026-09-10T21:37:32.883+00:00,335.001,413.105,100,22477.4,2685,71,measure
2026-09-10T21:37:33.880+00:00,336.000,414.335,100,22477.4,2685,72,measure
2026-09-10T21:37:34.880+00:00,337.000,418.437,100,22477.4,2685,70,measure
2026-09-10T21:37:35.881+00:00,338.002,414.693,100,22477.4,2685,70,measure
2026-09-10T21:37:36.881+00:00,339.001,404.74,100,22477.4,2685,70,measure
2026-09-10T21:37:37.882+00:00,340.001,410.91,100,22477.4,2685,71,measure
2026-09-10T21:37:38.883+00:00,341.000,411.374,100,22477.4,2685,71,measure
2026-09-10T21:37:39.880+00:00,342.001,410.901,100,22477.4,2685,71,measure
2026-09-10T21:37:40.880+00:00,343.001,415.855,100,22477.4,2685,71,measure
2026-09-10T21:37:41.881+00:00,344.001,418.848,100,22473.9,2685,72,measure
2026-09-10T21:37:42.886+00:00,345.005,417.809,99,22473.9,2685,71,measure
2026-09-10T21:37:43.884+00:00,346.001,410.249,100,22473.9,2685,70,measure
2026-09-10T21:37:44.882+00:00,347.000,407.847,100,22473.9,2685,72,measure
2026-09-10T21:37:45.881+00:00,348.001,410.396,99,22473.9,2685,72,measure
2026-09-10T21:37:46.880+00:00,349.001,410.001,100,22473.9,2685,71,measure
2026-09-10T21:37:47.880+00:00,350.000,411.517,99,22473.9,2685,71,measure
2026-09-10T21:37:48.880+00:00,351.000,416.74,100,22473.9,2685,72,measure
2026-09-10T21:37:49.882+00:00,352.001,418.279,100,22473.9,2685,70,measure
2026-09-10T21:37:50.881+00:00,353.001,414.907,100,22473.9,2685,72,measure
2026-09-10T21:37:51.880+00:00,354.000,408.644,100,22473.9,2685,70,measure
2026-09-10T21:37:52.881+00:00,355.002,409.703,100,22473.9,2685,71,measure
2026-09-10T21:37:53.881+00:00,356.001,409.898,100,22473.9,2685,70,measure
2026-09-10T21:37:54.880+00:00,357.000,412.394,100,22473.9,2685,71,measure
2026-09-10T21:37:55.881+00:00,358.000,414.844,100,22473.9,2685,72,measure
2026-09-10T21:37:56.882+00:00,359.000,417.855,99,22473.9,2685,72,measure
2026-09-10T21:37:57.880+00:00,360.000,420.682,99,22473.9,2685,71,measure
2026-09-10T21:37:58.880+00:00,361.000,416.043,99,22473.9,2685,71,measure
2026-09-10T21:37:57.380+00:00,362.000,405.867,100,22473.9,2685,70,measure
2026-09-10T21:37:58.380+00:00,363.000,411.893,100,22473.9,2685,71,measure
2026-09-10T21:37:59.381+00:00,364.000,410.751,100,22473.9,2685,72,measure
2026-09-10T21:38:00.380+00:00,365.000,411.845,100,22473.9,2685,71,measure
2026-09-10T21:38:01.383+00:00,366.003,417.642,100,22473.9,2685,72,measure
2026-09-10T21:38:02.379+00:00,367.000,421.265,100,22473.9,2685,71,measure
2026-09-10T21:38:03.380+00:00,368.001,416.599,100,22473.9,2685,70,measure
2026-09-10T21:38:04.380+00:00,369.000,410.169,100,22473.9,2685,72,measure
2026-09-10T21:38:05.381+00:00,370.000,408.637,100,22473.9,2685,72,measure
2026-09-10T21:38:06.382+00:00,371.003,411.303,100,22473.9,2685,71,measure
2026-09-10T21:38:07.380+00:00,372.001,411.336,100,22473.9,2685,72,measure
2026-09-10T21:38:08.383+00:00,373.001,413.492,100,22473.9,2685,72,measure
2026-09-10T21:38:09.380+00:00,374.000,417.376,100,22473.9,2685,72,measure
2026-09-10T21:38:10.380+00:00,375.000,419.397,100,22473.9,2685,71,measure
2026-09-10T21:38:11.385+00:00,376.001,416.299,100,22473.9,2685,70,measure
2026-09-10T21:38:12.381+00:00,377.001,407.114,100,22473.9,2685,71,measure
2026-09-10T21:38:13.380+00:00,378.000,410.88,100,22473.9,2685,71,measure
2026-09-10T21:38:14.380+00:00,379.000,410.213,100,22473.9,2685,71,measure
2026-09-10T21:38:15.380+00:00,380.001,412.438,99,22473.9,2685,71,measure
2026-09-10T21:38:16.380+00:00,381.001,414.213,100,22473.9,2685,73,measure
2026-09-10T21:38:17.381+00:00,382.000,418.261,100,22473.9,2685,72,measure
2026-09-10T21:38:18.381+00:00,383.000,420.888,100,22473.9,2685,70,measure
2026-09-10T21:38:19.379+00:00,384.000,415.62,100,22473.9,2685,71,measure
2026-09-10T21:38:20.380+00:00,385.001,407.66,100,22473.9,2685,71,measure
2026-09-10T21:38:21.380+00:00,386.000,414.442,100,22473.9,2685,71,measure
2026-09-10T21:38:22.380+00:00,387.000,410.713,100,22473.9,2685,71,measure
2026-09-10T21:38:23.381+00:00,388.000,411.164,100,22473.9,2685,71,measure
2026-09-10T21:38:24.381+00:00,389.000,416.87,100,22473.9,2685,72,measure
2026-09-10T21:38:25.380+00:00,390.001,420.721,100,22473.9,2685,72,measure
2026-09-10T21:38:26.380+00:00,391.000,415.986,100,22473.9,2685,71,measure
2026-09-10T21:38:27.380+00:00,392.001,408.95,99,22473.9,2685,71,measure
2026-09-10T21:38:28.380+00:00,393.000,408.765,99,22473.9,2685,71,measure
2026-09-10T21:38:26.897+00:00,394.001,409.564,100,22473.9,2685,71,measure
2026-09-10T21:38:27.896+00:00,395.000,411.665,100,22473.9,2685,71,measure
2026-09-10T21:38:28.895+00:00,396.000,413.072,100,22473.9,2685,72,measure
2026-09-10T21:38:29.896+00:00,397.001,416.239,100,22473.9,2685,72,measure
2026-09-10T21:38:30.895+00:00,398.000,418.381,100,22473.9,2685,71,measure
2026-09-10T21:38:31.896+00:00,399.000,415.509,100,22473.9,2685,71,measure
2026-09-10T21:38:32.900+00:00,400.001,406.392,100,22473.9,2685,71,measure
2026-09-10T21:38:33.896+00:00,401.000,409.972,100,22473.9,2685,72,measure
2026-09-10T21:38:34.896+00:00,402.001,411.655,100,22473.9,2685,71,measure
2026-09-10T21:38:35.898+00:00,403.001,411.573,100,22473.9,2685,71,measure
2026-09-10T21:38:36.895+00:00,404.000,414.575,100,22473.9,2685,72,measure
2026-09-10T21:38:37.896+00:00,405.001,419.304,100,22473.9,2685,73,measure
2026-09-10T21:38:38.897+00:00,406.000,419.362,100,22473.9,2685,72,measure
2026-09-10T21:38:39.896+00:00,407.000,412.448,100,22473.9,2685,70,measure
2026-09-10T21:38:40.896+00:00,408.001,406.493,100,22473.9,2685,71,measure
2026-09-10T21:38:41.896+00:00,409.001,412.953,100,22473.9,2685,71,measure
2026-09-10T21:38:42.897+00:00,410.001,410.393,99,22473.4,2685,71,measure
2026-09-10T21:38:43.896+00:00,411.000,411.048,100,22473.4,2685,71,measure
2026-09-10T21:38:44.897+00:00,412.001,416.004,100,22473.4,2685,72,measure
2026-09-10T21:38:45.896+00:00,413.000,419.243,99,22473.4,2685,72,measure
2026-09-10T21:38:46.896+00:00,414.001,414.475,99,22473.4,2685,72,measure
2026-09-10T21:38:47.895+00:00,415.000,408.935,100,22473.4,2685,71,measure
2026-09-10T21:38:48.895+00:00,416.000,410.165,99,22473.4,2685,71,measure
2026-09-10T21:38:49.897+00:00,417.001,409.426,100,22473.4,2685,71,measure
2026-09-10T21:38:50.897+00:00,418.000,410.482,100,22473.4,2685,71,measure
2026-09-10T21:38:51.896+00:00,419.001,413.135,100,22473.4,2685,72,measure
2026-09-10T21:38:52.895+00:00,420.000,415.769,100,22473.4,2685,71,measure
2026-09-10T21:38:53.896+00:00,421.001,418.598,100,22473.4,2685,71,measure
2026-09-10T21:38:54.896+00:00,422.000,414.563,100,22473.4,2685,71,measure
2026-09-10T21:38:55.897+00:00,423.000,405.442,99,22473.4,2685,71,measure
2026-09-10T21:38:56.897+00:00,424.000,411.658,100,22473.4,2685,72,measure
2026-09-10T21:38:57.895+00:00,425.000,411.423,100,22473.4,2685,72,measure
2026-09-10T21:38:58.895+00:00,426.000,410.719,99,22473.4,2685,71,measure
2026-09-10T21:38:57.392+00:00,427.000,415.224,100,22473.4,2685,71,measure
2026-09-10T21:38:58.392+00:00,428.000,420.324,100,22473.4,2685,72,measure
2026-09-10T21:38:59.393+00:00,429.000,416.789,100,22473.4,2685,71,measure
2026-09-10T21:39:00.396+00:00,430.001,411.123,100,22473.4,2685,71,measure
2026-09-10T21:39:01.392+00:00,431.000,407.164,100,22473.4,2685,72,measure
2026-09-10T21:39:02.392+00:00,432.000,411.22,100,22473.4,2685,71,measure
2026-09-10T21:39:03.394+00:00,433.001,410.528,100,22473.4,2685,72,measure
2026-09-10T21:39:04.392+00:00,434.000,412.804,99,22473.4,2685,72,measure
2026-09-10T21:39:05.393+00:00,435.000,416.938,100,22473.4,2685,72,measure
2026-09-10T21:39:06.396+00:00,436.001,419.356,100,22473.4,2685,71,measure
2026-09-10T21:39:07.393+00:00,437.001,415.322,100,22473.4,2685,72,measure
2026-09-10T21:39:08.393+00:00,438.001,409.132,99,22473.4,2685,71,measure
2026-09-10T21:39:09.392+00:00,439.000,411.086,100,22473.4,2685,71,measure
2026-09-10T21:39:10.392+00:00,440.000,409.08,99,22473.4,2685,71,measure
2026-09-10T21:39:11.394+00:00,441.001,411.292,100,22473.4,2685,72,measure
2026-09-10T21:39:12.396+00:00,442.000,415.271,99,22473.4,2685,72,measure
2026-09-10T21:39:13.392+00:00,443.000,418.056,100,22473.4,2685,72,measure
2026-09-10T21:39:14.392+00:00,444.000,420.549,100,22473.4,2685,71,measure
2026-09-10T21:39:15.392+00:00,445.001,415.047,99,22473.4,2685,71,measure
2026-09-10T21:39:16.392+00:00,446.000,408.151,100,22473.4,2685,71,measure
2026-09-10T21:39:17.394+00:00,447.000,414.33,100,22473.4,2685,71,measure
2026-09-10T21:39:18.394+00:00,448.000,411.422,100,22473.4,2685,72,measure
2026-09-10T21:39:19.392+00:00,449.001,410.322,99,22473.4,2685,72,measure
2026-09-10T21:39:20.397+00:00,450.003,416.852,99,22473.4,2685,72,measure
2026-09-10T21:39:21.392+00:00,451.000,420.081,99,22473.4,2685,71,measure
2026-09-10T21:39:22.393+00:00,452.001,416.854,99,22473.4,2685,71,measure
2026-09-10T21:39:23.394+00:00,453.000,409.848,100,22473.4,2685,72,measure
2026-09-10T21:39:24.394+00:00,454.000,408.582,99,22473.4,2685,72,measure
2026-09-10T21:39:25.393+00:00,455.001,411.007,99,22473.4,2685,71,measure
2026-09-10T21:39:26.393+00:00,456.001,411.339,99,22473.4,2685,72,measure
2026-09-10T21:39:27.393+00:00,457.001,412.904,99,22473.4,2685,72,measure
2026-09-10T21:39:28.392+00:00,458.000,415.431,99,22473.4,2685,72,measure
2026-09-10T21:39:26.918+00:00,459.001,417.923,100,22473.4,2685,71,measure
2026-09-10T21:39:27.918+00:00,460.001,416.803,100,22473.4,2685,71,measure
2026-09-10T21:39:28.916+00:00,461.000,407,99,22473.4,2685,71,measure
2026-09-10T21:39:29.917+00:00,462.001,411.749,100,22473.4,2685,72,measure
2026-09-10T21:39:30.918+00:00,463.000,411.205,100,22473.4,2685,72,measure
2026-09-10T21:39:31.916+00:00,464.000,411.876,100,22473.4,2685,71,measure
2026-09-10T21:39:32.918+00:00,465.000,415.178,99,22473.4,2685,72,measure
2026-09-10T21:39:33.918+00:00,466.001,420.378,100,22473.4,2685,72,measure
2026-09-10T21:39:34.916+00:00,467.000,420.429,100,22473.4,2685,71,measure
2026-09-10T21:39:35.917+00:00,468.001,414.78,100,22473.4,2685,72,measure
2026-09-10T21:39:36.917+00:00,469.001,407.999,100,22473.4,2685,71,measure
2026-09-10T21:39:37.917+00:00,470.000,414.908,99,22473.4,2685,71,measure
2026-09-10T21:39:38.918+00:00,471.000,411.077,100,22473.4,2685,72,measure
2026-09-10T21:39:39.918+00:00,472.002,411.802,99,22473.4,2685,71,measure
2026-09-10T21:39:40.916+00:00,473.000,417.272,99,22473.4,2685,72,measure
2026-09-10T21:39:41.917+00:00,474.001,420.65,99,22473.4,2685,72,measure
2026-09-10T21:39:42.917+00:00,475.001,416.371,100,22473.4,2685,71,measure
2026-09-10T21:39:43.919+00:00,476.002,410.578,100,22473.4,2685,71,measure
2026-09-10T21:39:44.918+00:00,477.001,410.436,100,22473.4,2685,71,measure
2026-09-10T21:39:45.921+00:00,478.005,410.283,100,22473.4,2685,72,measure
2026-09-10T21:39:46.916+00:00,479.000,411.302,99,22473.4,2685,71,measure
2026-09-10T21:39:47.916+00:00,480.000,413.08,100,22473.4,2685,72,measure
2026-09-10T21:39:48.917+00:00,481.001,416.073,100,22473.4,2685,72,measure
2026-09-10T21:39:49.917+00:00,482.001,419.593,100,22473.4,2685,71,measure
2026-09-10T21:39:50.920+00:00,483.001,416.576,100,22473.4,2685,71,measure
2026-09-10T21:39:51.918+00:00,484.001,406.298,100,22473.4,2685,71,measure
2026-09-10T21:39:52.916+00:00,485.000,412.178,100,22473.4,2685,72,measure
2026-09-10T21:39:53.916+00:00,486.000,412.825,100,22473.4,2685,72,measure
2026-09-10T21:39:54.917+00:00,487.001,411.949,100,22473.4,2685,72,measure
2026-09-10T21:39:55.916+00:00,488.000,416.885,100,22473.4,2685,71,measure
2026-09-10T21:39:56.921+00:00,489.001,421.03,100,22473.4,2685,73,measure
2026-09-10T21:39:57.917+00:00,490.001,418.858,99,22473.4,2685,71,measure
2026-09-10T21:39:56.421+00:00,491.002,412.638,100,22473.4,2685,71,measure
2026-09-10T21:39:57.421+00:00,492.001,408.971,100,22473.4,2685,71,measure
2026-09-10T21:39:58.421+00:00,493.002,411.497,100,22473.4,2685,72,measure
2026-09-10T21:39:59.422+00:00,494.001,411.333,100,22473.4,2685,72,measure
2026-09-10T21:40:00.422+00:00,495.001,414.069,100,22473.4,2685,71,measure
2026-09-10T21:40:01.421+00:00,496.000,418.29,100,22473.4,2685,73,measure
2026-09-10T21:40:02.420+00:00,497.001,420.12,100,22473.4,2685,71,measure
2026-09-10T21:40:03.420+00:00,498.001,415.925,100,22473.4,2685,72,measure
2026-09-10T21:40:04.420+00:00,499.001,409.265,100,22473.4,2685,71,measure
2026-09-10T21:40:05.420+00:00,500.000,411.31,100,22473.4,2685,72,measure
2026-09-10T21:40:06.422+00:00,501.001,410.563,100,22473.4,2685,71,measure
2026-09-10T21:40:07.420+00:00,502.001,411.645,100,22473.4,2685,72,measure
2026-09-10T21:40:08.420+00:00,503.000,415.414,100,22473.4,2685,72,measure
2026-09-10T21:40:09.419+00:00,504.000,417.42,100,22473.4,2685,72,measure
2026-09-10T21:40:10.420+00:00,505.001,421.236,100,22473.4,2685,71,measure
2026-09-10T21:40:11.420+00:00,506.000,415.599,100,22473.4,2685,71,measure
2026-09-10T21:40:12.421+00:00,507.001,407.763,100,22473.4,2685,71,measure
2026-09-10T21:40:13.420+00:00,508.000,413.705,100,22473.4,2685,72,measure
2026-09-10T21:40:14.419+00:00,509.000,411.545,100,22473.4,2685,71,measure
2026-09-10T21:40:15.422+00:00,510.000,410.427,100,22473.4,2685,72,measure
2026-09-10T21:40:16.423+00:00,511.003,417.973,99,22473.4,2685,72,measure
2026-09-10T21:40:17.420+00:00,512.001,420.707,100,22473.4,2685,73,measure
2026-09-10T21:40:18.421+00:00,513.001,416.749,100,22473.4,2685,72,measure
2026-09-10T21:40:19.419+00:00,514.001,410.614,100,22473.4,2685,71,measure
2026-09-10T21:40:20.419+00:00,515.000,410.734,100,22473.4,2685,71,measure
2026-09-10T21:40:21.420+00:00,516.000,411.7,100,22473.4,2685,71,measure
2026-09-10T21:40:22.431+00:00,517.006,411.902,100,22473.4,2685,72,measure
2026-09-10T21:40:23.421+00:00,518.001,414.121,100,22473.4,2685,72,measure
2026-09-10T21:40:24.421+00:00,519.001,416.654,100,22473.4,2685,72,measure
2026-09-10T21:40:25.420+00:00,520.001,419.108,99,22473.4,2685,71,measure
2026-09-10T21:40:26.420+00:00,521.001,417.126,100,22473.4,2685,71,measure
2026-09-10T21:40:27.422+00:00,522.003,406.703,100,22473.4,2685,71,measure
2026-09-10T21:40:28.421+00:00,523.002,412.142,100,22473.4,2685,72,measure
2026-09-10T21:40:26.922+00:00,524.001,411.927,100,22473.4,2685,71,measure
2026-09-10T21:40:27.924+00:00,525.001,411.973,100,22473.4,2685,71,measure
2026-09-10T21:40:28.925+00:00,526.005,416.465,100,22473.4,2685,71,measure
2026-09-10T21:40:29.927+00:00,527.006,420.144,100,22473.4,2685,73,measure
2026-09-10T21:40:30.920+00:00,528.000,420.518,99,22473.4,2685,71,measure
2026-09-10T21:40:31.920+00:00,529.000,414.578,100,22473.4,2685,71,measure
2026-09-10T21:40:32.922+00:00,530.000,407.722,99,22473.4,2685,71,measure
2026-09-10T21:40:33.924+00:00,531.000,412.439,99,22473.4,2685,72,measure
2026-09-10T21:40:34.921+00:00,532.001,410.524,99,22473.4,2685,72,measure
2026-09-10T21:40:35.921+00:00,533.001,411.727,100,22473.4,2685,72,measure
2026-09-10T21:40:36.921+00:00,534.001,417.903,99,22473.4,2685,72,measure
2026-09-10T21:40:37.922+00:00,535.002,419.105,100,22473.4,2685,71,measure
2026-09-10T21:40:38.926+00:00,536.002,416.882,100,22473.4,2685,72,measure
2026-09-10T21:40:39.922+00:00,537.000,410.676,100,22473.4,2685,71,measure
2026-09-10T21:40:40.921+00:00,538.001,410.884,100,22473.4,2685,72,measure
2026-09-10T21:40:41.921+00:00,539.000,409.818,100,22473.4,2685,71,measure
2026-09-10T21:40:42.922+00:00,540.001,411.221,100,22469.4,2685,72,measure
2026-09-10T21:40:43.922+00:00,541.001,414.061,100,22469.4,2685,72,measure
2026-09-10T21:40:44.922+00:00,542.001,417.505,99,22469.4,2685,72,measure
2026-09-10T21:40:45.922+00:00,543.001,421.029,100,22469.4,2685,71,measure
2026-09-10T21:40:46.920+00:00,544.000,417.079,99,22469.4,2685,71,measure
2026-09-10T21:40:47.920+00:00,545.001,406.673,100,22469.4,2685,71,measure
2026-09-10T21:40:48.920+00:00,546.000,413.539,100,22469.4,2685,71,measure
2026-09-10T21:40:49.921+00:00,547.001,413.088,99,22469.4,2685,72,measure
2026-09-10T21:40:50.921+00:00,548.000,411.381,100,22469.4,2685,72,measure
2026-09-10T21:40:51.921+00:00,549.001,418.023,100,22469.4,2685,72,measure
2026-09-10T21:40:52.924+00:00,550.004,421.346,100,22469.4,2685,72,measure
2026-09-10T21:40:53.923+00:00,551.002,419.086,100,22469.4,2685,71,measure
2026-09-10T21:40:54.921+00:00,552.000,411.375,100,22469.4,2685,72,measure
2026-09-10T21:40:55.920+00:00,553.000,409.358,100,22469.4,2685,73,measure
2026-09-10T21:40:56.921+00:00,554.000,412.289,99,22469.4,2685,71,measure
2026-09-10T21:40:57.923+00:00,555.000,411.244,99,22469.4,2685,72,measure
2026-09-10T21:40:56.421+00:00,556.001,413.878,100,22469.4,2685,72,measure
2026-09-10T21:40:57.421+00:00,557.001,419.269,100,22469.4,2685,72,measure
2026-09-10T21:40:58.421+00:00,558.000,421.122,100,22469.4,2685,71,measure
2026-09-10T21:40:59.421+00:00,559.001,416.83,100,22469.4,2685,71,measure
2026-09-10T21:41:00.423+00:00,560.000,408.858,100,22469.4,2685,71,measure
2026-09-10T21:41:01.423+00:00,561.001,411.531,100,22469.4,2685,72,measure
2026-09-10T21:41:02.421+00:00,562.000,411.041,100,22469.4,2685,72,measure
2026-09-10T21:41:03.421+00:00,563.000,412.576,99,22469.4,2685,72,measure
2026-09-10T21:41:04.422+00:00,564.001,415.637,100,22469.4,2685,73,measure
2026-09-10T21:41:05.422+00:00,565.001,419.705,100,22469.4,2685,72,measure
2026-09-10T21:41:06.422+00:00,566.000,421.811,99,22469.4,2685,71,measure
2026-09-10T21:41:07.423+00:00,567.001,416.722,100,22469.4,2685,71,measure
2026-09-10T21:41:08.421+00:00,568.001,407.994,99,22469.4,2685,71,measure
2026-09-10T21:41:09.421+00:00,569.000,415.8,100,22469.4,2685,72,measure
2026-09-10T21:41:10.422+00:00,570.000,412.216,99,22469.4,2685,71,measure
2026-09-10T21:41:11.421+00:00,571.000,411.96,100,22469.4,2685,71,measure
2026-09-10T21:41:12.423+00:00,572.000,418.438,100,22469.4,2685,72,measure
2026-09-10T21:41:13.423+00:00,573.001,421.552,99,22469.4,2685,72,measure
2026-09-10T21:41:14.421+00:00,574.000,418.132,99,22469.4,2685,71,measure
2026-09-10T21:41:15.421+00:00,575.001,411.377,100,22469.4,2685,71,measure
2026-09-10T21:41:16.421+00:00,576.000,411.261,100,22469.4,2685,72,measure
2026-09-10T21:41:17.421+00:00,577.001,412.552,100,22469.4,2685,72,measure
2026-09-10T21:41:18.422+00:00,578.000,411.595,100,22469.4,2685,71,measure
2026-09-10T21:41:19.423+00:00,579.002,413.882,99,22469.4,2685,72,measure
2026-09-10T21:41:20.421+00:00,580.000,417.702,100,22469.4,2685,72,measure
2026-09-10T21:41:21.421+00:00,581.001,419.79,99,22469.4,2685,71,measure
2026-09-10T21:41:22.421+00:00,582.000,417.097,100,22469.4,2685,71,measure
2026-09-10T21:41:23.421+00:00,583.001,407.851,100,22469.4,2685,71,measure
2026-09-10T21:41:24.422+00:00,584.000,411.329,99,22469.4,2685,72,measure
2026-09-10T21:41:25.422+00:00,585.000,411.502,100,22469.4,2685,72,measure
2026-09-10T21:41:26.421+00:00,586.000,412.821,100,22469.4,2685,72,measure
2026-09-10T21:41:27.422+00:00,587.000,416.241,99,22469.4,2685,72,measure
2026-09-10T21:41:28.421+00:00,588.001,419.226,100,22469.4,2685,73,measure
2026-09-10T21:41:26.922+00:00,589.000,420.864,100,22469.4,2685,71,measure
2026-09-10T21:41:27.928+00:00,590.000,413.481,99,22469.4,2685,71,measure
2026-09-10T21:41:28.923+00:00,591.001,408.258,100,22469.4,2685,71,measure
2026-09-10T21:41:29.923+00:00,592.001,414.076,100,22469.4,2685,72,measure
2026-09-10T21:41:30.923+00:00,593.001,412.113,100,22469.4,2685,72,measure
2026-09-10T21:41:31.922+00:00,594.000,412.382,100,22469.4,2685,72,measure
2026-09-10T21:41:32.923+00:00,595.001,418.46,99,22469.4,2685,72,measure
2026-09-10T21:41:33.924+00:00,596.000,420.278,100,22469.4,2685,73,measure
2026-09-10T21:41:34.923+00:00,597.001,418.159,100,22469.4,2685,72,measure
2026-09-10T21:41:35.922+00:00,598.000,411.099,100,22469.4,2685,71,measure
2026-09-10T21:41:36.923+00:00,599.001,411.062,99,22469.4,2685,72,measure
2026-09-10T21:41:37.923+00:00,600.000,410.457,100,22469.4,2685,72,measure
2026-09-10T21:41:38.922+00:00,601.000,411.943,100,22469.4,2685,71,measure
2026-09-10T21:41:39.925+00:00,602.002,414.569,100,22469.4,2685,72,measure
2026-09-10T21:41:40.926+00:00,603.004,418.522,100,22469.4,2685,72,measure
2026-09-10T21:41:41.925+00:00,604.003,420.212,100,22469.4,2685,71,measure
2026-09-10T21:41:42.924+00:00,605.002,416.609,100,22469.4,2685,71,measure
2026-09-10T21:41:43.922+00:00,606.000,406.372,100,22469.4,2685,71,measure
2026-09-10T21:41:44.924+00:00,607.001,414.371,100,22469.4,2685,72,measure
2026-09-10T21:41:45.924+00:00,608.001,412.566,100,22469.4,2685,71,measure
2026-09-10T21:41:46.922+00:00,609.000,411.697,100,22469.4,2685,71,measure
2026-09-10T21:41:47.922+00:00,610.000,417.635,100,22469.4,2685,72,measure
2026-09-10T21:41:48.924+00:00,611.002,413.201,100,22469.4,2685,71,measure
2026-09-10T21:41:49.922+00:00,612.000,412.741,99,22469.4,2685,72,measure
2026-09-10T21:41:50.922+00:00,613.000,411.658,100,22469.4,2685,71,measure
2026-09-10T21:41:51.924+00:00,614.000,414.488,100,22469.4,2685,73,measure
2026-09-10T21:41:52.922+00:00,615.000,405.269,99,22469.4,2685,71,measure
2026-09-10T21:41:53.923+00:00,616.000,391.383,99,22469.4,2685,69,measure
2026-09-10T21:41:54.924+00:00,617.000,382.087,99,22469.4,2685,70,measure
2026-09-10T21:41:55.922+00:00,618.000,365.425,99,22469.4,2685,69,measure
2026-09-10T21:41:56.924+00:00,619.001,336.77,99,22469.4,2685,65,measure
2026-09-10T21:41:57.978+00:00,620.000,338.785,99,22469.4,2685,64,measure
2026-09-10T21:41:56.424+00:00,621.000,359.392,99,22469.4,2685,67,measure
2026-09-10T21:41:57.423+00:00,622.000,368.323,99,22469.4,2685,67,measure
2026-09-10T21:41:58.423+00:00,623.000,368.219,99,22469.4,2685,70,measure
2026-09-10T21:41:59.423+00:00,624.000,375.072,99,22469.4,2685,68,measure
2026-09-10T21:42:00.431+00:00,625.003,371.772,99,22469.4,2685,67,measure
2026-09-10T21:42:01.427+00:00,626.001,365.336,99,22469.4,2685,69,measure
2026-09-10T21:42:02.424+00:00,627.001,365.233,99,22469.4,2685,69,measure
2026-09-10T21:42:03.423+00:00,628.000,340.383,99,22469.4,2685,64,measure
2026-09-10T21:42:04.424+00:00,629.001,347.692,99,22469.4,2685,70,measure
2026-09-10T21:42:05.423+00:00,630.000,350.16,99,22469.4,2685,66,measure
2026-09-10T21:42:06.424+00:00,631.000,351.335,99,22469.4,2685,66,measure
2026-09-10T21:42:07.425+00:00,632.002,364.504,99,22469.4,2685,66,measure
2026-09-10T21:42:08.436+00:00,633.001,351.704,99,22469.4,2685,64,measure
2026-09-10T21:42:09.424+00:00,634.002,369.179,99,22469.4,2685,68,measure
2026-09-10T21:42:10.424+00:00,635.001,386.264,99,22469.4,2685,69,measure
2026-09-10T21:42:11.423+00:00,636.001,379.449,99,22469.4,2685,69,measure
2026-09-10T21:42:12.424+00:00,637.000,383.217,99,22469.4,2685,68,measure
2026-09-10T21:42:13.425+00:00,638.000,374.701,99,22469.4,2685,68,measure
2026-09-10T21:42:14.424+00:00,639.001,371.165,99,22469.4,2685,70,measure
2026-09-10T21:42:15.423+00:00,640.000,372.969,99,22469.4,2685,66,measure
2026-09-10T21:42:16.426+00:00,641.003,370.592,99,22469.4,2685,70,measure
2026-09-10T21:42:17.424+00:00,642.001,370.57,99,22469.4,2685,67,measure
2026-09-10T21:42:18.425+00:00,643.001,368.035,99,22469.4,2685,66,measure
2026-09-10T21:42:19.425+00:00,644.000,366.697,99,22469.4,2685,66,measure
2026-09-10T21:42:20.424+00:00,645.001,345.052,99,22469.4,2685,66,measure
2026-09-10T21:42:21.423+00:00,646.000,312.826,99,22469.4,2685,65,measure
2026-09-10T21:42:22.425+00:00,647.001,318.629,99,22469.4,2685,68,measure
2026-09-10T21:42:23.424+00:00,648.001,333.456,99,22469.4,2685,64,measure
2026-09-10T21:42:24.426+00:00,649.002,351.67,99,22469.4,2685,67,measure
2026-09-10T21:42:25.428+00:00,650.000,367.31,99,22469.4,2685,67,measure
2026-09-10T21:42:26.423+00:00,651.000,368.355,99,22469.4,2685,68,measure
2026-09-10T21:42:27.423+00:00,652.000,368.751,99,22469.4,2685,66,measure
2026-09-10T21:42:28.424+00:00,653.001,353.422,99,22469.4,2685,66,measure
2026-09-10T21:42:26.940+00:00,654.000,346.832,99,22469.4,2685,66,measure
2026-09-10T21:42:27.941+00:00,655.001,326.958,99,22469.4,2685,66,measure
2026-09-10T21:42:28.942+00:00,656.001,326.032,99,22469.4,2685,64,measure
2026-09-10T21:42:29.939+00:00,657.000,337.727,99,22469.4,2685,64,measure
2026-09-10T21:42:30.940+00:00,658.001,330.283,99,22469.4,2685,64,measure
2026-09-10T21:42:31.939+00:00,659.000,352.425,99,22469.4,2685,66,measure
2026-09-10T21:42:32.943+00:00,660.003,366.248,99,22469.4,2685,67,measure
2026-09-10T21:42:33.941+00:00,661.001,370.852,99,22469.4,2685,66,measure
2026-09-10T21:42:34.942+00:00,662.001,381.928,99,22469.4,2685,68,measure
2026-09-10T21:42:35.941+00:00,663.002,375.612,99,22469.4,2685,66,measure
2026-09-10T21:42:36.945+00:00,664.004,394.045,99,22469.4,2685,70,measure
2026-09-10T21:42:37.941+00:00,665.002,380.616,99,22469.4,2685,68,measure
2026-09-10T21:42:38.942+00:00,666.002,378.233,99,22469.4,2685,68,measure
2026-09-10T21:42:39.946+00:00,667.002,386.87,99,22469.4,2685,67,measure
2026-09-10T21:42:40.941+00:00,668.001,369.532,99,22469.4,2685,66,measure
2026-09-10T21:42:41.940+00:00,669.001,366.983,99,22469.4,2685,66,measure
2026-09-10T21:42:42.940+00:00,670.001,370.507,99,22469.4,2685,66,measure
2026-09-10T21:42:43.941+00:00,671.002,368.311,99,22469.4,2685,69,measure
2026-09-10T21:42:44.943+00:00,672.002,373.515,99,22469.4,2685,68,measure
2026-09-10T21:42:45.945+00:00,673.004,389.495,99,22469.4,2685,69,measure
2026-09-10T21:42:46.942+00:00,674.002,381.054,99,22469.4,2685,67,measure
2026-09-10T21:42:47.941+00:00,675.001,364.017,99,22469.4,2685,66,measure
2026-09-10T21:42:48.940+00:00,676.001,346.666,99,22469.4,2685,65,measure
2026-09-10T21:42:49.940+00:00,677.001,333.153,99,22469.4,2685,63,measure
2026-09-10T21:42:50.943+00:00,678.003,313.909,99,22469.4,2685,63,measure
2026-09-10T21:42:51.945+00:00,679.003,341.256,99,22469.4,2685,63,measure
2026-09-10T21:42:52.941+00:00,680.001,325.353,99,22469.4,2685,63,measure
2026-09-10T21:42:53.950+00:00,681.001,326.914,99,22469.4,2685,65,measure
2026-09-10T21:42:54.944+00:00,682.005,306.482,99,22469.4,2685,62,measure
2026-09-10T21:42:55.940+00:00,683.000,323.999,99,22469.4,2685,65,measure
2026-09-10T21:42:56.941+00:00,684.002,323.188,99,22469.4,2685,64,measure
2026-09-10T21:42:57.941+00:00,685.001,328.61,99,22469.4,2685,65,measure
2026-09-10T21:42:56.442+00:00,686.000,331.746,99,22469.4,2685,64,measure
2026-09-10T21:42:57.442+00:00,687.001,311.559,99,22469.4,2685,62,measure
2026-09-10T21:42:58.441+00:00,688.001,335.754,99,22469.4,2685,65,measure
2026-09-10T21:42:59.441+00:00,689.000,324.388,99,22469.4,2685,63,measure
2026-09-10T21:43:00.444+00:00,690.002,331.74,99,22469.4,2685,66,measure
2026-09-10T21:43:01.454+00:00,691.001,362.964,99,22469.4,2685,64,measure
2026-09-10T21:43:02.442+00:00,692.001,341.692,99,22469.4,2685,67,measure
2026-09-10T21:43:03.441+00:00,693.000,375.664,99,22469.4,2685,66,measure
2026-09-10T21:43:04.441+00:00,694.000,367.216,99,22469.4,2685,66,measure
2026-09-10T21:43:05.442+00:00,695.001,369.55,99,22469.4,2685,66,measure
2026-09-10T21:43:06.441+00:00,696.001,364.049,99,22469.4,2685,66,measure
2026-09-10T21:43:07.446+00:00,697.000,352.02,99,22469.4,2685,66,measure
2026-09-10T21:43:08.442+00:00,698.001,361.141,99,22469.4,2685,65,measure
2026-09-10T21:43:09.442+00:00,699.001,341.74,99,22469.4,2685,66,measure
2026-09-10T21:43:10.441+00:00,700.001,349.482,99,22469.4,2685,65,measure
2026-09-10T21:43:11.441+00:00,701.001,371.002,99,22469.4,2685,66,measure
2026-09-10T21:43:12.441+00:00,702.001,372.279,99,22469.4,2685,67,measure
2026-09-10T21:43:13.442+00:00,703.000,361.373,99,22469.4,2685,67,measure
2026-09-10T21:43:14.442+00:00,704.000,367.189,99,22469.4,2685,67,measure
2026-09-10T21:43:15.441+00:00,705.001,373.08,99,22469.4,2685,66,measure
2026-09-10T21:43:16.441+00:00,706.000,365.138,99,22469.4,2685,66,measure
2026-09-10T21:43:17.441+00:00,707.001,357.98,99,22469.4,2685,66,measure
2026-09-10T21:43:18.441+00:00,708.000,345.159,99,22469.4,2685,63,measure
2026-09-10T21:43:19.446+00:00,709.001,336.696,99,22469.4,2685,66,measure
2026-09-10T21:43:20.442+00:00,710.000,365.482,99,22469.4,2685,65,measure
2026-09-10T21:43:21.441+00:00,711.000,368.049,99,22469.4,2685,65,measure
2026-09-10T21:43:22.441+00:00,712.000,368.748,99,22469.4,2685,67,measure
2026-09-10T21:43:23.441+00:00,713.000,367.558,99,22469.4,2685,66,measure
2026-09-10T21:43:24.442+00:00,714.001,334.735,99,22469.4,2685,65,measure
2026-09-10T21:43:25.442+00:00,715.000,327.811,99,22469.4,2685,64,measure
2026-09-10T21:43:26.442+00:00,716.001,321.076,99,22469.4,2685,64,measure
2026-09-10T21:43:27.441+00:00,717.001,303.632,99,22469.4,2685,63,measure
2026-09-10T21:43:28.441+00:00,718.001,313.774,99,22469.4,2685,62,measure
2026-09-10T21:43:26.941+00:00,719.000,316.687,99,22469.4,2685,62,measure
2026-09-10T21:43:27.944+00:00,720.002,319.54,99,22469.4,2685,66,measure
2026-09-10T21:43:28.943+00:00,721.001,315.509,99,22469.4,2685,61,measure
2026-09-10T21:43:29.943+00:00,722.002,332.305,99,22469.4,2685,67,measure
2026-09-10T21:43:30.941+00:00,723.000,321.632,99,22469.4,2685,64,measure
2026-09-10T21:43:31.944+00:00,724.001,354.436,99,22469.4,2685,67,measure
2026-09-10T21:43:32.941+00:00,725.000,366.456,99,22469.4,2685,66,measure
2026-09-10T21:43:33.942+00:00,726.001,368.783,99,22469.4,2685,69,measure
2026-09-10T21:43:34.943+00:00,727.001,367.474,99,22469.4,2685,66,measure
2026-09-10T21:43:35.941+00:00,728.000,365.89,99,22469.4,2685,67,measure
2026-09-10T21:43:36.941+00:00,729.000,360.874,99,22469.4,2685,65,measure
2026-09-10T21:43:37.941+00:00,730.000,362.41,99,22469.4,2685,65,measure
2026-09-10T21:43:38.942+00:00,731.000,343.546,99,22469.4,2685,65,measure
2026-09-10T21:43:39.942+00:00,732.000,322.882,99,22469.4,2685,62,measure
2026-09-10T21:43:40.943+00:00,733.000,332.318,99,22469.4,2685,65,measure
2026-09-10T21:43:41.942+00:00,734.001,359.642,99,22469.4,2685,65,measure
2026-09-10T21:43:42.941+00:00,735.000,344.939,99,22469.4,2685,64,measure
2026-09-10T21:43:43.989+00:00,736.001,334.302,99,22469.4,2685,63,measure
2026-09-10T21:43:44.941+00:00,737.000,324.022,99,22469.4,2685,63,measure
2026-09-10T21:43:45.944+00:00,738.002,325.637,99,22469.4,2685,62,measure
2026-09-10T21:43:46.943+00:00,739.001,325.11,99,22469.4,2685,66,measure
2026-09-10T21:43:47.942+00:00,740.001,332.275,99,22469.4,2685,66,measure
2026-09-10T21:43:48.942+00:00,741.001,351.108,99,22469.4,2685,66,measure
2026-09-10T21:43:49.942+00:00,742.000,357.174,99,22469.4,2685,66,measure
2026-09-10T21:43:50.960+00:00,743.000,356.183,99,22469.4,2685,62,measure
2026-09-10T21:43:51.949+00:00,744.003,331.775,99,22469.4,2685,65,measure
2026-09-10T21:43:52.943+00:00,745.000,342.771,99,22469.4,2685,64,measure
2026-09-10T21:43:53.942+00:00,746.001,324.961,99,22469.4,2685,65,measure
2026-09-10T21:43:54.942+00:00,747.001,316.915,99,22469.4,2685,62,measure
2026-09-10T21:43:55.942+00:00,748.001,316.487,99,22469.4,2685,64,measure
2026-09-10T21:43:56.941+00:00,749.000,321.691,99,22469.4,2685,65,measure
2026-09-10T21:43:57.943+00:00,750.001,317.298,99,22469.4,2685,61,measure
2026-09-10T21:43:56.444+00:00,751.001,322.035,99,22469.4,2685,61,measure
2026-09-10T21:43:57.441+00:00,752.001,338.468,99,22469.4,2685,65,measure
2026-09-10T21:43:58.441+00:00,753.000,346.578,99,22469.4,2685,62,measure
2026-09-10T21:43:59.443+00:00,754.000,369.879,99,22469.4,2685,66,measure
2026-09-10T21:44:00.442+00:00,755.002,357.089,99,22469.4,2685,65,measure
2026-09-10T21:44:01.442+00:00,756.001,362.977,99,22469.4,2685,67,measure
2026-09-10T21:44:02.442+00:00,757.000,378.886,99,22469.4,2685,67,measure
2026-09-10T21:44:03.441+00:00,758.000,373.984,99,22469.4,2685,65,measure
2026-09-10T21:44:04.441+00:00,759.001,383.531,99,22469.4,2685,67,measure
2026-09-10T21:44:05.443+00:00,760.002,380.391,99,22469.4,2685,68,measure
2026-09-10T21:44:06.441+00:00,761.001,367.914,99,22469.4,2685,67,measure
2026-09-10T21:44:07.443+00:00,762.001,371.024,99,22469.4,2685,67,measure
2026-09-10T21:44:08.443+00:00,763.001,364.099,99,22469.4,2685,66,measure
2026-09-10T21:44:09.453+00:00,764.000,355.839,99,22469.4,2685,65,measure
2026-09-10T21:44:10.441+00:00,765.001,359.703,99,22469.4,2685,67,measure
2026-09-10T21:44:11.441+00:00,766.000,341.738,99,22469.4,2685,63,measure
2026-09-10T21:44:12.441+00:00,767.001,352.634,99,22469.4,2685,65,measure
2026-09-10T21:44:13.442+00:00,768.000,323.218,99,22469.4,2685,64,measure
2026-09-10T21:44:14.456+00:00,769.000,328.531,99,22469.4,2685,64,measure
2026-09-10T21:44:15.441+00:00,770.001,324.714,99,22469.4,2685,64,measure
2026-09-10T21:44:16.441+00:00,771.001,355.355,99,22469.4,2685,67,measure
2026-09-10T21:44:17.441+00:00,772.001,368.459,99,22469.4,2685,67,measure
2026-09-10T21:44:18.441+00:00,773.001,368.86,99,22469.4,2685,67,measure
2026-09-10T21:44:19.443+00:00,774.000,373.288,99,22469.4,2685,67,measure
2026-09-10T21:44:20.441+00:00,775.001,365.089,99,22469.4,2685,66,measure
2026-09-10T21:44:21.441+00:00,776.001,369.289,99,22469.4,2685,68,measure
2026-09-10T21:44:22.440+00:00,777.000,361.678,99,22469.4,2685,67,measure
2026-09-10T21:44:23.441+00:00,778.000,330.528,99,22469.4,2685,65,measure
2026-09-10T21:44:24.441+00:00,779.001,333.406,99,22469.4,2685,65,measure
2026-09-10T21:44:25.442+00:00,780.000,324.599,99,22469.4,2685,64,measure
2026-09-10T21:44:26.443+00:00,781.000,316.747,99,22469.4,2685,62,measure
2026-09-10T21:44:27.441+00:00,782.000,332.716,99,22469.4,2685,66,measure
2026-09-10T21:44:28.441+00:00,783.000,352.998,99,22469.4,2685,65,measure
2026-09-10T21:44:26.941+00:00,784.000,354.345,99,22469.4,2685,65,measure
2026-09-10T21:44:27.940+00:00,785.000,331.475,99,22469.4,2685,65,measure
2026-09-10T21:44:28.943+00:00,786.002,321.873,99,22469.4,2685,63,measure
2026-09-10T21:44:30.010+00:00,787.071,322.732,99,22469.4,2685,62,measure
2026-09-10T21:44:31.017+00:00,788.077,358.082,99,22469.4,2685,65,measure
2026-09-10T21:44:32.018+00:00,789.077,353.734,99,22469.4,2685,66,measure
2026-09-10T21:44:33.017+00:00,790.077,370.742,99,22469.4,2685,66,measure
2026-09-10T21:44:34.022+00:00,791.071,349.581,99,22469.4,2685,66,measure
2026-09-10T21:44:34.945+00:00,792.003,313.141,99,22469.4,2685,65,measure
2026-09-10T21:44:35.942+00:00,793.000,333.745,99,22469.4,2685,62,measure
2026-09-10T21:44:36.972+00:00,794.002,305.57,99,22469.4,2685,63,measure
2026-09-10T21:44:37.940+00:00,795.000,328.676,99,22469.4,2685,63,measure
2026-09-10T21:44:38.940+00:00,796.001,326.618,99,22469.4,2685,62,measure
2026-09-10T21:44:39.940+00:00,797.000,334.276,99,22469.4,2685,62,measure
2026-09-10T21:44:40.945+00:00,798.001,366.035,99,22469.4,2685,67,measure
2026-09-10T21:44:41.941+00:00,799.001,362.97,99,22469.4,2685,66,measure
2026-09-10T21:44:42.940+00:00,800.000,372.65,99,22469.4,2685,66,measure
2026-09-10T21:44:43.941+00:00,801.000,348.336,99,22469.4,2685,63,measure
2026-09-10T21:44:44.940+00:00,802.000,366.702,99,22469.4,2685,66,measure
2026-09-10T21:44:45.942+00:00,803.002,343.57,99,22469.4,2685,64,measure
2026-09-10T21:44:46.977+00:00,804.000,325.35,99,22469.4,2685,61,measure
2026-09-10T21:44:47.940+00:00,805.001,324.97,99,22469.4,2685,64,measure
2026-09-10T21:44:48.940+00:00,806.001,314.191,99,22469.4,2685,64,measure
2026-09-10T21:44:49.941+00:00,807.002,326.867,99,22469.4,2685,62,measure
2026-09-10T21:44:50.939+00:00,808.000,327.26,99,22469.4,2685,62,measure
2026-09-10T21:44:51.940+00:00,809.001,327.563,99,22469.4,2685,64,measure
2026-09-10T21:44:52.942+00:00,810.001,363.848,99,22469.4,2685,66,measure
2026-09-10T21:44:53.941+00:00,811.001,360.545,99,22469.4,2685,67,measure
2026-09-10T21:44:54.941+00:00,812.001,361.211,99,22469.4,2685,66,measure
2026-09-10T21:44:55.940+00:00,813.001,356.657,99,22469.4,2685,63,measure
2026-09-10T21:44:56.940+00:00,814.000,364.377,99,22469.4,2685,65,measure
2026-09-10T21:44:57.942+00:00,815.002,359.545,99,22469.4,2685,66,measure
2026-09-10T21:44:56.442+00:00,816.000,363.004,99,22469.4,2685,65,measure
2026-09-10T21:44:57.442+00:00,817.001,360.762,99,22469.4,2685,65,measure
2026-09-10T21:44:58.441+00:00,818.001,359.725,99,22469.4,2685,67,measure
2026-09-10T21:44:59.440+00:00,819.000,354.578,99,22469.4,2685,64,measure
2026-09-10T21:45:00.441+00:00,820.000,338.298,99,22469.4,2685,65,measure
2026-09-10T21:45:01.441+00:00,821.000,320.183,99,22469.4,2685,63,measure
2026-09-10T21:45:02.445+00:00,822.002,310.253,99,22469.4,2685,64,measure
2026-09-10T21:45:03.441+00:00,823.000,329.749,99,22469.4,2685,62,measure
2026-09-10T21:45:04.440+00:00,824.000,333.364,99,22469.4,2685,62,measure
2026-09-10T21:45:05.440+00:00,825.000,354.896,99,22469.4,2685,64,measure
2026-09-10T21:45:06.441+00:00,826.001,380.554,99,22469.4,2685,65,measure
2026-09-10T21:45:07.440+00:00,827.000,369.117,99,22469.4,2685,66,measure
2026-09-10T21:45:08.442+00:00,828.000,366.9,99,22469.4,2685,66,measure
2026-09-10T21:45:09.441+00:00,829.000,367.466,99,22469.4,2685,65,measure
2026-09-10T21:45:10.443+00:00,830.004,374.576,99,22469.4,2685,67,measure
2026-09-10T21:45:11.443+00:00,831.003,369.757,99,22469.4,2685,67,measure
2026-09-10T21:45:12.440+00:00,832.000,359.974,99,22469.4,2685,65,measure
2026-09-10T21:45:13.442+00:00,833.001,363.302,99,22469.4,2685,66,measure
2026-09-10T21:45:14.441+00:00,834.000,356.135,99,22469.4,2685,65,measure
2026-09-10T21:45:15.441+00:00,835.001,364.283,99,22469.4,2685,65,measure
2026-09-10T21:45:16.440+00:00,836.000,360.768,99,22469.4,2685,66,measure
2026-09-10T21:45:17.441+00:00,837.001,368.941,99,22469.4,2685,68,measure
2026-09-10T21:45:18.442+00:00,838.002,365.256,99,22469.4,2685,66,measure
2026-09-10T21:45:19.443+00:00,839.001,371.575,99,22469.4,2685,66,measure
2026-09-10T21:45:20.444+00:00,840.001,380.859,99,22469.4,2685,67,measure
2026-09-10T21:45:21.441+00:00,841.001,369.001,99,22469.4,2685,67,measure
2026-09-10T21:45:22.441+00:00,842.002,370.346,99,22469.4,2685,68,measure
2026-09-10T21:45:23.443+00:00,843.002,364.113,99,22469.4,2685,65,measure
2026-09-10T21:45:24.441+00:00,844.001,363.463,99,22469.4,2685,68,measure
2026-09-10T21:45:25.442+00:00,845.001,363.353,99,22469.4,2685,67,measure
2026-09-10T21:45:26.442+00:00,846.000,360.372,99,22469.4,2685,66,measure
2026-09-10T21:45:27.440+00:00,847.000,355.484,99,22469.4,2685,67,measure
2026-09-10T21:45:28.457+00:00,848.004,331.14,99,22469.4,2685,66,measure
2026-09-10T21:45:26.953+00:00,849.013,355.995,99,22469.4,2685,67,measure
2026-09-10T21:45:27.950+00:00,850.009,356.372,99,22469.4,2685,66,measure
2026-09-10T21:45:28.981+00:00,851.005,335.024,99,22469.4,2685,66,measure
2026-09-10T21:45:29.949+00:00,852.010,324.242,99,22469.4,2685,63,measure
2026-09-10T21:45:30.956+00:00,853.016,311.692,99,22469.4,2685,61,measure
2026-09-10T21:45:31.941+00:00,854.002,306.845,99,22469.4,2685,65,measure
2026-09-10T21:45:32.941+00:00,855.002,318.212,99,22469.4,2685,62,measure
2026-09-10T21:45:33.941+00:00,856.002,319.433,99,22469.4,2685,66,measure
2026-09-10T21:45:34.978+00:00,857.003,328.713,99,22469.4,2685,63,measure
2026-09-10T21:45:35.942+00:00,858.001,342.85,99,22469.4,2685,63,measure
2026-09-10T21:45:36.941+00:00,859.002,337.637,99,22469.4,2685,64,measure
2026-09-10T21:45:37.941+00:00,860.002,340.839,99,22469.4,2685,64,measure
2026-09-10T21:45:38.942+00:00,861.001,321.884,99,22469.4,2685,63,measure
2026-09-10T21:45:39.941+00:00,862.002,341.551,99,22469.4,2685,64,measure
2026-09-10T21:45:40.943+00:00,863.002,346.843,99,22469.4,2685,66,measure
2026-09-10T21:45:41.943+00:00,864.002,370.782,99,22469.4,2685,67,measure
2026-09-10T21:45:42.940+00:00,865.000,364.754,99,22469.4,2685,68,measure
2026-09-10T21:45:43.940+00:00,866.001,364.347,99,22469.4,2685,65,measure
2026-09-10T21:45:44.939+00:00,867.000,363.267,99,22469.4,2685,66,measure
2026-09-10T21:45:45.962+00:00,868.001,340.417,99,22469.4,2685,66,measure
2026-09-10T21:45:46.957+00:00,869.003,327.306,99,22469.4,2685,62,measure
2026-09-10T21:45:47.942+00:00,870.003,337.225,99,22469.4,2685,66,measure
2026-09-10T21:45:48.940+00:00,871.002,335.823,99,22469.4,2685,62,measure
2026-09-10T21:45:49.957+00:00,872.018,361.11,99,22469.4,2685,66,measure
2026-09-10T21:45:50.940+00:00,873.001,326.459,99,22469.4,2685,65,measure
2026-09-10T21:45:51.940+00:00,874.001,318.713,99,22469.4,2685,62,measure
2026-09-10T21:45:52.941+00:00,875.000,325.446,99,22469.4,2685,63,measure
2026-09-10T21:45:53.942+00:00,876.000,321.423,99,22469.4,2685,65,measure
2026-09-10T21:45:54.941+00:00,877.002,335.692,99,22593.2,2685,66,measure
2026-09-10T21:45:55.940+00:00,878.001,343.571,99,22593.2,2685,66,measure
2026-09-10T21:45:56.940+00:00,879.001,351.32,99,22593.2,2685,66,measure
2026-09-10T21:45:57.942+00:00,880.002,332.899,99,22593.2,2685,67,measure
2026-09-10T21:45:56.442+00:00,881.000,339.003,99,22593.8,2685,65,measure
2026-09-10T21:45:57.442+00:00,882.002,321.474,99,22594,2685,66,measure
2026-09-10T21:45:58.440+00:00,883.000,358.278,99,22594,2685,66,measure
2026-09-10T21:45:59.444+00:00,884.004,370.199,99,22594,2685,67,measure
2026-09-10T21:46:00.440+00:00,885.001,367.345,99,22594,2685,65,measure
2026-09-10T21:46:01.440+00:00,886.000,365.751,99,22594,2685,66,measure
2026-09-10T21:46:02.442+00:00,887.001,362.17,99,22596.1,2685,66,measure
2026-09-10T21:46:03.442+00:00,888.000,329.096,99,22596.1,2685,63,measure
2026-09-10T21:46:04.440+00:00,889.000,331.375,99,22596.1,2685,66,measure
2026-09-10T21:46:05.441+00:00,890.001,321.061,99,22469.1,2685,63,measure
2026-09-10T21:46:06.441+00:00,891.000,316.522,99,22469.1,2685,65,measure
2026-09-10T21:46:07.441+00:00,892.001,331.276,99,22469.1,2685,64,measure
2026-09-10T21:46:08.442+00:00,893.001,327.041,99,22469.1,2685,62,measure
2026-09-10T21:46:09.475+00:00,894.001,320.513,99,22469.1,2685,65,measure
2026-09-10T21:46:10.440+00:00,895.001,355.857,99,22469.1,2685,66,measure
2026-09-10T21:46:11.440+00:00,896.000,368.983,99,22469.1,2685,66,measure
2026-09-10T21:46:12.440+00:00,897.000,366.718,99,22469.1,2685,66,measure
2026-09-10T21:46:13.440+00:00,898.000,368.127,99,22469.1,2685,65,measure
2026-09-10T21:46:14.442+00:00,899.001,363.013,99,22469.1,2685,65,measure
2026-09-10T21:46:15.453+00:00,900.000,367.103,99,22469.1,2685,66,measure
2026-09-10T21:46:16.440+00:00,901.000,362.373,99,22469.1,2685,66,measure
2026-09-10T21:46:17.442+00:00,902.002,361.565,99,22469.1,2685,67,measure
2026-09-10T21:46:18.441+00:00,903.002,336.929,99,22469.1,2685,63,measure
2026-09-10T21:46:19.440+00:00,904.001,321.308,99,22469.1,2685,63,measure
2026-09-10T21:46:20.443+00:00,905.002,325.118,99,22469.1,2685,62,measure
2026-09-10T21:46:21.441+00:00,906.000,335.09,99,22469.1,2685,67,measure
2026-09-10T21:46:22.440+00:00,907.000,338.972,99,22469.1,2685,66,measure
2026-09-10T21:46:23.440+00:00,908.000,355.817,99,22469.1,2685,67,measure
2026-09-10T21:46:24.441+00:00,909.001,366.023,99,22469.1,2685,66,measure
2026-09-10T21:46:25.441+00:00,910.001,355.205,99,22469.1,2685,65,measure
2026-09-10T21:46:26.445+00:00,911.000,343.912,99,22469.1,2685,63,measure
2026-09-10T21:46:27.441+00:00,912.000,324.11,99,22469.1,2685,63,measure
2026-09-10T21:46:28.440+00:00,913.000,345.929,99,22469.1,2685,64,measure
2026-09-10T21:46:26.945+00:00,914.003,354.052,99,22469.1,2685,64,measure
2026-09-10T21:46:27.945+00:00,915.002,361.746,99,22469.1,2685,66,measure
2026-09-10T21:46:28.946+00:00,916.002,364.334,99,22469.1,2685,67,measure
2026-09-10T21:46:29.945+00:00,917.001,367.18,99,22469.1,2685,66,measure
2026-09-10T21:46:30.944+00:00,918.001,370.45,99,22469.1,2685,68,measure
2026-09-10T21:46:31.996+00:00,919.001,376.579,99,22469.1,2685,66,measure
2026-09-10T21:46:32.943+00:00,920.001,362.225,99,22469.1,2685,65,measure
2026-09-10T21:46:33.944+00:00,921.001,367.98,99,22469.1,2685,66,measure
2026-09-10T21:46:34.944+00:00,922.001,368.467,99,22469.1,2685,66,measure
2026-09-10T21:46:35.944+00:00,923.001,363.021,99,22469.1,2685,65,measure
2026-09-10T21:46:36.944+00:00,924.000,369.745,99,22469.1,2685,65,measure
2026-09-10T21:46:37.942+00:00,925.000,357.027,99,22469.1,2685,65,measure
2026-09-10T21:46:38.943+00:00,926.000,355.442,99,22469.1,2685,66,measure
2026-09-10T21:46:39.943+00:00,927.000,356.57,99,22469.1,2685,66,measure
2026-09-10T21:46:40.945+00:00,928.002,332.975,99,22469.1,2685,66,measure
2026-09-10T21:46:41.945+00:00,929.001,334.591,99,22469.1,2685,67,measure
2026-09-10T21:46:42.943+00:00,930.001,336.345,99,22469.1,2685,64,measure
2026-09-10T21:46:43.943+00:00,931.001,319.941,99,22469.1,2685,62,measure
2026-09-10T21:46:44.944+00:00,932.002,334.881,99,22469.1,2685,62,measure
2026-09-10T21:46:45.945+00:00,933.002,321.133,99,22469.1,2685,62,measure
2026-09-10T21:46:46.944+00:00,934.001,325.201,99,22469.1,2685,62,measure
2026-09-10T21:46:47.944+00:00,935.000,327.404,99,22469.1,2685,62,measure
2026-09-10T21:46:48.943+00:00,936.001,320.024,99,22469.1,2685,64,measure
2026-09-10T21:46:49.943+00:00,937.001,332.335,99,22469.1,2685,64,measure
2026-09-10T21:46:50.946+00:00,938.001,320.899,99,22469.1,2685,66,measure
2026-09-10T21:46:51.944+00:00,939.002,323.047,99,22469.1,2685,65,measure
2026-09-10T21:46:52.943+00:00,940.000,324.402,99,22469.1,2685,63,measure
2026-09-10T21:46:53.978+00:00,941.000,331.622,99,22469.1,2685,61,measure
2026-09-10T21:46:54.943+00:00,942.001,329.884,99,22469.1,2685,64,measure
2026-09-10T21:46:55.943+00:00,943.001,338.023,99,22469.1,2685,66,measure
2026-09-10T21:46:56.943+00:00,944.001,339.889,99,22469.1,2685,63,measure
2026-09-10T21:46:57.943+00:00,945.001,320.301,99,22469.1,2685,62,measure
2026-09-10T21:46:56.480+00:00,946.001,321.115,99,22469.1,2685,62,measure
2026-09-10T21:46:57.456+00:00,947.002,330.591,99,22469.1,2685,65,measure
2026-09-10T21:46:58.441+00:00,948.001,314.217,99,22469.1,2685,62,measure
2026-09-10T21:46:59.441+00:00,949.000,317.072,99,22469.1,2685,62,measure
2026-09-10T21:47:00.489+00:00,950.001,336.528,99,22469.1,2685,63,measure
2026-09-10T21:47:01.441+00:00,951.000,329.004,99,22469.1,2685,62,measure
2026-09-10T21:47:02.442+00:00,952.001,348.802,99,22469.1,2685,68,measure
2026-09-10T21:47:03.442+00:00,953.000,365.869,99,22469.1,2685,66,measure
2026-09-10T21:47:04.441+00:00,954.001,366.178,99,22469.1,2685,66,measure
2026-09-10T21:47:05.442+00:00,955.002,362.077,99,22469.1,2685,66,measure
2026-09-10T21:47:06.486+00:00,956.002,301.072,99,22469.1,2685,61,measure
2026-09-10T21:47:07.441+00:00,957.000,377.868,99,22469.1,2685,65,measure
2026-09-10T21:47:08.443+00:00,958.001,359.223,99,22469.1,2685,65,measure
2026-09-10T21:47:09.444+00:00,959.003,372.195,99,22469.1,2685,66,measure
2026-09-10T21:47:10.441+00:00,960.000,382.802,99,22469.1,2685,68,measure
2026-09-10T21:47:11.441+00:00,961.001,370.611,99,22469.1,2685,66,measure
2026-09-10T21:47:12.441+00:00,962.001,378.158,99,22469.1,2685,68,measure
2026-09-10T21:47:13.442+00:00,963.001,384.313,99,22469.1,2685,68,measure
2026-09-10T21:47:14.443+00:00,964.000,361.924,99,22469.1,2685,65,measure
2026-09-10T21:47:15.444+00:00,965.001,363.275,99,22469.1,2685,66,measure
2026-09-10T21:47:16.441+00:00,966.000,345.566,99,22469.1,2685,63,measure
2026-09-10T21:47:17.441+00:00,967.001,355.21,99,22469.1,2685,65,measure
2026-09-10T21:47:18.444+00:00,968.001,363.375,99,22469.1,2685,67,measure
2026-09-10T21:47:19.444+00:00,969.003,372.621,99,22469.1,2685,67,measure
2026-09-10T21:47:20.445+00:00,970.003,368.073,99,22469.1,2685,67,measure
2026-09-10T21:47:21.445+00:00,971.002,364.322,99,22469.1,2685,66,measure
2026-09-10T21:47:22.441+00:00,972.001,367.462,99,22469.1,2685,66,measure
2026-09-10T21:47:23.468+00:00,973.001,332.893,99,22469.1,2685,62,measure
2026-09-10T21:47:24.441+00:00,974.001,341.836,99,22469.1,2685,66,measure
2026-09-10T21:47:25.441+00:00,975.001,317.012,99,22469.1,2685,62,measure
2026-09-10T21:47:26.443+00:00,976.001,329.046,99,22469.1,2685,63,measure
2026-09-10T21:47:27.447+00:00,977.007,321.275,99,22469.1,2685,65,measure
2026-09-10T21:47:28.442+00:00,978.001,332.768,99,22469.1,2685,63,measure
2026-09-10T21:47:26.968+00:00,979.029,345.559,99,22469.1,2685,63,measure
2026-09-10T21:47:27.939+00:00,980.001,368.449,99,22469.1,2685,67,measure
2026-09-10T21:47:28.940+00:00,981.001,362.397,99,22469.1,2685,66,measure
2026-09-10T21:47:29.943+00:00,982.003,372.301,99,22469.1,2685,67,measure
2026-09-10T21:47:30.939+00:00,983.001,364.715,99,22469.1,2685,65,measure
2026-09-10T21:47:31.939+00:00,984.001,370.462,99,22469.1,2685,66,measure
2026-09-10T21:47:32.939+00:00,985.001,358.448,99,22469.1,2685,67,measure
2026-09-10T21:47:33.939+00:00,986.000,357.557,99,22469.1,2685,66,measure
2026-09-10T21:47:34.983+00:00,987.000,379.085,99,22469.1,2685,68,measure
2026-09-10T21:47:35.941+00:00,988.000,367.667,99,22469.1,2685,66,measure
2026-09-10T21:47:36.941+00:00,989.000,363.722,99,22469.1,2685,65,measure
2026-09-10T21:47:37.939+00:00,990.001,367.057,99,22469.1,2685,66,measure
2026-09-10T21:47:38.939+00:00,991.000,333.269,99,22469.1,2685,64,measure
2026-09-10T21:47:39.939+00:00,992.000,340.101,99,22469.1,2685,64,measure
2026-09-10T21:47:40.939+00:00,993.000,364.907,99,22469.1,2685,66,measure
2026-09-10T21:47:41.940+00:00,994.000,369.002,99,22469.1,2685,68,measure
2026-09-10T21:47:42.941+00:00,995.000,378.37,99,22469.1,2685,66,measure
2026-09-10T21:47:43.939+00:00,996.000,381.16,99,22469.1,2685,66,measure
2026-09-10T21:47:44.939+00:00,997.001,370.753,99,22469.1,2685,67,measure
2026-09-10T21:47:45.940+00:00,998.001,370.441,99,22469.1,2685,66,measure
2026-09-10T21:47:46.939+00:00,999.001,365.702,99,22469.1,2685,65,measure
2026-09-10T21:47:47.953+00:00,1000.001,333.801,99,22469.1,2685,65,measure
2026-09-10T21:47:48.941+00:00,1001.001,322.666,99,22469.1,2685,66,measure
2026-09-10T21:47:49.939+00:00,1002.001,293.35,99,22469.1,2685,61,measure
2026-09-10T21:47:50.940+00:00,1003.001,310.532,99,22469.1,2685,62,measure
2026-09-10T21:47:51.953+00:00,1004.014,320.234,99,22469.1,2685,66,measure
2026-09-10T21:47:52.940+00:00,1005.001,349.598,99,22469.1,2685,66,measure
2026-09-10T21:47:53.940+00:00,1006.000,357.357,99,22469.1,2685,65,measure
2026-09-10T21:47:54.940+00:00,1007.001,375.507,99,22469.1,2685,67,measure
2026-09-10T21:47:55.943+00:00,1008.004,367.952,99,22469.1,2685,66,measure
2026-09-10T21:47:56.945+00:00,1009.006,371.183,99,22469.1,2685,65,measure
2026-09-10T21:47:57.939+00:00,1010.000,373.872,99,22469.1,2685,65,measure
2026-09-10T21:47:56.444+00:00,1011.001,361.518,99,22469.1,2685,67,measure
2026-09-10T21:47:57.466+00:00,1012.021,349.637,99,22469.1,2685,64,measure
2026-09-10T21:47:58.467+00:00,1013.021,323.553,99,22469.1,2685,65,measure
2026-09-10T21:47:59.443+00:00,1014.000,327.094,99,22469.1,2685,67,measure
2026-09-10T21:48:00.449+00:00,1015.006,340.033,99,22469.1,2685,64,measure
2026-09-10T21:48:01.445+00:00,1016.002,346.597,99,22469.1,2685,65,measure
2026-09-10T21:48:02.451+00:00,1017.007,363.386,99,22469.1,2685,65,measure
2026-09-10T21:48:03.449+00:00,1018.003,358.67,99,22469.1,2685,67,measure
2026-09-10T21:48:04.456+00:00,1019.014,355.264,99,22469.1,2685,64,measure
2026-09-10T21:48:05.455+00:00,1020.012,334.178,99,22469.1,2685,62,measure
2026-09-10T21:48:06.448+00:00,1021.005,321.229,99,22469.1,2685,63,measure
2026-09-10T21:48:07.444+00:00,1022.001,315.439,99,22469.1,2685,62,measure
2026-09-10T21:48:08.443+00:00,1023.000,328.629,99,22469.1,2685,65,measure
2026-09-10T21:48:09.446+00:00,1024.002,316.153,99,22469.1,2685,62,measure
2026-09-10T21:48:10.445+00:00,1025.001,333.036,99,22469.1,2685,65,measure
2026-09-10T21:48:11.443+00:00,1026.000,335.144,99,22469.1,2685,65,measure
2026-09-10T21:48:12.444+00:00,1027.002,353.776,99,22469.1,2685,65,measure
2026-09-10T21:48:13.445+00:00,1028.003,337.277,99,22469.1,2685,63,measure
2026-09-10T21:48:14.443+00:00,1029.000,331.334,99,22469.1,2685,65,measure
2026-09-10T21:48:15.448+00:00,1030.005,348.768,99,22469.1,2685,66,measure
2026-09-10T21:48:16.452+00:00,1031.009,372.173,99,22469.1,2685,66,measure
2026-09-10T21:48:17.452+00:00,1032.009,382.361,99,22469.1,2685,67,measure
2026-09-10T21:48:18.448+00:00,1033.005,392.042,99,22469.1,2685,67,measure
2026-09-10T21:48:19.445+00:00,1034.002,378.124,99,22469.1,2685,68,measure
2026-09-10T21:48:20.449+00:00,1035.005,367.669,99,22469.1,2685,69,measure
2026-09-10T21:48:21.448+00:00,1036.002,367.973,99,22469.1,2685,66,measure
2026-09-10T21:48:22.448+00:00,1037.005,355.563,99,22469.1,2685,65,measure
2026-09-10T21:48:23.446+00:00,1038.003,350.861,99,22469.1,2685,66,measure
2026-09-10T21:48:24.449+00:00,1039.005,350.467,99,22469.1,2685,64,measure
2026-09-10T21:48:25.454+00:00,1040.011,324.148,99,22469.1,2685,66,measure
2026-09-10T21:48:26.445+00:00,1041.001,319.895,99,22469.1,2685,63,measure
2026-09-10T21:48:27.445+00:00,1042.000,334.975,99,22469.1,2685,64,measure
2026-09-10T21:48:28.443+00:00,1043.000,349.822,99,22469.1,2685,67,measure
2026-09-10T21:48:26.944+00:00,1044.002,381.392,99,22469.1,2685,65,measure
2026-09-10T21:48:27.945+00:00,1045.004,381.675,99,22469.1,2685,68,measure
2026-09-10T21:48:28.942+00:00,1046.001,372.588,99,22469.1,2685,67,measure
2026-09-10T21:48:29.943+00:00,1047.001,373.018,99,22469.1,2685,67,measure
2026-09-10T21:48:30.944+00:00,1048.001,365.51,99,22469.1,2685,67,measure
2026-09-10T21:48:31.943+00:00,1049.001,370.345,99,22469.1,2685,66,measure
2026-09-10T21:48:32.943+00:00,1050.001,365.785,99,22469.1,2685,67,measure
2026-09-10T21:48:33.943+00:00,1051.001,371.51,99,22469.1,2685,68,measure
2026-09-10T21:48:34.942+00:00,1052.000,366.201,99,22469.1,2685,66,measure
2026-09-10T21:48:35.943+00:00,1053.000,365.7,99,22469.1,2685,68,measure
2026-09-10T21:48:36.946+00:00,1054.002,348.424,99,22469.1,2685,63,measure
2026-09-10T21:48:37.996+00:00,1055.002,336.768,99,22469.1,2685,65,measure
2026-09-10T21:48:38.942+00:00,1056.001,333.304,99,22469.1,2685,63,measure
2026-09-10T21:48:39.943+00:00,1057.001,331.209,99,22469.1,2685,64,measure
2026-09-10T21:48:40.944+00:00,1058.002,340.445,99,22469.1,2685,65,measure
2026-09-10T21:48:41.943+00:00,1059.001,320.687,99,22469.1,2685,64,measure
2026-09-10T21:48:43.000+00:00,1060.001,308.941,99,22469.1,2685,62,measure
2026-09-10T21:48:43.944+00:00,1061.002,340.986,99,22469.1,2685,66,measure
2026-09-10T21:48:44.945+00:00,1062.003,338.093,99,22469.1,2685,64,measure
2026-09-10T21:48:45.942+00:00,1063.000,311.723,99,22469.1,2685,61,measure
2026-09-10T21:48:46.943+00:00,1064.001,346.692,99,22469.1,2685,65,measure
2026-09-10T21:48:47.944+00:00,1065.001,318.417,99,22469.1,2685,62,measure
2026-09-10T21:48:48.949+00:00,1066.007,367.225,99,22469.1,2685,68,measure
2026-09-10T21:48:49.945+00:00,1067.003,381.477,99,22469.1,2685,67,measure
2026-09-10T21:48:50.943+00:00,1068.001,383.54,99,22469.1,2685,68,measure
2026-09-10T21:48:51.947+00:00,1069.005,387.088,99,22469.1,2685,66,measure
2026-09-10T21:48:52.944+00:00,1070.002,380.15,99,22469.1,2685,68,measure
2026-09-10T21:48:53.944+00:00,1071.000,370.621,99,22469.1,2685,68,measure
2026-09-10T21:48:54.944+00:00,1072.002,368.047,99,22469.1,2685,66,measure
2026-09-10T21:48:55.942+00:00,1073.001,350.258,99,22469.1,2685,64,measure
2026-09-10T21:48:56.942+00:00,1074.000,325.376,99,22469.1,2685,64,measure
2026-09-10T21:48:57.944+00:00,1075.002,321.411,99,22469.1,2685,64,measure
2026-09-10T21:48:56.458+00:00,1076.001,338.126,99,22469.1,2685,66,measure
2026-09-10T21:48:57.459+00:00,1077.000,362.222,99,22469.1,2685,66,measure
2026-09-10T21:48:58.461+00:00,1078.001,363.36,99,22469.1,2685,65,measure
2026-09-10T21:48:59.463+00:00,1079.006,354.145,99,22469.1,2685,65,measure
2026-09-10T21:49:00.463+00:00,1080.006,326.102,99,22469.1,2685,63,measure
2026-09-10T21:49:01.458+00:00,1081.001,322.916,99,22469.1,2685,62,measure
2026-09-10T21:49:02.459+00:00,1082.002,319.573,99,22469.1,2685,64,measure
2026-09-10T21:49:03.460+00:00,1083.001,322.816,99,22469.1,2685,62,measure
2026-09-10T21:49:04.460+00:00,1084.001,326.1,99,22469.1,2685,63,measure
2026-09-10T21:49:05.462+00:00,1085.005,328.487,99,22469.1,2685,65,measure
2026-09-10T21:49:06.458+00:00,1086.000,332.572,99,22469.1,2685,64,measure
2026-09-10T21:49:07.458+00:00,1087.001,321.807,99,22469.1,2685,63,measure
2026-09-10T21:49:08.463+00:00,1088.004,326.44,99,22469.1,2685,62,measure
2026-09-10T21:49:09.461+00:00,1089.003,319.895,99,22469.1,2685,65,measure
2026-09-10T21:49:10.460+00:00,1090.002,330.665,99,22469.1,2685,62,measure
2026-09-10T21:49:11.459+00:00,1091.002,332.22,99,22469.1,2685,65,measure
2026-09-10T21:49:12.458+00:00,1092.000,363.297,99,22469.1,2685,66,measure
2026-09-10T21:49:13.458+00:00,1093.000,367.361,99,22469.1,2685,67,measure
2026-09-10T21:49:14.458+00:00,1094.000,374.352,99,22469.1,2685,67,measure
2026-09-10T21:49:15.460+00:00,1095.000,382.525,99,22469.1,2685,67,measure
2026-09-10T21:49:16.459+00:00,1096.000,369.437,99,22469.1,2685,66,measure
2026-09-10T21:49:17.458+00:00,1097.000,360.953,99,22469.1,2685,67,measure
2026-09-10T21:49:18.457+00:00,1098.000,361.73,99,22469.1,2685,67,measure
2026-09-10T21:49:19.458+00:00,1099.001,362.421,99,22469.1,2685,66,measure
2026-09-10T21:49:20.458+00:00,1100.000,361.895,99,22469.1,2685,66,measure
2026-09-10T21:49:21.459+00:00,1101.000,361.261,99,22469.1,2685,67,measure
2026-09-10T21:49:22.460+00:00,1102.000,364.61,99,22469.1,2685,67,measure
2026-09-10T21:49:23.457+00:00,1103.000,369.253,99,22469.1,2685,66,measure
2026-09-10T21:49:24.457+00:00,1104.000,360.222,99,22469.1,2685,66,measure
2026-09-10T21:49:25.459+00:00,1105.000,343.472,99,22469.1,2685,63,measure
2026-09-10T21:49:26.458+00:00,1106.000,329.319,99,22469.1,2685,64,measure
2026-09-10T21:49:27.459+00:00,1107.000,321.283,99,22469.1,2685,62,measure
2026-09-10T21:49:25.978+00:00,1108.001,328.852,99,22469.1,2685,66,measure
2026-09-10T21:49:26.976+00:00,1109.001,325.601,99,22469.1,2685,65,measure
2026-09-10T21:49:27.976+00:00,1110.001,343.076,99,22469.1,2685,63,measure
2026-09-10T21:49:28.976+00:00,1111.001,356.017,99,22469.1,2685,65,measure
2026-09-10T21:49:29.976+00:00,1112.001,349.019,99,22469.1,2685,66,measure
2026-09-10T21:49:30.977+00:00,1113.000,342.43,99,22469.1,2685,66,measure
2026-09-10T21:49:31.981+00:00,1114.005,322.963,99,22469.1,2685,61,measure
2026-09-10T21:49:32.976+00:00,1115.001,346.518,99,22469.1,2685,66,measure
2026-09-10T21:49:33.981+00:00,1116.001,332.035,99,22469.1,2685,63,measure
2026-09-10T21:49:34.975+00:00,1117.000,316.304,99,22469.1,2685,63,measure
2026-09-10T21:49:35.975+00:00,1118.001,310.946,99,22469.1,2685,62,measure
2026-09-10T21:49:36.978+00:00,1119.002,315.699,99,22469.1,2685,62,measure
2026-09-10T21:49:37.976+00:00,1120.000,310.814,99,22469.1,2685,66,measure
2026-09-10T21:49:38.975+00:00,1121.000,317.475,99,22469.1,2685,63,measure
2026-09-10T21:49:39.975+00:00,1122.000,319.539,99,22469.1,2685,62,measure
2026-09-10T21:49:40.981+00:00,1123.005,326.523,99,22469.1,2685,65,measure
2026-09-10T21:49:41.976+00:00,1124.000,345.071,99,22469.1,2685,65,measure
2026-09-10T21:49:42.984+00:00,1125.006,363.404,99,22469.1,2685,66,measure
2026-09-10T21:49:43.976+00:00,1126.000,361.379,99,22469.1,2685,66,measure
2026-09-10T21:49:44.976+00:00,1127.001,341.503,99,22469.1,2685,65,measure
2026-09-10T21:49:46.027+00:00,1128.006,337.107,99,22469.1,2685,64,measure
2026-09-10T21:49:46.976+00:00,1129.001,321.08,99,22469.1,2685,66,measure
2026-09-10T21:49:47.976+00:00,1130.001,321.792,99,22469.1,2685,62,measure
2026-09-10T21:49:48.977+00:00,1131.001,340.675,99,22469.1,2685,66,measure
2026-09-10T21:49:49.979+00:00,1132.004,364.979,99,22469.1,2685,66,measure
2026-09-10T21:49:50.976+00:00,1133.001,370.465,99,22469.1,2685,68,measure
2026-09-10T21:49:51.978+00:00,1134.003,379.336,99,22469.1,2685,67,measure
2026-09-10T21:49:52.976+00:00,1135.001,369.024,99,22469.1,2685,68,measure
2026-09-10T21:49:53.975+00:00,1136.000,359.201,99,22469.1,2685,65,measure
2026-09-10T21:49:54.977+00:00,1137.001,362.773,99,22469.1,2685,66,measure
2026-09-10T21:49:55.977+00:00,1138.002,357.718,99,22469.1,2685,66,measure
2026-09-10T21:49:56.977+00:00,1139.002,348.79,99,22469.1,2685,66,measure
2026-09-10T21:49:57.976+00:00,1140.001,359.898,99,22469.1,2685,66,measure
2026-09-10T21:49:56.496+00:00,1141.000,358.919,99,22469.1,2685,67,measure
2026-09-10T21:49:57.496+00:00,1142.000,356.624,99,22469.1,2685,66,measure
2026-09-10T21:49:58.500+00:00,1143.003,358.297,99,22469.1,2685,66,measure
2026-09-10T21:49:59.497+00:00,1144.000,322.445,99,22469.1,2685,63,measure
2026-09-10T21:50:00.498+00:00,1145.002,311.079,99,22469.1,2685,62,measure
2026-09-10T21:50:01.498+00:00,1146.002,309.918,99,22469.1,2685,66,measure
2026-09-10T21:50:02.504+00:00,1147.006,314.361,99,22469.1,2685,62,measure
2026-09-10T21:50:03.510+00:00,1148.014,326.733,99,22469.1,2685,64,measure
2026-09-10T21:50:04.558+00:00,1149.003,323.59,99,22469.1,2685,61,measure
2026-09-10T21:50:05.529+00:00,1150.002,337.912,99,22469.1,2685,66,measure
2026-09-10T21:50:06.497+00:00,1151.001,340.326,99,22469.1,2685,66,measure
2026-09-10T21:50:07.500+00:00,1152.002,365.269,99,22469.1,2685,66,measure
2026-09-10T21:50:08.497+00:00,1153.001,358.335,99,22469.1,2685,66,measure
2026-09-10T21:50:09.499+00:00,1154.001,362.386,99,22469.1,2685,66,measure
2026-09-10T21:50:10.498+00:00,1155.000,371.549,99,22469.1,2685,65,measure
2026-09-10T21:50:11.497+00:00,1156.001,378.432,99,22469.1,2685,67,measure
2026-09-10T21:50:12.497+00:00,1157.000,382.694,99,22469.1,2685,68,measure
2026-09-10T21:50:13.496+00:00,1158.000,382.069,99,22469.1,2685,65,measure
2026-09-10T21:50:14.496+00:00,1159.000,369.337,99,22469.1,2685,66,measure
2026-09-10T21:50:15.497+00:00,1160.000,364.358,99,22469.1,2685,68,measure
2026-09-10T21:50:16.498+00:00,1161.001,359.526,99,22469.1,2685,66,measure
2026-09-10T21:50:17.497+00:00,1162.000,362.278,99,22469.1,2685,67,measure
2026-09-10T21:50:18.497+00:00,1163.001,365.342,99,22469.1,2685,67,measure
2026-09-10T21:50:19.497+00:00,1164.001,359.617,99,22469.1,2685,67,measure
2026-09-10T21:50:20.498+00:00,1165.001,367.614,99,22469.1,2685,67,measure
2026-09-10T21:50:21.498+00:00,1166.000,360.55,99,22469.1,2685,65,measure
2026-09-10T21:50:22.498+00:00,1167.000,367.538,99,22469.1,2685,68,measure
2026-09-10T21:50:23.497+00:00,1168.000,362.705,99,22469.1,2685,66,measure
2026-09-10T21:50:24.497+00:00,1169.000,362.336,99,22469.1,2685,67,measure
2026-09-10T21:50:25.496+00:00,1170.000,356.83,99,22469.1,2685,67,measure
2026-09-10T21:50:26.496+00:00,1171.000,369.95,99,22469.1,2685,65,measure
2026-09-10T21:50:27.516+00:00,1172.000,388.392,99,22469.1,2685,69,measure
2026-09-10T21:50:25.999+00:00,1173.001,372.655,99,22469.1,2685,67,measure
2026-09-10T21:50:26.996+00:00,1174.000,363.856,99,22469.1,2685,66,measure
2026-09-10T21:50:27.996+00:00,1175.000,371.698,99,22469.1,2685,69,measure
2026-09-10T21:50:29.044+00:00,1176.000,343.611,99,22469.1,2685,64,measure
2026-09-10T21:50:29.997+00:00,1177.000,357.361,99,22469.1,2685,65,measure
2026-09-10T21:50:30.997+00:00,1178.000,382.126,99,22469.1,2685,68,measure
2026-09-10T21:50:31.998+00:00,1179.000,361.359,99,22469.1,2685,66,measure
2026-09-10T21:50:32.996+00:00,1180.001,369.561,99,22469.1,2685,67,measure
2026-09-10T21:50:34.001+00:00,1181.006,328.322,99,22469.1,2685,64,measure
2026-09-10T21:50:35.022+00:00,1182.007,350.81,99,22469.1,2685,68,measure
2026-09-10T21:50:35.996+00:00,1183.000,364.072,99,22469.1,2685,66,measure
2026-09-10T21:50:36.998+00:00,1184.001,364.47,99,22469.1,2685,67,measure
2026-09-10T21:50:37.999+00:00,1185.000,356.994,99,22469.1,2685,66,measure
2026-09-10T21:50:38.997+00:00,1186.001,346.662,99,22469.1,2685,64,measure
2026-09-10T21:50:39.996+00:00,1187.000,331.538,99,22469.1,2685,67,measure
2026-09-10T21:50:40.996+00:00,1188.000,327.657,99,22469.1,2685,65,measure
2026-09-10T21:50:41.997+00:00,1189.001,321.375,99,22469.1,2685,62,measure
2026-09-10T21:50:42.998+00:00,1190.001,330.114,99,22469.1,2685,65,measure
2026-09-10T21:50:43.999+00:00,1191.001,334.051,99,22469.1,2685,66,measure
2026-09-10T21:50:44.996+00:00,1192.000,360.96,99,22469.1,2685,68,measure
2026-09-10T21:50:45.996+00:00,1193.000,360.511,99,22469.1,2685,67,measure
2026-09-10T21:50:46.996+00:00,1194.000,357.082,99,22469.1,2685,68,measure
2026-09-10T21:50:47.997+00:00,1195.001,327.599,99,22469.1,2685,65,measure
2026-09-10T21:50:48.998+00:00,1196.001,327.736,99,22469.1,2685,65,measure
2026-09-10T21:50:49.998+00:00,1197.002,330.433,99,22469.1,2685,64,measure
2026-09-10T21:50:51.000+00:00,1198.004,333.405,99,22469.1,2685,64,measure
2026-09-10T21:50:52.005+00:00,1199.002,360.903,99,22469.1,2685,68,measure
2026-09-10T21:50:52.999+00:00,1200.001,374.512,99,22469.1,2685,67,measure
2026-09-10T21:50:53.997+00:00,1201.002,364.638,99,22469.1,2685,67,measure
2026-09-10T21:50:55.002+00:00,1202.005,367.722,99,22469.1,2685,67,measure
2026-09-10T21:50:55.998+00:00,1203.000,359.376,99,22469.1,2685,67,measure
2026-09-10T21:50:56.996+00:00,1204.000,351.062,99,22469.1,2685,66,measure
2026-09-10T21:50:55.500+00:00,1205.000,319.611,99,22469.1,2685,62,measure
2026-09-10T21:50:56.500+00:00,1206.001,322.247,99,22469.1,2685,63,measure
2026-09-10T21:50:57.501+00:00,1207.001,318.385,99,22469.1,2685,63,measure
2026-09-10T21:50:58.502+00:00,1208.000,339.72,99,22469.1,2685,64,measure
2026-09-10T21:50:59.502+00:00,1209.000,358.518,99,22469.1,2685,66,measure
2026-09-10T21:51:00.500+00:00,1210.000,362.53,99,22469.1,2685,65,measure
2026-09-10T21:51:01.500+00:00,1211.001,366.837,99,22469.1,2685,67,measure
2026-09-10T21:51:02.501+00:00,1212.001,363.014,99,22469.1,2685,66,measure
2026-09-10T21:51:03.500+00:00,1213.000,357.141,99,22469.1,2685,66,measure
2026-09-10T21:51:04.519+00:00,1214.000,352.744,99,22469.1,2685,68,measure
2026-09-10T21:51:05.502+00:00,1215.001,334.78,99,22469.1,2685,65,measure
2026-09-10T21:51:06.500+00:00,1216.001,350.119,99,22469.1,2685,67,measure
2026-09-10T21:51:07.500+00:00,1217.000,355.76,99,22469.1,2685,68,measure
2026-09-10T21:51:08.500+00:00,1218.000,370.502,99,22469.1,2685,66,measure
2026-09-10T21:51:09.502+00:00,1219.002,378.221,99,22469.1,2685,66,measure
2026-09-10T21:51:10.503+00:00,1220.002,381.175,99,22469.1,2685,67,measure
2026-09-10T21:51:11.501+00:00,1221.001,377.243,99,22469.1,2685,65,measure
2026-09-10T21:51:12.501+00:00,1222.002,368.234,99,22469.1,2685,66,measure
2026-09-10T21:51:13.500+00:00,1223.000,359.019,99,22469.1,2685,65,measure
2026-09-10T21:51:14.509+00:00,1224.009,326.186,99,22469.1,2685,63,measure
2026-09-10T21:51:15.517+00:00,1225.003,328.085,99,22469.1,2685,67,measure
2026-09-10T21:51:16.506+00:00,1226.006,324.277,99,22469.1,2685,64,measure
2026-09-10T21:51:17.501+00:00,1227.000,317.145,99,22469.1,2685,63,measure
2026-09-10T21:51:18.500+00:00,1228.000,321.032,99,22469.1,2685,62,measure
2026-09-10T21:51:19.527+00:00,1229.001,317.625,99,22469.1,2685,64,measure
2026-09-10T21:51:20.505+00:00,1230.005,325.057,99,22469.1,2685,66,measure
2026-09-10T21:51:21.503+00:00,1231.002,326.592,99,22469.1,2685,62,measure
2026-09-10T21:51:22.505+00:00,1232.001,336.431,99,22469.1,2685,66,measure
2026-09-10T21:51:23.501+00:00,1233.000,367.273,99,22469.1,2685,67,measure
2026-09-10T21:51:24.500+00:00,1234.001,358.988,99,22469.1,2685,66,measure
2026-09-10T21:51:25.500+00:00,1235.001,353.77,99,22469.1,2685,63,measure
2026-09-10T21:51:26.499+00:00,1236.000,332.213,99,22469.1,2685,63,measure
2026-09-10T21:51:27.500+00:00,1237.000,318.615,99,22469.1,2685,63,measure
2026-09-10T21:51:26.007+00:00,1238.007,310.553,99,22469.1,2685,63,measure
2026-09-10T21:51:27.036+00:00,1239.000,308.305,99,22469.1,2685,64,measure
2026-09-10T21:51:28.001+00:00,1240.000,320.535,99,22469.1,2685,65,measure
2026-09-10T21:51:29.001+00:00,1241.001,330.925,99,22469.1,2685,65,measure
2026-09-10T21:51:30.001+00:00,1242.001,332.583,99,22469.1,2685,67,measure
2026-09-10T21:51:31.001+00:00,1243.000,346.698,99,22469.1,2685,65,measure
2026-09-10T21:51:32.002+00:00,1244.000,346.629,99,22469.1,2685,67,measure
2026-09-10T21:51:33.002+00:00,1245.001,366.613,99,22469.1,2685,66,measure
2026-09-10T21:51:34.001+00:00,1246.000,361.334,99,22469.1,2685,65,measure
2026-09-10T21:51:35.001+00:00,1247.000,349.234,99,22469.1,2685,66,measure
2026-09-10T21:51:36.001+00:00,1248.000,318.915,99,22469.1,2685,62,measure
2026-09-10T21:51:37.002+00:00,1249.001,302.628,99,22469.1,2685,62,measure
2026-09-10T21:51:38.014+00:00,1250.011,318.199,99,22469.1,2685,65,measure
2026-09-10T21:51:39.013+00:00,1251.001,319.359,99,22469.1,2685,62,measure
2026-09-10T21:51:40.007+00:00,1252.001,325.834,99,22469.1,2685,63,measure
2026-09-10T21:51:41.002+00:00,1253.001,320.891,99,22469.1,2685,64,measure
2026-09-10T21:51:42.001+00:00,1254.001,323.296,99,22469.1,2685,63,measure
2026-09-10T21:51:43.011+00:00,1255.010,325.081,99,22469.1,2685,62,measure
2026-09-10T21:51:44.002+00:00,1256.000,334.47,99,22469.1,2685,62,measure
2026-09-10T21:51:45.001+00:00,1257.000,316.63,99,22469.1,2685,63,measure
2026-09-10T21:51:46.001+00:00,1258.001,314.591,99,22469.1,2685,65,measure
2026-09-10T21:51:47.004+00:00,1259.001,326.255,99,22469.1,2685,63,measure
2026-09-10T21:51:48.001+00:00,1260.000,338.363,99,22469.1,2685,62,measure
2026-09-10T21:51:49.001+00:00,1261.000,360.805,99,22469.1,2685,65,measure
2026-09-10T21:51:50.003+00:00,1262.001,350.506,99,22469.1,2685,63,measure
2026-09-10T21:51:51.001+00:00,1263.001,323.171,99,22469.1,2685,62,measure
2026-09-10T21:51:52.001+00:00,1264.000,325.617,99,22469.1,2685,65,measure
2026-09-10T21:51:53.001+00:00,1265.001,349.452,99,22469.1,2685,65,measure
2026-09-10T21:51:54.033+00:00,1266.000,359.675,99,22469.1,2685,65,measure
2026-09-10T21:51:55.002+00:00,1267.001,363.39,99,22469.1,2685,64,measure
2026-09-10T21:51:56.002+00:00,1268.001,358.791,99,22469.1,2685,67,measure
2026-09-10T21:51:57.001+00:00,1269.000,335.441,99,22469.1,2685,63,measure
2026-09-10T21:51:55.501+00:00,1270.000,340.45,99,22469.1,2685,65,measure
2026-09-10T21:51:56.502+00:00,1271.001,333.609,99,22469.1,2685,64,measure
2026-09-10T21:51:57.522+00:00,1272.000,325.965,99,22469.1,2685,66,measure
2026-09-10T21:51:58.502+00:00,1273.000,322.942,99,22469.1,2685,65,measure
2026-09-10T21:51:59.503+00:00,1274.001,341.609,99,22469.1,2685,65,measure
2026-09-10T21:52:00.503+00:00,1275.002,355.459,99,22469.1,2685,66,measure
2026-09-10T21:52:01.504+00:00,1276.002,366.671,99,22469.1,2685,65,measure
2026-09-10T21:52:02.501+00:00,1277.000,367.566,99,22469.1,2685,67,measure
2026-09-10T21:52:03.502+00:00,1278.001,360.666,99,22469.1,2685,66,measure
2026-09-10T21:52:04.502+00:00,1279.000,345.437,99,22469.1,2685,64,measure
2026-09-10T21:52:05.505+00:00,1280.000,329.996,99,22469.1,2685,64,measure
2026-09-10T21:52:06.502+00:00,1281.001,326.102,99,22469.1,2685,64,measure
2026-09-10T21:52:07.502+00:00,1282.000,322.944,99,22469.1,2685,64,measure
2026-09-10T21:52:08.501+00:00,1283.000,320.696,99,22469.1,2685,63,measure
2026-09-10T21:52:09.502+00:00,1284.001,318.043,99,22469.1,2685,65,measure
2026-09-10T21:52:10.503+00:00,1285.001,314.819,99,22469.1,2685,61,measure
2026-09-10T21:52:11.506+00:00,1286.001,337.918,99,22469.1,2685,65,measure
2026-09-10T21:52:12.502+00:00,1287.001,331.463,99,22469.1,2685,66,measure
2026-09-10T21:52:13.501+00:00,1288.000,362.254,99,22469.1,2685,67,measure
2026-09-10T21:52:14.504+00:00,1289.000,369.732,99,22469.1,2685,66,measure
2026-09-10T21:52:15.502+00:00,1290.000,365.829,99,22469.1,2685,66,measure
2026-09-10T21:52:16.503+00:00,1291.000,352.873,99,22469.1,2685,65,measure
2026-09-10T21:52:17.505+00:00,1292.000,343.04,99,22469.1,2685,63,measure
2026-09-10T21:52:18.514+00:00,1293.003,321.829,99,22469.1,2685,63,measure
2026-09-10T21:52:19.502+00:00,1294.001,321.923,99,22469.1,2685,64,measure
2026-09-10T21:52:20.501+00:00,1295.000,328.621,99,22469.1,2685,65,measure
2026-09-10T21:52:21.502+00:00,1296.000,341.408,99,22469.1,2685,62,measure
2026-09-10T21:52:22.540+00:00,1297.001,323.004,99,22469.1,2685,62,measure
2026-09-10T21:52:23.514+00:00,1298.001,312.469,99,22469.1,2685,62,measure
2026-09-10T21:52:24.501+00:00,1299.000,316.58,99,22469.1,2685,62,measure
2026-09-10T21:52:25.502+00:00,1300.001,317.641,99,22469.1,2685,64,measure
2026-09-10T21:52:26.502+00:00,1301.001,325.743,99,22469.1,2685,62,measure
2026-09-10T21:52:27.542+00:00,1302.000,329.343,99,22469.1,2685,64,measure
2026-09-10T21:52:26.010+00:00,1303.010,319.093,99,22469.1,2685,64,measure
2026-09-10T21:52:27.003+00:00,1304.000,348.3,99,22469.1,2685,67,measure
2026-09-10T21:52:28.003+00:00,1305.001,371.691,99,22469.1,2685,69,measure
2026-09-10T21:52:29.001+00:00,1306.001,375.58,99,22469.1,2685,68,measure
2026-09-10T21:52:30.001+00:00,1307.000,376.424,99,22469.1,2685,68,measure
2026-09-10T21:52:31.001+00:00,1308.001,376.334,99,22469.1,2685,68,measure
2026-09-10T21:52:32.002+00:00,1309.000,367.898,99,22469.1,2685,65,measure
2026-09-10T21:52:33.002+00:00,1310.001,347.169,99,22469.1,2685,65,measure
2026-09-10T21:52:34.003+00:00,1311.003,334.475,99,22469.1,2685,65,measure
2026-09-10T21:52:35.049+00:00,1312.001,315.88,99,22469.1,2685,61,measure
2026-09-10T21:52:36.001+00:00,1313.001,317.23,99,22469.1,2685,63,measure
2026-09-10T21:52:37.000+00:00,1314.000,329.543,99,22469.1,2685,62,measure
2026-09-10T21:52:38.002+00:00,1315.000,324.67,99,22469.1,2685,63,measure
2026-09-10T21:52:39.002+00:00,1316.001,311.039,99,22469.1,2685,62,measure
2026-09-10T21:52:40.001+00:00,1317.001,322.402,99,22469.1,2685,62,measure
2026-09-10T21:52:41.000+00:00,1318.001,302.543,99,22469.1,2685,64,measure
2026-09-10T21:52:42.001+00:00,1319.001,310.415,99,22469.1,2685,64,measure
2026-09-10T21:52:43.001+00:00,1320.000,334.366,99,22469.1,2685,66,measure
2026-09-10T21:52:44.002+00:00,1321.000,350.718,99,22469.1,2685,65,measure
2026-09-10T21:52:45.003+00:00,1322.001,359.564,99,22469.1,2685,65,measure
2026-09-10T21:52:46.033+00:00,1323.001,354.414,99,22469.1,2685,66,measure
2026-09-10T21:52:47.025+00:00,1324.000,331.445,99,22469.1,2685,64,measure
2026-09-10T21:52:48.000+00:00,1325.000,331.246,99,22469.1,2685,65,measure
2026-09-10T21:52:49.001+00:00,1326.001,331.757,99,22469.1,2685,64,measure
2026-09-10T21:52:50.055+00:00,1327.000,324.464,99,22469.1,2685,66,measure
2026-09-10T21:52:51.002+00:00,1328.000,332.105,99,22469.1,2685,63,measure
2026-09-10T21:52:52.001+00:00,1329.001,351.56,99,22469.1,2685,66,measure
2026-09-10T21:52:53.001+00:00,1330.001,366.318,99,22469.1,2685,67,measure
2026-09-10T21:52:54.000+00:00,1331.000,363.596,99,22469.1,2685,65,measure
2026-09-10T21:52:55.000+00:00,1332.000,367.159,99,22469.1,2685,66,measure
2026-09-10T21:52:56.002+00:00,1333.001,378.835,99,22469.1,2685,67,measure
2026-09-10T21:52:57.001+00:00,1334.001,369.104,99,22469.1,2685,66,measure
2026-09-10T21:52:55.508+00:00,1335.005,367.543,99,22469.1,2685,66,measure
2026-09-10T21:52:56.503+00:00,1336.001,380.032,99,22469.1,2685,66,measure
2026-09-10T21:52:57.503+00:00,1337.000,381.684,99,22469.1,2685,66,measure
2026-09-10T21:52:58.502+00:00,1338.000,375.203,99,22469.1,2685,65,measure
2026-09-10T21:52:59.541+00:00,1339.001,379.815,99,22469.1,2685,68,measure
2026-09-10T21:53:00.503+00:00,1340.001,366.73,99,22469.1,2685,67,measure
2026-09-10T21:53:01.503+00:00,1341.001,379.912,99,22469.1,2685,67,measure
2026-09-10T21:53:02.503+00:00,1342.001,368.112,99,22469.1,2685,67,measure
2026-09-10T21:53:03.502+00:00,1343.000,363.074,99,22469.1,2685,66,measure
2026-09-10T21:53:04.503+00:00,1344.001,386.47,99,22469.1,2685,69,measure
2026-09-10T21:53:05.504+00:00,1345.001,380.185,99,22469.1,2685,69,measure
2026-09-10T21:53:06.511+00:00,1346.001,372.206,99,22469.1,2685,69,measure
2026-09-10T21:53:07.502+00:00,1347.000,374.794,99,22469.1,2685,67,measure
2026-09-10T21:53:08.502+00:00,1348.001,365.521,99,22469.1,2685,67,measure
2026-09-10T21:53:09.503+00:00,1349.001,365.819,99,22469.1,2685,67,measure
2026-09-10T21:53:10.506+00:00,1350.002,355.804,99,22469.1,2685,66,measure
2026-09-10T21:53:11.515+00:00,1351.001,326.902,99,22469.1,2685,63,measure
2026-09-10T21:53:12.516+00:00,1352.014,328.847,99,22469.1,2685,65,measure
2026-09-10T21:53:13.510+00:00,1353.005,325.738,99,22469.1,2685,66,measure
2026-09-10T21:53:14.503+00:00,1354.001,321.805,99,22469.1,2685,64,measure
2026-09-10T21:53:15.502+00:00,1355.000,326.107,99,22469.1,2685,66,measure
2026-09-10T21:53:16.503+00:00,1356.001,353.267,99,22469.1,2685,67,measure
2026-09-10T21:53:17.504+00:00,1357.001,355.944,99,22469.1,2685,66,measure
2026-09-10T21:53:18.503+00:00,1358.000,366.044,99,22469.1,2685,67,measure
2026-09-10T21:53:19.502+00:00,1359.000,354.83,99,22469.1,2685,66,measure
2026-09-10T21:53:20.502+00:00,1360.000,355.165,99,22469.1,2685,65,measure
2026-09-10T21:53:21.503+00:00,1361.001,364.365,99,22469.1,2685,67,measure
2026-09-10T21:53:22.503+00:00,1362.000,364.121,99,22469.1,2685,68,measure
2026-09-10T21:53:23.528+00:00,1363.024,364.063,99,22469.1,2685,66,measure
2026-09-10T21:53:24.503+00:00,1364.000,361.658,99,22469.1,2685,65,measure
2026-09-10T21:53:25.502+00:00,1365.000,359.876,99,22469.1,2685,68,measure
2026-09-10T21:53:26.505+00:00,1366.001,340.821,99,22469.1,2685,63,measure
2026-09-10T21:53:27.505+00:00,1367.003,343.831,99,22469.1,2685,63,measure
2026-09-10T21:53:26.003+00:00,1368.001,322.882,99,22469.1,2685,66,measure
2026-09-10T21:53:27.006+00:00,1369.001,319.397,99,22469.1,2685,63,measure
2026-09-10T21:53:28.002+00:00,1370.000,332.272,99,22469.1,2685,65,measure
2026-09-10T21:53:29.002+00:00,1371.001,339.724,99,22469.1,2685,66,measure
2026-09-10T21:53:30.003+00:00,1372.000,331.079,99,22469.1,2685,67,measure
2026-09-10T21:53:31.002+00:00,1373.000,318.793,99,22469.1,2685,64,measure
2026-09-10T21:53:32.004+00:00,1374.001,329.97,99,22469.1,2685,62,measure
2026-09-10T21:53:33.003+00:00,1375.001,312.947,99,22469.1,2685,61,measure
2026-09-10T21:53:34.024+00:00,1376.021,334.495,99,22469.1,2685,63,measure
2026-09-10T21:53:35.002+00:00,1377.000,338.119,99,22469.1,2685,64,measure
2026-09-10T21:53:36.002+00:00,1378.000,358.634,99,22469.1,2685,67,measure
2026-09-10T21:53:37.002+00:00,1379.000,369.931,99,22469.1,2685,68,measure
2026-09-10T21:53:38.003+00:00,1380.000,363.791,99,22469.1,2685,65,measure
2026-09-10T21:53:39.005+00:00,1381.001,383.466,99,22469.1,2685,67,measure
2026-09-10T21:53:40.002+00:00,1382.001,374.895,99,22469.1,2685,68,measure
2026-09-10T21:53:41.002+00:00,1383.001,364.55,99,22469.1,2685,68,measure
2026-09-10T21:53:42.002+00:00,1384.000,365.416,99,22469.1,2685,68,measure
2026-09-10T21:53:43.002+00:00,1385.000,355.956,99,22469.1,2685,65,measure
2026-09-10T21:53:44.042+00:00,1386.000,334.61,99,22469.1,2685,63,measure
2026-09-10T21:53:45.019+00:00,1387.001,336.273,99,22469.1,2685,65,measure
2026-09-10T21:53:46.002+00:00,1388.001,317.519,99,22469.1,2685,62,measure
2026-09-10T21:53:47.001+00:00,1389.000,350.118,99,22469.1,2685,66,measure
2026-09-10T21:53:48.001+00:00,1390.000,361.164,99,22469.1,2685,68,measure
2026-09-10T21:53:49.002+00:00,1391.001,362.497,99,22469.1,2685,66,measure
2026-09-10T21:53:50.004+00:00,1392.001,364.084,99,22469.1,2685,65,measure
2026-09-10T21:53:51.005+00:00,1393.001,362.775,99,22469.1,2685,65,measure
2026-09-10T21:53:52.002+00:00,1394.001,360.806,99,22469.1,2685,66,measure
2026-09-10T21:53:53.019+00:00,1395.018,362.59,99,22469.1,2685,66,measure
2026-09-10T21:53:54.019+00:00,1396.017,371.181,99,22469.1,2685,66,measure
2026-09-10T21:53:55.002+00:00,1397.001,364.054,99,22469.1,2685,66,measure
2026-09-10T21:53:56.003+00:00,1398.000,372.014,99,22469.1,2685,67,measure
2026-09-10T21:53:57.005+00:00,1399.000,367.678,99,22469.1,2685,69,measure
2026-09-10T21:53:55.500+00:00,1400.001,366.525,99,22469.1,2685,66,measure
2026-09-10T21:53:56.501+00:00,1401.001,361.346,99,22469.1,2685,67,measure
2026-09-10T21:53:57.501+00:00,1402.001,364.61,99,22469.1,2685,66,measure
2026-09-10T21:53:58.501+00:00,1403.000,353.291,99,22469.1,2685,66,measure
2026-09-10T21:53:59.502+00:00,1404.000,346.788,99,22469.1,2685,66,measure
2026-09-10T21:54:00.503+00:00,1405.000,329.16,99,22469.1,2685,66,measure
2026-09-10T21:54:01.500+00:00,1406.000,312.214,99,22469.1,2685,65,measure
2026-09-10T21:54:02.506+00:00,1407.006,313.352,99,22469.1,2685,63,measure
2026-09-10T21:54:03.503+00:00,1408.003,323.839,99,22469.1,2685,62,measure
2026-09-10T21:54:04.506+00:00,1409.005,316.057,99,22469.1,2685,62,measure
2026-09-10T21:54:05.529+00:00,1410.029,337.426,99,22469.1,2685,64,measure
2026-09-10T21:54:06.505+00:00,1411.005,357.089,99,22469.1,2685,65,measure
2026-09-10T21:54:07.503+00:00,1412.003,364.537,99,22469.1,2685,65,measure
2026-09-10T21:54:08.527+00:00,1413.002,347.889,99,22469.1,2685,63,measure
2026-09-10T21:54:09.509+00:00,1414.008,332.473,99,22469.1,2685,65,measure
2026-09-10T21:54:10.502+00:00,1415.002,335.87,99,22469.1,2685,63,measure
2026-09-10T21:54:11.505+00:00,1416.001,350.228,99,22469.1,2685,67,measure
2026-09-10T21:54:12.508+00:00,1417.008,366.512,99,22469.1,2685,67,measure
2026-09-10T21:54:13.501+00:00,1418.001,363.982,99,22469.1,2685,66,measure
2026-09-10T21:54:14.501+00:00,1419.001,371.202,99,22469.1,2685,68,measure
2026-09-10T21:54:15.508+00:00,1420.007,360.056,99,22469.1,2685,66,measure
2026-09-10T21:54:16.509+00:00,1421.004,368.884,99,22469.1,2685,65,measure
2026-09-10T21:54:17.502+00:00,1422.001,370.521,99,22469.1,2685,68,measure
2026-09-10T21:54:18.503+00:00,1423.003,362.763,99,22469.1,2685,66,measure
2026-09-10T21:54:19.504+00:00,1424.004,367.382,99,22469.1,2685,67,measure
2026-09-10T21:54:20.500+00:00,1425.000,361.077,99,22469.1,2685,65,measure
2026-09-10T21:54:21.502+00:00,1426.002,350.57,99,22469.1,2685,66,measure
2026-09-10T21:54:22.543+00:00,1427.001,338.78,99,22469.1,2685,66,measure
2026-09-10T21:54:23.503+00:00,1428.001,319.079,99,22469.1,2685,63,measure
2026-09-10T21:54:24.502+00:00,1429.001,341.893,99,22469.1,2685,66,measure
2026-09-10T21:54:25.508+00:00,1430.006,329.903,99,22469.1,2685,63,measure
2026-09-10T21:54:26.503+00:00,1431.003,357.116,99,22469.1,2685,66,measure
2026-09-10T21:54:27.501+00:00,1432.002,356.65,99,22469.1,2685,64,measure
2026-09-10T21:54:26.052+00:00,1433.005,341.276,99,22469.1,2685,63,measure
2026-09-10T21:54:27.006+00:00,1434.005,335.533,99,22469.1,2685,66,measure
2026-09-10T21:54:28.003+00:00,1435.001,314.674,99,22469.1,2685,63,measure
2026-09-10T21:54:29.001+00:00,1436.000,318.273,99,22469.1,2685,62,measure
2026-09-10T21:54:30.001+00:00,1437.000,310.938,99,22469.1,2685,62,measure
2026-09-10T21:54:31.003+00:00,1438.002,320.88,99,22469.1,2685,64,measure
2026-09-10T21:54:32.007+00:00,1439.005,318.79,99,22469.1,2685,65,measure
2026-09-10T21:54:33.006+00:00,1440.003,319.129,99,22469.1,2685,62,measure
2026-09-10T21:54:34.003+00:00,1441.001,335.57,99,22469.1,2685,62,measure
2026-09-10T21:54:35.002+00:00,1442.001,311.148,99,22469.1,2685,62,measure
2026-09-10T21:54:36.007+00:00,1443.006,325.873,99,22469.1,2685,64,measure
2026-09-10T21:54:37.003+00:00,1444.002,332.614,99,22469.1,2685,65,measure
2026-09-10T21:54:38.019+00:00,1445.005,349.071,99,22469.1,2685,65,measure
2026-09-10T21:54:39.007+00:00,1446.003,361.096,99,22469.1,2685,67,measure
2026-09-10T21:54:40.002+00:00,1447.001,359.539,99,22469.1,2685,66,measure
2026-09-10T21:54:41.052+00:00,1448.001,319.235,99,22469.1,2685,62,measure
2026-09-10T21:54:42.031+00:00,1449.000,322.726,99,22469.1,2685,65,measure
2026-09-10T21:54:43.001+00:00,1450.000,333.3,99,22469.1,2685,64,measure
2026-09-10T21:54:44.002+00:00,1451.001,357.215,99,22469.1,2685,67,measure
2026-09-10T21:54:45.004+00:00,1452.001,362.671,99,22469.1,2685,65,measure
2026-09-10T21:54:46.002+00:00,1453.000,362.493,99,22469.1,2685,65,measure
2026-09-10T21:54:47.041+00:00,1454.003,355.922,99,22469.1,2685,66,measure
2026-09-10T21:54:48.004+00:00,1455.002,317.35,99,22469.1,2685,62,measure
2026-09-10T21:54:49.002+00:00,1456.001,339.673,99,22469.1,2685,63,measure
2026-09-10T21:54:50.006+00:00,1457.004,314.997,99,22469.1,2685,65,measure
2026-09-10T21:54:51.006+00:00,1458.001,300.599,99,22469.1,2685,61,measure
2026-09-10T21:54:52.004+00:00,1459.003,320.912,99,22469.1,2685,65,measure
2026-09-10T21:54:53.002+00:00,1460.001,322.421,99,22469.1,2685,64,measure
2026-09-10T21:54:54.008+00:00,1461.007,341.026,99,22469.1,2685,65,measure
2026-09-10T21:54:55.007+00:00,1462.005,360.481,99,22469.1,2685,65,measure
2026-09-10T21:54:56.005+00:00,1463.002,362.409,99,22469.1,2685,67,measure
2026-09-10T21:54:57.003+00:00,1464.000,328.622,99,22469.1,2685,62,measure
2026-09-10T21:54:58.003+00:00,1465.002,343.611,99,22469.1,2685,62,measure
2026-09-10T21:54:56.491+00:00,1466.000,330.546,99,22469.1,2685,63,measure
2026-09-10T21:54:57.493+00:00,1467.002,352.603,99,22469.1,2685,66,measure
2026-09-10T21:54:58.493+00:00,1468.002,356.36,99,22469.1,2685,66,measure
2026-09-10T21:54:59.494+00:00,1469.002,343.647,99,22469.1,2685,66,measure
2026-09-10T21:55:00.494+00:00,1470.001,341.02,99,22469.1,2685,65,measure
2026-09-10T21:55:01.492+00:00,1471.001,329.23,99,22469.1,2685,65,measure
2026-09-10T21:55:02.492+00:00,1472.001,333.898,99,22469.1,2685,62,measure
2026-09-10T21:55:03.494+00:00,1473.001,321.57,99,22469.1,2685,62,measure
2026-09-10T21:55:04.492+00:00,1474.001,336.573,99,22469.1,2685,63,measure
2026-09-10T21:55:05.492+00:00,1475.001,330.453,99,22469.1,2685,63,measure
2026-09-10T21:55:06.507+00:00,1476.000,340.687,99,22469.1,2685,65,measure
2026-09-10T21:55:07.491+00:00,1477.000,367.111,99,22469.1,2685,65,measure
2026-09-10T21:55:08.533+00:00,1478.042,367.926,99,22469.1,2685,66,measure
2026-09-10T21:55:09.533+00:00,1479.042,349.812,99,22469.1,2685,66,measure
2026-09-10T21:55:10.571+00:00,1480.080,318.043,99,22469.1,2685,63,measure
2026-09-10T21:55:11.513+00:00,1481.021,333.982,99,22469.1,2685,64,measure
2026-09-10T21:55:12.572+00:00,1482.081,350.315,99,22469.1,2685,67,measure
2026-09-10T21:55:13.562+00:00,1483.071,357.556,99,22469.1,2685,65,measure
2026-09-10T21:55:14.570+00:00,1484.077,349.415,99,22469.1,2685,63,measure
2026-09-10T21:55:15.605+00:00,1485.077,338.302,99,22469.1,2685,64,measure
2026-09-10T21:55:16.568+00:00,1486.074,355.807,99,22469.1,2685,66,measure
2026-09-10T21:55:17.563+00:00,1487.071,362.995,99,22469.1,2685,65,measure
2026-09-10T21:55:18.568+00:00,1488.077,366.316,99,22469.1,2685,65,measure
2026-09-10T21:55:19.526+00:00,1489.035,359.884,99,22469.1,2685,65,measure
2026-09-10T21:55:20.522+00:00,1490.031,363.203,99,22469.1,2685,65,measure
2026-09-10T21:55:21.517+00:00,1491.026,365.676,99,22469.1,2685,66,measure
2026-09-10T21:55:22.520+00:00,1492.028,367.802,99,22469.1,2685,65,measure
2026-09-10T21:55:23.520+00:00,1493.025,386.51,99,22469.1,2685,68,measure
2026-09-10T21:55:24.516+00:00,1494.023,388.537,99,22469.1,2685,69,measure
2026-09-10T21:55:25.513+00:00,1495.021,376.755,99,22469.1,2685,66,measure
2026-09-10T21:55:26.509+00:00,1496.018,372.837,99,22469.1,2685,67,measure
2026-09-10T21:55:27.506+00:00,1497.014,358.165,99,22469.1,2685,66,measure
2026-09-10T21:55:26.028+00:00,1498.009,341.611,99,22469.1,2685,64,measure
2026-09-10T21:55:27.019+00:00,1499.001,317.505,99,22469.1,2685,64,measure
2026-09-10T21:55:28.021+00:00,1500.002,318.567,99,22469.1,2685,63,measure
2026-09-10T21:55:29.023+00:00,1501.006,322.001,99,22469.1,2685,62,measure
2026-09-10T21:55:30.046+00:00,1502.007,330.361,99,22469.1,2685,63,measure
2026-09-10T21:55:31.023+00:00,1503.006,348.619,99,22469.1,2685,66,measure
2026-09-10T21:55:32.021+00:00,1504.003,365.575,99,22469.1,2685,67,measure
2026-09-10T21:55:33.019+00:00,1505.001,358.225,99,22469.1,2685,66,measure
2026-09-10T21:55:34.021+00:00,1506.003,361.891,99,22469.1,2685,66,measure
2026-09-10T21:55:35.019+00:00,1507.001,352.891,99,22469.1,2685,68,measure
2026-09-10T21:55:36.017+00:00,1508.000,315.444,99,22469.1,2685,65,measure
2026-09-10T21:55:37.018+00:00,1509.001,318.264,99,22469.1,2685,63,measure
2026-09-10T21:55:38.018+00:00,1510.000,291.788,99,22469.1,2685,61,measure
2026-09-10T21:55:39.019+00:00,1511.000,268.767,99,22469.1,2685,60,measure
2026-09-10T21:55:40.021+00:00,1512.000,209.036,0,22469.1,2700,60,measure
2026-09-10T21:55:41.018+00:00,1513.001,91.353,0,22469.1,2700,53,measure
2026-09-10T21:55:42.018+00:00,1514.001,67.748,0,22469.1,510,52,measure
2026-09-10T21:55:43.018+00:00,1515.001,34.268,0,22469.1,345,51,measure
2026-09-10T21:55:44.018+00:00,1516.001,28.07,0,22469.1,255,50,measure
2026-09-10T21:55:45.018+00:00,1517.001,20.357,0,22469.1,210,50,measure
2026-09-10T21:55:46.018+00:00,1518.000,19.086,0,22469.1,210,50,measure
2026-09-10T21:55:47.019+00:00,1519.001,18.125,0,22469.1,210,49,measure
2026-09-10T21:55:48.018+00:00,1520.001,17.842,0,22469.1,210,49,measure
2026-09-10T21:55:49.018+00:00,1521.001,17.638,0,22469.1,210,49,measure
2026-09-10T21:55:50.019+00:00,1522.001,17.545,0,22469.1,210,48,measure
2026-09-10T21:55:51.018+00:00,1523.000,17.52,0,22469.1,210,48,measure
2026-09-10T21:55:52.018+00:00,1524.001,17.615,0,22469.1,210,48,measure
2026-09-10T21:55:53.018+00:00,1525.000,17.615,0,22469.1,210,48,measure
2026-09-10T21:55:54.018+00:00,1526.001,17.558,0,22469.1,210,47,measure
2026-09-10T21:55:55.018+00:00,1527.001,17.157,0,22469.1,210,47,measure
2026-09-10T21:55:56.018+00:00,1528.000,16.813,0,22469.1,210,47,measure
2026-09-10T21:55:57.018+00:00,1529.000,16.653,0,22469.1,210,47,measure
2026-09-10T21:55:55.520+00:00,1530.000,16.587,0,22469.1,210,47,measure
2026-09-10T21:55:56.522+00:00,1531.001,16.432,0,22469.1,210,46,measure
2026-09-10T21:55:57.522+00:00,1532.001,16.266,0,22469.1,210,46,measure
2026-09-10T21:55:58.522+00:00,1533.001,16.368,0,22469.1,210,46,measure
2026-09-10T21:55:59.521+00:00,1534.001,16.972,0,22469.1,210,46,measure
2026-09-10T21:56:00.521+00:00,1535.000,17.073,0,22469.1,210,46,measure
2026-09-10T21:56:01.521+00:00,1536.001,16.869,0,22469.1,210,46,measure
2026-09-10T21:56:02.521+00:00,1537.001,16.959,0,22469.1,210,46,measure
2026-09-10T21:56:03.521+00:00,1538.000,16.887,0,22469.1,210,45,measure
2026-09-10T21:56:04.521+00:00,1539.001,16.541,0,22469.1,210,45,measure
2026-09-10T21:56:05.521+00:00,1540.000,16.052,0,22469.1,210,45,measure
2026-09-10T21:56:06.521+00:00,1541.001,15.868,0,22469.1,210,45,measure
2026-09-10T21:56:07.521+00:00,1542.001,15.897,0,22469.1,210,45,measure
2026-09-10T21:56:08.521+00:00,1543.001,15.842,0,22469.1,210,45,measure
2026-09-10T21:56:09.520+00:00,1544.000,16.166,0,22469.1,210,45,measure
2026-09-10T21:56:10.520+00:00,1545.000,16.281,0,22469.1,210,45,measure
2026-09-10T21:56:11.521+00:00,1546.000,16.173,0,22469.1,210,44,measure
2026-09-10T21:56:12.520+00:00,1547.000,16.173,0,22469.1,210,44,measure
2026-09-10T21:56:13.521+00:00,1548.001,16.247,0,22469.1,210,44,measure
2026-09-10T21:56:14.521+00:00,1549.001,15.997,0,22469.1,210,44,measure
2026-09-10T21:56:15.521+00:00,1550.001,15.862,0,22469.1,210,44,measure
2026-09-10T21:56:16.520+00:00,1551.000,15.979,0,22469.1,210,44,measure
2026-09-10T21:56:17.520+00:00,1552.000,15.97,0,22469.1,210,44,measure
2026-09-10T21:56:18.521+00:00,1553.001,16.008,0,22469.1,210,44,measure
2026-09-10T21:56:19.521+00:00,1554.001,15.929,0,22469.1,210,43,measure
2026-09-10T21:56:20.521+00:00,1555.001,15.936,0,22469.1,210,43,measure
2026-09-10T21:56:21.520+00:00,1556.000,16.155,0,22469.1,210,43,measure
2026-09-10T21:56:22.521+00:00,1557.001,16.169,0,22469.1,210,43,measure
2026-09-10T21:56:23.520+00:00,1558.000,15.696,0,22469.1,210,43,measure
2026-09-10T21:56:24.520+00:00,1559.000,15.305,0,22469.1,210,43,measure
2026-09-10T21:56:25.521+00:00,1560.000,15.305,0,22469.1,210,43,measure
2026-09-10T21:56:26.521+00:00,1561.001,15.358,0,22469.1,210,43,measure
2026-09-10T21:56:27.521+00:00,1562.001,15.481,0,22469.1,210,43,measure
2026-09-10T21:56:26.021+00:00,1563.000,15.555,0,22469.1,210,43,measure
2026-09-10T21:56:27.021+00:00,1564.001,15.404,0,22469.1,210,42,measure
2026-09-10T21:56:28.021+00:00,1565.001,15.176,0,22469.1,210,42,measure
2026-09-10T21:56:29.021+00:00,1566.000,15.128,0,22469.1,210,42,measure
2026-09-10T21:56:30.022+00:00,1567.001,15.201,0,22469.1,210,42,measure
2026-09-10T21:56:31.021+00:00,1568.000,15.085,0,22469.1,210,42,measure
2026-09-10T21:56:32.021+00:00,1569.000,14.994,0,22469.1,210,42,measure
2026-09-10T21:56:33.021+00:00,1570.000,14.93,0,22469.1,210,42,measure
2026-09-10T21:56:34.021+00:00,1571.000,14.834,0,22469.1,210,42,measure
2026-09-10T21:56:35.021+00:00,1572.000,14.765,0,22469.1,210,42,measure
2026-09-10T21:56:36.021+00:00,1573.001,14.765,0,22469.1,210,42,measure
2026-09-10T21:56:37.022+00:00,1574.001,14.716,0,22469.1,210,42,measure
2026-09-10T21:56:38.021+00:00,1575.001,14.665,0,22469.1,210,41,measure
2026-09-10T21:56:39.021+00:00,1576.000,14.552,0,22469.1,210,41,measure
2026-09-10T21:56:40.021+00:00,1577.000,14.677,0,22469.1,210,41,measure
2026-09-10T21:56:41.021+00:00,1578.001,14.653,0,22469.1,210,41,measure
2026-09-10T21:56:42.021+00:00,1579.001,14.568,0,22469.1,210,41,measure
2026-09-10T21:56:43.021+00:00,1580.001,14.351,0,22469.1,210,41,measure
2026-09-10T21:56:44.021+00:00,1581.001,14.229,0,22469.1,210,41,measure
2026-09-10T21:56:45.021+00:00,1582.001,14.09,0,22469.1,210,41,measure
2026-09-10T21:56:46.020+00:00,1583.000,14.137,0,22469.1,210,41,measure
2026-09-10T21:56:47.021+00:00,1584.001,14.149,0,22469.1,210,41,measure
2026-09-10T21:56:48.021+00:00,1585.000,14.119,0,22469.1,210,41,measure
2026-09-10T21:56:49.021+00:00,1586.000,14.156,0,22469.1,210,41,measure
2026-09-10T21:56:50.021+00:00,1587.000,14.168,0,22469.1,210,41,measure
2026-09-10T21:56:51.023+00:00,1588.002,14.131,0,22469.1,210,41,measure
2026-09-10T21:56:52.025+00:00,1589.004,14.239,0,22469.1,210,41,measure
2026-09-10T21:56:53.027+00:00,1590.007,14.239,0,22469.1,210,41,measure
2026-09-10T21:56:54.021+00:00,1591.001,14.185,0,22469.1,210,41,measure
2026-09-10T21:56:55.023+00:00,1592.003,14.072,0,22469.1,210,41,measure
2026-09-10T21:56:56.027+00:00,1593.006,14.054,0,22469.1,210,41,measure
2026-09-10T21:56:57.021+00:00,1594.000,14.042,0,22469.1,210,41,measure
2026-09-10T21:56:55.558+00:00,1595.021,14.222,0,22469.1,210,41,measure
2026-09-10T21:56:56.620+00:00,1596.081,14.229,0,22469.1,210,41,measure
2026-09-10T21:56:57.614+00:00,1597.076,14.059,0,22469.1,210,41,measure
2026-09-10T21:56:58.538+00:00,1598.000,13.984,0,22469.1,210,41,measure
2026-09-10T21:56:59.538+00:00,1599.000,14.147,0,22469.1,210,41,measure
2026-09-10T21:57:00.539+00:00,1600.001,14.169,0,22469.1,210,41,measure
2026-09-10T21:57:01.538+00:00,1601.001,14.264,0,22469.1,210,41,measure
2026-09-10T21:57:02.538+00:00,1602.001,14.186,0,22469.1,210,41,measure
2026-09-10T21:57:03.544+00:00,1603.007,14.054,0,22469.1,210,41,measure
2026-09-10T21:57:04.543+00:00,1604.004,14.032,0,22469.1,210,41,measure
2026-09-10T21:57:05.538+00:00,1605.000,14.216,0,22469.1,210,41,measure
2026-09-10T21:57:06.538+00:00,1606.000,14.414,0,22469.1,210,41,measure
2026-09-10T21:57:07.538+00:00,1607.001,14.53,0,22469.1,210,41,measure
2026-09-10T21:57:08.538+00:00,1608.001,14.522,0,22469.1,210,41,measure
2026-09-10T21:57:09.538+00:00,1609.001,14.279,0,22469.1,210,41,measure
2026-09-10T21:57:10.543+00:00,1610.005,14.028,0,22469.1,210,41,measure
2026-09-10T21:57:11.543+00:00,1611.005,13.982,0,22469.1,210,41,measure
2026-09-10T21:57:12.538+00:00,1612.000,13.982,0,22469.1,210,41,measure
2026-09-10T21:57:13.538+00:00,1613.000,13.926,0,22469.1,210,41,measure
2026-09-10T21:57:14.538+00:00,1614.000,13.922,0,22469.1,210,41,measure
2026-09-10T21:57:15.538+00:00,1615.000,14.057,0,22469.1,210,41,measure
2026-09-10T21:57:16.538+00:00,1616.001,14.262,0,22469.1,210,41,measure
2026-09-10T21:57:17.545+00:00,1617.007,14.318,0,22469.1,210,41,measure
2026-09-10T21:57:18.538+00:00,1618.000,14.025,0,22469.1,210,41,measure
2026-09-10T21:57:19.538+00:00,1619.001,13.976,0,22469.1,210,41,measure
2026-09-10T21:57:20.538+00:00,1620.001,13.897,0,22469.1,210,42,measure
2026-09-10T21:57:21.538+00:00,1621.001,13.96,0,22469.1,210,42,measure
2026-09-10T21:57:22.538+00:00,1622.000,14.133,0,22469.1,210,42,measure
2026-09-10T21:57:23.538+00:00,1623.001,14.087,0,22469.1,210,42,measure
2026-09-10T21:57:24.538+00:00,1624.001,14.055,0,22469.1,210,42,measure
2026-09-10T21:57:25.538+00:00,1625.001,14.055,0,22469.1,210,42,measure
2026-09-10T21:57:26.539+00:00,1626.001,14.011,0,22469.1,210,42,measure
2026-09-10T21:57:25.042+00:00,1627.001,13.908,0,22469.1,210,42,measure
2026-09-10T21:57:26.042+00:00,1628.001,13.834,0,22469.1,210,42,measure
2026-09-10T21:57:27.042+00:00,1629.001,13.746,0,22469.1,210,42,measure
2026-09-10T21:57:28.042+00:00,1630.001,13.839,0,22469.1,210,42,measure
2026-09-10T21:57:29.041+00:00,1631.000,13.943,0,22469.1,210,42,measure
2026-09-10T21:57:30.042+00:00,1632.001,14.034,0,22469.1,210,42,measure
2026-09-10T21:57:31.042+00:00,1633.001,14.262,0,22469.1,210,42,measure
2026-09-10T21:57:32.042+00:00,1634.001,14.382,0,22469.1,210,42,measure
2026-09-10T21:57:33.042+00:00,1635.000,14.112,0,22469.1,210,42,measure
2026-09-10T21:57:34.042+00:00,1636.001,13.937,0,22469.1,210,42,measure
2026-09-10T21:57:35.042+00:00,1637.001,14.026,0,22469.1,210,42,measure
2026-09-10T21:57:36.042+00:00,1638.001,14.026,0,22469.1,210,42,measure
2026-09-10T21:57:37.041+00:00,1639.000,13.856,0,22469.1,210,42,measure
2026-09-10T21:57:38.042+00:00,1640.001,13.768,0,22469.1,210,42,measure
2026-09-10T21:57:39.042+00:00,1641.001,13.786,0,22469.1,210,42,measure
2026-09-10T21:57:40.042+00:00,1642.000,13.796,0,22469.1,210,42,measure
2026-09-10T21:57:41.042+00:00,1643.000,13.875,0,22469.1,210,42,measure
2026-09-10T21:57:42.042+00:00,1644.001,14.029,0,22469.1,210,42,measure
2026-09-10T21:57:43.042+00:00,1645.000,13.977,0,22469.1,210,42,measure
2026-09-10T21:57:44.042+00:00,1646.000,13.9,0,22469.1,210,42,measure
2026-09-10T21:57:45.042+00:00,1647.001,13.766,0,22469.1,210,42,measure
2026-09-10T21:57:46.042+00:00,1648.001,13.862,0,22469.1,210,42,measure
2026-09-10T21:57:47.042+00:00,1649.001,14.048,0,22469.1,210,42,measure
2026-09-10T21:57:48.042+00:00,1650.001,14.096,0,22469.1,210,42,measure
2026-09-10T21:57:49.046+00:00,1651.005,13.998,0,22469.1,210,42,measure
2026-09-10T21:57:50.042+00:00,1652.000,13.852,0,22469.1,210,42,measure
2026-09-10T21:57:51.042+00:00,1653.001,13.772,0,22469.1,210,42,measure
2026-09-10T21:57:52.041+00:00,1654.000,13.772,0,22469.1,210,42,measure
2026-09-10T21:57:53.041+00:00,1655.000,13.846,0,22469.1,210,42,measure
2026-09-10T21:57:54.042+00:00,1656.001,13.917,0,22469.1,210,42,measure
2026-09-10T21:57:55.042+00:00,1657.001,13.924,0,22469.1,210,42,measure
2026-09-10T21:57:56.043+00:00,1658.001,13.938,0,22469.1,210,42,measure
2026-09-10T21:57:57.042+00:00,1659.001,13.943,0,22469.1,210,42,measure
2026-09-10T21:57:55.541+00:00,1660.000,14.025,0,22469.1,210,42,measure
2026-09-10T21:57:56.542+00:00,1661.001,14.081,0,22469.1,210,42,measure
2026-09-10T21:57:57.541+00:00,1662.000,14.039,0,22469.1,210,42,measure
2026-09-10T21:57:58.541+00:00,1663.000,14.05,0,22469.1,210,42,measure
2026-09-10T21:57:59.542+00:00,1664.001,14.09,0,22469.1,210,42,measure
2026-09-10T21:58:00.541+00:00,1665.000,14.095,0,22469.1,210,42,measure
2026-09-10T21:58:01.541+00:00,1666.000,14.028,0,22469.1,210,42,measure
2026-09-10T21:58:02.547+00:00,1667.006,13.939,0,22469.1,210,42,measure
2026-09-10T21:58:03.541+00:00,1668.001,13.854,0,22469.1,210,42,measure
2026-09-10T21:58:04.542+00:00,1669.001,13.923,0,22469.1,210,42,measure
2026-09-10T21:58:05.541+00:00,1670.000,13.793,0,22469.1,210,42,measure
2026-09-10T21:58:06.545+00:00,1671.004,13.7,0,22469.1,210,42,measure
2026-09-10T21:58:07.545+00:00,1672.004,13.866,0,22469.1,210,42,measure
2026-09-10T21:58:08.542+00:00,1673.001,13.839,0,22469.1,210,42,measure
2026-09-10T21:58:09.544+00:00,1674.004,13.758,0,22469.1,210,42,measure
2026-09-10T21:58:10.541+00:00,1675.000,13.785,0,22469.1,210,42,measure
2026-09-10T21:58:11.541+00:00,1676.000,13.8,0,22469.1,210,42,measure
2026-09-10T21:58:12.541+00:00,1677.000,13.847,0,22469.1,210,42,measure
2026-09-10T21:58:13.542+00:00,1678.001,13.847,0,22469.1,210,42,measure
2026-09-10T21:58:14.541+00:00,1679.000,13.85,0,22469.1,210,42,measure
2026-09-10T21:58:15.541+00:00,1680.000,13.755,0,22469.1,210,42,measure
2026-09-10T21:58:16.541+00:00,1681.001,13.828,0,22469.1,210,42,measure
2026-09-10T21:58:17.542+00:00,1682.001,13.85,0,22469.1,210,42,measure
2026-09-10T21:58:18.541+00:00,1683.001,13.857,0,22469.1,210,42,measure
2026-09-10T21:58:19.541+00:00,1684.000,14.055,0,22469.1,210,42,measure
2026-09-10T21:58:20.541+00:00,1685.000,14.138,0,22469.1,210,42,measure
2026-09-10T21:58:21.541+00:00,1686.001,13.922,0,22469.1,210,42,measure
2026-09-10T21:58:22.544+00:00,1687.004,13.694,0,22469.1,210,42,measure
2026-09-10T21:58:23.541+00:00,1688.000,13.617,0,22469.1,210,42,measure
2026-09-10T21:58:24.541+00:00,1689.001,13.609,0,22469.1,210,42,measure
2026-09-10T21:58:25.541+00:00,1690.000,13.673,0,22469.1,210,42,measure
2026-09-10T21:58:26.541+00:00,1691.001,13.673,0,22469.1,210,42,measure
2026-09-10T21:58:25.042+00:00,1692.000,13.792,0,22469.1,210,42,measure
2026-09-10T21:58:26.049+00:00,1693.007,13.725,0,22469.1,210,42,measure
2026-09-10T21:58:27.046+00:00,1694.004,13.646,0,22469.1,210,42,measure
2026-09-10T21:58:28.043+00:00,1695.001,13.697,0,22469.1,210,42,measure
2026-09-10T21:58:29.043+00:00,1696.000,13.894,0,22469.1,210,42,measure
2026-09-10T21:58:30.043+00:00,1697.000,14.072,0,22469.1,210,42,measure
2026-09-10T21:58:31.043+00:00,1698.000,13.903,0,22469.1,210,42,measure
2026-09-10T21:58:32.043+00:00,1699.000,13.707,0,22469.1,210,42,measure
2026-09-10T21:58:33.045+00:00,1700.001,13.685,0,22469.1,210,42,measure
2026-09-10T21:58:34.044+00:00,1701.001,13.635,0,22469.1,210,42,measure
2026-09-10T21:58:35.046+00:00,1702.000,13.658,0,22469.1,210,42,measure
2026-09-10T21:58:36.044+00:00,1703.000,13.673,0,22469.1,210,42,measure
2026-09-10T21:58:37.043+00:00,1704.000,13.673,0,22469.1,210,42,measure
2026-09-10T21:58:38.043+00:00,1705.001,13.803,0,22469.1,210,42,measure
2026-09-10T21:58:39.045+00:00,1706.001,13.926,0,22469.1,210,42,measure
2026-09-10T21:58:40.044+00:00,1707.000,13.892,0,22469.1,210,42,measure
2026-09-10T21:58:41.043+00:00,1708.000,13.827,0,22469.1,210,42,measure
2026-09-10T21:58:42.044+00:00,1709.000,13.825,0,22469.1,210,42,measure
2026-09-10T21:58:43.044+00:00,1710.000,14.007,0,22469.1,210,42,measure
2026-09-10T21:58:44.045+00:00,1711.000,13.973,0,22469.1,210,42,measure
2026-09-10T21:58:45.051+00:00,1712.005,13.919,0,22469.1,210,42,measure
2026-09-10T21:58:46.048+00:00,1713.003,13.831,0,22469.1,210,42,measure
2026-09-10T21:58:47.046+00:00,1714.004,13.7,0,22469.1,210,42,measure
2026-09-10T21:58:48.043+00:00,1715.000,13.829,0,22469.1,210,42,measure
2026-09-10T21:58:49.043+00:00,1716.000,13.965,0,22469.1,210,42,measure
2026-09-10T21:58:50.048+00:00,1717.004,13.937,0,22469.1,210,42,measure
2026-09-10T21:58:51.048+00:00,1718.003,13.875,0,22469.1,210,42,measure
2026-09-10T21:58:52.046+00:00,1719.001,13.875,0,22469.1,210,42,measure
2026-09-10T21:58:53.048+00:00,1720.003,13.918,0,22469.1,210,42,measure
2026-09-10T21:58:54.047+00:00,1721.002,13.788,0,22469.1,210,42,measure
2026-09-10T21:58:55.047+00:00,1722.002,13.582,0,22469.1,210,42,measure
2026-09-10T21:58:56.046+00:00,1723.001,13.816,0,22469.1,210,42,measure
2026-09-10T21:58:57.048+00:00,1724.004,13.839,0,22469.1,210,42,measure
2026-09-10T21:58:55.552+00:00,1725.014,13.629,0,22469.1,210,42,measure
2026-09-10T21:58:56.544+00:00,1726.005,13.606,0,22469.1,210,42,measure
2026-09-10T21:58:57.555+00:00,1727.017,13.608,0,22469.1,210,43,measure
2026-09-10T21:58:58.539+00:00,1728.001,13.582,0,22469.1,210,43,measure
2026-09-10T21:58:59.557+00:00,1729.017,13.791,0,22469.1,210,43,measure
2026-09-10T21:59:00.540+00:00,1730.000,13.791,0,22469.1,210,43,measure
