timestamp_iso,t_s,power_w,util_gpu_pct,mem_used_mib,clocks_sm_mhz,temp_c,phase
2026-09-11T00:04:58.187+00:00,0.000,115.579,0,22440.4,2700,49,measure
2026-09-11T00:04:59.270+00:00,1.081,71.189,0,22440.4,2700,49,measure
2026-09-11T00:05:00.201+00:00,2.016,56.985,0,22440.4,435,47,measure
2026-09-11T00:05:01.200+00:00,3.013,29.461,0,22440.4,315,47,measure
2026-09-11T00:05:02.269+00:00,4.082,29.101,0,22440.4,240,47,measure
2026-09-11T00:05:03.216+00:00,5.031,28.92,0,22440.4,210,46,measure
2026-09-11T00:05:04.229+00:00,6.042,28.678,0,22440.4,210,46,measure
2026-09-11T00:05:05.266+00:00,7.080,28.678,0,22440.4,210,46,measure
2026-09-11T00:05:06.261+00:00,8.076,25.019,0,22440.4,210,46,measure
2026-09-11T00:05:07.226+00:00,9.041,20.415,0,22440.4,210,45,measure
2026-09-11T00:05:08.262+00:00,10.045,79.187,99,22440.4,2700,53,measure
2026-09-11T00:05:09.264+00:00,11.077,292.958,99,22440.4,2700,56,measure
2026-09-11T00:05:10.207+00:00,12.021,302.588,99,22440.4,2700,58,measure
2026-09-11T00:05:11.220+00:00,13.036,298.238,99,22440.4,2700,61,measure
2026-09-11T00:05:12.185+00:00,14.000,304.47,99,22440.4,2700,56,measure
2026-09-11T00:05:13.186+00:00,15.000,304.047,99,22440.4,2700,57,measure
2026-09-11T00:05:14.184+00:00,16.001,323.801,99,22440.4,2685,60,measure
2026-09-11T00:05:15.184+00:00,17.000,343.064,99,22440.4,2685,62,measure
2026-09-11T00:05:16.184+00:00,18.000,358.484,99,22440.4,2685,63,measure
2026-09-11T00:05:14.688+00:00,19.001,350.362,99,22440.4,2685,61,measure
2026-09-11T00:05:15.693+00:00,20.001,355.427,99,22440.4,2685,62,measure
2026-09-11T00:05:16.689+00:00,21.000,333.51,99,22440.4,2685,58,measure
2026-09-11T00:05:17.687+00:00,22.000,348.277,99,22440.4,2685,63,measure
2026-09-11T00:05:18.688+00:00,23.001,357.551,99,22440.4,2685,61,measure
2026-09-11T00:05:19.687+00:00,24.000,358.745,99,22440.4,2685,62,measure
2026-09-11T00:05:20.688+00:00,25.001,358.725,99,22440.4,2685,64,measure
2026-09-11T00:05:21.688+00:00,26.000,359.943,99,22440.4,2685,64,measure
2026-09-11T00:05:22.689+00:00,27.002,360.329,99,22440.4,2685,64,measure
2026-09-11T00:05:23.688+00:00,28.001,354.853,99,22440.4,2685,63,measure
2026-09-11T00:05:24.693+00:00,29.006,362.524,99,22440.4,2685,63,measure
2026-09-11T00:05:25.689+00:00,30.002,345.888,99,22440.4,2685,61,measure
2026-09-11T00:05:26.688+00:00,31.001,354.848,99,22440.4,2685,63,measure
2026-09-11T00:05:27.692+00:00,32.001,365.2,99,22440.4,2685,64,measure
2026-09-11T00:05:28.690+00:00,33.000,356.813,99,22440.4,2685,63,measure
2026-09-11T00:05:29.688+00:00,34.001,360.292,99,22440.4,2685,64,measure
2026-09-11T00:05:30.687+00:00,35.000,355.122,99,22440.4,2685,63,measure
2026-09-11T00:05:31.687+00:00,36.000,361.358,99,22440.4,2685,64,measure
2026-09-11T00:05:32.687+00:00,37.000,369.599,99,22440.4,2685,65,measure
2026-09-11T00:05:33.688+00:00,38.000,368.135,99,22440.4,2685,63,measure
2026-09-11T00:05:34.688+00:00,39.000,373.006,99,22440.4,2685,65,measure
2026-09-11T00:05:35.688+00:00,40.001,372.663,99,22440.4,2685,63,measure
2026-09-11T00:05:36.687+00:00,41.000,366.547,99,22440.4,2685,64,measure
2026-09-11T00:05:37.687+00:00,42.000,361.57,99,22440.4,2685,64,measure
2026-09-11T00:05:38.687+00:00,43.000,362.449,99,22440.4,2685,64,measure
2026-09-11T00:05:39.689+00:00,44.000,329.209,99,22440.4,2685,63,measure
2026-09-11T00:05:40.688+00:00,45.000,321.41,99,22440.4,2685,65,measure
2026-09-11T00:05:41.687+00:00,46.000,317.497,99,22440.4,2685,63,measure
2026-09-11T00:05:42.690+00:00,47.000,336.066,99,22441.8,2685,59,measure
2026-09-11T00:05:43.688+00:00,48.000,355.441,99,22441.3,2685,63,measure
2026-09-11T00:05:44.688+00:00,49.000,353.225,99,22441.3,2685,63,measure
2026-09-11T00:05:45.688+00:00,50.000,339.94,99,22441.3,2685,61,measure
2026-09-11T00:05:44.184+00:00,51.001,323.416,99,22441.3,2685,61,measure
2026-09-11T00:05:45.184+00:00,52.000,319.947,99,22441.3,2685,61,measure
2026-09-11T00:05:46.184+00:00,53.000,319.121,99,22441.3,2685,60,measure
2026-09-11T00:05:47.183+00:00,54.000,313.702,99,22441.3,2685,61,measure
2026-09-11T00:05:48.185+00:00,55.001,315.107,99,22441.3,2685,60,measure
2026-09-11T00:05:49.185+00:00,56.000,313.026,99,22441.3,2685,60,measure
2026-09-11T00:05:50.184+00:00,57.001,307.785,99,22441.3,2685,61,measure
2026-09-11T00:05:51.184+00:00,58.001,310.135,99,22441.3,2685,60,measure
2026-09-11T00:05:52.184+00:00,59.000,328.168,99,22441.3,2685,62,measure
2026-09-11T00:05:53.184+00:00,60.001,340.555,99,22441.3,2685,61,measure
2026-09-11T00:05:54.184+00:00,61.000,354.662,99,22441.3,2685,65,measure
2026-09-11T00:05:55.185+00:00,62.000,357.302,99,22441.3,2685,65,measure
2026-09-11T00:05:56.184+00:00,63.000,365.987,99,22441.3,2685,63,measure
2026-09-11T00:05:57.184+00:00,64.001,365.723,99,22441.3,2685,64,measure
2026-09-11T00:05:58.183+00:00,65.000,354.855,99,22441.3,2685,64,measure
2026-09-11T00:05:59.184+00:00,66.001,356.041,99,22441.3,2685,64,measure
2026-09-11T00:06:00.184+00:00,67.000,364.306,99,22441.3,2685,65,measure
2026-09-11T00:06:01.185+00:00,68.000,354.088,99,22441.3,2685,63,measure
2026-09-11T00:06:02.184+00:00,69.000,362.319,99,22441.3,2685,65,measure
2026-09-11T00:06:03.214+00:00,70.000,347.926,99,22441.3,2685,62,measure
2026-09-11T00:06:04.183+00:00,71.000,345.068,99,22441.3,2685,64,measure
2026-09-11T00:06:05.184+00:00,72.000,367.704,99,22441.3,2685,65,measure
2026-09-11T00:06:06.184+00:00,73.000,352.926,99,22441.3,2685,63,measure
2026-09-11T00:06:07.187+00:00,74.000,357.535,99,22441.3,2685,65,measure
2026-09-11T00:06:08.184+00:00,75.001,355.731,99,22441.3,2685,65,measure
2026-09-11T00:06:09.183+00:00,76.000,362.401,99,22441.3,2685,65,measure
2026-09-11T00:06:10.186+00:00,77.000,368.322,99,22441.3,2685,64,measure
2026-09-11T00:06:11.184+00:00,78.000,356.594,99,22441.3,2685,64,measure
2026-09-11T00:06:12.184+00:00,79.000,358.748,99,22441.3,2685,65,measure
2026-09-11T00:06:13.190+00:00,80.000,328.485,99,22441.3,2685,63,measure
2026-09-11T00:06:14.183+00:00,81.000,351.074,99,22441.3,2685,66,measure
2026-09-11T00:06:15.185+00:00,82.001,364.075,99,22441.3,2685,65,measure
2026-09-11T00:06:16.184+00:00,83.001,353.171,99,22441.3,2685,63,measure
2026-09-11T00:06:14.681+00:00,84.000,359.76,99,22441.3,2685,65,measure
2026-09-11T00:06:15.682+00:00,85.000,336.752,99,22441.3,2685,64,measure
2026-09-11T00:06:16.683+00:00,86.000,335.73,99,22441.3,2685,65,measure
2026-09-11T00:06:17.680+00:00,87.000,366.566,99,22441.3,2685,64,measure
2026-09-11T00:06:18.681+00:00,88.001,367.375,99,22441.3,2685,66,measure
2026-09-11T00:06:19.680+00:00,89.000,357.088,99,22441.3,2685,65,measure
2026-09-11T00:06:20.680+00:00,90.001,360.85,99,22441.3,2685,65,measure
2026-09-11T00:06:21.682+00:00,91.000,344.866,99,22441.3,2685,64,measure
2026-09-11T00:06:22.683+00:00,92.001,318.892,99,22441.3,2685,65,measure
2026-09-11T00:06:23.689+00:00,93.001,317.91,99,22441.3,2685,62,measure
2026-09-11T00:06:24.682+00:00,94.001,314.747,99,22441.3,2685,64,measure
2026-09-11T00:06:25.681+00:00,95.000,322.965,99,22441.3,2685,65,measure
2026-09-11T00:06:26.681+00:00,96.001,318.198,99,22441.3,2685,61,measure
2026-09-11T00:06:27.682+00:00,97.001,327.777,99,22441.3,2685,66,measure
2026-09-11T00:06:28.684+00:00,98.001,332.03,99,22441.3,2685,64,measure
2026-09-11T00:06:29.682+00:00,99.001,327.486,99,22441.3,2685,64,measure
2026-09-11T00:06:30.681+00:00,100.000,339.325,99,22441.3,2685,65,measure
2026-09-11T00:06:31.681+00:00,101.000,323.335,99,22441.3,2685,61,measure
2026-09-11T00:06:32.681+00:00,102.001,326.795,99,22441.3,2685,61,measure
2026-09-11T00:06:33.682+00:00,103.000,320.464,99,22441.3,2685,63,measure
2026-09-11T00:06:34.683+00:00,104.001,315.881,99,22441.3,2685,62,measure
2026-09-11T00:06:35.680+00:00,105.000,329.236,99,22441.3,2685,65,measure
2026-09-11T00:06:36.681+00:00,106.001,335.183,99,22441.3,2685,63,measure
2026-09-11T00:06:37.682+00:00,107.001,351.659,99,22441.3,2685,65,measure
2026-09-11T00:06:38.680+00:00,108.000,362.698,99,22441.3,2685,66,measure
2026-09-11T00:06:39.682+00:00,109.000,356.358,99,22441.3,2685,65,measure
2026-09-11T00:06:40.683+00:00,110.001,343.008,99,22441.3,2685,62,measure
2026-09-11T00:06:41.682+00:00,111.002,319.557,99,22441.3,2685,62,measure
2026-09-11T00:06:42.680+00:00,112.000,325.462,99,22440.9,2685,65,measure
2026-09-11T00:06:43.680+00:00,113.000,357.51,99,22440.4,2685,66,measure
2026-09-11T00:06:44.681+00:00,114.001,362.734,99,22440.4,2685,65,measure
2026-09-11T00:06:45.682+00:00,115.001,373.511,99,22440.4,2685,66,measure
2026-09-11T00:06:44.189+00:00,116.001,380.555,99,22440.4,2685,66,measure
2026-09-11T00:06:45.188+00:00,117.001,367.739,99,22440.4,2685,66,measure
2026-09-11T00:06:46.187+00:00,118.000,365.727,99,22440.4,2685,65,measure
2026-09-11T00:06:47.187+00:00,119.000,367.152,99,22440.4,2685,66,measure
2026-09-11T00:06:48.188+00:00,120.000,360.167,99,22440.4,2685,66,measure
2026-09-11T00:06:49.189+00:00,121.000,345.436,99,22440.4,2685,65,measure
2026-09-11T00:06:50.189+00:00,122.000,322.045,99,22440.4,2685,64,measure
2026-09-11T00:06:51.218+00:00,123.005,327.519,99,22440.4,2685,63,measure
2026-09-11T00:06:52.188+00:00,124.000,312.253,99,22440.4,2685,61,measure
2026-09-11T00:06:53.187+00:00,125.000,330.769,99,22440.4,2685,66,measure
2026-09-11T00:06:54.187+00:00,126.000,314.453,99,22440.4,2685,62,measure
2026-09-11T00:06:55.193+00:00,127.000,305.168,99,22440.4,2685,62,measure
2026-09-11T00:06:56.189+00:00,128.000,315.368,99,22440.4,2685,63,measure
2026-09-11T00:06:57.187+00:00,129.000,314.957,99,22440.4,2685,61,measure
2026-09-11T00:06:58.187+00:00,130.001,328.423,99,22440.4,2685,62,measure
2026-09-11T00:06:59.188+00:00,131.001,324.458,99,22440.4,2685,65,measure
2026-09-11T00:07:00.187+00:00,132.000,341.414,99,22440.4,2685,65,measure
2026-09-11T00:07:01.189+00:00,133.000,327.066,99,22440.4,2685,62,measure
2026-09-11T00:07:02.189+00:00,134.001,339.592,99,22440.4,2685,65,measure
2026-09-11T00:07:03.188+00:00,135.001,339.437,99,22440.4,2685,66,measure
2026-09-11T00:07:04.187+00:00,136.001,354.517,99,22440.4,2685,64,measure
2026-09-11T00:07:05.192+00:00,137.004,357.77,99,22440.4,2685,67,measure
2026-09-11T00:07:06.187+00:00,138.000,352.262,99,22440.4,2685,63,measure
2026-09-11T00:07:07.188+00:00,139.000,351.384,99,22440.4,2685,65,measure
2026-09-11T00:07:08.189+00:00,140.001,326.539,99,22440.4,2685,64,measure
2026-09-11T00:07:09.187+00:00,141.000,354.845,99,22440.4,2685,66,measure
2026-09-11T00:07:10.187+00:00,142.000,344.567,99,22440.4,2685,65,measure
2026-09-11T00:07:11.187+00:00,143.000,367.213,99,22440.4,2685,68,measure
2026-09-11T00:07:12.188+00:00,144.001,363.522,99,22440.4,2685,64,measure
2026-09-11T00:07:13.188+00:00,145.000,359.297,99,22440.4,2685,65,measure
2026-09-11T00:07:14.189+00:00,146.001,359.062,99,22440.4,2685,65,measure
2026-09-11T00:07:15.187+00:00,147.000,361.726,99,22440.4,2685,65,measure
2026-09-11T00:07:16.187+00:00,148.000,362.465,99,22440.4,2685,65,measure
2026-09-11T00:07:14.705+00:00,149.001,359.321,99,22440.4,2685,65,measure
2026-09-11T00:07:15.705+00:00,150.001,365.456,99,22440.4,2685,68,measure
2026-09-11T00:07:16.705+00:00,151.001,369.132,99,22440.4,2685,66,measure
2026-09-11T00:07:17.705+00:00,152.000,367.444,99,22440.4,2685,66,measure
2026-09-11T00:07:18.705+00:00,153.001,371.076,99,22440.4,2685,66,measure
2026-09-11T00:07:19.704+00:00,154.000,364.287,99,22440.4,2685,65,measure
2026-09-11T00:07:20.704+00:00,155.000,361.16,99,22440.4,2685,65,measure
2026-09-11T00:07:21.704+00:00,156.001,365.538,99,22440.4,2685,65,measure
2026-09-11T00:07:22.705+00:00,157.001,350.796,99,22440.4,2685,66,measure
2026-09-11T00:07:23.707+00:00,158.003,356.542,99,22440.4,2685,65,measure
2026-09-11T00:07:24.708+00:00,159.004,359.469,99,22440.4,2685,66,measure
2026-09-11T00:07:25.705+00:00,160.001,356.861,99,22440.4,2685,65,measure
2026-09-11T00:07:26.707+00:00,161.003,361.293,99,22440.4,2685,65,measure
2026-09-11T00:07:27.708+00:00,162.003,365.181,99,22440.4,2685,67,measure
2026-09-11T00:07:28.708+00:00,163.002,372.669,99,22440.4,2685,65,measure
2026-09-11T00:07:29.705+00:00,164.001,359.444,99,22440.4,2685,66,measure
2026-09-11T00:07:30.705+00:00,165.001,361.48,99,22440.4,2685,65,measure
2026-09-11T00:07:31.704+00:00,166.001,370.864,99,22440.4,2685,68,measure
2026-09-11T00:07:32.705+00:00,167.001,373.789,99,22440.4,2685,66,measure
2026-09-11T00:07:33.704+00:00,168.000,375.177,99,22440.4,2685,68,measure
2026-09-11T00:07:34.708+00:00,169.003,372.609,99,22440.4,2685,68,measure
2026-09-11T00:07:35.704+00:00,170.000,365.389,99,22440.4,2685,66,measure
2026-09-11T00:07:36.704+00:00,171.000,367.735,99,22440.4,2685,65,measure
2026-09-11T00:07:37.704+00:00,172.000,365.56,99,22440.4,2685,66,measure
2026-09-11T00:07:38.704+00:00,173.001,363.778,99,22440.4,2685,66,measure
2026-09-11T00:07:39.708+00:00,174.000,366.376,99,22440.4,2685,65,measure
2026-09-11T00:07:40.705+00:00,175.000,359.88,99,22440.4,2685,65,measure
2026-09-11T00:07:41.705+00:00,176.001,364.722,99,22440.4,2685,66,measure
2026-09-11T00:07:42.704+00:00,177.000,341.542,99,22440.1,2685,63,measure
2026-09-11T00:07:43.705+00:00,178.001,323.981,99,22439.4,2685,63,measure
2026-09-11T00:07:44.705+00:00,179.001,370.766,99,22439.4,2685,65,measure
2026-09-11T00:07:45.705+00:00,180.000,363.164,99,22439.4,2685,68,measure
2026-09-11T00:07:44.208+00:00,181.000,365.777,99,22439.4,2685,65,measure
2026-09-11T00:07:45.206+00:00,182.000,362.107,99,22439.4,2685,65,measure
2026-09-11T00:07:46.207+00:00,183.000,357.981,99,22439.4,2685,66,measure
2026-09-11T00:07:47.253+00:00,184.000,344.168,99,22439.4,2685,65,measure
2026-09-11T00:07:48.207+00:00,185.001,338.431,99,22439.4,2685,63,measure
2026-09-11T00:07:49.226+00:00,186.001,319.789,99,22439.4,2685,64,measure
2026-09-11T00:07:50.210+00:00,187.000,323.12,99,22439.4,2685,63,measure
2026-09-11T00:07:51.207+00:00,188.000,321.648,99,22439.4,2685,65,measure
2026-09-11T00:07:52.208+00:00,189.002,322.259,99,22439.4,2685,63,measure
2026-09-11T00:07:53.207+00:00,190.000,311.068,99,22439.4,2685,62,measure
2026-09-11T00:07:54.207+00:00,191.000,313.996,99,22439.4,2685,62,measure
2026-09-11T00:07:55.223+00:00,192.000,322.785,99,22439.4,2685,63,measure
2026-09-11T00:07:56.210+00:00,193.004,333.467,99,22439.4,2685,64,measure
2026-09-11T00:07:57.206+00:00,194.000,335.528,99,22439.4,2685,64,measure
2026-09-11T00:07:58.207+00:00,195.001,360.765,99,22439.4,2685,66,measure
2026-09-11T00:07:59.207+00:00,196.001,366.589,99,22439.4,2685,67,measure
2026-09-11T00:08:00.208+00:00,197.001,370.006,99,22439.4,2685,67,measure
2026-09-11T00:08:01.211+00:00,198.004,360.65,99,22439.4,2685,65,measure
2026-09-11T00:08:02.209+00:00,199.001,356.665,99,22439.4,2685,66,measure
2026-09-11T00:08:03.208+00:00,200.001,340.445,99,22439.4,2685,64,measure
2026-09-11T00:08:04.207+00:00,201.000,311.918,99,22439.4,2685,62,measure
2026-09-11T00:08:05.207+00:00,202.001,316.556,99,22439.4,2685,64,measure
2026-09-11T00:08:06.207+00:00,203.000,333.846,99,22439.4,2685,67,measure
2026-09-11T00:08:07.208+00:00,204.001,319.198,99,22439.4,2685,65,measure
2026-09-11T00:08:08.209+00:00,205.000,310.689,99,22439.4,2685,64,measure
2026-09-11T00:08:09.241+00:00,206.000,316.474,99,22439.4,2685,62,measure
2026-09-11T00:08:10.233+00:00,207.001,329.812,99,22439.4,2685,61,measure
2026-09-11T00:08:11.207+00:00,208.000,342.343,99,22439.4,2685,64,measure
2026-09-11T00:08:12.207+00:00,209.000,360.705,99,22439.4,2685,66,measure
2026-09-11T00:08:13.213+00:00,210.002,366.268,99,22439.4,2685,66,measure
2026-09-11T00:08:14.243+00:00,211.001,343.772,99,22439.4,2685,65,measure
2026-09-11T00:08:15.237+00:00,212.000,331.97,99,22439.4,2685,64,measure
2026-09-11T00:08:13.709+00:00,213.000,325.208,99,22439.4,2685,62,measure
2026-09-11T00:08:14.710+00:00,214.000,322.135,99,22439.4,2685,66,measure
2026-09-11T00:08:15.709+00:00,215.000,350.213,99,22439.4,2685,66,measure
2026-09-11T00:08:16.711+00:00,216.001,325.262,99,22439.4,2685,62,measure
2026-09-11T00:08:17.743+00:00,217.000,322.996,99,22439.4,2685,63,measure
2026-09-11T00:08:18.720+00:00,218.000,325.869,99,22439.4,2685,65,measure
2026-09-11T00:08:19.713+00:00,219.005,316.318,99,22439.4,2685,61,measure
2026-09-11T00:08:20.710+00:00,220.001,331.127,99,22439.4,2685,65,measure
2026-09-11T00:08:21.709+00:00,221.000,363.596,99,22439.4,2685,66,measure
2026-09-11T00:08:22.712+00:00,222.003,357.139,99,22439.4,2685,65,measure
2026-09-11T00:08:23.713+00:00,223.004,372.344,99,22439.4,2685,65,measure
2026-09-11T00:08:24.709+00:00,224.000,364.935,99,22439.4,2685,65,measure
2026-09-11T00:08:25.709+00:00,225.000,352.642,99,22439.4,2685,67,measure
2026-09-11T00:08:26.709+00:00,226.000,358.152,99,22439.4,2685,65,measure
2026-09-11T00:08:27.709+00:00,227.001,338.689,99,22439.4,2685,63,measure
2026-09-11T00:08:28.711+00:00,228.001,345.891,99,22439.4,2685,67,measure
2026-09-11T00:08:29.711+00:00,229.001,351.193,99,22439.4,2685,66,measure
2026-09-11T00:08:30.709+00:00,230.001,373.836,99,22439.4,2685,67,measure
2026-09-11T00:08:31.708+00:00,231.000,371.866,99,22439.4,2685,67,measure
2026-09-11T00:08:32.709+00:00,232.000,383.647,99,22439.4,2685,67,measure
2026-09-11T00:08:33.709+00:00,233.000,381.995,99,22439.4,2685,65,measure
2026-09-11T00:08:34.715+00:00,234.000,370.163,99,22439.4,2685,66,measure
2026-09-11T00:08:35.710+00:00,235.001,380.951,99,22439.4,2685,68,measure
2026-09-11T00:08:36.709+00:00,236.001,370.804,99,22439.4,2685,67,measure
2026-09-11T00:08:37.710+00:00,237.001,356.085,99,22439.4,2685,65,measure
2026-09-11T00:08:38.709+00:00,238.000,356.97,99,22439.4,2685,65,measure
2026-09-11T00:08:39.709+00:00,239.000,328.197,99,22439.4,2685,64,measure
2026-09-11T00:08:40.710+00:00,240.000,345.652,99,22439.4,2685,65,measure
2026-09-11T00:08:41.710+00:00,241.000,353.179,99,22439.4,2685,65,measure
2026-09-11T00:08:42.709+00:00,242.000,352.329,99,22434.4,2685,65,measure
2026-09-11T00:08:43.709+00:00,243.001,361.209,99,22434.1,2685,67,measure
2026-09-11T00:08:44.710+00:00,244.002,351.415,99,22434.1,2685,66,measure
2026-09-11T00:08:45.708+00:00,245.000,348.075,99,22434.1,2685,64,measure
2026-09-11T00:08:44.215+00:00,246.002,345.679,99,22434.1,2685,65,measure
2026-09-11T00:08:45.212+00:00,247.001,348.251,99,22434.1,2685,64,measure
2026-09-11T00:08:46.210+00:00,248.001,362.633,99,22434.1,2685,68,measure
2026-09-11T00:08:47.210+00:00,249.001,362.301,99,22434.1,2685,67,measure
2026-09-11T00:08:48.210+00:00,250.000,367.508,99,22434.1,2685,67,measure
2026-09-11T00:08:49.210+00:00,251.000,367.634,99,22434.1,2685,67,measure
2026-09-11T00:08:50.213+00:00,252.000,359.598,99,22434.1,2685,67,measure
2026-09-11T00:08:51.211+00:00,253.000,351.74,99,22434.1,2685,64,measure
2026-09-11T00:08:52.210+00:00,254.000,333.801,99,22434.1,2685,63,measure
2026-09-11T00:08:53.210+00:00,255.001,336.653,99,22434.1,2685,66,measure
2026-09-11T00:08:54.210+00:00,256.000,346.396,99,22434.1,2685,65,measure
2026-09-11T00:08:55.210+00:00,257.001,364.363,99,22434.1,2685,67,measure
2026-09-11T00:08:56.212+00:00,258.001,364.382,99,22434.1,2685,67,measure
2026-09-11T00:08:57.211+00:00,259.000,360.953,99,22434.1,2685,65,measure
2026-09-11T00:08:58.210+00:00,260.000,361.898,99,22434.1,2685,67,measure
2026-09-11T00:08:59.210+00:00,261.000,347.394,99,22434.1,2685,66,measure
2026-09-11T00:09:00.210+00:00,262.001,337.941,99,22434.1,2685,66,measure
2026-09-11T00:09:01.212+00:00,263.001,335.017,99,22434.1,2685,63,measure
2026-09-11T00:09:02.211+00:00,264.000,344.221,99,22434.1,2685,65,measure
2026-09-11T00:09:03.211+00:00,265.001,364.58,99,22434.1,2685,65,measure
2026-09-11T00:09:04.210+00:00,266.000,355.744,99,22434.1,2685,66,measure
2026-09-11T00:09:05.210+00:00,267.000,351.357,99,22434.1,2685,65,measure
2026-09-11T00:09:06.211+00:00,268.001,347.09,99,22434.1,2685,66,measure
2026-09-11T00:09:07.211+00:00,269.001,358.61,99,22434.1,2685,67,measure
2026-09-11T00:09:08.214+00:00,270.003,358.799,99,22434.1,2685,67,measure
2026-09-11T00:09:09.210+00:00,271.001,354.682,99,22434.1,2685,65,measure
2026-09-11T00:09:10.210+00:00,272.001,366.623,99,22434.1,2685,66,measure
2026-09-11T00:09:11.210+00:00,273.001,362.361,99,22434.1,2685,67,measure
2026-09-11T00:09:12.212+00:00,274.002,358.778,99,22434.1,2685,66,measure
2026-09-11T00:09:13.231+00:00,275.000,366.195,99,22434.1,2685,67,measure
2026-09-11T00:09:14.211+00:00,276.001,363.527,99,22434.1,2685,65,measure
2026-09-11T00:09:15.211+00:00,277.002,358.979,99,22434.1,2685,66,measure
2026-09-11T00:09:13.707+00:00,278.000,358.625,99,22434.1,2685,65,measure
2026-09-11T00:09:14.753+00:00,279.001,319.269,99,22434.1,2685,65,measure
2026-09-11T00:09:15.709+00:00,280.002,314.668,99,22434.1,2685,63,measure
2026-09-11T00:09:16.716+00:00,281.004,323.982,99,22434.1,2685,62,measure
2026-09-11T00:09:17.712+00:00,282.005,320.861,99,22434.1,2685,64,measure
2026-09-11T00:09:18.710+00:00,283.003,313.364,99,22434.1,2685,64,measure
2026-09-11T00:09:19.707+00:00,284.000,327.39,99,22434.1,2685,64,measure
2026-09-11T00:09:20.708+00:00,285.001,326,99,22434.1,2685,65,measure
2026-09-11T00:09:21.708+00:00,286.001,369.265,99,22434.1,2685,67,measure
2026-09-11T00:09:22.710+00:00,287.002,363.367,99,22434.1,2685,65,measure
2026-09-11T00:09:23.711+00:00,288.002,364.663,99,22434.1,2685,67,measure
2026-09-11T00:09:24.708+00:00,289.001,378.356,99,22434.1,2685,68,measure
2026-09-11T00:09:25.708+00:00,290.001,374.78,99,22434.1,2685,69,measure
2026-09-11T00:09:26.711+00:00,291.001,382.556,99,22434.1,2685,66,measure
2026-09-11T00:09:27.708+00:00,292.000,378.788,99,22434.1,2685,69,measure
2026-09-11T00:09:28.708+00:00,293.000,368.985,99,22434.1,2685,66,measure
2026-09-11T00:09:29.712+00:00,294.004,368.044,99,22434.1,2685,66,measure
2026-09-11T00:09:30.741+00:00,295.000,357.621,99,22434.1,2685,67,measure
2026-09-11T00:09:31.708+00:00,296.001,345.725,99,22434.1,2685,65,measure
2026-09-11T00:09:32.709+00:00,297.002,358.76,99,22434.1,2685,67,measure
2026-09-11T00:09:33.708+00:00,298.001,365.448,99,22434.1,2685,66,measure
2026-09-11T00:09:34.710+00:00,299.001,360.394,99,22434.1,2685,65,measure
2026-09-11T00:09:35.711+00:00,300.001,360.64,99,22434.1,2685,68,measure
2026-09-11T00:09:36.709+00:00,301.001,365.651,99,22434.1,2685,67,measure
2026-09-11T00:09:37.708+00:00,302.000,361.776,99,22434.1,2685,67,measure
2026-09-11T00:09:38.708+00:00,303.000,371.731,99,22434.1,2685,66,measure
2026-09-11T00:09:39.708+00:00,304.001,366.172,99,22434.1,2685,65,measure
2026-09-11T00:09:40.710+00:00,305.001,363.685,99,22434.1,2685,67,measure
2026-09-11T00:09:41.709+00:00,306.000,365.273,99,22434.1,2685,68,measure
2026-09-11T00:09:42.708+00:00,307.000,358.38,99,22433.7,2685,66,measure
2026-09-11T00:09:43.708+00:00,308.000,325.366,99,22433.4,2685,63,measure
2026-09-11T00:09:44.708+00:00,309.000,334.258,99,22433.4,2685,62,measure
2026-09-11T00:09:45.708+00:00,310.000,364.384,99,22433.4,2685,70,measure
2026-09-11T00:09:44.230+00:00,311.001,419.695,99,22433.4,2685,70,measure
2026-09-11T00:09:45.230+00:00,312.001,417.871,100,22433.4,2685,69,measure
2026-09-11T00:09:46.229+00:00,313.001,408.288,100,22433.4,2685,70,measure
2026-09-11T00:09:47.228+00:00,314.000,405.955,100,22433.4,2685,69,measure
2026-09-11T00:09:48.230+00:00,315.002,407.962,99,22433.4,2685,69,measure
2026-09-11T00:09:49.231+00:00,316.003,407.954,100,22433.4,2685,70,measure
2026-09-11T00:09:50.230+00:00,317.001,405.852,100,22433.4,2685,70,measure
2026-09-11T00:09:51.230+00:00,318.001,413.696,100,22433.4,2685,71,measure
2026-09-11T00:09:52.228+00:00,319.000,417.624,100,22433.4,2685,71,measure
2026-09-11T00:09:53.228+00:00,320.000,410.533,100,22433.4,2685,70,measure
2026-09-11T00:09:54.230+00:00,321.001,408.287,100,22433.4,2685,70,measure
2026-09-11T00:09:55.228+00:00,322.000,407.428,100,22433.4,2685,70,measure
2026-09-11T00:09:56.230+00:00,323.001,409.724,100,22433.4,2685,69,measure
2026-09-11T00:09:57.229+00:00,324.001,407.362,100,22433.4,2685,70,measure
2026-09-11T00:09:58.228+00:00,325.001,407.362,100,22433.4,2685,70,measure
2026-09-11T00:09:59.233+00:00,326.005,416.391,100,22433.4,2685,70,measure
2026-09-11T00:10:00.229+00:00,327.001,415.075,99,22433.4,2685,70,measure
2026-09-11T00:10:01.228+00:00,328.000,408.979,99,22433.4,2685,70,measure
2026-09-11T00:10:02.230+00:00,329.000,407.237,99,22433.4,2685,69,measure
2026-09-11T00:10:03.230+00:00,330.001,406.106,100,22433.4,2685,69,measure
2026-09-11T00:10:04.228+00:00,331.000,407.893,100,22433.4,2685,70,measure
2026-09-11T00:10:05.228+00:00,332.000,405.092,100,22433.4,2685,69,measure
2026-09-11T00:10:06.228+00:00,333.000,413.337,100,22433.4,2685,71,measure
2026-09-11T00:10:07.228+00:00,334.001,416.626,100,22433.4,2685,71,measure
2026-09-11T00:10:08.229+00:00,335.000,410.386,100,22433.4,2685,71,measure
2026-09-11T00:10:09.229+00:00,336.001,408.01,100,22433.4,2685,70,measure
2026-09-11T00:10:10.228+00:00,337.000,407.676,100,22433.4,2685,69,measure
2026-09-11T00:10:11.228+00:00,338.000,408.672,100,22433.4,2685,70,measure
2026-09-11T00:10:12.229+00:00,339.001,408.051,100,22433.4,2685,70,measure
2026-09-11T00:10:13.229+00:00,340.001,408.012,99,22433.4,2685,69,measure
2026-09-11T00:10:14.234+00:00,341.000,416.638,100,22433.4,2685,71,measure
2026-09-11T00:10:15.229+00:00,342.001,414.925,100,22433.4,2685,71,measure
2026-09-11T00:10:13.730+00:00,343.004,409.154,100,22433.4,2685,70,measure
2026-09-11T00:10:14.727+00:00,344.000,407.44,99,22433.4,2685,70,measure
2026-09-11T00:10:15.727+00:00,345.001,407.111,100,22433.4,2685,70,measure
2026-09-11T00:10:16.728+00:00,346.001,408.793,100,22433.4,2685,69,measure
2026-09-11T00:10:17.728+00:00,347.000,405.794,100,22433.4,2685,71,measure
2026-09-11T00:10:18.728+00:00,348.000,414.465,99,22433.4,2685,72,measure
2026-09-11T00:10:19.732+00:00,349.006,417.439,100,22433.4,2685,72,measure
2026-09-11T00:10:20.726+00:00,350.000,409.702,100,22433.4,2685,71,measure
2026-09-11T00:10:21.735+00:00,351.007,407.937,100,22433.4,2685,70,measure
2026-09-11T00:10:22.730+00:00,352.003,409.121,100,22433.4,2685,70,measure
2026-09-11T00:10:23.728+00:00,353.000,409.328,100,22433.4,2685,69,measure
2026-09-11T00:10:24.728+00:00,354.000,408.486,100,22433.4,2685,71,measure
2026-09-11T00:10:25.726+00:00,355.000,409.874,100,22433.4,2685,71,measure
2026-09-11T00:10:26.727+00:00,356.000,417.574,100,22433.4,2685,72,measure
2026-09-11T00:10:27.727+00:00,357.000,415.43,100,22433.4,2685,71,measure
2026-09-11T00:10:28.727+00:00,358.001,409.712,100,22433.4,2685,71,measure
2026-09-11T00:10:29.728+00:00,359.000,408.108,100,22433.4,2685,70,measure
2026-09-11T00:10:30.728+00:00,360.000,408.507,100,22433.4,2685,70,measure
2026-09-11T00:10:31.727+00:00,361.001,409.568,100,22433.4,2685,71,measure
2026-09-11T00:10:32.727+00:00,362.001,406.232,99,22433.4,2685,71,measure
2026-09-11T00:10:33.727+00:00,363.000,413.547,100,22433.4,2685,71,measure
2026-09-11T00:10:34.727+00:00,364.000,415.618,100,22433.4,2685,70,measure
2026-09-11T00:10:35.729+00:00,365.001,409.607,100,22433.4,2685,71,measure
2026-09-11T00:10:36.727+00:00,366.000,407.675,99,22433.4,2685,70,measure
2026-09-11T00:10:37.731+00:00,367.005,409.764,100,22433.4,2685,71,measure
2026-09-11T00:10:38.726+00:00,368.000,408.774,100,22433.4,2685,70,measure
2026-09-11T00:10:39.730+00:00,369.003,408.133,100,22433.4,2685,70,measure
2026-09-11T00:10:40.731+00:00,370.003,409.625,100,22433.4,2685,71,measure
2026-09-11T00:10:41.731+00:00,371.003,417.688,100,22433.4,2685,70,measure
2026-09-11T00:10:42.728+00:00,372.002,413.164,99,22429.8,2685,70,measure
2026-09-11T00:10:43.727+00:00,373.001,409.026,100,22429.4,2685,70,measure
2026-09-11T00:10:44.727+00:00,374.001,407.633,100,22429.4,2685,70,measure
2026-09-11T00:10:45.738+00:00,375.006,409.592,100,22429.4,2685,70,measure
2026-09-11T00:10:44.228+00:00,376.000,408.918,100,22429.4,2685,70,measure
2026-09-11T00:10:45.235+00:00,377.007,406.697,100,22429.4,2685,70,measure
2026-09-11T00:10:46.229+00:00,378.000,414.206,100,22429.4,2685,72,measure
2026-09-11T00:10:47.229+00:00,379.001,415.875,100,22429.4,2685,71,measure
2026-09-11T00:10:48.228+00:00,380.000,410.248,100,22429.4,2685,71,measure
2026-09-11T00:10:49.228+00:00,381.000,408.827,100,22429.4,2685,70,measure
2026-09-11T00:10:50.229+00:00,382.000,410.011,100,22429.4,2685,70,measure
2026-09-11T00:10:51.231+00:00,383.001,409.203,100,22429.4,2685,70,measure
2026-09-11T00:10:52.228+00:00,384.000,408.756,100,22429.4,2685,70,measure
2026-09-11T00:10:53.228+00:00,385.001,412.083,100,22429.4,2685,71,measure
2026-09-11T00:10:54.228+00:00,386.000,418.079,99,22429.4,2685,72,measure
2026-09-11T00:10:55.229+00:00,387.001,413.261,100,22429.4,2685,71,measure
2026-09-11T00:10:56.228+00:00,388.000,410.467,100,22429.4,2685,71,measure
2026-09-11T00:10:57.229+00:00,389.000,407.044,100,22429.4,2685,70,measure
2026-09-11T00:10:58.228+00:00,390.000,409.506,100,22429.4,2685,70,measure
2026-09-11T00:10:59.228+00:00,391.000,407.55,99,22429.4,2685,70,measure
2026-09-11T00:11:00.228+00:00,392.000,405.983,99,22429.4,2685,70,measure
2026-09-11T00:11:01.228+00:00,393.000,414.168,100,22429.4,2685,72,measure
2026-09-11T00:11:02.228+00:00,394.000,416.341,100,22429.4,2685,71,measure
2026-09-11T00:11:03.230+00:00,395.000,409.175,99,22429.4,2685,70,measure
2026-09-11T00:11:04.228+00:00,396.000,407.649,100,22429.4,2685,70,measure
2026-09-11T00:11:05.228+00:00,397.000,409.975,100,22429.4,2685,70,measure
2026-09-11T00:11:06.230+00:00,398.001,408.73,100,22429.4,2685,70,measure
2026-09-11T00:11:07.229+00:00,399.001,408.608,100,22429.4,2685,71,measure
2026-09-11T00:11:08.229+00:00,400.000,411.585,100,22429.4,2685,70,measure
2026-09-11T00:11:09.232+00:00,401.000,418.427,100,22429.4,2685,72,measure
2026-09-11T00:11:10.228+00:00,402.000,412.75,100,22429.4,2685,71,measure
2026-09-11T00:11:11.228+00:00,403.001,410.69,100,22429.4,2685,70,measure
2026-09-11T00:11:12.228+00:00,404.000,406.988,100,22429.4,2685,70,measure
2026-09-11T00:11:13.228+00:00,405.000,410.207,99,22429.4,2685,70,measure
2026-09-11T00:11:14.229+00:00,406.000,410.263,100,22429.4,2685,71,measure
2026-09-11T00:11:15.229+00:00,407.000,407.436,100,22429.4,2685,71,measure
2026-09-11T00:11:13.728+00:00,408.000,414.833,100,22429.4,2685,70,measure
2026-09-11T00:11:14.728+00:00,409.001,416.807,100,22429.4,2685,71,measure
2026-09-11T00:11:15.728+00:00,410.000,410.162,100,22429.4,2685,71,measure
2026-09-11T00:11:16.728+00:00,411.000,410.35,100,22429.4,2685,70,measure
2026-09-11T00:11:17.729+00:00,412.000,410.556,99,22429.4,2685,70,measure
2026-09-11T00:11:18.730+00:00,413.000,409.77,100,22429.4,2685,71,measure
2026-09-11T00:11:19.728+00:00,414.000,407.263,99,22429.4,2685,71,measure
2026-09-11T00:11:20.728+00:00,415.000,413.429,100,22429.4,2685,72,measure
2026-09-11T00:11:21.728+00:00,416.000,418.432,100,22429.4,2685,71,measure
2026-09-11T00:11:22.729+00:00,417.001,413.114,100,22429.4,2685,70,measure
2026-09-11T00:11:23.729+00:00,418.000,410.136,99,22429.4,2685,71,measure
2026-09-11T00:11:24.730+00:00,419.000,408.835,100,22429.4,2685,70,measure
2026-09-11T00:11:25.728+00:00,420.000,410.871,100,22429.4,2685,70,measure
2026-09-11T00:11:26.728+00:00,421.000,410.122,100,22429.4,2685,70,measure
2026-09-11T00:11:27.728+00:00,422.000,407.834,100,22429.4,2685,71,measure
2026-09-11T00:11:28.728+00:00,423.001,417.136,100,22429.4,2685,71,measure
2026-09-11T00:11:29.730+00:00,424.000,418.348,100,22429.4,2685,72,measure
2026-09-11T00:11:30.730+00:00,425.001,409.682,100,22429.4,2685,71,measure
2026-09-11T00:11:31.728+00:00,426.000,410.206,100,22429.4,2685,70,measure
2026-09-11T00:11:32.730+00:00,427.003,410.853,100,22429.4,2685,70,measure
2026-09-11T00:11:33.730+00:00,428.000,408.892,100,22429.4,2685,70,measure
2026-09-11T00:11:34.729+00:00,429.002,407.66,100,22429.4,2685,70,measure
2026-09-11T00:11:35.733+00:00,430.001,413.362,100,22429.4,2685,71,measure
2026-09-11T00:11:36.729+00:00,431.000,419.614,100,22429.4,2685,72,measure
2026-09-11T00:11:37.728+00:00,432.001,413.259,99,22429.4,2685,71,measure
2026-09-11T00:11:38.728+00:00,433.000,409.912,100,22429.4,2685,70,measure
2026-09-11T00:11:39.728+00:00,434.000,408.844,99,22429.4,2685,70,measure
2026-09-11T00:11:40.728+00:00,435.000,410.213,100,22429.4,2685,70,measure
2026-09-11T00:11:41.730+00:00,436.001,409.594,100,22429.4,2685,71,measure
2026-09-11T00:11:42.730+00:00,437.000,409.403,100,22429.4,2685,71,measure
2026-09-11T00:11:43.728+00:00,438.000,416.148,100,22425.3,2685,71,measure
2026-09-11T00:11:44.728+00:00,439.000,417.609,100,22425.3,2685,71,measure
2026-09-11T00:11:45.728+00:00,440.000,409.375,100,22425.3,2685,70,measure
2026-09-11T00:11:44.228+00:00,441.000,408.236,100,22425.3,2685,70,measure
2026-09-11T00:11:45.230+00:00,442.001,410.578,100,22425.3,2685,70,measure
2026-09-11T00:11:46.230+00:00,443.001,409.085,100,22425.3,2685,70,measure
2026-09-11T00:11:47.228+00:00,444.000,408.571,100,22425.3,2685,70,measure
2026-09-11T00:11:48.229+00:00,445.001,414.295,100,22425.3,2685,72,measure
2026-09-11T00:11:49.229+00:00,446.001,419.228,100,22425.3,2685,71,measure
2026-09-11T00:11:50.228+00:00,447.000,413.553,100,22425.3,2685,71,measure
2026-09-11T00:11:51.234+00:00,448.001,409.99,99,22425.3,2685,70,measure
2026-09-11T00:11:52.229+00:00,449.000,408.954,100,22425.3,2685,70,measure
2026-09-11T00:11:53.228+00:00,450.000,411.795,100,22425.3,2685,70,measure
2026-09-11T00:11:54.228+00:00,451.000,410.269,100,22425.3,2685,70,measure
2026-09-11T00:11:55.228+00:00,452.000,410.185,99,22425.3,2685,70,measure
2026-09-11T00:11:56.228+00:00,453.000,418.358,100,22425.3,2685,70,measure
2026-09-11T00:11:57.229+00:00,454.000,418.874,100,22425.3,2685,70,measure
2026-09-11T00:11:58.230+00:00,455.000,409.398,99,22425.3,2685,71,measure
2026-09-11T00:11:59.229+00:00,456.001,408.474,100,22425.3,2685,71,measure
2026-09-11T00:12:00.229+00:00,457.001,408.768,99,22425.3,2685,70,measure
2026-09-11T00:12:01.229+00:00,458.000,408.566,99,22425.3,2685,70,measure
2026-09-11T00:12:02.228+00:00,459.000,407.632,100,22425.3,2685,71,measure
2026-09-11T00:12:03.229+00:00,460.000,413.643,100,22425.3,2685,72,measure
2026-09-11T00:12:04.230+00:00,461.001,418.654,100,22425.3,2685,72,measure
2026-09-11T00:12:05.228+00:00,462.000,413.239,100,22425.3,2685,71,measure
2026-09-11T00:12:06.228+00:00,463.000,409.512,100,22425.3,2685,71,measure
2026-09-11T00:12:07.231+00:00,464.003,408.844,100,22425.3,2685,70,measure
2026-09-11T00:12:08.228+00:00,465.000,411.394,100,22425.3,2685,70,measure
2026-09-11T00:12:09.230+00:00,466.001,408.279,100,22425.3,2685,72,measure
2026-09-11T00:12:10.230+00:00,467.001,409.44,100,22425.3,2685,71,measure
2026-09-11T00:12:11.231+00:00,468.003,418.699,100,22425.3,2685,72,measure
2026-09-11T00:12:12.230+00:00,469.002,419.202,100,22425.3,2685,71,measure
2026-09-11T00:12:13.228+00:00,470.001,410.825,100,22425.3,2685,70,measure
2026-09-11T00:12:14.229+00:00,471.001,408.344,100,22425.3,2685,70,measure
2026-09-11T00:12:15.233+00:00,472.000,409.054,100,22425.3,2685,70,measure
2026-09-11T00:12:13.747+00:00,473.001,409.205,100,22425.3,2685,71,measure
2026-09-11T00:12:14.746+00:00,474.000,407.418,100,22425.3,2685,70,measure
2026-09-11T00:12:15.749+00:00,475.001,414.575,100,22425.3,2685,72,measure
2026-09-11T00:12:16.747+00:00,476.000,418.031,100,22425.3,2685,71,measure
2026-09-11T00:12:17.748+00:00,477.001,412.373,100,22425.3,2685,71,measure
2026-09-11T00:12:18.748+00:00,478.000,408.326,100,22425.3,2685,70,measure
2026-09-11T00:12:19.749+00:00,479.003,408.646,100,22425.3,2685,70,measure
2026-09-11T00:12:20.750+00:00,480.004,410.309,100,22425.3,2685,71,measure
2026-09-11T00:12:21.748+00:00,481.002,408.321,100,22425.3,2685,71,measure
2026-09-11T00:12:22.746+00:00,482.000,409.136,100,22425.3,2685,70,measure
2026-09-11T00:12:23.746+00:00,483.000,418.468,100,22425.3,2685,70,measure
2026-09-11T00:12:24.748+00:00,484.001,415.692,99,22425.3,2685,70,measure
2026-09-11T00:12:25.747+00:00,485.001,409.618,100,22425.3,2685,71,measure
2026-09-11T00:12:26.747+00:00,486.001,408.493,100,22425.3,2685,70,measure
2026-09-11T00:12:27.746+00:00,487.000,408.586,100,22425.3,2685,70,measure
2026-09-11T00:12:28.747+00:00,488.000,409.242,100,22425.3,2685,70,measure
2026-09-11T00:12:29.748+00:00,489.001,407.211,100,22425.3,2685,71,measure
2026-09-11T00:12:30.747+00:00,490.000,414.935,100,22425.3,2685,72,measure
2026-09-11T00:12:31.747+00:00,491.001,416.545,100,22425.3,2685,72,measure
2026-09-11T00:12:32.749+00:00,492.003,410.829,100,22425.3,2685,71,measure
2026-09-11T00:12:33.747+00:00,493.001,408.976,100,22425.3,2685,70,measure
2026-09-11T00:12:34.747+00:00,494.001,409.423,100,22425.3,2685,70,measure
2026-09-11T00:12:35.749+00:00,495.001,410.041,100,22425.3,2685,70,measure
2026-09-11T00:12:36.748+00:00,496.000,409.418,100,22425.3,2685,70,measure
2026-09-11T00:12:37.747+00:00,497.001,410.289,100,22425.3,2685,71,measure
2026-09-11T00:12:38.749+00:00,498.003,418.532,100,22425.3,2685,72,measure
2026-09-11T00:12:39.746+00:00,499.000,416.249,100,22425.3,2685,71,measure
2026-09-11T00:12:40.747+00:00,500.001,409.239,99,22425.3,2685,70,measure
2026-09-11T00:12:41.747+00:00,501.000,409.255,99,22425.3,2685,70,measure
2026-09-11T00:12:42.749+00:00,502.002,408.543,100,22425.3,2685,72,measure
2026-09-11T00:12:43.747+00:00,503.000,409.337,100,22425.3,2685,71,measure
2026-09-11T00:12:44.746+00:00,504.000,407.491,100,22425.3,2685,70,measure
2026-09-11T00:12:43.269+00:00,505.000,414.414,100,22425.3,2685,71,measure
2026-09-11T00:12:44.268+00:00,506.000,417.182,100,22425.3,2685,71,measure
2026-09-11T00:12:45.274+00:00,507.007,411.24,100,22425.3,2685,71,measure
2026-09-11T00:12:46.271+00:00,508.000,408.261,100,22425.3,2685,70,measure
2026-09-11T00:12:47.268+00:00,509.000,410.271,100,22425.3,2685,71,measure
2026-09-11T00:12:48.267+00:00,510.000,410.497,100,22425.3,2685,70,measure
2026-09-11T00:12:49.267+00:00,511.000,409.734,100,22425.3,2685,70,measure
2026-09-11T00:12:50.268+00:00,512.001,410.473,100,22425.3,2685,72,measure
2026-09-11T00:12:51.269+00:00,513.001,419.671,100,22425.3,2685,72,measure
2026-09-11T00:12:52.271+00:00,514.000,414.77,100,22425.3,2685,71,measure
2026-09-11T00:12:53.272+00:00,515.005,409.833,99,22425.3,2685,71,measure
2026-09-11T00:12:54.270+00:00,516.003,409.75,99,22425.3,2685,70,measure
2026-09-11T00:12:55.269+00:00,517.002,409.5,99,22425.3,2685,70,measure
2026-09-11T00:12:56.268+00:00,518.000,408.822,100,22425.3,2685,70,measure
2026-09-11T00:12:57.273+00:00,519.002,407.355,100,22425.3,2685,70,measure
2026-09-11T00:12:58.269+00:00,520.000,413.755,100,22425.3,2685,70,measure
2026-09-11T00:12:59.267+00:00,521.000,416.326,100,22425.3,2685,71,measure
2026-09-11T00:13:00.268+00:00,522.000,409.717,99,22425.3,2685,71,measure
2026-09-11T00:13:01.267+00:00,523.000,407.713,100,22425.3,2685,71,measure
2026-09-11T00:13:02.267+00:00,524.000,409.743,100,22425.3,2685,70,measure
2026-09-11T00:13:03.269+00:00,525.000,408.62,99,22425.3,2685,70,measure
2026-09-11T00:13:04.270+00:00,526.001,408.822,100,22425.3,2685,71,measure
2026-09-11T00:13:05.267+00:00,527.000,411.532,100,22425.3,2685,71,measure
2026-09-11T00:13:06.268+00:00,528.001,419.117,100,22425.3,2685,72,measure
2026-09-11T00:13:07.272+00:00,529.004,414.389,99,22425.3,2685,70,measure
2026-09-11T00:13:08.268+00:00,530.001,410.878,99,22425.3,2685,71,measure
2026-09-11T00:13:09.269+00:00,531.000,407.559,100,22425.3,2685,70,measure
2026-09-11T00:13:10.270+00:00,532.000,409.429,100,22425.3,2685,70,measure
2026-09-11T00:13:11.269+00:00,533.002,409.499,100,22425.3,2685,70,measure
2026-09-11T00:13:12.310+00:00,534.043,407.58,100,22425.3,2685,71,measure
2026-09-11T00:13:13.270+00:00,535.001,414.202,100,22425.3,2685,72,measure
2026-09-11T00:13:14.268+00:00,536.001,416.623,100,22425.3,2685,72,measure
2026-09-11T00:13:15.269+00:00,537.000,410.109,100,22425.3,2685,71,measure
2026-09-11T00:13:13.768+00:00,538.000,410.595,100,22425.3,2685,70,measure
2026-09-11T00:13:14.767+00:00,539.002,411.958,100,22425.3,2685,71,measure
2026-09-11T00:13:15.766+00:00,540.001,409.534,100,22425.3,2685,70,measure
2026-09-11T00:13:16.766+00:00,541.000,409.858,100,22425.3,2685,72,measure
2026-09-11T00:13:17.766+00:00,542.000,412.483,100,22425.3,2685,72,measure
2026-09-11T00:13:18.767+00:00,543.000,418.455,100,22425.3,2685,72,measure
2026-09-11T00:13:19.766+00:00,544.000,414.418,100,22425.3,2685,71,measure
2026-09-11T00:13:20.766+00:00,545.000,411.504,100,22425.3,2685,72,measure
2026-09-11T00:13:21.766+00:00,546.000,408.644,100,22425.3,2685,70,measure
2026-09-11T00:13:22.766+00:00,547.000,411.576,100,22425.3,2685,70,measure
2026-09-11T00:13:23.766+00:00,548.001,409.969,100,22425.3,2685,70,measure
2026-09-11T00:13:24.768+00:00,549.001,408.728,99,22425.3,2685,70,measure
2026-09-11T00:13:25.766+00:00,550.000,415.25,100,22425.3,2685,71,measure
2026-09-11T00:13:26.766+00:00,551.000,418.664,100,22425.3,2685,71,measure
2026-09-11T00:13:27.766+00:00,552.000,410.806,100,22425.3,2685,71,measure
2026-09-11T00:13:28.791+00:00,553.025,409.962,99,22425.3,2685,70,measure
2026-09-11T00:13:29.766+00:00,554.001,411.904,100,22425.3,2685,70,measure
2026-09-11T00:13:30.772+00:00,555.000,409.813,100,22425.3,2685,70,measure
2026-09-11T00:13:31.768+00:00,556.002,409.61,100,22425.3,2685,71,measure
2026-09-11T00:13:32.766+00:00,557.001,413.567,100,22425.3,2685,71,measure
2026-09-11T00:13:33.766+00:00,558.000,419.085,100,22425.3,2685,72,measure
2026-09-11T00:13:34.766+00:00,559.000,414.689,100,22425.3,2685,71,measure
2026-09-11T00:13:35.766+00:00,560.000,411.133,100,22425.3,2685,71,measure
2026-09-11T00:13:36.771+00:00,561.002,409.153,99,22425.3,2685,70,measure
2026-09-11T00:13:37.767+00:00,562.001,411.133,100,22425.3,2685,70,measure
2026-09-11T00:13:38.766+00:00,563.000,409.875,99,22425.3,2685,70,measure
2026-09-11T00:13:39.766+00:00,564.000,409.37,100,22425.3,2685,71,measure
2026-09-11T00:13:40.767+00:00,565.000,417.04,100,22425.3,2685,72,measure
2026-09-11T00:13:41.766+00:00,566.000,418.558,100,22425.3,2685,72,measure
2026-09-11T00:13:42.768+00:00,567.001,410.942,100,22425.3,2685,71,measure
2026-09-11T00:13:43.767+00:00,568.000,410.007,100,22425.3,2685,70,measure
2026-09-11T00:13:44.766+00:00,569.001,411.777,100,22425.3,2685,71,measure
2026-09-11T00:13:43.286+00:00,570.001,410.339,100,22425.3,2685,70,measure
2026-09-11T00:13:44.285+00:00,571.000,409.73,100,22425.3,2685,71,measure
2026-09-11T00:13:45.286+00:00,572.000,414.938,100,22425.3,2685,72,measure
2026-09-11T00:13:46.289+00:00,573.003,420.116,100,22425.3,2685,72,measure
2026-09-11T00:13:47.286+00:00,574.000,414.555,100,22425.3,2685,71,measure
2026-09-11T00:13:48.288+00:00,575.003,411.968,100,22425.3,2685,71,measure
2026-09-11T00:13:49.286+00:00,576.001,409.645,100,22425.3,2685,70,measure
2026-09-11T00:13:50.286+00:00,577.001,412.636,100,22425.3,2685,70,measure
2026-09-11T00:13:51.291+00:00,578.004,412.256,99,22425.3,2685,71,measure
2026-09-11T00:13:52.288+00:00,579.001,410.437,100,22425.3,2685,70,measure
2026-09-11T00:13:53.286+00:00,580.000,417.725,100,22425.3,2685,72,measure
2026-09-11T00:13:54.288+00:00,581.003,420.513,100,22425.3,2685,71,measure
2026-09-11T00:13:55.289+00:00,582.001,411.759,100,22425.3,2685,71,measure
2026-09-11T00:13:56.287+00:00,583.002,410.951,100,22425.3,2685,70,measure
2026-09-11T00:13:57.287+00:00,584.001,411.946,99,22425.3,2685,70,measure
2026-09-11T00:13:58.287+00:00,585.000,410.099,100,22425.3,2685,70,measure
2026-09-11T00:13:59.285+00:00,586.000,409.254,100,22425.3,2685,70,measure
2026-09-11T00:14:00.286+00:00,587.000,414.612,100,22425.3,2685,71,measure
2026-09-11T00:14:01.286+00:00,588.001,420.23,100,22425.3,2685,72,measure
2026-09-11T00:14:02.286+00:00,589.000,415.33,100,22425.3,2685,71,measure
2026-09-11T00:14:03.288+00:00,590.001,411.532,100,22425.3,2685,70,measure
2026-09-11T00:14:04.289+00:00,591.003,410.872,100,22425.3,2685,70,measure
2026-09-11T00:14:05.286+00:00,592.000,412.721,100,22425.3,2685,70,measure
2026-09-11T00:14:06.286+00:00,593.001,412.498,99,22425.3,2685,71,measure
2026-09-11T00:14:07.285+00:00,594.000,411.723,100,22425.3,2685,71,measure
2026-09-11T00:14:08.287+00:00,595.002,419.398,100,22425.3,2685,71,measure
2026-09-11T00:14:09.286+00:00,596.000,420.965,100,22425.3,2685,71,measure
2026-09-11T00:14:10.287+00:00,597.001,411.675,100,22425.3,2685,71,measure
2026-09-11T00:14:11.286+00:00,598.000,410.239,100,22425.3,2685,70,measure
2026-09-11T00:14:12.285+00:00,599.000,411.106,100,22425.3,2685,70,measure
2026-09-11T00:14:13.286+00:00,600.001,410.097,100,22425.3,2685,71,measure
2026-09-11T00:14:14.286+00:00,601.000,409.692,99,22425.3,2685,71,measure
2026-09-11T00:14:12.821+00:00,602.001,416.802,100,22425.3,2685,72,measure
2026-09-11T00:14:13.824+00:00,603.001,420.803,99,22425.3,2685,72,measure
2026-09-11T00:14:14.820+00:00,604.000,414.642,99,22425.3,2685,71,measure
2026-09-11T00:14:15.819+00:00,605.000,411.42,99,22425.3,2685,70,measure
2026-09-11T00:14:16.820+00:00,606.001,409.584,100,22425.3,2685,70,measure
2026-09-11T00:14:17.819+00:00,607.000,412.667,100,22425.3,2685,70,measure
2026-09-11T00:14:18.820+00:00,608.000,410.556,100,22425.3,2685,70,measure
2026-09-11T00:14:19.821+00:00,609.000,411.382,100,22425.3,2685,71,measure
2026-09-11T00:14:20.819+00:00,610.000,419.249,100,22425.3,2685,72,measure
2026-09-11T00:14:21.819+00:00,611.000,418.013,100,22425.3,2685,71,measure
2026-09-11T00:14:22.822+00:00,612.000,412.256,100,22425.3,2685,71,measure
2026-09-11T00:14:23.820+00:00,613.001,410.679,100,22425.3,2685,70,measure
2026-09-11T00:14:24.823+00:00,614.002,410.835,99,22425.3,2685,71,measure
2026-09-11T00:14:25.823+00:00,615.000,411.215,100,22425.3,2685,71,measure
2026-09-11T00:14:26.819+00:00,616.000,408.902,99,22425.3,2685,70,measure
2026-09-11T00:14:27.819+00:00,617.000,416.727,100,22425.3,2685,72,measure
2026-09-11T00:14:28.819+00:00,618.000,420.256,100,22425.3,2685,72,measure
2026-09-11T00:14:29.820+00:00,619.000,414.88,99,22425.3,2685,71,measure
2026-09-11T00:14:30.821+00:00,620.000,410.236,100,22425.3,2685,71,measure
2026-09-11T00:14:31.822+00:00,621.001,410.369,100,22425.3,2685,70,measure
2026-09-11T00:14:32.819+00:00,622.000,412.371,99,22425.3,2685,70,measure
2026-09-11T00:14:33.819+00:00,623.000,409.888,100,22425.3,2685,71,measure
2026-09-11T00:14:34.820+00:00,624.001,410.812,100,22425.3,2685,71,measure
2026-09-11T00:14:35.820+00:00,625.001,419.78,100,22425.3,2685,71,measure
2026-09-11T00:14:36.821+00:00,626.001,418.011,100,22425.3,2685,71,measure
2026-09-11T00:14:37.822+00:00,627.000,411.825,100,22425.3,2685,71,measure
2026-09-11T00:14:38.819+00:00,628.000,409.756,99,22425.3,2685,71,measure
2026-09-11T00:14:39.820+00:00,629.001,409.678,100,22425.3,2685,70,measure
2026-09-11T00:14:40.819+00:00,630.000,410.629,100,22425.3,2685,71,measure
2026-09-11T00:14:41.820+00:00,631.000,408.705,100,22425.3,2685,71,measure
2026-09-11T00:14:42.821+00:00,632.000,416.162,100,22425.3,2685,71,measure
2026-09-11T00:14:43.822+00:00,633.002,419.614,100,22425.3,2685,71,measure
2026-09-11T00:14:42.325+00:00,634.000,412.964,100,22425.3,2685,71,measure
2026-09-11T00:14:43.327+00:00,635.001,410.071,100,22425.3,2685,71,measure
2026-09-11T00:14:44.338+00:00,636.011,410.363,100,22425.3,2685,70,measure
2026-09-11T00:14:45.330+00:00,637.004,410.975,99,22425.3,2685,71,measure
2026-09-11T00:14:46.328+00:00,638.002,410.359,100,22425.3,2685,70,measure
2026-09-11T00:14:47.328+00:00,639.003,410.828,100,22425.3,2685,71,measure
2026-09-11T00:14:48.385+00:00,640.058,420.24,100,22425.3,2685,72,measure
2026-09-11T00:14:49.327+00:00,641.002,416.372,100,22425.3,2685,71,measure
2026-09-11T00:14:50.328+00:00,642.003,410.463,100,22425.3,2685,70,measure
2026-09-11T00:14:51.333+00:00,643.006,409.598,100,22425.3,2685,70,measure
2026-09-11T00:14:52.327+00:00,644.001,409.773,100,22425.3,2685,71,measure
2026-09-11T00:14:53.328+00:00,645.000,410.419,100,22425.3,2685,70,measure
2026-09-11T00:14:54.325+00:00,646.000,407.525,100,22425.3,2685,71,measure
2026-09-11T00:14:55.325+00:00,647.000,415.458,100,22425.3,2685,72,measure
2026-09-11T00:14:56.328+00:00,648.003,418.866,100,22425.3,2685,72,measure
2026-09-11T00:14:57.328+00:00,649.002,411.591,100,22425.3,2685,71,measure
2026-09-11T00:14:58.330+00:00,650.001,408.679,100,22425.3,2685,70,measure
2026-09-11T00:14:59.327+00:00,651.002,410.249,99,22425.3,2685,70,measure
2026-09-11T00:15:00.326+00:00,652.001,411.423,99,22425.3,2685,70,measure
2026-09-11T00:15:01.326+00:00,653.000,410.824,100,22425.3,2685,71,measure
2026-09-11T00:15:02.326+00:00,654.000,412.341,100,22425.3,2685,72,measure
2026-09-11T00:15:03.325+00:00,655.000,420.507,100,22425.3,2685,72,measure
2026-09-11T00:15:04.327+00:00,656.001,416.891,100,22425.3,2685,71,measure
2026-09-11T00:15:05.327+00:00,657.000,410.977,100,22425.3,2685,71,measure
2026-09-11T00:15:06.326+00:00,658.001,409.77,100,22425.3,2685,70,measure
2026-09-11T00:15:07.329+00:00,659.002,410.593,100,22425.3,2685,70,measure
2026-09-11T00:15:08.334+00:00,660.007,411.338,100,22425.3,2685,71,measure
2026-09-11T00:15:09.330+00:00,661.003,408.498,100,22425.3,2685,71,measure
2026-09-11T00:15:10.330+00:00,662.003,414.957,99,22425.3,2685,71,measure
2026-09-11T00:15:11.334+00:00,663.008,417.34,100,22425.3,2685,71,measure
2026-09-11T00:15:12.328+00:00,664.003,411.662,100,22425.3,2685,71,measure
2026-09-11T00:15:13.326+00:00,665.001,409.167,99,22425.3,2685,70,measure
2026-09-11T00:15:14.330+00:00,666.005,412.258,99,22425.3,2685,70,measure
2026-09-11T00:15:12.856+00:00,667.031,410.697,99,22425.3,2685,71,measure
2026-09-11T00:15:13.828+00:00,668.003,410.092,100,22425.3,2685,71,measure
2026-09-11T00:15:14.831+00:00,669.007,411.986,100,22425.3,2685,71,measure
2026-09-11T00:15:15.829+00:00,670.004,419.462,100,22425.3,2685,70,measure
2026-09-11T00:15:16.827+00:00,671.003,415.005,100,22425.3,2685,71,measure
2026-09-11T00:15:17.833+00:00,672.007,411.115,100,22425.3,2685,71,measure
2026-09-11T00:15:18.829+00:00,673.002,409.551,99,22425.3,2685,70,measure
2026-09-11T00:15:19.839+00:00,674.015,409.929,100,22425.3,2685,70,measure
2026-09-11T00:15:20.826+00:00,675.000,410.663,100,22425.3,2685,70,measure
2026-09-11T00:15:21.833+00:00,676.007,408.204,100,22425.3,2685,70,measure
2026-09-11T00:15:22.826+00:00,677.002,415.171,99,22425.3,2685,72,measure
2026-09-11T00:15:23.825+00:00,678.001,417.814,100,22425.3,2685,72,measure
2026-09-11T00:15:24.827+00:00,679.002,411.407,99,22425.3,2685,71,measure
2026-09-11T00:15:25.827+00:00,680.001,410.759,100,22425.3,2685,70,measure
2026-09-11T00:15:26.827+00:00,681.003,412.608,100,22425.3,2685,71,measure
2026-09-11T00:15:27.826+00:00,682.002,410.62,100,22425.3,2685,70,measure
2026-09-11T00:15:28.826+00:00,683.001,410.179,100,22425.3,2685,70,measure
2026-09-11T00:15:29.825+00:00,684.000,413.384,100,22425.3,2685,71,measure
2026-09-11T00:15:30.825+00:00,685.001,419.009,100,22425.3,2685,72,measure
2026-09-11T00:15:31.831+00:00,686.006,414.359,99,22425.3,2685,71,measure
2026-09-11T00:15:32.828+00:00,687.003,411.118,100,22425.3,2685,71,measure
2026-09-11T00:15:33.825+00:00,688.001,408.856,100,22425.3,2685,70,measure
2026-09-11T00:15:34.829+00:00,689.005,411.107,99,22425.3,2685,70,measure
2026-09-11T00:15:35.826+00:00,690.001,410.166,100,22425.3,2685,70,measure
2026-09-11T00:15:36.828+00:00,691.003,408.4,100,22425.3,2685,70,measure
2026-09-11T00:15:37.827+00:00,692.001,417.261,100,22425.3,2685,72,measure
2026-09-11T00:15:38.826+00:00,693.001,418.193,100,22425.3,2685,72,measure
2026-09-11T00:15:39.827+00:00,694.002,411.446,100,22425.3,2685,71,measure
2026-09-11T00:15:40.824+00:00,695.000,410.334,100,22425.3,2685,70,measure
2026-09-11T00:15:41.830+00:00,696.004,411.86,100,22425.3,2685,70,measure
2026-09-11T00:15:42.833+00:00,697.005,409.45,100,22425.3,2685,70,measure
2026-09-11T00:15:43.829+00:00,698.001,409.409,100,22425.3,2685,71,measure
2026-09-11T00:15:42.349+00:00,699.004,413.887,100,22425.3,2685,71,measure
2026-09-11T00:15:43.350+00:00,700.005,419.751,100,22425.3,2685,72,measure
2026-09-11T00:15:44.349+00:00,701.004,414.35,100,22425.3,2685,71,measure
2026-09-11T00:15:45.346+00:00,702.001,412.198,100,22425.3,2685,70,measure
2026-09-11T00:15:46.346+00:00,703.000,408.138,100,22425.3,2685,70,measure
2026-09-11T00:15:47.348+00:00,704.002,410.394,100,22425.3,2685,70,measure
2026-09-11T00:15:48.348+00:00,705.003,411.691,100,22425.3,2685,71,measure
2026-09-11T00:15:49.346+00:00,706.001,409.048,100,22425.3,2685,71,measure
2026-09-11T00:15:50.345+00:00,707.000,416.932,100,22425.3,2685,71,measure
2026-09-11T00:15:51.346+00:00,708.001,418.65,100,22425.3,2685,71,measure
2026-09-11T00:15:52.348+00:00,709.001,411.321,100,22425.3,2685,71,measure
2026-09-11T00:15:53.347+00:00,710.000,411.838,100,22425.3,2685,70,measure
2026-09-11T00:15:54.346+00:00,711.000,412.804,99,22425.3,2685,70,measure
2026-09-11T00:15:55.346+00:00,712.001,410.37,99,22425.3,2685,72,measure
2026-09-11T00:15:56.346+00:00,713.000,410.41,99,22425.3,2685,71,measure
2026-09-11T00:15:57.346+00:00,714.001,414.416,100,22425.3,2685,72,measure
2026-09-11T00:15:58.348+00:00,715.001,420.79,100,22425.3,2685,72,measure
2026-09-11T00:15:59.347+00:00,716.000,414.368,100,22425.3,2685,71,measure
2026-09-11T00:16:00.346+00:00,717.001,411.932,100,22425.3,2685,71,measure
2026-09-11T00:16:01.346+00:00,718.001,409.238,99,22425.3,2685,70,measure
2026-09-11T00:16:02.348+00:00,719.001,411.934,100,22425.3,2685,70,measure
2026-09-11T00:16:03.346+00:00,720.001,411.74,100,22425.3,2685,70,measure
2026-09-11T00:16:04.349+00:00,721.002,408.341,100,22425.3,2685,71,measure
2026-09-11T00:16:05.349+00:00,722.003,417.803,100,22425.3,2685,72,measure
2026-09-11T00:16:06.346+00:00,723.001,418.994,100,22425.3,2685,72,measure
2026-09-11T00:16:07.346+00:00,724.001,410.85,100,22425.3,2685,71,measure
2026-09-11T00:16:08.346+00:00,725.001,411.408,100,22425.3,2685,70,measure
2026-09-11T00:16:09.347+00:00,726.001,411.896,100,22425.3,2685,70,measure
2026-09-11T00:16:10.347+00:00,727.000,409.628,100,22425.3,2685,71,measure
2026-09-11T00:16:11.347+00:00,728.000,407.913,100,22425.3,2685,70,measure
2026-09-11T00:16:12.351+00:00,729.005,414.412,100,22425.3,2685,72,measure
2026-09-11T00:16:13.349+00:00,730.003,420.243,100,22425.3,2685,72,measure
2026-09-11T00:16:14.346+00:00,731.001,413.957,99,22425.3,2685,71,measure
2026-09-11T00:16:12.863+00:00,732.001,410.635,100,22425.3,2685,70,measure
2026-09-11T00:16:13.865+00:00,733.001,408.849,99,22425.3,2685,70,measure
2026-09-11T00:16:14.865+00:00,734.003,411.485,99,22425.3,2685,70,measure
2026-09-11T00:16:15.862+00:00,735.000,410.508,100,22425.3,2685,71,measure
2026-09-11T00:16:16.862+00:00,736.000,411.321,100,22425.3,2685,71,measure
2026-09-11T00:16:17.864+00:00,737.003,418.405,100,22425.3,2685,71,measure
2026-09-11T00:16:18.862+00:00,738.000,419.825,100,22425.3,2685,71,measure
2026-09-11T00:16:19.864+00:00,739.001,411.664,100,22425.3,2685,70,measure
2026-09-11T00:16:20.864+00:00,740.000,409.874,100,22425.3,2685,70,measure
2026-09-11T00:16:21.862+00:00,741.000,411.176,100,22425.3,2685,70,measure
2026-09-11T00:16:22.862+00:00,742.001,409.602,100,22425.3,2685,70,measure
2026-09-11T00:16:23.863+00:00,743.001,408.023,100,22425.3,2685,70,measure
2026-09-11T00:16:24.865+00:00,744.002,415.006,100,22425.3,2685,72,measure
2026-09-11T00:16:25.864+00:00,745.000,419.525,100,22425.3,2685,72,measure
2026-09-11T00:16:26.866+00:00,746.004,413.533,100,22425.3,2685,71,measure
2026-09-11T00:16:27.863+00:00,747.000,410.719,100,22425.3,2685,70,measure
2026-09-11T00:16:28.862+00:00,748.001,408.588,100,22425.3,2685,70,measure
2026-09-11T00:16:29.863+00:00,749.001,411.325,99,22425.3,2685,70,measure
2026-09-11T00:16:30.862+00:00,750.000,410.072,100,22425.3,2685,70,measure
2026-09-11T00:16:31.863+00:00,751.000,410.854,99,22425.3,2685,70,measure
2026-09-11T00:16:32.864+00:00,752.001,419.7,100,22425.3,2685,71,measure
2026-09-11T00:16:33.863+00:00,753.001,418.577,99,22425.3,2685,71,measure
2026-09-11T00:16:34.862+00:00,754.000,409.738,99,22425.3,2685,71,measure
2026-09-11T00:16:35.867+00:00,755.006,408.726,99,22425.3,2685,70,measure
2026-09-11T00:16:36.864+00:00,756.002,408.642,99,22425.3,2685,70,measure
2026-09-11T00:16:37.864+00:00,757.001,409.537,100,22425.3,2685,70,measure
2026-09-11T00:16:38.864+00:00,758.000,407.727,99,22425.3,2685,71,measure
2026-09-11T00:16:39.862+00:00,759.000,414.082,100,22425.3,2685,72,measure
2026-09-11T00:16:40.862+00:00,760.000,419.282,100,22425.3,2685,72,measure
2026-09-11T00:16:41.862+00:00,761.001,413.413,100,22425.3,2685,71,measure
2026-09-11T00:16:42.862+00:00,762.001,410.428,100,22425.3,2685,70,measure
2026-09-11T00:16:43.864+00:00,763.001,409.415,100,22425.3,2685,70,measure
2026-09-11T00:16:42.380+00:00,764.001,411.993,100,22425.3,2685,70,measure
2026-09-11T00:16:43.381+00:00,765.003,408.732,100,22425.3,2685,71,measure
2026-09-11T00:16:44.383+00:00,766.004,409.827,99,22425.3,2685,71,measure
2026-09-11T00:16:45.381+00:00,767.003,419.521,100,22425.3,2685,72,measure
2026-09-11T00:16:46.380+00:00,768.001,419.226,99,22425.3,2685,71,measure
2026-09-11T00:16:47.384+00:00,769.000,411.063,100,22425.3,2685,71,measure
2026-09-11T00:16:48.380+00:00,770.000,409.039,100,22425.3,2685,70,measure
2026-09-11T00:16:49.379+00:00,771.001,409.154,99,22425.3,2685,70,measure
2026-09-11T00:16:50.379+00:00,772.000,409.271,100,22425.3,2685,71,measure
2026-09-11T00:16:51.378+00:00,773.000,408.727,100,22425.3,2685,71,measure
2026-09-11T00:16:52.378+00:00,774.000,415.423,100,22425.3,2685,72,measure
2026-09-11T00:16:53.381+00:00,775.000,419.215,100,22425.3,2685,72,measure
2026-09-11T00:16:54.380+00:00,776.001,413.394,100,22425.3,2685,71,measure
2026-09-11T00:16:55.379+00:00,777.001,410.45,100,22425.3,2685,70,measure
2026-09-11T00:16:56.379+00:00,778.000,409.858,100,22425.3,2685,70,measure
2026-09-11T00:16:57.379+00:00,779.001,411.299,99,22425.3,2685,71,measure
2026-09-11T00:16:58.379+00:00,780.000,408.637,100,22425.3,2685,71,measure
2026-09-11T00:16:59.382+00:00,781.001,409.487,100,22425.3,2685,70,measure
2026-09-11T00:17:00.380+00:00,782.000,419.383,100,22425.3,2685,71,measure
2026-09-11T00:17:01.378+00:00,783.000,416.613,99,22425.3,2685,71,measure
2026-09-11T00:17:02.378+00:00,784.000,410.41,100,22425.3,2685,71,measure
2026-09-11T00:17:03.378+00:00,785.000,409.061,100,22425.3,2685,71,measure
2026-09-11T00:17:04.380+00:00,786.001,409.112,99,22425.3,2685,70,measure
2026-09-11T00:17:05.380+00:00,787.000,409.214,99,22425.3,2685,70,measure
2026-09-11T00:17:06.379+00:00,788.000,407.202,99,22425.3,2685,72,measure
2026-09-11T00:17:07.379+00:00,789.001,414.65,100,22425.3,2685,72,measure
2026-09-11T00:17:08.379+00:00,790.001,418.802,100,22425.3,2685,72,measure
2026-09-11T00:17:09.379+00:00,791.000,409.699,100,22425.3,2685,71,measure
2026-09-11T00:17:10.378+00:00,792.000,408.531,99,22425.3,2685,70,measure
2026-09-11T00:17:11.381+00:00,793.001,409.505,100,22425.3,2685,70,measure
2026-09-11T00:17:12.379+00:00,794.001,410.526,100,22425.3,2685,70,measure
2026-09-11T00:17:13.379+00:00,795.001,409.139,100,22425.3,2685,70,measure
2026-09-11T00:17:11.887+00:00,796.000,410.21,100,22425.3,2685,71,measure
2026-09-11T00:17:12.884+00:00,797.001,418.271,100,22425.3,2685,72,measure
2026-09-11T00:17:13.884+00:00,798.000,416.617,99,22425.3,2685,71,measure
2026-09-11T00:17:14.888+00:00,799.005,408.503,99,22425.3,2685,70,measure
2026-09-11T00:17:15.884+00:00,800.000,408.957,99,22425.3,2685,70,measure
2026-09-11T00:17:16.884+00:00,801.000,408.537,99,22425.3,2685,71,measure
2026-09-11T00:17:17.884+00:00,802.000,409.072,99,22425.3,2685,71,measure
2026-09-11T00:17:18.884+00:00,803.000,407.138,99,22425.3,2685,70,measure
2026-09-11T00:17:19.885+00:00,804.000,415.095,100,22425.3,2685,72,measure
2026-09-11T00:17:20.885+00:00,805.000,418.41,100,22425.3,2685,71,measure
2026-09-11T00:17:21.884+00:00,806.000,411.19,99,22425.3,2685,71,measure
2026-09-11T00:17:22.884+00:00,807.000,409.08,99,22425.3,2685,71,measure
2026-09-11T00:17:23.884+00:00,808.000,409.622,99,22425.3,2685,70,measure
2026-09-11T00:17:24.885+00:00,809.001,410.285,99,22425.3,2685,70,measure
2026-09-11T00:17:25.885+00:00,810.001,409.927,100,22425.3,2685,71,measure
2026-09-11T00:17:26.885+00:00,811.000,410.73,100,22425.3,2685,72,measure
2026-09-11T00:17:27.884+00:00,812.000,419.625,100,22425.3,2685,72,measure
2026-09-11T00:17:28.884+00:00,813.000,415.39,99,22425.3,2685,71,measure
2026-09-11T00:17:29.884+00:00,814.000,409.877,100,22425.3,2685,71,measure
2026-09-11T00:17:30.884+00:00,815.000,409.557,99,22425.3,2685,71,measure
2026-09-11T00:17:31.885+00:00,816.000,409.944,100,22425.3,2685,70,measure
2026-09-11T00:17:32.887+00:00,817.001,409.815,100,22425.3,2685,71,measure
2026-09-11T00:17:33.884+00:00,818.000,407.599,100,22425.3,2685,71,measure
2026-09-11T00:17:34.884+00:00,819.001,415.694,100,22425.3,2685,71,measure
2026-09-11T00:17:35.886+00:00,820.001,418.514,100,22425.3,2685,72,measure
2026-09-11T00:17:36.884+00:00,821.001,410.833,100,22425.3,2685,71,measure
2026-09-11T00:17:37.885+00:00,822.000,408.05,99,22425.3,2685,71,measure
2026-09-11T00:17:38.886+00:00,823.000,409.899,100,22425.3,2685,70,measure
2026-09-11T00:17:39.884+00:00,824.000,411.206,100,22425.3,2685,71,measure
2026-09-11T00:17:40.884+00:00,825.000,409.824,100,22425.3,2685,71,measure
2026-09-11T00:17:41.886+00:00,826.000,411.807,100,22425.3,2685,71,measure
2026-09-11T00:17:42.885+00:00,827.001,419.447,100,22425.3,2685,72,measure
2026-09-11T00:17:43.885+00:00,828.001,415.818,100,22425.3,2685,71,measure
2026-09-11T00:17:42.386+00:00,829.001,411.253,100,22425.3,2685,70,measure
2026-09-11T00:17:43.384+00:00,830.001,408.979,100,22425.3,2685,70,measure
2026-09-11T00:17:44.385+00:00,831.001,409.643,100,22425.3,2685,70,measure
2026-09-11T00:17:45.386+00:00,832.002,405.658,100,22425.3,2685,70,measure
2026-09-11T00:17:46.386+00:00,833.002,408.157,100,22425.3,2685,71,measure
2026-09-11T00:17:47.391+00:00,834.005,415.481,100,22425.3,2685,72,measure
2026-09-11T00:17:48.386+00:00,835.000,417.802,100,22425.3,2685,72,measure
2026-09-11T00:17:49.385+00:00,836.001,411.395,100,22425.3,2685,71,measure
2026-09-11T00:17:50.384+00:00,837.000,409.511,100,22425.3,2685,70,measure
2026-09-11T00:17:51.384+00:00,838.000,412.901,100,22425.3,2685,71,measure
2026-09-11T00:17:52.384+00:00,839.000,410.993,100,22425.3,2685,70,measure
2026-09-11T00:17:53.386+00:00,840.000,411.23,100,22425.3,2685,71,measure
2026-09-11T00:17:54.387+00:00,841.000,412.921,99,22425.3,2685,72,measure
2026-09-11T00:17:55.385+00:00,842.001,420.898,100,22425.3,2685,72,measure
2026-09-11T00:17:56.388+00:00,843.002,415.632,99,22425.3,2685,71,measure
2026-09-11T00:17:57.385+00:00,844.001,412.766,99,22425.3,2685,71,measure
2026-09-11T00:17:58.384+00:00,845.000,410.347,100,22425.3,2685,71,measure
2026-09-11T00:17:59.386+00:00,846.000,411.644,100,22425.3,2685,70,measure
2026-09-11T00:18:00.386+00:00,847.002,411.038,100,22425.3,2685,71,measure
2026-09-11T00:18:01.384+00:00,848.001,408.945,100,22425.3,2685,71,measure
2026-09-11T00:18:02.388+00:00,849.004,415.914,100,22425.3,2685,71,measure
2026-09-11T00:18:03.384+00:00,850.000,418.162,100,22425.3,2685,71,measure
2026-09-11T00:18:04.384+00:00,851.001,411.992,99,22425.3,2685,71,measure
2026-09-11T00:18:05.386+00:00,852.001,410.538,100,22425.3,2685,70,measure
2026-09-11T00:18:06.387+00:00,853.000,412.355,100,22425.3,2685,71,measure
2026-09-11T00:18:07.384+00:00,854.000,411.065,100,22425.3,2685,71,measure
2026-09-11T00:18:08.384+00:00,855.000,410.471,100,22425.3,2685,71,measure
2026-09-11T00:18:09.386+00:00,856.000,414.172,100,22425.3,2685,71,measure
2026-09-11T00:18:10.384+00:00,857.001,419.904,100,22425.3,2685,72,measure
2026-09-11T00:18:11.385+00:00,858.000,415.602,100,22425.3,2685,71,measure
2026-09-11T00:18:12.387+00:00,859.000,412.586,100,22425.3,2685,71,measure
2026-09-11T00:18:13.384+00:00,860.000,409.082,99,22425.3,2685,70,measure
2026-09-11T00:18:11.883+00:00,861.000,411.357,100,22425.3,2685,70,measure
2026-09-11T00:18:12.886+00:00,862.003,410.719,100,22425.3,2685,70,measure
2026-09-11T00:18:13.883+00:00,863.000,408.044,100,22425.3,2685,70,measure
2026-09-11T00:18:14.884+00:00,864.000,417.066,100,22425.3,2685,72,measure
2026-09-11T00:18:15.885+00:00,865.000,418.214,100,22425.3,2685,72,measure
2026-09-11T00:18:16.883+00:00,866.000,411.411,100,22425.3,2685,71,measure
2026-09-11T00:18:17.883+00:00,867.000,410.916,100,22425.3,2685,70,measure
2026-09-11T00:18:18.883+00:00,868.001,412.532,99,22425.3,2685,71,measure
2026-09-11T00:18:19.883+00:00,869.000,410.943,100,22425.3,2685,70,measure
2026-09-11T00:18:20.884+00:00,870.000,410.521,100,22425.3,2685,71,measure
2026-09-11T00:18:21.883+00:00,871.000,413.8,99,22425.3,2685,72,measure
2026-09-11T00:18:22.883+00:00,872.000,420.861,100,22425.3,2685,72,measure
2026-09-11T00:18:23.883+00:00,873.000,414.8,100,22425.3,2685,71,measure
2026-09-11T00:18:24.884+00:00,874.001,412.275,99,22425.3,2685,71,measure
2026-09-11T00:18:25.883+00:00,875.000,409.161,100,22425.3,2685,70,measure
2026-09-11T00:18:26.888+00:00,876.002,411.512,100,22425.3,2685,71,measure
2026-09-11T00:18:27.884+00:00,877.000,412.197,100,22425.3,2685,71,measure
2026-09-11T00:18:28.883+00:00,878.001,409.471,100,22425.3,2685,71,measure
2026-09-11T00:18:29.883+00:00,879.000,417.26,100,22425.3,2685,72,measure
2026-09-11T00:18:30.883+00:00,880.000,418.658,100,22425.3,2685,72,measure
2026-09-11T00:18:31.883+00:00,881.000,412,100,22425.3,2685,71,measure
2026-09-11T00:18:32.885+00:00,882.001,412.175,100,22425.3,2685,70,measure
2026-09-11T00:18:33.883+00:00,883.000,412.542,100,22425.3,2685,70,measure
2026-09-11T00:18:34.884+00:00,884.001,411.352,100,22425.3,2685,71,measure
2026-09-11T00:18:35.883+00:00,885.000,409.015,100,22425.3,2685,71,measure
2026-09-11T00:18:36.883+00:00,886.000,414.875,100,22425.3,2685,71,measure
2026-09-11T00:18:37.883+00:00,887.000,421.153,100,22425.3,2685,72,measure
2026-09-11T00:18:38.885+00:00,888.001,415.385,100,22425.3,2685,71,measure
2026-09-11T00:18:39.883+00:00,889.000,411.609,99,22425.3,2685,70,measure
2026-09-11T00:18:40.883+00:00,890.000,410.711,99,22425.3,2685,71,measure
2026-09-11T00:18:41.883+00:00,891.001,411.954,99,22425.3,2685,70,measure
2026-09-11T00:18:42.884+00:00,892.001,412.387,100,22425.3,2685,71,measure
2026-09-11T00:18:43.884+00:00,893.001,411.986,100,22425.3,2685,71,measure
2026-09-11T00:18:42.386+00:00,894.001,418.951,100,22425.3,2685,71,measure
2026-09-11T00:18:43.385+00:00,895.001,420.015,100,22425.3,2685,71,measure
2026-09-11T00:18:44.385+00:00,896.000,411.77,100,22425.3,2685,71,measure
2026-09-11T00:18:45.385+00:00,897.000,411.428,100,22425.3,2685,70,measure
2026-09-11T00:18:46.385+00:00,898.001,411.046,100,22425.3,2685,70,measure
2026-09-11T00:18:47.387+00:00,899.001,410.247,100,22425.3,2685,71,measure
2026-09-11T00:18:48.386+00:00,900.000,408.728,100,22425.3,2685,71,measure
2026-09-11T00:18:49.385+00:00,901.000,414.82,100,22425.3,2685,72,measure
2026-09-11T00:18:50.386+00:00,902.002,420.242,100,22425.3,2685,72,measure
2026-09-11T00:18:51.388+00:00,903.002,414.705,100,22425.3,2685,71,measure
2026-09-11T00:18:52.385+00:00,904.000,411.134,100,22425.3,2685,71,measure
2026-09-11T00:18:53.386+00:00,905.001,410.187,100,22425.3,2685,70,measure
2026-09-11T00:18:54.386+00:00,906.000,412.712,100,22425.3,2685,70,measure
2026-09-11T00:18:55.385+00:00,907.000,410.537,100,22425.3,2685,70,measure
2026-09-11T00:18:56.385+00:00,908.000,412.278,100,22425.3,2685,71,measure
2026-09-11T00:18:57.385+00:00,909.001,419.279,100,22425.3,2685,72,measure
2026-09-11T00:18:58.386+00:00,910.001,420.621,100,22425.3,2685,71,measure
2026-09-11T00:18:59.385+00:00,911.000,411.949,100,22425.3,2685,72,measure
2026-09-11T00:19:00.387+00:00,912.000,409.92,100,22425.3,2685,71,measure
2026-09-11T00:19:01.385+00:00,913.001,411.724,99,22425.3,2685,70,measure
2026-09-11T00:19:02.385+00:00,914.000,410.113,100,22425.3,2685,70,measure
2026-09-11T00:19:03.385+00:00,915.001,408.315,99,22425.3,2685,70,measure
2026-09-11T00:19:04.386+00:00,916.001,415.78,100,22425.3,2685,72,measure
2026-09-11T00:19:05.386+00:00,917.001,420.057,99,22425.3,2685,72,measure
2026-09-11T00:19:06.386+00:00,918.000,414.925,100,22425.3,2685,71,measure
2026-09-11T00:19:07.386+00:00,919.001,411.125,99,22425.3,2685,71,measure
2026-09-11T00:19:08.385+00:00,920.000,410.035,100,22425.3,2685,70,measure
2026-09-11T00:19:09.385+00:00,921.000,412.861,100,22425.3,2685,70,measure
2026-09-11T00:19:10.385+00:00,922.001,410.944,100,22425.3,2685,71,measure
2026-09-11T00:19:11.391+00:00,923.003,411.222,100,22425.3,2685,71,measure
2026-09-11T00:19:12.388+00:00,924.002,420.407,99,22425.3,2685,71,measure
2026-09-11T00:19:13.385+00:00,925.001,419.416,99,22425.3,2685,71,measure
2026-09-11T00:19:11.885+00:00,926.001,412.347,100,22425.3,2685,71,measure
2026-09-11T00:19:12.888+00:00,927.004,410.539,100,22425.3,2685,70,measure
2026-09-11T00:19:13.885+00:00,928.000,410.4,99,22425.3,2685,71,measure
2026-09-11T00:19:14.885+00:00,929.000,411.058,100,22425.3,2685,71,measure
2026-09-11T00:19:15.886+00:00,930.001,409.258,100,22425.3,2685,71,measure
2026-09-11T00:19:16.886+00:00,931.002,415.985,100,22425.3,2685,71,measure
2026-09-11T00:19:17.885+00:00,932.001,420.074,99,22425.3,2685,72,measure
2026-09-11T00:19:18.887+00:00,933.000,413.885,100,22425.3,2685,72,measure
2026-09-11T00:19:19.885+00:00,934.000,411.462,100,22425.3,2685,70,measure
2026-09-11T00:19:20.885+00:00,935.000,410.455,100,22425.3,2685,70,measure
2026-09-11T00:19:21.889+00:00,936.000,411.667,100,22425.3,2685,71,measure
2026-09-11T00:19:22.887+00:00,937.003,410.458,100,22425.3,2685,70,measure
2026-09-11T00:19:23.884+00:00,938.000,411.041,100,22425.3,2685,70,measure
2026-09-11T00:19:24.885+00:00,939.001,420.654,100,22425.3,2685,72,measure
2026-09-11T00:19:25.886+00:00,940.001,419.194,99,22425.3,2685,71,measure
2026-09-11T00:19:26.886+00:00,941.000,411.98,99,22425.3,2685,71,measure
2026-09-11T00:19:27.887+00:00,942.000,409.681,100,22425.3,2685,70,measure
2026-09-11T00:19:28.884+00:00,943.000,409.979,100,22425.3,2685,71,measure
2026-09-11T00:19:29.885+00:00,944.001,411.116,99,22425.3,2685,70,measure
2026-09-11T00:19:30.967+00:00,945.083,407.964,100,22425.3,2685,71,measure
2026-09-11T00:19:31.916+00:00,946.029,416.064,100,22425.3,2685,72,measure
2026-09-11T00:19:32.934+00:00,947.048,417.732,100,22425.3,2685,72,measure
2026-09-11T00:19:33.941+00:00,948.055,411.089,100,22425.3,2685,71,measure
2026-09-11T00:19:34.940+00:00,949.055,410.053,100,22425.3,2685,70,measure
2026-09-11T00:19:35.929+00:00,950.045,410.788,100,22425.3,2685,70,measure
2026-09-11T00:19:36.937+00:00,951.052,411.501,99,22425.3,2685,70,measure
2026-09-11T00:19:37.894+00:00,952.010,410.222,100,22425.3,2685,71,measure
2026-09-11T00:19:38.889+00:00,953.003,411.226,100,22425.3,2685,72,measure
2026-09-11T00:19:39.887+00:00,954.000,420.311,100,22425.3,2685,72,measure
2026-09-11T00:19:40.885+00:00,955.000,417.423,99,22425.3,2685,71,measure
2026-09-11T00:19:41.884+00:00,956.000,411.431,99,22425.3,2685,71,measure
2026-09-11T00:19:42.885+00:00,957.000,408.999,99,22425.3,2685,70,measure
2026-09-11T00:19:43.885+00:00,958.000,410.082,100,22425.3,2685,71,measure
2026-09-11T00:19:42.383+00:00,959.001,411.422,100,22425.3,2685,71,measure
2026-09-11T00:19:43.384+00:00,960.000,408.095,100,22425.3,2685,71,measure
2026-09-11T00:19:44.381+00:00,961.000,416.422,100,22425.3,2685,71,measure
2026-09-11T00:19:45.384+00:00,962.003,418.144,100,22425.3,2685,72,measure
2026-09-11T00:19:46.383+00:00,963.002,411.658,100,22425.3,2685,72,measure
2026-09-11T00:19:47.382+00:00,964.001,410.366,100,22425.3,2685,71,measure
2026-09-11T00:19:48.384+00:00,965.002,410.919,100,22425.3,2685,71,measure
2026-09-11T00:19:49.382+00:00,966.000,411.556,100,22425.3,2685,71,measure
2026-09-11T00:19:50.382+00:00,967.001,410.562,100,22425.3,2685,71,measure
2026-09-11T00:19:51.384+00:00,968.003,411.947,100,22425.3,2685,72,measure
2026-09-11T00:19:52.381+00:00,969.000,420.174,100,22425.3,2685,71,measure
2026-09-11T00:19:53.382+00:00,970.000,417.412,100,22425.3,2685,71,measure
2026-09-11T00:19:54.383+00:00,971.000,411.525,100,22425.3,2685,71,measure
2026-09-11T00:19:55.383+00:00,972.000,410.224,100,22425.3,2685,70,measure
2026-09-11T00:19:56.382+00:00,973.001,409.378,99,22425.3,2685,70,measure
2026-09-11T00:19:57.382+00:00,974.001,410.774,100,22425.3,2685,70,measure
2026-09-11T00:19:58.385+00:00,975.003,408.908,100,22425.3,2685,72,measure
2026-09-11T00:19:59.382+00:00,976.001,416.165,100,22425.3,2685,72,measure
2026-09-11T00:20:00.383+00:00,977.000,418.032,100,22425.3,2685,72,measure
2026-09-11T00:20:01.383+00:00,978.000,411.317,99,22425.3,2685,72,measure
2026-09-11T00:20:02.383+00:00,979.002,410.221,100,22425.3,2685,71,measure
2026-09-11T00:20:03.382+00:00,980.001,411.903,100,22425.3,2685,70,measure
2026-09-11T00:20:04.385+00:00,981.003,411.464,99,22425.3,2685,71,measure
2026-09-11T00:20:05.381+00:00,982.000,410.211,100,22425.3,2685,70,measure
2026-09-11T00:20:06.387+00:00,983.000,413.915,100,22425.3,2685,71,measure
2026-09-11T00:20:07.382+00:00,984.000,420.117,100,22425.3,2685,72,measure
2026-09-11T00:20:08.382+00:00,985.001,415.329,100,22425.3,2685,71,measure
2026-09-11T00:20:09.424+00:00,986.043,412.275,100,22425.3,2685,71,measure
2026-09-11T00:20:10.381+00:00,987.000,410.506,100,22425.3,2685,70,measure
2026-09-11T00:20:11.381+00:00,988.000,411.962,100,22425.3,2685,70,measure
2026-09-11T00:20:12.383+00:00,989.001,410.725,100,22425.3,2685,70,measure
2026-09-11T00:20:13.383+00:00,990.001,408.388,100,22425.3,2685,71,measure
2026-09-11T00:20:11.879+00:00,991.000,415.645,100,22425.3,2685,72,measure
2026-09-11T00:20:12.879+00:00,992.001,418.48,100,22425.3,2685,72,measure
2026-09-11T00:20:13.880+00:00,993.000,411.242,100,22425.3,2685,71,measure
2026-09-11T00:20:14.880+00:00,994.001,409.667,100,22425.3,2685,70,measure
2026-09-11T00:20:15.880+00:00,995.000,411.514,99,22425.3,2685,70,measure
2026-09-11T00:20:16.881+00:00,996.000,410.71,100,22425.3,2685,70,measure
2026-09-11T00:20:17.879+00:00,997.001,410.255,100,22425.3,2685,71,measure
2026-09-11T00:20:18.881+00:00,998.003,413.118,100,22425.3,2685,71,measure
2026-09-11T00:20:19.879+00:00,999.000,419.359,100,22425.3,2685,72,measure
2026-09-11T00:20:20.880+00:00,1000.001,414.529,100,22425.3,2685,72,measure
2026-09-11T00:20:21.884+00:00,1001.001,411.936,100,22425.3,2685,71,measure
2026-09-11T00:20:22.881+00:00,1002.002,407.814,100,22425.3,2685,70,measure
2026-09-11T00:20:23.879+00:00,1003.000,410.603,100,22425.3,2685,70,measure
2026-09-11T00:20:24.879+00:00,1004.001,410.093,100,22425.3,2685,71,measure
2026-09-11T00:20:25.879+00:00,1005.000,408.9,99,22425.3,2685,71,measure
2026-09-11T00:20:26.879+00:00,1006.000,415.285,100,22425.3,2685,71,measure
2026-09-11T00:20:27.881+00:00,1007.000,417.886,100,22425.3,2685,71,measure
2026-09-11T00:20:28.880+00:00,1008.000,410.976,100,22425.3,2685,71,measure
2026-09-11T00:20:29.879+00:00,1009.000,410.982,100,22425.3,2685,70,measure
2026-09-11T00:20:30.883+00:00,1010.002,411.377,100,22425.3,2685,70,measure
2026-09-11T00:20:31.879+00:00,1011.000,410.256,99,22425.3,2685,71,measure
2026-09-11T00:20:32.880+00:00,1012.000,410.388,100,22425.3,2685,72,measure
2026-09-11T00:20:33.883+00:00,1013.002,414.765,100,22425.3,2685,72,measure
2026-09-11T00:20:34.880+00:00,1014.000,420.178,100,22425.3,2685,71,measure
2026-09-11T00:20:35.880+00:00,1015.000,415.13,100,22425.3,2685,71,measure
2026-09-11T00:20:36.881+00:00,1016.002,412.752,100,22425.3,2685,71,measure
2026-09-11T00:20:37.879+00:00,1017.000,408.677,100,22425.3,2685,70,measure
2026-09-11T00:20:38.882+00:00,1018.002,412.201,100,22425.3,2685,70,measure
2026-09-11T00:20:39.881+00:00,1019.001,411.936,100,22425.3,2685,70,measure
2026-09-11T00:20:40.883+00:00,1020.004,409.402,100,22425.3,2685,72,measure
2026-09-11T00:20:41.883+00:00,1021.004,416.581,100,22425.3,2685,72,measure
2026-09-11T00:20:42.879+00:00,1022.001,419.754,100,22425.3,2685,72,measure
2026-09-11T00:20:43.880+00:00,1023.001,411.993,100,22425.3,2685,71,measure
2026-09-11T00:20:42.376+00:00,1024.000,412.147,100,22425.3,2685,71,measure
2026-09-11T00:20:43.376+00:00,1025.000,412.266,100,22425.3,2685,70,measure
2026-09-11T00:20:44.375+00:00,1026.001,410.412,100,22425.3,2685,70,measure
2026-09-11T00:20:45.375+00:00,1027.000,409.567,100,22425.3,2685,70,measure
2026-09-11T00:20:46.375+00:00,1028.000,415.547,100,22425.3,2685,72,measure
2026-09-11T00:20:47.378+00:00,1029.003,421.144,100,22425.3,2685,72,measure
2026-09-11T00:20:48.381+00:00,1030.003,415.03,100,22425.3,2685,71,measure
2026-09-11T00:20:49.376+00:00,1031.000,411.602,99,22425.3,2685,71,measure
2026-09-11T00:20:50.375+00:00,1032.001,411.228,100,22425.3,2685,70,measure
2026-09-11T00:20:51.376+00:00,1033.001,412.544,100,22425.3,2685,70,measure
2026-09-11T00:20:52.377+00:00,1034.002,412.617,100,22425.3,2685,71,measure
2026-09-11T00:20:53.375+00:00,1035.000,411.739,100,22425.3,2685,71,measure
2026-09-11T00:20:54.377+00:00,1036.001,418.561,100,22425.3,2685,71,measure
2026-09-11T00:20:55.378+00:00,1037.002,419.591,100,22425.3,2685,71,measure
2026-09-11T00:20:56.376+00:00,1038.001,411.8,100,22425.3,2685,71,measure
2026-09-11T00:20:57.379+00:00,1039.005,410.073,100,22425.3,2685,70,measure
2026-09-11T00:20:58.377+00:00,1040.001,412.099,99,22425.3,2685,71,measure
2026-09-11T00:20:59.376+00:00,1041.001,409.866,100,22425.3,2685,70,measure
2026-09-11T00:21:00.376+00:00,1042.000,408.718,100,22425.3,2685,71,measure
2026-09-11T00:21:01.379+00:00,1043.001,415.837,100,22425.3,2685,72,measure
2026-09-11T00:21:02.375+00:00,1044.000,420.373,100,22425.3,2685,72,measure
2026-09-11T00:21:03.375+00:00,1045.000,414.308,100,22425.3,2685,72,measure
2026-09-11T00:21:04.375+00:00,1046.000,410.93,100,22425.3,2685,70,measure
2026-09-11T00:21:05.376+00:00,1047.000,409.917,99,22425.3,2685,70,measure
2026-09-11T00:21:06.377+00:00,1048.001,412.342,100,22425.3,2685,70,measure
2026-09-11T00:21:07.378+00:00,1049.001,410.6,100,22425.3,2685,70,measure
2026-09-11T00:21:08.375+00:00,1050.000,411.043,100,22425.3,2685,70,measure
2026-09-11T00:21:09.380+00:00,1051.005,418.767,99,22425.3,2685,71,measure
2026-09-11T00:21:10.375+00:00,1052.001,419.566,100,22425.3,2685,72,measure
2026-09-11T00:21:11.375+00:00,1053.000,411.264,100,22425.3,2685,72,measure
2026-09-11T00:21:12.377+00:00,1054.001,410.282,99,22425.3,2685,71,measure
2026-09-11T00:21:13.377+00:00,1055.002,412.289,99,22425.3,2685,71,measure
2026-09-11T00:21:11.877+00:00,1056.004,410.861,100,22425.3,2685,70,measure
2026-09-11T00:21:12.881+00:00,1057.008,409.55,100,22425.3,2685,71,measure
2026-09-11T00:21:13.901+00:00,1058.027,415.818,100,22425.3,2685,72,measure
2026-09-11T00:21:14.923+00:00,1059.049,420.212,100,22425.3,2685,72,measure
2026-09-11T00:21:15.951+00:00,1060.079,414.153,99,22425.3,2685,71,measure
2026-09-11T00:21:16.949+00:00,1061.076,411.131,99,22425.3,2685,71,measure
2026-09-11T00:21:17.916+00:00,1062.043,410.311,100,22425.3,2685,70,measure
2026-09-11T00:21:18.873+00:00,1063.000,412.454,100,22425.3,2685,70,measure
2026-09-11T00:21:19.873+00:00,1064.000,410.751,99,22425.3,2685,72,measure
2026-09-11T00:21:20.873+00:00,1065.000,410.743,100,22425.3,2685,71,measure
2026-09-11T00:21:21.874+00:00,1066.000,420.062,100,22425.3,2685,72,measure
2026-09-11T00:21:22.875+00:00,1067.001,419.918,100,22425.3,2685,71,measure
2026-09-11T00:21:23.873+00:00,1068.000,410.82,99,22425.3,2685,71,measure
2026-09-11T00:21:24.873+00:00,1069.001,409.527,99,22425.3,2685,70,measure
2026-09-11T00:21:25.874+00:00,1070.000,410.413,100,22425.3,2685,70,measure
2026-09-11T00:21:26.873+00:00,1071.001,409.961,100,22425.3,2685,71,measure
2026-09-11T00:21:27.876+00:00,1072.002,409.163,100,22425.3,2685,71,measure
2026-09-11T00:21:28.875+00:00,1073.001,415.98,100,22425.3,2685,72,measure
2026-09-11T00:21:29.874+00:00,1074.001,419.483,99,22425.3,2685,72,measure
2026-09-11T00:21:30.875+00:00,1075.002,414.439,100,22425.3,2685,72,measure
2026-09-11T00:21:31.874+00:00,1076.001,411.482,100,22425.3,2685,70,measure
2026-09-11T00:21:32.878+00:00,1077.003,410.813,100,22425.3,2685,70,measure
2026-09-11T00:21:33.878+00:00,1078.003,412.378,100,22425.3,2685,71,measure
2026-09-11T00:21:34.877+00:00,1079.004,409.673,100,22425.3,2685,70,measure
2026-09-11T00:21:35.878+00:00,1080.005,410.547,100,22425.3,2685,71,measure
2026-09-11T00:21:36.877+00:00,1081.004,419.13,100,22425.3,2685,71,measure
2026-09-11T00:21:37.877+00:00,1082.004,417.505,99,22425.3,2685,71,measure
2026-09-11T00:21:38.874+00:00,1083.001,412.079,100,22425.3,2685,71,measure
2026-09-11T00:21:39.876+00:00,1084.002,410.012,100,22425.3,2685,70,measure
2026-09-11T00:21:40.874+00:00,1085.001,410.428,100,22425.3,2685,70,measure
2026-09-11T00:21:41.873+00:00,1086.000,410.847,100,22425.3,2685,70,measure
2026-09-11T00:21:42.876+00:00,1087.001,409.259,100,22425.3,2685,71,measure
2026-09-11T00:21:43.875+00:00,1088.002,416.776,100,22425.3,2685,72,measure
2026-09-11T00:21:42.370+00:00,1089.001,420.766,100,22425.3,2685,72,measure
2026-09-11T00:21:43.374+00:00,1090.000,412.147,100,22425.3,2685,71,measure
2026-09-11T00:21:44.368+00:00,1091.000,409.935,100,22425.3,2685,71,measure
2026-09-11T00:21:45.370+00:00,1092.001,410.123,99,22425.3,2685,70,measure
2026-09-11T00:21:46.369+00:00,1093.001,411.602,100,22425.3,2685,70,measure
2026-09-11T00:21:47.370+00:00,1094.001,409.536,100,22425.3,2685,70,measure
2026-09-11T00:21:48.372+00:00,1095.002,411.46,99,22425.3,2685,72,measure
2026-09-11T00:21:49.373+00:00,1096.003,419.742,100,22425.3,2685,72,measure
2026-09-11T00:21:50.369+00:00,1097.001,416.738,99,22425.3,2685,71,measure
2026-09-11T00:21:51.369+00:00,1098.000,411.399,99,22425.3,2685,71,measure
2026-09-11T00:21:52.370+00:00,1099.001,410.24,99,22425.3,2685,70,measure
2026-09-11T00:21:53.369+00:00,1100.001,409.731,100,22425.3,2685,71,measure
2026-09-11T00:21:54.370+00:00,1101.001,409.992,100,22425.3,2685,71,measure
2026-09-11T00:21:55.370+00:00,1102.001,408.897,100,22425.3,2685,71,measure
2026-09-11T00:21:56.369+00:00,1103.001,415.204,99,22425.3,2685,72,measure
2026-09-11T00:21:57.376+00:00,1104.006,418.199,100,22425.3,2685,72,measure
2026-09-11T00:21:58.369+00:00,1105.001,411.775,100,22425.3,2685,72,measure
2026-09-11T00:21:59.369+00:00,1106.000,409.299,99,22425.3,2685,71,measure
2026-09-11T00:22:00.369+00:00,1107.000,410.851,100,22425.3,2685,71,measure
2026-09-11T00:22:01.370+00:00,1108.000,410.863,100,22425.3,2685,70,measure
2026-09-11T00:22:02.369+00:00,1109.001,410.644,100,22425.3,2685,71,measure
2026-09-11T00:22:03.369+00:00,1110.001,411.339,100,22425.3,2685,72,measure
2026-09-11T00:22:04.368+00:00,1111.000,419.747,100,22425.3,2685,72,measure
2026-09-11T00:22:05.375+00:00,1112.006,415.103,99,22425.3,2685,71,measure
2026-09-11T00:22:06.374+00:00,1113.004,410.5,100,22425.3,2685,72,measure
2026-09-11T00:22:07.373+00:00,1114.003,410.921,100,22425.3,2685,70,measure
2026-09-11T00:22:08.369+00:00,1115.001,410.404,100,22425.3,2685,70,measure
2026-09-11T00:22:09.369+00:00,1116.000,410.232,100,22425.3,2685,71,measure
2026-09-11T00:22:10.370+00:00,1117.000,408.55,100,22425.3,2685,71,measure
2026-09-11T00:22:11.369+00:00,1118.001,415.622,100,22425.3,2685,72,measure
2026-09-11T00:22:12.369+00:00,1119.000,418.564,100,22425.3,2685,72,measure
2026-09-11T00:22:13.370+00:00,1120.001,411.898,100,22425.3,2685,72,measure
2026-09-11T00:22:11.866+00:00,1121.000,409.692,100,22425.3,2685,72,measure
2026-09-11T00:22:12.866+00:00,1122.001,411.412,99,22425.3,2685,70,measure
2026-09-11T00:22:13.866+00:00,1123.000,411.877,99,22425.3,2685,70,measure
2026-09-11T00:22:14.866+00:00,1124.000,411.065,100,22425.3,2685,71,measure
2026-09-11T00:22:15.871+00:00,1125.005,413.845,100,22425.3,2685,71,measure
2026-09-11T00:22:16.867+00:00,1126.000,420.49,100,22425.3,2685,72,measure
2026-09-11T00:22:17.866+00:00,1127.001,416.074,100,22425.3,2685,71,measure
2026-09-11T00:22:18.866+00:00,1128.001,410.963,100,22425.3,2685,71,measure
2026-09-11T00:22:19.865+00:00,1129.000,408.934,100,22425.3,2685,70,measure
2026-09-11T00:22:20.866+00:00,1130.001,411.663,100,22425.3,2685,70,measure
2026-09-11T00:22:21.866+00:00,1131.000,410.871,100,22425.3,2685,70,measure
2026-09-11T00:22:22.869+00:00,1132.001,408.645,100,22425.3,2685,71,measure
2026-09-11T00:22:23.868+00:00,1133.003,416.403,100,22425.3,2685,72,measure
2026-09-11T00:22:24.870+00:00,1134.003,418.851,100,22425.3,2685,72,measure
2026-09-11T00:22:25.867+00:00,1135.002,411.758,100,22425.3,2685,71,measure
2026-09-11T00:22:26.867+00:00,1136.002,409.655,100,22425.3,2685,70,measure
2026-09-11T00:22:27.868+00:00,1137.001,412.33,100,22425.3,2685,71,measure
2026-09-11T00:22:28.867+00:00,1138.000,410.939,100,22425.3,2685,70,measure
2026-09-11T00:22:29.865+00:00,1139.000,411.293,99,22425.3,2685,71,measure
2026-09-11T00:22:30.865+00:00,1140.000,413.496,100,22425.3,2685,71,measure
2026-09-11T00:22:31.866+00:00,1141.001,420.13,100,22425.3,2685,72,measure
2026-09-11T00:22:32.865+00:00,1142.000,414.514,99,22425.3,2685,72,measure
2026-09-11T00:22:33.866+00:00,1143.000,412.454,100,22425.3,2685,71,measure
2026-09-11T00:22:34.867+00:00,1144.000,408.775,100,22425.3,2685,70,measure
2026-09-11T00:22:35.866+00:00,1145.000,411.129,100,22425.3,2685,70,measure
2026-09-11T00:22:36.866+00:00,1146.001,411.327,99,22425.3,2685,71,measure
2026-09-11T00:22:37.868+00:00,1147.001,409.162,100,22425.3,2685,71,measure
2026-09-11T00:22:38.866+00:00,1148.000,416.172,100,22425.3,2685,71,measure
2026-09-11T00:22:39.867+00:00,1149.001,418.422,100,22425.3,2685,71,measure
2026-09-11T00:22:40.869+00:00,1150.001,411.51,99,22425.3,2685,71,measure
2026-09-11T00:22:41.866+00:00,1151.001,411.079,99,22425.3,2685,70,measure
2026-09-11T00:22:42.867+00:00,1152.001,411.696,99,22425.3,2685,70,measure
2026-09-11T00:22:43.869+00:00,1153.004,410.247,100,22425.3,2685,71,measure
2026-09-11T00:22:42.381+00:00,1154.002,408.816,99,22425.3,2685,71,measure
2026-09-11T00:22:43.380+00:00,1155.000,414.582,100,22425.3,2685,72,measure
2026-09-11T00:22:44.382+00:00,1156.000,420.437,100,22425.3,2685,71,measure
2026-09-11T00:22:45.379+00:00,1157.000,415.361,100,22425.3,2685,71,measure
2026-09-11T00:22:46.422+00:00,1158.043,412.159,100,22425.3,2685,71,measure
2026-09-11T00:22:47.392+00:00,1159.013,410.833,100,22425.3,2685,70,measure
2026-09-11T00:22:48.389+00:00,1160.007,412.904,100,22425.3,2685,70,measure
2026-09-11T00:22:49.429+00:00,1161.051,411.573,100,22425.3,2685,70,measure
2026-09-11T00:22:50.424+00:00,1162.043,411.943,100,22425.3,2685,72,measure
2026-09-11T00:22:51.451+00:00,1163.072,419.067,100,22425.3,2685,72,measure
2026-09-11T00:22:52.396+00:00,1164.016,420.255,100,22425.3,2685,72,measure
2026-09-11T00:22:53.397+00:00,1165.018,412.846,100,22425.3,2685,72,measure
2026-09-11T00:22:54.421+00:00,1166.043,410.761,100,22425.3,2685,71,measure
2026-09-11T00:22:55.382+00:00,1167.002,412.431,100,22425.3,2685,70,measure
2026-09-11T00:22:56.463+00:00,1168.083,410.8,99,22425.3,2685,70,measure
2026-09-11T00:22:57.389+00:00,1169.010,409.167,100,22425.3,2685,71,measure
2026-09-11T00:22:58.387+00:00,1170.008,415.398,100,22425.3,2685,72,measure
2026-09-11T00:22:59.450+00:00,1171.071,420.863,100,22425.3,2685,72,measure
2026-09-11T00:23:00.456+00:00,1172.077,415.241,99,22425.3,2685,71,measure
2026-09-11T00:23:01.456+00:00,1173.077,412.169,99,22425.3,2685,71,measure
2026-09-11T00:23:02.412+00:00,1174.033,410.452,100,22425.3,2685,70,measure
2026-09-11T00:23:03.461+00:00,1175.081,413.103,100,22425.3,2685,70,measure
2026-09-11T00:23:04.439+00:00,1176.060,411.901,99,22425.3,2685,71,measure
2026-09-11T00:23:05.457+00:00,1177.078,410.733,100,22425.3,2685,71,measure
2026-09-11T00:23:06.422+00:00,1178.043,418.003,100,22425.3,2685,72,measure
2026-09-11T00:23:07.458+00:00,1179.080,419.97,100,22425.3,2685,71,measure
2026-09-11T00:23:08.455+00:00,1180.076,410.784,99,22425.3,2685,71,measure
2026-09-11T00:23:09.455+00:00,1181.077,410.124,100,22425.3,2685,70,measure
2026-09-11T00:23:10.422+00:00,1182.043,411.989,100,22425.3,2685,71,measure
2026-09-11T00:23:11.459+00:00,1183.080,410.105,100,22425.3,2685,71,measure
2026-09-11T00:23:12.455+00:00,1184.076,409.855,100,22425.3,2685,71,measure
2026-09-11T00:23:13.455+00:00,1185.077,415.694,99,22425.3,2685,72,measure
2026-09-11T00:23:11.882+00:00,1186.000,420.981,100,22425.3,2685,72,measure
2026-09-11T00:23:12.922+00:00,1187.042,414.396,99,22425.3,2685,71,measure
2026-09-11T00:23:13.909+00:00,1188.028,411.508,99,22425.3,2685,71,measure
2026-09-11T00:23:14.961+00:00,1189.080,410.665,100,22425.3,2685,70,measure
2026-09-11T00:23:15.915+00:00,1190.034,412.788,100,22425.3,2685,70,measure
2026-09-11T00:23:16.913+00:00,1191.033,411.424,99,22425.3,2685,70,measure
2026-09-11T00:23:17.951+00:00,1192.071,410.238,100,22425.3,2685,71,measure
2026-09-11T00:23:18.958+00:00,1193.077,419.481,100,22425.3,2685,71,measure
2026-09-11T00:23:19.923+00:00,1194.043,420.428,100,22425.3,2685,71,measure
2026-09-11T00:23:20.945+00:00,1195.064,412.185,100,22425.3,2685,71,measure
2026-09-11T00:23:21.919+00:00,1196.039,409.868,99,22425.3,2685,71,measure
2026-09-11T00:23:22.919+00:00,1197.039,410.575,100,22425.3,2685,70,measure
2026-09-11T00:23:23.920+00:00,1198.038,410.22,99,22425.3,2685,70,measure
2026-09-11T00:23:24.962+00:00,1199.080,408.287,100,22425.3,2685,71,measure
2026-09-11T00:23:25.961+00:00,1200.077,416.386,100,22425.3,2685,72,measure
2026-09-11T00:23:26.957+00:00,1201.076,419.903,100,22425.3,2685,72,measure
2026-09-11T00:23:27.927+00:00,1202.045,414.17,100,22425.3,2685,72,measure
2026-09-11T00:23:28.960+00:00,1203.079,409.978,100,22425.3,2685,70,measure
2026-09-11T00:23:29.957+00:00,1204.076,410.554,100,22425.3,2685,70,measure
2026-09-11T00:23:30.958+00:00,1205.077,412.595,100,22425.3,2685,70,measure
2026-09-11T00:23:31.924+00:00,1206.043,409.681,100,22425.3,2685,70,measure
2026-09-11T00:23:32.922+00:00,1207.042,410.839,100,22425.3,2685,71,measure
2026-09-11T00:23:33.898+00:00,1208.018,419.772,100,22425.3,2685,72,measure
2026-09-11T00:23:34.951+00:00,1209.071,417.696,100,22425.3,2685,71,measure
2026-09-11T00:23:35.887+00:00,1210.007,411.572,100,22425.3,2685,71,measure
2026-09-11T00:23:36.893+00:00,1211.012,409.979,99,22425.3,2685,70,measure
2026-09-11T00:23:37.913+00:00,1212.031,410.547,99,22425.3,2685,71,measure
2026-09-11T00:23:38.961+00:00,1213.080,410.967,100,22425.3,2685,71,measure
2026-09-11T00:23:39.924+00:00,1214.043,409.255,100,22425.3,2685,71,measure
2026-09-11T00:23:40.903+00:00,1215.020,417.066,100,22425.3,2685,72,measure
2026-09-11T00:23:41.903+00:00,1216.020,420.319,100,22425.3,2685,72,measure
2026-09-11T00:23:42.899+00:00,1217.016,413.709,100,22425.3,2685,71,measure
2026-09-11T00:23:43.923+00:00,1218.042,410.266,100,22425.3,2685,71,measure
2026-09-11T00:23:42.395+00:00,1219.009,410.819,100,22425.3,2685,71,measure
2026-09-11T00:23:43.466+00:00,1220.082,411.697,100,22425.3,2685,70,measure
2026-09-11T00:23:44.444+00:00,1221.060,411.234,100,22425.3,2685,71,measure
2026-09-11T00:23:45.427+00:00,1222.043,411.835,100,22425.3,2685,72,measure
2026-09-11T00:23:46.465+00:00,1223.080,420.208,100,22425.3,2685,71,measure
2026-09-11T00:23:47.433+00:00,1224.048,417.546,99,22425.3,2685,71,measure
2026-09-11T00:23:48.463+00:00,1225.079,410.465,100,22425.3,2685,71,measure
2026-09-11T00:23:49.427+00:00,1226.044,410.784,100,22425.3,2685,70,measure
2026-09-11T00:23:50.464+00:00,1227.080,409.739,99,22425.3,2685,70,measure
2026-09-11T00:23:51.460+00:00,1228.076,411.095,100,22425.3,2685,71,measure
2026-09-11T00:23:52.432+00:00,1229.048,409.458,100,22425.3,2685,72,measure
2026-09-11T00:23:53.427+00:00,1230.043,415.743,100,22425.3,2685,72,measure
2026-09-11T00:23:54.464+00:00,1231.080,418.857,100,22425.3,2685,72,measure
2026-09-11T00:23:55.460+00:00,1232.076,413.015,100,22425.3,2685,72,measure
2026-09-11T00:23:56.461+00:00,1233.077,410.135,100,22425.3,2685,71,measure
2026-09-11T00:23:57.427+00:00,1234.043,411.913,100,22425.3,2685,70,measure
2026-09-11T00:23:58.465+00:00,1235.080,411.468,100,22425.3,2685,70,measure
2026-09-11T00:23:59.461+00:00,1236.076,410.553,100,22425.3,2685,70,measure
2026-09-11T00:24:00.461+00:00,1237.077,413.837,100,22425.3,2685,72,measure
2026-09-11T00:24:01.428+00:00,1238.043,420.891,100,22425.3,2685,72,measure
2026-09-11T00:24:02.427+00:00,1239.041,415.938,100,22425.3,2685,71,measure
2026-09-11T00:24:03.464+00:00,1240.080,410.189,100,22425.3,2685,71,measure
2026-09-11T00:24:04.447+00:00,1241.064,410.968,100,22425.3,2685,70,measure
2026-09-11T00:24:05.419+00:00,1242.035,409.978,100,22425.3,2685,70,measure
2026-09-11T00:24:06.464+00:00,1243.080,410.549,99,22425.3,2685,70,measure
2026-09-11T00:24:07.394+00:00,1244.010,408.241,100,22425.3,2685,71,measure
2026-09-11T00:24:08.466+00:00,1245.082,415.885,100,22425.3,2685,72,measure
2026-09-11T00:24:09.427+00:00,1246.044,419.085,100,22425.3,2685,72,measure
2026-09-11T00:24:10.388+00:00,1247.004,412.913,100,22425.3,2685,71,measure
2026-09-11T00:24:11.466+00:00,1248.083,410.374,100,22425.3,2685,70,measure
2026-09-11T00:24:12.388+00:00,1249.004,412.107,100,22425.3,2685,70,measure
2026-09-11T00:24:13.391+00:00,1250.006,411.985,100,22425.3,2685,70,measure
2026-09-11T00:24:11.890+00:00,1251.006,411.149,100,22425.3,2685,72,measure
2026-09-11T00:24:12.889+00:00,1252.006,411.99,100,22425.3,2685,71,measure
2026-09-11T00:24:13.885+00:00,1253.002,419.855,99,22425.3,2685,72,measure
2026-09-11T00:24:14.888+00:00,1254.005,415.491,100,22425.3,2685,72,measure
2026-09-11T00:24:15.889+00:00,1255.004,410.629,100,22425.3,2685,71,measure
2026-09-11T00:24:16.889+00:00,1256.004,410.867,100,22425.3,2685,70,measure
2026-09-11T00:24:17.887+00:00,1257.004,411.065,100,22425.3,2685,71,measure
2026-09-11T00:24:18.884+00:00,1258.000,410.618,100,22425.3,2685,71,measure
2026-09-11T00:24:19.885+00:00,1259.001,409.104,100,22425.3,2685,71,measure
2026-09-11T00:24:20.966+00:00,1260.083,416.623,100,22425.3,2685,71,measure
2026-09-11T00:24:21.960+00:00,1261.076,418.722,100,22425.3,2685,71,measure
2026-09-11T00:24:22.930+00:00,1262.045,411.712,100,22425.3,2685,72,measure
2026-09-11T00:24:23.963+00:00,1263.079,411.566,100,22425.3,2685,70,measure
2026-09-11T00:24:24.960+00:00,1264.076,413.51,100,22425.3,2685,70,measure
2026-09-11T00:24:25.962+00:00,1265.077,411.562,100,22425.3,2685,71,measure
2026-09-11T00:24:26.927+00:00,1266.043,411.879,100,22425.3,2685,71,measure
2026-09-11T00:24:27.932+00:00,1267.047,414.133,100,22425.3,2685,72,measure
2026-09-11T00:24:28.965+00:00,1268.079,420.334,100,22425.3,2685,72,measure
2026-09-11T00:24:29.960+00:00,1269.076,415.761,100,22425.3,2685,71,measure
2026-09-11T00:24:30.928+00:00,1270.044,413.065,100,22425.3,2685,72,measure
2026-09-11T00:24:31.948+00:00,1271.064,409.41,100,22425.3,2685,70,measure
2026-09-11T00:24:32.962+00:00,1272.078,411.876,100,22425.3,2685,70,measure
2026-09-11T00:24:33.960+00:00,1273.077,411.84,100,22425.3,2685,70,measure
2026-09-11T00:24:34.887+00:00,1274.002,409.663,100,22425.3,2685,71,measure
2026-09-11T00:24:35.889+00:00,1275.005,416.373,100,22425.3,2685,72,measure
2026-09-11T00:24:36.887+00:00,1276.004,419.58,100,22425.3,2685,72,measure
2026-09-11T00:24:37.890+00:00,1277.007,412.39,100,22425.3,2685,72,measure
2026-09-11T00:24:38.884+00:00,1278.000,410.454,100,22425.3,2685,71,measure
2026-09-11T00:24:39.887+00:00,1279.002,413.001,100,22425.3,2685,70,measure
2026-09-11T00:24:40.886+00:00,1280.000,411.158,100,22425.3,2685,70,measure
2026-09-11T00:24:41.886+00:00,1281.000,411.475,100,22425.3,2685,70,measure
2026-09-11T00:24:42.884+00:00,1282.000,414.01,100,22425.3,2685,72,measure
2026-09-11T00:24:43.884+00:00,1283.001,420.58,100,22425.3,2685,72,measure
2026-09-11T00:24:42.387+00:00,1284.000,415.92,100,22425.3,2685,71,measure
2026-09-11T00:24:43.386+00:00,1285.001,412.8,100,22425.3,2685,71,measure
2026-09-11T00:24:44.387+00:00,1286.000,409.547,100,22425.3,2685,71,measure
2026-09-11T00:24:45.388+00:00,1287.001,412.469,100,22425.3,2685,71,measure
2026-09-11T00:24:46.385+00:00,1288.000,412.297,100,22425.3,2685,71,measure
2026-09-11T00:24:47.386+00:00,1289.000,409.7,100,22425.3,2685,71,measure
2026-09-11T00:24:48.387+00:00,1290.002,416.69,100,22425.3,2685,72,measure
2026-09-11T00:24:49.393+00:00,1291.004,420.414,100,22425.3,2685,71,measure
2026-09-11T00:24:50.389+00:00,1292.003,412.367,100,22425.3,2685,71,measure
2026-09-11T00:24:51.387+00:00,1293.001,412.353,100,22425.3,2685,71,measure
2026-09-11T00:24:52.390+00:00,1294.004,412.77,100,22425.3,2685,71,measure
2026-09-11T00:24:53.386+00:00,1295.001,411.223,100,22425.3,2685,70,measure
2026-09-11T00:24:54.387+00:00,1296.001,409.195,100,22425.3,2685,71,measure
2026-09-11T00:24:55.387+00:00,1297.001,414.758,100,22425.3,2685,72,measure
2026-09-11T00:24:56.391+00:00,1298.005,420.539,100,22425.3,2685,72,measure
2026-09-11T00:24:57.386+00:00,1299.001,415.434,100,22425.3,2685,72,measure
2026-09-11T00:24:58.386+00:00,1300.001,412.134,100,22425.3,2685,71,measure
2026-09-11T00:24:59.386+00:00,1301.001,410.002,99,22425.3,2685,71,measure
2026-09-11T00:25:00.386+00:00,1302.001,411.618,100,22425.3,2685,71,measure
2026-09-11T00:25:01.386+00:00,1303.000,411.617,100,22425.3,2685,71,measure
2026-09-11T00:25:02.391+00:00,1304.000,411.24,100,22425.3,2685,71,measure
2026-09-11T00:25:03.387+00:00,1305.000,418.109,100,22425.3,2685,71,measure
2026-09-11T00:25:04.386+00:00,1306.001,419.317,99,22425.3,2685,71,measure
2026-09-11T00:25:05.386+00:00,1307.000,411.219,100,22425.3,2685,72,measure
2026-09-11T00:25:06.387+00:00,1308.001,411.239,100,22425.3,2685,71,measure
2026-09-11T00:25:07.398+00:00,1309.013,411.271,99,22425.3,2685,70,measure
2026-09-11T00:25:08.390+00:00,1310.001,410.411,99,22425.3,2685,70,measure
2026-09-11T00:25:09.386+00:00,1311.001,409.16,100,22425.3,2685,72,measure
2026-09-11T00:25:10.386+00:00,1312.000,414.543,100,22425.3,2685,72,measure
2026-09-11T00:25:11.386+00:00,1313.001,420.608,100,22425.3,2685,72,measure
2026-09-11T00:25:12.386+00:00,1314.001,414.888,99,22425.3,2685,71,measure
2026-09-11T00:25:13.387+00:00,1315.001,411.327,100,22425.3,2685,71,measure
2026-09-11T00:25:11.886+00:00,1316.001,410.343,99,22425.3,2685,70,measure
2026-09-11T00:25:12.884+00:00,1317.000,412.76,100,22425.3,2685,70,measure
2026-09-11T00:25:13.885+00:00,1318.001,411.069,100,22425.3,2685,70,measure
2026-09-11T00:25:14.884+00:00,1319.000,411.192,100,22425.3,2685,72,measure
2026-09-11T00:25:15.884+00:00,1320.000,418.854,100,22425.3,2685,73,measure
2026-09-11T00:25:16.889+00:00,1321.003,420.781,100,22425.3,2685,72,measure
2026-09-11T00:25:17.886+00:00,1322.000,411.054,99,22425.3,2685,71,measure
2026-09-11T00:25:18.885+00:00,1323.001,410.491,99,22425.3,2685,71,measure
2026-09-11T00:25:19.885+00:00,1324.000,412.484,99,22425.3,2685,71,measure
2026-09-11T00:25:20.885+00:00,1325.001,409.897,100,22425.3,2685,71,measure
2026-09-11T00:25:21.884+00:00,1326.000,409.545,100,22425.3,2685,72,measure
2026-09-11T00:25:22.885+00:00,1327.000,415.441,99,22425.3,2685,71,measure
2026-09-11T00:25:23.885+00:00,1328.000,420.824,100,22425.3,2685,72,measure
2026-09-11T00:25:24.886+00:00,1329.001,415.316,99,22425.3,2685,72,measure
2026-09-11T00:25:25.884+00:00,1330.000,412.633,100,22425.3,2685,71,measure
2026-09-11T00:25:26.887+00:00,1331.000,410.694,100,22425.3,2685,71,measure
2026-09-11T00:25:27.885+00:00,1332.000,413.379,100,22425.3,2685,70,measure
2026-09-11T00:25:28.885+00:00,1333.001,412.504,100,22425.3,2685,71,measure
2026-09-11T00:25:29.886+00:00,1334.000,411.676,100,22425.3,2685,71,measure
2026-09-11T00:25:30.885+00:00,1335.000,420.555,100,22425.3,2685,71,measure
2026-09-11T00:25:31.884+00:00,1336.000,420.809,100,22425.3,2685,71,measure
2026-09-11T00:25:32.885+00:00,1337.001,411.167,100,22425.3,2685,71,measure
2026-09-11T00:25:33.885+00:00,1338.000,410.667,99,22425.3,2685,71,measure
2026-09-11T00:25:34.885+00:00,1339.000,410.78,100,22425.3,2685,70,measure
2026-09-11T00:25:35.886+00:00,1340.000,410.967,100,22425.3,2685,71,measure
2026-09-11T00:25:36.885+00:00,1341.001,409.772,100,22425.3,2685,72,measure
2026-09-11T00:25:37.885+00:00,1342.001,416.065,100,22425.3,2685,72,measure
2026-09-11T00:25:38.888+00:00,1343.004,420.914,99,22425.3,2685,72,measure
2026-09-11T00:25:39.885+00:00,1344.001,415.025,100,22425.3,2685,72,measure
2026-09-11T00:25:40.888+00:00,1345.003,411.724,99,22425.3,2685,72,measure
2026-09-11T00:25:41.886+00:00,1346.000,410.503,100,22425.3,2685,71,measure
2026-09-11T00:25:42.885+00:00,1347.001,412.293,100,22425.3,2685,71,measure
2026-09-11T00:25:43.884+00:00,1348.000,410.442,100,22425.3,2685,70,measure
2026-09-11T00:25:42.386+00:00,1349.001,407.897,100,22425.3,2685,71,measure
2026-09-11T00:25:43.386+00:00,1350.000,397.178,99,22425.3,2685,70,measure
2026-09-11T00:25:44.388+00:00,1351.001,385.539,99,22425.3,2685,70,measure
2026-09-11T00:25:45.390+00:00,1352.001,396.189,99,22425.3,2685,70,measure
2026-09-11T00:25:46.387+00:00,1353.001,401.986,99,22425.3,2685,70,measure
2026-09-11T00:25:47.386+00:00,1354.000,392.515,99,22425.3,2685,70,measure
2026-09-11T00:25:48.386+00:00,1355.001,381.123,99,22425.3,2685,69,measure
2026-09-11T00:25:49.387+00:00,1356.001,377.778,99,22425.3,2685,67,measure
2026-09-11T00:25:50.387+00:00,1357.000,372.026,99,22425.3,2685,68,measure
2026-09-11T00:25:51.389+00:00,1358.000,360.642,99,22425.3,2685,67,measure
2026-09-11T00:25:52.387+00:00,1359.001,325.765,99,22425.3,2685,64,measure
2026-09-11T00:25:53.469+00:00,1360.083,314.96,99,22425.3,2685,63,measure
2026-09-11T00:25:54.463+00:00,1361.076,334.553,99,22425.3,2685,66,measure
2026-09-11T00:25:55.431+00:00,1362.045,354.673,99,22425.3,2685,66,measure
2026-09-11T00:25:56.465+00:00,1363.079,365.842,99,22425.3,2685,68,measure
2026-09-11T00:25:57.462+00:00,1364.076,366.379,100,22425.3,2685,66,measure
2026-09-11T00:25:58.463+00:00,1365.077,367.528,99,22425.3,2685,66,measure
2026-09-11T00:25:59.429+00:00,1366.044,361.762,99,22425.3,2685,65,measure
2026-09-11T00:26:00.387+00:00,1367.001,341.355,99,22425.3,2685,65,measure
2026-09-11T00:26:01.386+00:00,1368.000,337.714,99,22425.3,2685,66,measure
2026-09-11T00:26:02.388+00:00,1369.001,358.144,99,22425.3,2685,67,measure
2026-09-11T00:26:03.390+00:00,1370.005,358.825,99,22425.3,2685,67,measure
2026-09-11T00:26:04.388+00:00,1371.003,369.929,99,22425.3,2685,66,measure
2026-09-11T00:26:05.386+00:00,1372.000,359.15,99,22425.3,2685,66,measure
2026-09-11T00:26:06.386+00:00,1373.000,367.628,99,22425.3,2685,66,measure
2026-09-11T00:26:07.386+00:00,1374.001,366.468,99,22425.3,2685,68,measure
2026-09-11T00:26:08.387+00:00,1375.000,359.383,99,22425.3,2685,66,measure
2026-09-11T00:26:09.389+00:00,1376.000,332.944,99,22425.3,2685,63,measure
2026-09-11T00:26:10.385+00:00,1377.000,342.406,99,22425.3,2685,65,measure
2026-09-11T00:26:11.386+00:00,1378.000,362.909,99,22425.3,2685,68,measure
2026-09-11T00:26:12.386+00:00,1379.000,357.516,99,22425.3,2685,66,measure
2026-09-11T00:26:13.386+00:00,1380.000,353.275,99,22425.3,2685,67,measure
2026-09-11T00:26:11.887+00:00,1381.001,340.307,99,22425.3,2685,66,measure
2026-09-11T00:26:12.888+00:00,1382.001,315.248,99,22425.3,2685,62,measure
2026-09-11T00:26:13.886+00:00,1383.000,320.684,99,22425.3,2685,65,measure
2026-09-11T00:26:14.886+00:00,1384.000,326.793,99,22425.3,2685,64,measure
2026-09-11T00:26:15.886+00:00,1385.001,317.118,99,22425.3,2685,61,measure
2026-09-11T00:26:16.905+00:00,1386.000,335.537,99,22425.3,2685,66,measure
2026-09-11T00:26:17.887+00:00,1387.000,339.935,99,22425.3,2685,65,measure
2026-09-11T00:26:18.887+00:00,1388.001,327.612,99,22425.3,2685,66,measure
2026-09-11T00:26:19.885+00:00,1389.000,329.757,99,22425.3,2685,66,measure
2026-09-11T00:26:20.886+00:00,1390.000,322.488,99,22425.3,2685,62,measure
2026-09-11T00:26:21.886+00:00,1391.000,335.317,99,22425.3,2685,63,measure
2026-09-11T00:26:22.885+00:00,1392.000,315.735,99,22425.3,2685,63,measure
2026-09-11T00:26:23.887+00:00,1393.001,312.455,99,22425.3,2685,62,measure
2026-09-11T00:26:24.888+00:00,1394.000,338.754,99,22425.3,2685,64,measure
2026-09-11T00:26:25.886+00:00,1395.001,338.215,99,22425.3,2685,66,measure
2026-09-11T00:26:26.885+00:00,1396.000,358.595,99,22425.3,2685,65,measure
2026-09-11T00:26:27.886+00:00,1397.000,349.165,99,22425.3,2685,64,measure
2026-09-11T00:26:28.886+00:00,1398.000,360.451,99,22425.3,2685,66,measure
2026-09-11T00:26:29.889+00:00,1399.000,355.972,99,22425.3,2685,65,measure
2026-09-11T00:26:30.887+00:00,1400.001,366.131,99,22425.3,2685,66,measure
2026-09-11T00:26:31.885+00:00,1401.000,370.727,99,22425.3,2685,67,measure
2026-09-11T00:26:32.886+00:00,1402.001,364.017,99,22425.3,2685,66,measure
2026-09-11T00:26:33.886+00:00,1403.000,361.703,99,22425.3,2685,65,measure
2026-09-11T00:26:34.885+00:00,1404.000,360.84,99,22425.3,2685,65,measure
2026-09-11T00:26:35.887+00:00,1405.000,355.905,99,22425.3,2685,65,measure
2026-09-11T00:26:36.887+00:00,1406.000,355.858,99,22425.3,2685,65,measure
2026-09-11T00:26:37.886+00:00,1407.000,360.419,99,22425.3,2685,66,measure
2026-09-11T00:26:38.891+00:00,1408.005,329.197,99,22425.3,2685,64,measure
2026-09-11T00:26:39.885+00:00,1409.000,333.89,99,22425.3,2685,62,measure
2026-09-11T00:26:40.886+00:00,1410.000,336.267,99,22425.3,2685,62,measure
2026-09-11T00:26:41.891+00:00,1411.001,345.46,99,22425.3,2685,65,measure
2026-09-11T00:26:42.897+00:00,1412.001,324.271,99,22425.3,2685,66,measure
2026-09-11T00:26:43.888+00:00,1413.003,317.756,99,22425.3,2685,62,measure
2026-09-11T00:26:42.385+00:00,1414.001,310.974,99,22425.3,2685,64,measure
2026-09-11T00:26:43.385+00:00,1415.000,314.373,99,22425.3,2685,63,measure
2026-09-11T00:26:44.427+00:00,1416.001,316.28,99,22425.3,2685,63,measure
2026-09-11T00:26:45.388+00:00,1417.004,331.46,99,22425.3,2685,63,measure
2026-09-11T00:26:46.386+00:00,1418.001,324.722,99,22425.3,2685,62,measure
2026-09-11T00:26:47.384+00:00,1419.000,314.896,99,22425.3,2685,61,measure
2026-09-11T00:26:48.384+00:00,1420.000,320.497,99,22425.3,2685,63,measure
2026-09-11T00:26:49.385+00:00,1421.001,312.957,99,22425.3,2685,61,measure
2026-09-11T00:26:50.406+00:00,1422.000,321.809,99,22425.3,2685,66,measure
2026-09-11T00:26:51.386+00:00,1423.001,325.324,99,22425.3,2685,61,measure
2026-09-11T00:26:52.385+00:00,1424.001,323.305,99,22425.3,2685,62,measure
2026-09-11T00:26:53.385+00:00,1425.001,334.86,99,22425.3,2685,65,measure
2026-09-11T00:26:54.384+00:00,1426.001,334.407,99,22425.3,2685,62,measure
2026-09-11T00:26:55.385+00:00,1427.001,369.542,99,22425.3,2685,67,measure
2026-09-11T00:26:56.385+00:00,1428.001,373.453,99,22425.3,2685,66,measure
2026-09-11T00:26:57.385+00:00,1429.000,370.083,99,22425.3,2685,65,measure
2026-09-11T00:26:58.385+00:00,1430.001,363.614,99,22425.3,2685,66,measure
2026-09-11T00:26:59.392+00:00,1431.007,369.726,99,22425.3,2685,66,measure
2026-09-11T00:27:00.386+00:00,1432.002,361.145,99,22425.3,2685,65,measure
2026-09-11T00:27:01.384+00:00,1433.000,364.653,99,22425.3,2685,67,measure
2026-09-11T00:27:02.385+00:00,1434.000,355.698,99,22425.3,2685,65,measure
2026-09-11T00:27:03.388+00:00,1435.001,315.666,99,22425.3,2685,62,measure
2026-09-11T00:27:04.386+00:00,1436.002,317.191,99,22425.3,2685,62,measure
2026-09-11T00:27:05.385+00:00,1437.001,329.845,99,22425.3,2685,64,measure
2026-09-11T00:27:06.386+00:00,1438.000,327.829,99,22425.3,2685,63,measure
2026-09-11T00:27:07.385+00:00,1439.001,330.02,99,22425.3,2685,61,measure
2026-09-11T00:27:08.385+00:00,1440.000,325.696,99,22425.3,2685,65,measure
2026-09-11T00:27:09.441+00:00,1441.000,323.381,99,22425.3,2685,65,measure
2026-09-11T00:27:10.418+00:00,1442.000,322.424,99,22425.3,2685,65,measure
2026-09-11T00:27:11.384+00:00,1443.000,339.805,99,22425.3,2685,64,measure
2026-09-11T00:27:12.385+00:00,1444.001,343.241,99,22425.3,2685,65,measure
2026-09-11T00:27:13.386+00:00,1445.002,365.658,99,22425.3,2685,66,measure
2026-09-11T00:27:11.907+00:00,1446.000,363.348,99,22425.3,2685,65,measure
2026-09-11T00:27:12.908+00:00,1447.001,364.08,99,22425.3,2685,64,measure
2026-09-11T00:27:13.906+00:00,1448.000,382.916,99,22425.3,2685,67,measure
2026-09-11T00:27:14.915+00:00,1449.001,382.535,99,22425.3,2685,65,measure
2026-09-11T00:27:15.906+00:00,1450.001,358.322,99,22425.3,2685,66,measure
2026-09-11T00:27:16.906+00:00,1451.000,367.591,99,22425.3,2685,64,measure
2026-09-11T00:27:17.907+00:00,1452.000,342.147,99,22425.3,2685,65,measure
2026-09-11T00:27:18.907+00:00,1453.000,350.821,99,22425.3,2685,67,measure
2026-09-11T00:27:19.909+00:00,1454.004,334.541,99,22425.3,2685,61,measure
2026-09-11T00:27:20.906+00:00,1455.000,317.607,99,22425.3,2685,62,measure
2026-09-11T00:27:21.906+00:00,1456.000,311.115,99,22425.3,2685,62,measure
2026-09-11T00:27:22.907+00:00,1457.001,312.856,99,22425.3,2685,62,measure
2026-09-11T00:27:23.944+00:00,1458.001,282.578,99,22425.3,2685,60,measure
2026-09-11T00:27:24.909+00:00,1459.000,340.025,99,22425.3,2685,65,measure
2026-09-11T00:27:25.906+00:00,1460.001,338.672,99,22425.3,2685,64,measure
2026-09-11T00:27:26.906+00:00,1461.000,375.173,99,22425.3,2685,66,measure
2026-09-11T00:27:27.906+00:00,1462.000,377.76,99,22425.3,2685,65,measure
2026-09-11T00:27:28.906+00:00,1463.000,377.662,99,22425.3,2685,65,measure
2026-09-11T00:27:29.908+00:00,1464.000,382.374,99,22425.3,2685,66,measure
2026-09-11T00:27:30.909+00:00,1465.004,368.163,99,22425.3,2685,66,measure
2026-09-11T00:27:31.906+00:00,1466.000,358.298,99,22425.3,2685,65,measure
2026-09-11T00:27:32.906+00:00,1467.000,354.637,99,22425.3,2685,63,measure
2026-09-11T00:27:33.952+00:00,1468.000,325.997,99,22425.3,2685,63,measure
2026-09-11T00:27:34.929+00:00,1469.000,322.992,99,22425.3,2685,65,measure
2026-09-11T00:27:35.908+00:00,1470.000,338.558,99,22425.3,2685,66,measure
2026-09-11T00:27:36.909+00:00,1471.001,358.939,99,22425.3,2685,64,measure
2026-09-11T00:27:37.906+00:00,1472.000,358.894,99,22425.3,2685,65,measure
2026-09-11T00:27:38.911+00:00,1473.006,350.973,99,22425.3,2685,63,measure
2026-09-11T00:27:39.932+00:00,1474.001,332.124,99,22425.3,2685,66,measure
2026-09-11T00:27:40.907+00:00,1475.001,351.238,99,22425.3,2685,64,measure
2026-09-11T00:27:41.907+00:00,1476.000,353.735,99,22425.3,2685,65,measure
2026-09-11T00:27:42.908+00:00,1477.001,357.5,99,22425.3,2685,66,measure
2026-09-11T00:27:41.406+00:00,1478.000,347.944,99,22425.3,2685,66,measure
2026-09-11T00:27:42.406+00:00,1479.000,327.241,99,22425.3,2685,65,measure
2026-09-11T00:27:43.406+00:00,1480.001,361.369,99,22425.3,2685,66,measure
2026-09-11T00:27:44.407+00:00,1481.001,352.095,99,22425.3,2685,63,measure
2026-09-11T00:27:45.412+00:00,1482.004,341.689,99,22425.3,2685,64,measure
2026-09-11T00:27:46.408+00:00,1483.000,338.989,99,22425.3,2685,66,measure
2026-09-11T00:27:47.428+00:00,1484.022,326.459,99,22425.3,2685,65,measure
2026-09-11T00:27:48.467+00:00,1485.061,353.964,99,22425.3,2685,64,measure
2026-09-11T00:27:49.406+00:00,1486.000,363.726,99,22425.3,2685,64,measure
2026-09-11T00:27:50.406+00:00,1487.001,363.919,99,22425.3,2685,67,measure
2026-09-11T00:27:51.407+00:00,1488.000,358.276,99,22425.3,2685,66,measure
2026-09-11T00:27:52.408+00:00,1489.000,364.947,99,22425.3,2685,67,measure
2026-09-11T00:27:53.407+00:00,1490.001,364.572,99,22425.3,2685,67,measure
2026-09-11T00:27:54.406+00:00,1491.000,363.68,99,22425.3,2685,66,measure
2026-09-11T00:27:55.406+00:00,1492.000,359.279,99,22425.3,2685,66,measure
2026-09-11T00:27:56.406+00:00,1493.001,330.307,99,22425.3,2685,67,measure
2026-09-11T00:27:57.453+00:00,1494.005,326.822,99,22425.3,2685,64,measure
2026-09-11T00:27:58.408+00:00,1495.001,328.9,99,22425.3,2685,63,measure
2026-09-11T00:27:59.412+00:00,1496.006,316.237,99,22425.3,2685,62,measure
2026-09-11T00:28:00.407+00:00,1497.001,328.712,99,22425.3,2685,66,measure
2026-09-11T00:28:01.407+00:00,1498.000,331.864,99,22425.3,2685,64,measure
2026-09-11T00:28:02.423+00:00,1499.017,325.672,99,22425.3,2685,66,measure
2026-09-11T00:28:03.408+00:00,1500.001,347.565,99,22425.3,2685,65,measure
2026-09-11T00:28:04.420+00:00,1501.001,339.127,99,22425.3,2685,63,measure
2026-09-11T00:28:05.409+00:00,1502.003,332.358,99,22425.3,2685,64,measure
2026-09-11T00:28:06.409+00:00,1503.003,352.971,99,22425.3,2685,65,measure
2026-09-11T00:28:07.406+00:00,1504.001,363.911,99,22425.3,2685,65,measure
2026-09-11T00:28:08.406+00:00,1505.000,367.908,99,22425.3,2685,66,measure
2026-09-11T00:28:09.408+00:00,1506.001,362.511,99,22425.3,2685,65,measure
2026-09-11T00:28:10.407+00:00,1507.001,363.436,99,22425.3,2685,66,measure
2026-09-11T00:28:11.407+00:00,1508.002,367.319,99,22425.3,2685,64,measure
2026-09-11T00:28:12.406+00:00,1509.000,362.228,99,22425.3,2685,65,measure
2026-09-11T00:28:13.406+00:00,1510.001,324.162,99,22425.3,2685,62,measure
2026-09-11T00:28:11.905+00:00,1511.001,272.165,99,22425.3,2685,60,measure
2026-09-11T00:28:12.909+00:00,1512.000,216.339,0,22425.3,2700,54,measure
2026-09-11T00:28:13.948+00:00,1513.044,96.514,0,22425.3,2700,53,measure
2026-09-11T00:28:14.908+00:00,1514.004,71.57,0,22425.3,495,51,measure
2026-09-11T00:28:15.905+00:00,1515.000,55.605,0,22425.3,345,51,measure
2026-09-11T00:28:16.904+00:00,1516.000,35.112,0,22425.3,270,50,measure
2026-09-11T00:28:17.905+00:00,1517.001,35.112,0,22425.3,210,49,measure
2026-09-11T00:28:18.905+00:00,1518.001,27.465,0,22425.3,210,49,measure
2026-09-11T00:28:19.905+00:00,1519.000,22.117,0,22425.3,210,49,measure
2026-09-11T00:28:20.905+00:00,1520.000,18.425,0,22425.3,210,48,measure
2026-09-11T00:28:21.905+00:00,1521.001,17.22,0,22425.3,210,48,measure
2026-09-11T00:28:22.905+00:00,1522.000,17.043,0,22425.3,210,48,measure
2026-09-11T00:28:23.905+00:00,1523.000,16.552,0,22425.3,210,47,measure
2026-09-11T00:28:24.905+00:00,1524.000,16.008,0,22425.3,210,47,measure
2026-09-11T00:28:25.906+00:00,1525.001,15.784,0,22425.3,210,47,measure
2026-09-11T00:28:26.904+00:00,1526.000,15.758,0,22425.3,210,47,measure
2026-09-11T00:28:27.911+00:00,1527.007,15.79,0,22425.3,210,47,measure
2026-09-11T00:28:28.904+00:00,1528.000,15.729,0,22425.3,210,47,measure
2026-09-11T00:28:29.904+00:00,1529.000,15.664,0,22425.3,210,46,measure
2026-09-11T00:28:30.904+00:00,1530.000,15.664,0,22425.3,210,46,measure
2026-09-11T00:28:31.905+00:00,1531.001,15.65,0,22425.3,210,46,measure
2026-09-11T00:28:32.949+00:00,1532.045,15.507,0,22425.3,210,46,measure
2026-09-11T00:28:33.946+00:00,1533.042,15.174,0,22425.3,210,46,measure
2026-09-11T00:28:34.906+00:00,1534.002,14.941,0,22425.3,210,46,measure
2026-09-11T00:28:35.910+00:00,1535.006,14.935,0,22425.3,210,45,measure
2026-09-11T00:28:36.912+00:00,1536.007,14.868,0,22425.3,210,45,measure
2026-09-11T00:28:37.943+00:00,1537.038,14.729,0,22425.3,210,45,measure
2026-09-11T00:28:38.908+00:00,1538.004,14.616,0,22425.3,210,45,measure
2026-09-11T00:28:39.912+00:00,1539.008,14.585,0,22425.3,210,45,measure
2026-09-11T00:28:40.937+00:00,1540.033,14.598,0,22425.3,210,45,measure
2026-09-11T00:28:41.905+00:00,1541.000,14.512,0,22425.3,210,45,measure
2026-09-11T00:28:42.907+00:00,1542.000,14.581,0,22425.3,210,44,measure
2026-09-11T00:28:41.425+00:00,1543.000,14.935,0,22425.3,210,44,measure
2026-09-11T00:28:42.424+00:00,1544.001,14.757,0,22425.3,210,44,measure
2026-09-11T00:28:43.423+00:00,1545.000,14.8,0,22425.3,210,44,measure
2026-09-11T00:28:44.423+00:00,1546.000,14.691,0,22425.3,210,44,measure
2026-09-11T00:28:45.424+00:00,1547.001,14.419,0,22425.3,210,44,measure
2026-09-11T00:28:46.426+00:00,1548.001,14.444,0,22425.3,210,44,measure
2026-09-11T00:28:47.423+00:00,1549.000,14.444,0,22425.3,210,44,measure
2026-09-11T00:28:48.425+00:00,1550.001,14.675,0,22425.3,210,44,measure
2026-09-11T00:28:49.428+00:00,1551.004,14.451,0,22425.3,210,44,measure
2026-09-11T00:28:50.430+00:00,1552.007,14.232,0,22425.3,210,43,measure
2026-09-11T00:28:51.424+00:00,1553.001,14.413,0,22425.3,210,43,measure
2026-09-11T00:28:52.423+00:00,1554.000,14.429,0,22425.3,210,43,measure
2026-09-11T00:28:53.427+00:00,1555.004,14.35,0,22425.3,210,43,measure
2026-09-11T00:28:54.424+00:00,1556.001,14.201,0,22425.3,210,43,measure
2026-09-11T00:28:55.429+00:00,1557.006,14.171,0,22425.3,210,43,measure
2026-09-11T00:28:56.423+00:00,1558.000,14.297,0,22425.3,210,43,measure
2026-09-11T00:28:57.425+00:00,1559.002,14.411,0,22425.3,210,43,measure
2026-09-11T00:28:58.429+00:00,1560.006,14.443,0,22425.3,210,43,measure
2026-09-11T00:28:59.425+00:00,1561.000,14.384,1,22425.3,210,43,measure
2026-09-11T00:29:00.427+00:00,1562.004,14.482,0,22425.3,210,42,measure
2026-09-11T00:29:01.428+00:00,1563.005,14.111,0,22425.3,210,42,measure
2026-09-11T00:29:02.424+00:00,1564.001,14.111,0,22425.3,210,42,measure
2026-09-11T00:29:03.425+00:00,1565.002,14.159,0,22425.3,210,42,measure
2026-09-11T00:29:04.423+00:00,1566.000,14.191,0,22425.3,210,42,measure
2026-09-11T00:29:05.427+00:00,1567.005,14.242,0,22425.3,210,42,measure
2026-09-11T00:29:06.431+00:00,1568.008,14.147,0,22425.3,210,42,measure
2026-09-11T00:29:07.424+00:00,1569.001,13.896,0,22425.3,210,42,measure
2026-09-11T00:29:08.424+00:00,1570.001,13.951,0,22425.3,210,42,measure
2026-09-11T00:29:09.423+00:00,1571.000,13.977,0,22425.3,210,42,measure
2026-09-11T00:29:10.423+00:00,1572.000,13.783,0,22425.3,210,42,measure
2026-09-11T00:29:11.424+00:00,1573.001,13.683,0,22425.3,210,42,measure
2026-09-11T00:29:12.427+00:00,1574.003,13.607,0,22425.3,210,41,measure
2026-09-11T00:29:13.429+00:00,1575.006,13.534,0,22425.3,210,41,measure
2026-09-11T00:29:11.940+00:00,1576.000,13.581,0,22425.3,210,41,measure
2026-09-11T00:29:12.940+00:00,1577.001,13.581,0,22425.3,210,41,measure
2026-09-11T00:29:13.939+00:00,1578.000,13.609,0,22425.3,210,41,measure
2026-09-11T00:29:14.940+00:00,1579.000,13.505,0,22425.3,210,41,measure
2026-09-11T00:29:15.940+00:00,1580.001,13.305,0,22425.3,210,41,measure
2026-09-11T00:29:16.940+00:00,1581.000,13.249,0,22425.3,210,41,measure
2026-09-11T00:29:17.940+00:00,1582.000,13.282,0,22425.3,210,41,measure
2026-09-11T00:29:18.939+00:00,1583.000,13.217,0,22425.3,210,41,measure
2026-09-11T00:29:19.941+00:00,1584.001,13.215,0,22425.3,210,41,measure
2026-09-11T00:29:20.946+00:00,1585.007,13.309,0,22425.3,210,41,measure
2026-09-11T00:29:21.942+00:00,1586.003,13.315,0,22425.3,210,41,measure
2026-09-11T00:29:22.942+00:00,1587.003,13.291,0,22425.3,210,41,measure
2026-09-11T00:29:23.945+00:00,1588.006,13.258,0,22425.3,210,41,measure
2026-09-11T00:29:24.942+00:00,1589.003,13.293,0,22425.3,210,41,measure
2026-09-11T00:29:25.942+00:00,1590.003,13.293,0,22425.3,210,41,measure
2026-09-11T00:29:26.940+00:00,1591.001,13.359,0,22425.3,210,41,measure
2026-09-11T00:29:27.940+00:00,1592.001,13.393,0,22425.3,210,41,measure
2026-09-11T00:29:28.946+00:00,1593.007,13.32,0,22425.3,210,41,measure
2026-09-11T00:29:29.943+00:00,1594.004,13.254,0,22425.3,210,41,measure
2026-09-11T00:29:30.940+00:00,1595.001,13.218,0,22425.3,210,41,measure
2026-09-11T00:29:31.942+00:00,1596.003,13.169,0,22425.3,210,41,measure
2026-09-11T00:29:32.941+00:00,1597.002,13.133,0,22425.3,210,41,measure
2026-09-11T00:29:33.944+00:00,1598.005,13.139,0,22425.3,210,41,measure
2026-09-11T00:29:34.939+00:00,1599.000,13.291,0,22425.3,210,41,measure
2026-09-11T00:29:35.943+00:00,1600.003,13.398,0,22425.3,210,41,measure
2026-09-11T00:29:36.947+00:00,1601.008,13.417,0,22425.3,210,41,measure
2026-09-11T00:29:37.941+00:00,1602.002,13.385,0,22425.3,210,41,measure
2026-09-11T00:29:38.944+00:00,1603.005,13.385,0,22425.3,210,41,measure
2026-09-11T00:29:39.947+00:00,1604.008,13.263,0,22425.3,210,41,measure
2026-09-11T00:29:40.941+00:00,1605.002,13.134,0,22425.3,210,41,measure
2026-09-11T00:29:41.939+00:00,1606.000,13.156,0,22425.3,210,41,measure
2026-09-11T00:29:42.941+00:00,1607.000,13.5,0,22425.3,210,41,measure
2026-09-11T00:29:41.446+00:00,1608.000,13.415,0,22425.3,210,41,measure
2026-09-11T00:29:42.505+00:00,1609.062,13.373,0,22425.3,210,41,measure
2026-09-11T00:29:43.484+00:00,1610.041,13.119,0,22425.3,210,41,measure
2026-09-11T00:29:44.444+00:00,1611.000,13.133,0,22425.3,210,41,measure
2026-09-11T00:29:45.447+00:00,1612.004,13.184,0,22425.3,210,41,measure
2026-09-11T00:29:46.447+00:00,1613.004,13.29,0,22425.3,210,41,measure
2026-09-11T00:29:47.446+00:00,1614.003,13.29,0,22425.3,210,41,measure
2026-09-11T00:29:48.450+00:00,1615.007,13.333,0,22425.3,210,41,measure
2026-09-11T00:29:49.446+00:00,1616.002,13.351,0,22425.3,210,41,measure
2026-09-11T00:29:50.445+00:00,1617.001,13.379,0,22425.3,210,42,measure
2026-09-11T00:29:51.450+00:00,1618.006,13.326,0,22425.3,210,42,measure
2026-09-11T00:29:52.445+00:00,1619.001,13.246,0,22425.3,210,42,measure
2026-09-11T00:29:53.447+00:00,1620.003,13.185,0,22425.3,210,42,measure
2026-09-11T00:29:54.449+00:00,1621.006,13.172,0,22425.3,210,42,measure
2026-09-11T00:29:55.444+00:00,1622.001,13.272,0,22425.3,210,42,measure
2026-09-11T00:29:56.450+00:00,1623.007,13.4,0,22425.3,210,42,measure
2026-09-11T00:29:57.444+00:00,1624.001,13.357,0,22425.3,210,42,measure
2026-09-11T00:29:58.446+00:00,1625.003,13.225,0,22425.3,210,42,measure
2026-09-11T00:29:59.449+00:00,1626.006,13.251,1,22425.3,210,42,measure
2026-09-11T00:30:00.445+00:00,1627.001,13.393,0,22425.3,210,42,measure
2026-09-11T00:30:01.443+00:00,1628.000,13.409,0,22425.3,210,42,measure
2026-09-11T00:30:02.445+00:00,1629.001,13.297,0,22425.3,210,42,measure
2026-09-11T00:30:03.444+00:00,1630.001,13.219,0,22425.3,210,42,measure
2026-09-11T00:30:04.444+00:00,1631.001,13.219,0,22425.3,210,42,measure
2026-09-11T00:30:05.449+00:00,1632.006,13.235,0,22425.3,210,42,measure
2026-09-11T00:30:06.444+00:00,1633.001,13.16,0,22425.3,210,42,measure
2026-09-11T00:30:07.446+00:00,1634.002,13.059,0,22425.3,210,42,measure
2026-09-11T00:30:08.448+00:00,1635.005,13,0,22425.3,210,42,measure
2026-09-11T00:30:09.444+00:00,1636.001,13.052,0,22425.3,210,42,measure
2026-09-11T00:30:10.449+00:00,1637.005,13.048,0,22425.3,210,42,measure
2026-09-11T00:30:11.443+00:00,1638.000,13,0,22425.3,210,42,measure
2026-09-11T00:30:12.449+00:00,1639.005,13.049,0,22425.3,210,42,measure
2026-09-11T00:30:10.950+00:00,1640.007,13.152,0,22425.3,210,42,measure
2026-09-11T00:30:12.026+00:00,1641.083,13.291,0,22425.3,210,42,measure
2026-09-11T00:30:12.989+00:00,1642.046,13.339,0,22425.3,210,42,measure
2026-09-11T00:30:13.946+00:00,1643.003,13.208,0,22425.3,210,42,measure
2026-09-11T00:30:14.950+00:00,1644.006,13.088,0,22425.3,210,42,measure
2026-09-11T00:30:15.943+00:00,1645.000,13.12,0,22425.3,210,42,measure
2026-09-11T00:30:16.948+00:00,1646.004,13.032,0,22425.3,210,42,measure
2026-09-11T00:30:17.950+00:00,1647.007,13.052,0,22425.3,210,42,measure
2026-09-11T00:30:18.944+00:00,1648.001,13.104,0,22425.3,210,42,measure
2026-09-11T00:30:19.949+00:00,1649.005,13.205,0,22425.3,210,42,measure
2026-09-11T00:30:20.944+00:00,1650.000,13.241,0,22425.3,210,42,measure
2026-09-11T00:30:21.946+00:00,1651.003,13.206,0,22425.3,210,42,measure
2026-09-11T00:30:22.945+00:00,1652.002,13.299,0,22425.3,210,42,measure
2026-09-11T00:30:23.950+00:00,1653.006,13.287,0,22425.3,210,42,measure
2026-09-11T00:30:24.947+00:00,1654.003,13.132,0,22425.3,210,42,measure
2026-09-11T00:30:25.949+00:00,1655.005,13.101,0,22425.3,210,42,measure
2026-09-11T00:30:26.944+00:00,1656.000,13.101,0,22425.3,210,42,measure
2026-09-11T00:30:27.944+00:00,1657.000,13.148,0,22425.3,210,42,measure
2026-09-11T00:30:28.944+00:00,1658.001,13.176,0,22425.3,210,42,measure
2026-09-11T00:30:29.944+00:00,1659.001,13.274,0,22425.3,210,42,measure
2026-09-11T00:30:30.948+00:00,1660.005,13.357,0,22425.3,210,42,measure
2026-09-11T00:30:31.948+00:00,1661.005,13.326,0,22425.3,210,42,measure
2026-09-11T00:30:32.947+00:00,1662.004,13.322,0,22425.3,210,42,measure
2026-09-11T00:30:33.949+00:00,1663.005,13.291,0,22425.3,210,42,measure
2026-09-11T00:30:34.944+00:00,1664.000,13.292,0,22425.3,210,42,measure
2026-09-11T00:30:35.946+00:00,1665.002,13.248,0,22425.3,210,42,measure
2026-09-11T00:30:36.948+00:00,1666.005,13.17,0,22425.3,210,42,measure
2026-09-11T00:30:37.950+00:00,1667.006,13.177,0,22425.3,210,42,measure
2026-09-11T00:30:38.944+00:00,1668.000,13.171,0,22425.3,210,42,measure
2026-09-11T00:30:39.964+00:00,1669.021,13.171,0,22425.3,210,42,measure
2026-09-11T00:30:40.945+00:00,1670.001,13.203,0,22425.3,210,42,measure
2026-09-11T00:30:41.949+00:00,1671.005,13.176,0,22425.3,210,42,measure
2026-09-11T00:30:42.951+00:00,1672.007,13.167,0,22425.3,210,42,measure
2026-09-11T00:30:41.446+00:00,1673.000,13.256,0,22425.3,210,42,measure
2026-09-11T00:30:42.445+00:00,1674.001,13.22,0,22425.3,210,42,measure
2026-09-11T00:30:43.444+00:00,1675.001,13.029,0,22425.3,210,42,measure
2026-09-11T00:30:44.445+00:00,1676.000,13.093,0,22425.3,210,42,measure
2026-09-11T00:30:45.445+00:00,1677.001,13.169,0,22425.3,210,42,measure
2026-09-11T00:30:46.450+00:00,1678.004,13.165,0,22425.3,210,42,measure
2026-09-11T00:30:47.444+00:00,1679.000,13.165,0,22425.3,210,42,measure
2026-09-11T00:30:48.445+00:00,1680.000,13.129,0,22425.3,210,42,measure
2026-09-11T00:30:49.444+00:00,1681.000,13.11,0,22425.3,210,42,measure
2026-09-11T00:30:50.444+00:00,1682.000,13.09,0,22425.3,210,42,measure
2026-09-11T00:30:51.445+00:00,1683.001,13.051,0,22425.3,210,42,measure
2026-09-11T00:30:52.447+00:00,1684.003,13.077,0,22425.3,210,42,measure
2026-09-11T00:30:53.445+00:00,1685.001,13.118,0,22425.3,210,42,measure
2026-09-11T00:30:54.447+00:00,1686.003,13.157,0,22425.3,210,42,measure
2026-09-11T00:30:55.449+00:00,1687.006,13.166,0,22425.3,210,42,measure
2026-09-11T00:30:56.452+00:00,1688.008,13.142,0,22425.3,210,42,measure
2026-09-11T00:30:57.447+00:00,1689.003,13.04,0,22425.3,210,42,measure
2026-09-11T00:30:58.450+00:00,1690.006,12.998,0,22425.3,210,42,measure
2026-09-11T00:30:59.447+00:00,1691.002,13.076,1,22425.3,210,42,measure
2026-09-11T00:31:00.451+00:00,1692.007,13.122,0,22425.3,210,42,measure
2026-09-11T00:31:01.445+00:00,1693.001,13.166,0,22425.3,210,42,measure
2026-09-11T00:31:02.449+00:00,1694.004,13.099,0,22425.3,210,42,measure
2026-09-11T00:31:03.451+00:00,1695.007,13.099,0,22425.3,210,42,measure
2026-09-11T00:31:04.444+00:00,1696.000,13.055,0,22425.3,210,42,measure
2026-09-11T00:31:05.446+00:00,1697.002,13.141,0,22425.3,210,42,measure
2026-09-11T00:31:06.444+00:00,1698.000,13.242,0,22425.3,210,42,measure
2026-09-11T00:31:07.448+00:00,1699.004,13.184,0,22425.3,210,42,measure
2026-09-11T00:31:08.445+00:00,1700.001,13.116,0,22425.3,210,42,measure
2026-09-11T00:31:09.444+00:00,1701.000,13.141,0,22425.3,210,42,measure
2026-09-11T00:31:10.445+00:00,1702.001,13.12,0,22425.3,210,42,measure
2026-09-11T00:31:11.451+00:00,1703.007,13.19,0,22425.3,210,42,measure
2026-09-11T00:31:12.446+00:00,1704.002,13.299,0,22425.3,210,42,measure
2026-09-11T00:31:10.949+00:00,1705.005,13.157,0,22425.3,210,42,measure
2026-09-11T00:31:11.987+00:00,1706.044,13.073,0,22425.3,210,42,measure
2026-09-11T00:31:13.023+00:00,1707.080,13.119,0,22425.3,210,42,measure
2026-09-11T00:31:13.954+00:00,1708.011,13.119,0,22425.3,210,42,measure
2026-09-11T00:31:14.951+00:00,1709.008,13.03,0,22425.3,210,42,measure
2026-09-11T00:31:15.944+00:00,1710.001,13.037,0,22425.3,210,42,measure
2026-09-11T00:31:16.948+00:00,1711.004,13.01,0,22425.3,210,42,measure
2026-09-11T00:31:17.950+00:00,1712.006,13.004,0,22425.3,210,42,measure
2026-09-11T00:31:18.944+00:00,1713.000,13.015,0,22425.3,210,42,measure
2026-09-11T00:31:19.946+00:00,1714.003,13.123,0,22425.3,210,42,measure
2026-09-11T00:31:20.949+00:00,1715.006,13.222,0,22425.3,210,42,measure
2026-09-11T00:31:21.944+00:00,1716.001,13.23,0,22425.3,210,42,measure
2026-09-11T00:31:22.946+00:00,1717.003,13.098,0,22425.3,210,42,measure
2026-09-11T00:31:23.949+00:00,1718.005,12.986,0,22425.3,210,42,measure
2026-09-11T00:31:24.950+00:00,1719.006,13.083,0,22425.3,210,42,measure
2026-09-11T00:31:25.962+00:00,1720.018,13.176,0,22425.3,210,42,measure
2026-09-11T00:31:27.001+00:00,1721.057,13.176,0,22425.3,210,42,measure
2026-09-11T00:31:27.982+00:00,1722.038,13.288,0,22425.3,210,42,measure
2026-09-11T00:31:29.023+00:00,1723.080,13.309,0,22425.3,210,42,measure
2026-09-11T00:31:30.020+00:00,1724.076,13.229,0,22425.3,210,42,measure
2026-09-11T00:31:31.017+00:00,1725.074,13.322,0,22425.3,210,42,measure
2026-09-11T00:31:31.948+00:00,1726.005,13.482,0,22425.3,210,42,measure
2026-09-11T00:31:32.944+00:00,1727.001,13.59,0,22425.3,210,42,measure
2026-09-11T00:31:33.943+00:00,1728.000,13.527,0,22425.3,210,42,measure
2026-09-11T00:31:34.944+00:00,1729.001,13.308,0,22425.3,210,42,measure
2026-09-11T00:31:35.944+00:00,1730.001,13.232,0,22425.3,210,42,measure
2026-09-11T00:31:36.944+00:00,1731.001,13.309,0,22425.3,210,42,measure
2026-09-11T00:31:37.944+00:00,1732.000,13.337,0,22425.3,210,42,measure
2026-09-11T00:31:38.944+00:00,1733.000,13.402,0,22425.3,210,42,measure
2026-09-11T00:31:39.944+00:00,1734.000,13.402,0,22425.3,210,42,measure
2026-09-11T00:31:40.944+00:00,1735.000,13.306,0,22425.3,210,42,measure
2026-09-11T00:31:41.944+00:00,1736.000,13.35,0,22425.3,210,42,measure
2026-09-11T00:31:42.944+00:00,1737.001,13.49,0,22425.3,210,42,measure
2026-09-11T00:31:41.442+00:00,1738.000,13.546,0,22425.3,210,42,measure
2026-09-11T00:31:42.440+00:00,1739.000,13.65,0,22425.3,210,42,measure
2026-09-11T00:31:43.470+00:00,1740.030,13.518,0,22425.3,210,42,measure
2026-09-11T00:31:44.440+00:00,1741.000,13.396,0,22425.3,210,42,measure
2026-09-11T00:31:45.441+00:00,1742.001,13.368,0,22425.3,210,42,measure
2026-09-11T00:31:46.440+00:00,1743.000,13.524,0,22425.3,210,42,measure
2026-09-11T00:31:47.440+00:00,1744.000,13.524,0,22425.3,210,42,measure
2026-09-11T00:31:48.440+00:00,1745.000,13.534,0,22425.3,210,43,measure
2026-09-11T00:31:49.441+00:00,1746.001,13.382,0,22425.3,210,43,measure
2026-09-11T00:31:50.441+00:00,1747.001,13.226,0,22425.3,210,43,measure
2026-09-11T00:31:51.442+00:00,1748.001,13.152,0,22425.3,210,43,measure
2026-09-11T00:31:52.440+00:00,1749.000,13.097,0,22425.3,210,43,measure
2026-09-11T00:31:53.443+00:00,1750.001,13.18,0,22425.3,210,43,measure
2026-09-11T00:31:54.441+00:00,1751.001,13.344,0,22425.3,210,43,measure
2026-09-11T00:31:55.442+00:00,1752.000,13.205,0,22425.3,210,43,measure
2026-09-11T00:31:56.443+00:00,1753.000,13.069,0,22425.3,210,43,measure
2026-09-11T00:31:57.441+00:00,1754.001,13.092,0,22425.3,210,43,measure
2026-09-11T00:31:58.457+00:00,1755.016,13.136,0,22425.3,210,43,measure
2026-09-11T00:31:59.448+00:00,1756.008,13.29,1,22425.3,210,43,measure
2026-09-11T00:32:00.446+00:00,1757.005,13.421,0,22425.3,210,43,measure
2026-09-11T00:32:01.440+00:00,1758.000,13.329,0,22425.3,210,43,measure
2026-09-11T00:32:02.446+00:00,1759.005,13.294,0,22425.3,210,43,measure
2026-09-11T00:32:03.444+00:00,1760.002,13.294,0,22425.3,210,43,measure
2026-09-11T00:32:04.442+00:00,1761.000,13.179,0,22425.3,210,43,measure
2026-09-11T00:32:05.442+00:00,1762.001,13.06,0,22425.3,210,43,measure
2026-09-11T00:32:06.441+00:00,1763.001,13.035,0,22425.3,210,43,measure
2026-09-11T00:32:07.441+00:00,1764.000,13.127,0,22425.3,210,43,measure
2026-09-11T00:32:08.442+00:00,1765.001,13.134,0,22425.3,210,43,measure
2026-09-11T00:32:09.441+00:00,1766.001,13.101,0,22425.3,210,43,measure
2026-09-11T00:32:10.441+00:00,1767.000,13.206,0,22425.3,210,43,measure
2026-09-11T00:32:11.440+00:00,1768.000,13.253,0,22425.3,210,43,measure
2026-09-11T00:32:12.442+00:00,1769.000,13.213,0,22425.3,210,43,measure
2026-09-11T00:32:10.964+00:00,1770.001,13.168,0,22425.3,210,43,measure
2026-09-11T00:32:11.964+00:00,1771.001,13.148,0,22425.3,210,43,measure
2026-09-11T00:32:12.990+00:00,1772.028,13.215,0,22425.3,210,43,measure
