timestamp_iso,t_s,power_w,util_gpu_pct,mem_used_mib,clocks_sm_mhz,temp_c,phase
2026-09-11T04:40:19.622+00:00,0.000,122.598,2,22571.8,2700,51,measure
2026-09-11T04:40:20.737+00:00,1.082,71.165,2,22571.8,750,51,measure
2026-09-11T04:40:21.622+00:00,2.002,48.575,5,22571.8,555,49,measure
2026-09-11T04:40:22.621+00:00,3.000,28.982,4,22571.8,390,48,measure
2026-09-11T04:40:23.621+00:00,4.000,23.92,4,22571.8,300,48,measure
2026-09-11T04:40:24.630+00:00,5.009,56.205,100,22571.8,2685,48,measure
2026-09-11T04:40:25.621+00:00,6.000,276.798,99,22571.8,2700,57,measure
2026-09-11T04:40:26.631+00:00,7.010,290.186,99,22570.5,2700,57,measure
2026-09-11T04:40:27.625+00:00,8.005,312.743,99,22570.5,2700,58,measure
2026-09-11T04:40:28.622+00:00,9.002,309.694,99,22570.5,2700,59,measure
2026-09-11T04:40:29.627+00:00,10.005,313.72,99,22570.5,2700,58,measure
2026-09-11T04:40:30.626+00:00,11.001,298.485,99,22570.5,2700,57,measure
2026-09-11T04:40:31.626+00:00,12.000,304.638,99,22571.5,2685,58,measure
2026-09-11T04:40:32.622+00:00,13.001,310.665,99,22571.5,2685,59,measure
2026-09-11T04:40:33.627+00:00,14.006,311.028,99,22554.5,2685,58,measure
2026-09-11T04:40:34.623+00:00,15.002,301.238,99,22570.5,2685,58,measure
2026-09-11T04:40:35.630+00:00,16.006,301.085,99,22570.5,2685,61,measure
2026-09-11T04:40:36.627+00:00,17.006,290.867,99,22570.5,2685,58,measure
2026-09-11T04:40:37.623+00:00,18.002,294.444,99,22570.5,2685,58,measure
2026-09-11T04:40:38.660+00:00,19.039,305.482,99,22570.5,2685,59,measure
2026-09-11T04:40:39.637+00:00,20.015,307.809,99,22570.5,2685,59,measure
2026-09-11T04:40:40.633+00:00,21.007,315.838,99,22570.5,2685,59,measure
2026-09-11T04:40:39.127+00:00,22.001,301.818,99,22570.5,2685,59,measure
2026-09-11T04:40:40.200+00:00,23.075,299.161,99,22570.5,2685,58,measure
2026-09-11T04:40:41.140+00:00,24.015,312.872,99,22570.5,2685,60,measure
2026-09-11T04:40:42.144+00:00,25.016,307.989,99,22570.5,2685,59,measure
2026-09-11T04:40:43.141+00:00,26.011,317.143,99,22570.5,2685,60,measure
2026-09-11T04:40:44.125+00:00,27.001,316.392,99,22570.5,2685,60,measure
2026-09-11T04:40:45.126+00:00,28.000,307.564,99,22570.5,2685,59,measure
2026-09-11T04:40:46.127+00:00,29.001,325.09,99,22570.5,2685,60,measure
2026-09-11T04:40:47.126+00:00,30.001,334.585,99,22554.5,2685,61,measure
2026-09-11T04:40:48.126+00:00,31.001,330.248,99,22554.5,2685,60,measure
2026-09-11T04:40:49.127+00:00,32.001,346.403,99,22570.5,2685,61,measure
2026-09-11T04:40:50.170+00:00,33.008,350.477,99,22570.5,2685,62,measure
2026-09-11T04:40:51.131+00:00,34.004,350.069,99,22570.5,2685,61,measure
2026-09-11T04:40:52.138+00:00,35.013,348.319,99,22570.5,2685,66,measure
2026-09-11T04:40:53.126+00:00,36.001,333.087,99,22554.5,2685,61,measure
2026-09-11T04:40:54.140+00:00,37.014,335.035,99,22570.5,2685,63,measure
2026-09-11T04:40:55.145+00:00,38.020,333.621,99,22570.5,2685,61,measure
2026-09-11T04:40:56.135+00:00,39.009,315.178,99,22554.5,2685,61,measure
2026-09-11T04:40:57.131+00:00,40.005,302.187,99,22570.5,2685,60,measure
2026-09-11T04:40:58.137+00:00,41.012,294.199,99,22570.5,2685,59,measure
2026-09-11T04:40:59.143+00:00,42.017,305.06,99,22570.5,2685,60,measure
2026-09-11T04:41:00.143+00:00,43.016,302.114,99,22570.5,2685,60,measure
2026-09-11T04:41:01.126+00:00,44.001,303.867,99,22570.5,2685,60,measure
2026-09-11T04:41:02.140+00:00,45.015,314.154,99,22570.5,2685,60,measure
2026-09-11T04:41:03.138+00:00,46.013,304.462,99,22570.5,2685,60,measure
2026-09-11T04:41:04.139+00:00,47.012,318.432,99,22570.5,2685,61,measure
2026-09-11T04:41:05.135+00:00,48.010,308.216,99,22570.5,2685,61,measure
2026-09-11T04:41:06.132+00:00,49.008,311.786,99,22570.5,2685,60,measure
2026-09-11T04:41:07.135+00:00,50.008,328.868,99,22570.5,2685,66,measure
2026-09-11T04:41:08.126+00:00,51.001,329.597,99,22570.5,2685,61,measure
2026-09-11T04:41:09.127+00:00,52.001,359.871,99,22570.5,2655,61,measure
2026-09-11T04:41:10.129+00:00,53.001,346.68,99,22570.5,2685,62,measure
2026-09-11T04:41:11.161+00:00,54.001,346.332,99,22570.5,2685,61,measure
2026-09-11T04:41:09.661+00:00,55.015,346.043,99,22570.5,2685,62,measure
2026-09-11T04:41:10.647+00:00,56.000,325.48,99,22570.5,2685,62,measure
2026-09-11T04:41:11.646+00:00,57.001,316.581,99,22570.5,2685,63,measure
2026-09-11T04:41:12.646+00:00,58.000,307.857,99,22570.5,2685,61,measure
2026-09-11T04:41:13.684+00:00,59.002,334.703,99,22554.5,2685,61,measure
2026-09-11T04:41:14.647+00:00,60.002,331.865,99,22570.5,2685,62,measure
2026-09-11T04:41:15.646+00:00,61.001,324.073,99,22570.5,2685,61,measure
2026-09-11T04:41:16.646+00:00,62.001,318.282,99,22570.5,2685,62,measure
2026-09-11T04:41:17.647+00:00,63.002,312.37,99,22570.5,2685,61,measure
2026-09-11T04:41:18.648+00:00,64.001,335.864,99,22570.5,2685,63,measure
2026-09-11T04:41:19.648+00:00,65.001,330.433,99,22570.5,2685,64,measure
2026-09-11T04:41:20.646+00:00,66.001,331.339,99,22570.5,2685,62,measure
2026-09-11T04:41:21.646+00:00,67.002,324.74,99,22554.5,2685,61,measure
2026-09-11T04:41:22.646+00:00,68.001,319.647,99,22554.5,2685,62,measure
2026-09-11T04:41:23.645+00:00,69.000,330.522,99,22554.5,2685,61,measure
2026-09-11T04:41:24.647+00:00,70.000,331.528,99,22554.5,2685,63,measure
2026-09-11T04:41:25.646+00:00,71.001,346.943,99,22554.5,2685,62,measure
2026-09-11T04:41:26.646+00:00,72.001,322.779,99,22570.5,2685,62,measure
2026-09-11T04:41:27.647+00:00,73.002,321.568,99,22570.5,2685,62,measure
2026-09-11T04:41:28.646+00:00,74.001,305.648,99,22570.5,2685,60,measure
2026-09-11T04:41:29.657+00:00,75.012,310.637,99,22570.5,2685,60,measure
2026-09-11T04:41:30.648+00:00,76.002,312.261,99,22554.5,2685,60,measure
2026-09-11T04:41:31.647+00:00,77.002,306.601,100,22570.5,2685,60,measure
2026-09-11T04:41:32.645+00:00,78.001,318.789,99,22570.5,2685,61,measure
2026-09-11T04:41:33.646+00:00,79.001,339.579,99,22570.5,2685,62,measure
2026-09-11T04:41:34.646+00:00,80.001,338.12,99,22570.5,2685,66,measure
2026-09-11T04:41:35.646+00:00,81.001,331.658,99,22554.5,2685,62,measure
2026-09-11T04:41:36.647+00:00,82.001,315.824,99,22570.5,2685,60,measure
2026-09-11T04:41:37.647+00:00,83.001,313.579,99,22570.5,2685,63,measure
2026-09-11T04:41:38.646+00:00,84.001,313.152,99,22570.5,2685,61,measure
2026-09-11T04:41:39.646+00:00,85.002,318.889,99,22570.5,2685,62,measure
2026-09-11T04:41:40.646+00:00,86.001,310.557,100,22570.5,2685,60,measure
2026-09-11T04:41:39.168+00:00,87.002,328.331,99,22570.5,2685,64,measure
2026-09-11T04:41:40.169+00:00,88.002,336.153,99,22570.5,2685,62,measure
2026-09-11T04:41:41.170+00:00,89.000,341.976,99,22570.5,2640,62,measure
2026-09-11T04:41:42.218+00:00,90.002,345.359,99,22570.5,2685,63,measure
2026-09-11T04:41:43.167+00:00,91.002,355.437,99,22570.5,2685,66,measure
2026-09-11T04:41:44.166+00:00,92.000,345.44,99,22570.5,2685,65,measure
2026-09-11T04:41:45.166+00:00,93.001,350.642,99,22570.5,2685,62,measure
2026-09-11T04:41:46.168+00:00,94.001,323.4,99,22570.5,2685,62,measure
2026-09-11T04:41:47.168+00:00,95.002,316.242,99,22570.5,2685,61,measure
2026-09-11T04:41:48.166+00:00,96.001,310.752,99,22562.5,2685,63,measure
2026-09-11T04:41:49.166+00:00,97.001,318.219,99,22570.5,2685,64,measure
2026-09-11T04:41:50.166+00:00,98.001,327.218,99,22570.5,2685,62,measure
2026-09-11T04:41:51.166+00:00,99.000,327.643,99,22570.5,2685,61,measure
2026-09-11T04:41:52.180+00:00,100.014,329.26,99,22570.5,2685,61,measure
2026-09-11T04:41:53.167+00:00,101.002,310.81,99,22570.5,2685,61,measure
2026-09-11T04:41:54.170+00:00,102.005,309.236,99,22570.5,2685,62,measure
2026-09-11T04:41:55.170+00:00,103.002,306.036,99,22570.5,2685,61,measure
2026-09-11T04:41:56.166+00:00,104.001,324.536,99,22570.5,2685,61,measure
2026-09-11T04:41:57.166+00:00,105.000,334.498,99,22570.5,2685,63,measure
2026-09-11T04:41:58.211+00:00,106.000,346.327,99,22570.5,2685,62,measure
2026-09-11T04:41:59.170+00:00,107.000,382.873,99,22570.5,2685,64,measure
2026-09-11T04:42:00.176+00:00,108.001,347.185,99,22570.5,2685,63,measure
2026-09-11T04:42:01.166+00:00,109.001,360.805,99,22555.5,2685,64,measure
2026-09-11T04:42:02.165+00:00,110.000,345.425,99,22570.5,2685,65,measure
2026-09-11T04:42:03.165+00:00,111.000,335.708,99,22554.5,2685,62,measure
2026-09-11T04:42:04.168+00:00,112.001,337.199,99,22570.5,2685,62,measure
2026-09-11T04:42:05.168+00:00,113.002,326.597,99,22570.5,2685,62,measure
2026-09-11T04:42:06.167+00:00,114.002,313.388,99,22570.5,2685,61,measure
2026-09-11T04:42:07.181+00:00,115.011,314.707,99,22570.5,2685,61,measure
2026-09-11T04:42:08.172+00:00,116.006,309.95,99,22567.5,2685,61,measure
2026-09-11T04:42:09.169+00:00,117.002,311.804,99,22567.5,2685,61,measure
2026-09-11T04:42:10.170+00:00,118.003,313.825,99,22567.5,2685,61,measure
2026-09-11T04:42:08.667+00:00,119.000,323.383,99,22567.5,2685,61,measure
2026-09-11T04:42:09.665+00:00,120.000,335.008,99,22567.5,2685,62,measure
2026-09-11T04:42:10.665+00:00,121.001,325.247,99,22567.5,2685,61,measure
2026-09-11T04:42:11.665+00:00,122.000,321.03,99,22568.5,2685,61,measure
2026-09-11T04:42:12.692+00:00,123.001,320.452,99,22568.5,2655,61,measure
2026-09-11T04:42:13.678+00:00,124.011,333.797,99,22568.5,2685,62,measure
2026-09-11T04:42:14.666+00:00,125.000,336.109,99,22553.5,2685,62,measure
2026-09-11T04:42:15.666+00:00,126.001,337.352,99,22575.5,2685,62,measure
2026-09-11T04:42:16.665+00:00,127.001,322.343,99,22569.5,2685,61,measure
2026-09-11T04:42:17.665+00:00,128.000,322.716,99,22569.5,2685,62,measure
2026-09-11T04:42:18.665+00:00,129.000,320.127,99,22569.5,2685,61,measure
2026-09-11T04:42:19.667+00:00,130.001,331.552,99,22569.5,2685,63,measure
2026-09-11T04:42:20.665+00:00,131.001,333.818,99,22569.5,2685,63,measure
2026-09-11T04:42:21.715+00:00,132.001,324.341,99,22569.5,2685,63,measure
2026-09-11T04:42:22.667+00:00,133.001,324.291,99,22569.5,2685,61,measure
2026-09-11T04:42:23.666+00:00,134.001,296.452,99,22569.5,2685,60,measure
2026-09-11T04:42:24.665+00:00,135.000,300.399,99,22569.5,2685,60,measure
2026-09-11T04:42:25.667+00:00,136.001,284.224,99,22569.5,2685,61,measure
2026-09-11T04:42:26.664+00:00,137.000,295.97,99,22569.5,2685,60,measure
2026-09-11T04:42:27.665+00:00,138.001,284.434,99,22568.5,2685,59,measure
2026-09-11T04:42:28.665+00:00,139.000,294.189,99,22568.5,2685,60,measure
2026-09-11T04:42:29.665+00:00,140.000,312.371,99,22568.5,2685,60,measure
2026-09-11T04:42:30.682+00:00,141.015,330.867,99,22568.5,2685,67,measure
2026-09-11T04:42:31.668+00:00,142.000,319.563,99,22568.5,2685,61,measure
2026-09-11T04:42:32.665+00:00,143.000,312.979,99,22568.5,2685,63,measure
2026-09-11T04:42:33.665+00:00,144.001,319.061,99,22568.5,2685,61,measure
2026-09-11T04:42:34.665+00:00,145.001,316.623,99,22568.5,2685,60,measure
2026-09-11T04:42:35.665+00:00,146.000,339.012,99,22568.5,2685,62,measure
2026-09-11T04:42:36.665+00:00,147.000,312.56,99,22554.5,2685,61,measure
2026-09-11T04:42:37.668+00:00,148.002,330.632,99,22553.5,2685,62,measure
2026-09-11T04:42:38.665+00:00,149.000,333.139,100,22553.5,2685,62,measure
2026-09-11T04:42:39.680+00:00,150.001,332.535,99,22553.5,2685,64,measure
2026-09-11T04:42:40.666+00:00,151.001,339.041,99,22568.5,2685,62,measure
2026-09-11T04:42:39.182+00:00,152.002,310.734,99,22568.5,2685,60,measure
2026-09-11T04:42:40.184+00:00,153.001,305.426,99,22567.5,2685,61,measure
2026-09-11T04:42:41.183+00:00,154.000,308.411,100,22554.5,2685,60,measure
2026-09-11T04:42:42.181+00:00,155.000,310.283,99,22567.5,2685,61,measure
2026-09-11T04:42:43.181+00:00,156.000,313.227,99,22554.5,2685,63,measure
2026-09-11T04:42:44.181+00:00,157.001,301.304,99,22568.5,2685,60,measure
2026-09-11T04:42:45.182+00:00,158.001,316.186,99,22568.5,2685,60,measure
2026-09-11T04:42:46.183+00:00,159.001,307.586,99,22568.5,2685,61,measure
2026-09-11T04:42:47.183+00:00,160.000,303.708,99,22568.5,2685,60,measure
2026-09-11T04:42:48.181+00:00,161.000,313.901,99,22568.5,2685,61,measure
2026-09-11T04:42:49.182+00:00,162.001,310.224,99,22568.5,2685,60,measure
2026-09-11T04:42:50.184+00:00,163.001,314.06,99,22553.5,2625,60,measure
2026-09-11T04:42:51.183+00:00,164.002,322.627,99,22553.5,2685,60,measure
2026-09-11T04:42:52.182+00:00,165.000,319.327,99,22553.5,2685,63,measure
2026-09-11T04:42:53.185+00:00,166.001,331.864,99,22553.5,2685,61,measure
2026-09-11T04:42:54.182+00:00,167.001,313.365,99,22553.5,2685,61,measure
2026-09-11T04:42:55.182+00:00,168.001,314.567,99,22568.5,2685,62,measure
2026-09-11T04:42:56.182+00:00,169.001,308.123,99,22568.5,2685,60,measure
2026-09-11T04:42:57.181+00:00,170.000,306.518,99,22553.5,2685,60,measure
2026-09-11T04:42:58.183+00:00,171.001,317.516,99,22568.5,2685,60,measure
2026-09-11T04:42:59.182+00:00,172.000,304.809,99,22553.5,2685,63,measure
2026-09-11T04:43:00.181+00:00,173.000,293.007,99,22553.5,2685,60,measure
2026-09-11T04:43:01.183+00:00,174.002,298.093,99,22553.5,2685,59,measure
2026-09-11T04:43:02.182+00:00,175.001,309.47,99,22522.6,2685,62,measure
2026-09-11T04:43:03.181+00:00,176.000,315.164,99,22494.6,2685,61,measure
2026-09-11T04:43:04.183+00:00,177.000,312.466,99,22521.5,2685,60,measure
2026-09-11T04:43:05.184+00:00,178.000,309.194,99,22554.2,2685,60,measure
2026-09-11T04:43:06.182+00:00,179.001,308.817,99,22520.4,2685,62,measure
2026-09-11T04:43:07.181+00:00,180.001,308.611,99,22537.3,2685,60,measure
2026-09-11T04:43:08.181+00:00,181.000,302.434,99,22537.3,2685,62,measure
2026-09-11T04:43:09.181+00:00,182.000,319.986,99,22520.4,2685,61,measure
2026-09-11T04:43:10.184+00:00,183.002,297.635,99,22542.1,2685,60,measure
2026-09-11T04:43:08.707+00:00,184.000,300.909,99,22516.8,2685,60,measure
2026-09-11T04:43:09.704+00:00,185.001,306.964,99,22552.8,2685,59,measure
2026-09-11T04:43:10.704+00:00,186.001,302.697,99,22585.6,2685,60,measure
2026-09-11T04:43:11.704+00:00,187.001,302.085,99,22592.5,2685,60,measure
2026-09-11T04:43:12.705+00:00,188.002,302.393,99,22596.1,2685,60,measure
2026-09-11T04:43:13.709+00:00,189.001,301.391,99,22715.2,2685,61,measure
2026-09-11T04:43:14.706+00:00,190.001,302.666,99,22652.3,2685,61,measure
2026-09-11T04:43:15.704+00:00,191.001,303.4,99,22669.2,2685,62,measure
2026-09-11T04:43:16.705+00:00,192.002,309.036,99,22652.3,2685,62,measure
2026-09-11T04:43:17.705+00:00,193.001,336.713,99,22669.2,2685,62,measure
2026-09-11T04:43:18.705+00:00,194.002,327.474,99,22652.3,2685,61,measure
2026-09-11T04:43:19.707+00:00,195.002,323.613,99,22693.7,2685,61,measure
2026-09-11T04:43:20.706+00:00,196.001,312.468,99,22698.4,2685,61,measure
2026-09-11T04:43:21.705+00:00,197.001,326.213,99,22694.4,2685,62,measure
2026-09-11T04:43:22.704+00:00,198.001,337.108,99,22694.4,2685,61,measure
2026-09-11T04:43:23.704+00:00,199.001,321.4,99,22701.5,2685,63,measure
2026-09-11T04:43:24.704+00:00,200.000,312.679,99,22673.8,2685,60,measure
2026-09-11T04:43:25.707+00:00,201.002,302.434,99,22665.4,2685,61,measure
2026-09-11T04:43:26.706+00:00,202.002,311.494,99,22657.4,2685,61,measure
2026-09-11T04:43:27.705+00:00,203.002,318.785,99,22657.4,2685,61,measure
2026-09-11T04:43:28.705+00:00,204.001,317.474,99,22609.4,2685,60,measure
2026-09-11T04:43:29.706+00:00,205.002,316.766,99,22609.4,2685,60,measure
2026-09-11T04:43:30.706+00:00,206.002,307.15,99,22635.3,2685,60,measure
2026-09-11T04:43:31.709+00:00,207.004,312.649,99,22635.3,2685,62,measure
2026-09-11T04:43:32.706+00:00,208.003,313.693,99,22629.7,2685,60,measure
2026-09-11T04:43:33.706+00:00,209.002,318.145,99,22629.7,2685,61,measure
2026-09-11T04:43:34.707+00:00,210.001,341.666,99,22612.8,2685,67,measure
2026-09-11T04:43:35.749+00:00,211.002,353.407,99,22654.2,2685,62,measure
2026-09-11T04:43:36.712+00:00,212.005,338.81,99,22651.8,2685,65,measure
2026-09-11T04:43:37.709+00:00,213.001,332.619,99,22634.9,2685,62,measure
2026-09-11T04:43:38.705+00:00,214.000,315.875,99,22651.8,2685,63,measure
2026-09-11T04:43:39.705+00:00,215.002,293.919,99,22651.8,2685,60,measure
2026-09-11T04:43:38.204+00:00,216.001,296.284,99,22643.8,2685,62,measure
2026-09-11T04:43:39.204+00:00,217.000,303.446,99,22643.8,2685,61,measure
2026-09-11T04:43:40.206+00:00,218.002,302.345,99,22651.8,2685,62,measure
2026-09-11T04:43:41.205+00:00,219.001,313.712,99,22651.8,2685,61,measure
2026-09-11T04:43:42.204+00:00,220.001,303.039,99,22651.8,2685,60,measure
2026-09-11T04:43:43.204+00:00,221.001,299.968,99,22651.8,2685,60,measure
2026-09-11T04:43:44.204+00:00,222.001,310.832,99,22667.3,2685,60,measure
2026-09-11T04:43:45.204+00:00,223.001,323.98,99,22661.3,2685,62,measure
2026-09-11T04:43:46.204+00:00,224.001,346.327,99,22661.3,2685,62,measure
2026-09-11T04:43:47.206+00:00,225.001,337.231,99,22629.3,2685,66,measure
2026-09-11T04:43:48.208+00:00,226.004,330.224,99,22626.9,2685,61,measure
2026-09-11T04:43:49.204+00:00,227.001,321.034,99,22643.8,2685,60,measure
2026-09-11T04:43:50.210+00:00,228.006,307.619,99,22626.9,2685,60,measure
2026-09-11T04:43:51.204+00:00,229.001,302.261,99,22643.8,2685,61,measure
2026-09-11T04:43:52.208+00:00,230.004,302.934,99,22626.9,2685,63,measure
2026-09-11T04:43:53.211+00:00,231.008,308.598,99,22635.3,2685,61,measure
2026-09-11T04:43:54.204+00:00,232.001,302.708,99,22626.9,2685,60,measure
2026-09-11T04:43:55.204+00:00,233.001,322.791,99,22626.9,2685,62,measure
2026-09-11T04:43:56.206+00:00,234.003,318.565,99,22635.3,2685,61,measure
2026-09-11T04:43:57.206+00:00,235.002,323.005,99,22626.9,2685,61,measure
2026-09-11T04:43:58.207+00:00,236.002,307.383,99,22635.3,2685,60,measure
2026-09-11T04:43:59.206+00:00,237.001,307.965,99,22626.9,2685,64,measure
2026-09-11T04:44:00.204+00:00,238.000,320.617,99,22643.8,2685,60,measure
2026-09-11T04:44:01.204+00:00,239.001,319.911,99,22635.3,2685,61,measure
2026-09-11T04:44:02.206+00:00,240.001,332.575,99,22643.8,2685,67,measure
2026-09-11T04:44:03.204+00:00,241.001,316.416,99,22643.8,2685,60,measure
2026-09-11T04:44:04.209+00:00,242.004,318.801,99,22626.9,2685,61,measure
2026-09-11T04:44:05.208+00:00,243.004,347.981,99,22610.9,2685,64,measure
2026-09-11T04:44:06.204+00:00,244.001,345.63,99,22634.9,2685,61,measure
2026-09-11T04:44:07.205+00:00,245.001,337.573,99,22634.9,2685,62,measure
2026-09-11T04:44:08.204+00:00,246.001,331.288,99,22634.9,2685,62,measure
2026-09-11T04:44:09.205+00:00,247.001,298.709,99,22634.9,2685,60,measure
2026-09-11T04:44:10.206+00:00,248.001,292.885,99,22650.2,2685,59,measure
2026-09-11T04:44:08.706+00:00,249.002,294.508,100,22650.2,2685,60,measure
2026-09-11T04:44:09.706+00:00,250.002,308.771,99,22641.8,2685,60,measure
2026-09-11T04:44:10.703+00:00,251.000,319.66,99,22655.8,2685,61,measure
2026-09-11T04:44:11.704+00:00,252.000,324.595,99,22686.1,2685,64,measure
2026-09-11T04:44:12.706+00:00,253.002,324.135,99,22634.1,2685,61,measure
2026-09-11T04:44:13.706+00:00,254.001,324.223,99,22634.1,2685,60,measure
2026-09-11T04:44:14.705+00:00,255.001,310.042,99,22624.4,2685,62,measure
2026-09-11T04:44:15.704+00:00,256.000,321.922,99,22618.4,2685,62,measure
2026-09-11T04:44:16.705+00:00,257.002,327.379,99,22633.4,2685,61,measure
2026-09-11T04:44:17.705+00:00,258.001,351.31,99,22632.4,2685,65,measure
2026-09-11T04:44:18.704+00:00,259.001,357.157,99,22632.4,2685,64,measure
2026-09-11T04:44:19.733+00:00,260.027,350.802,99,22633.4,2685,65,measure
2026-09-11T04:44:20.711+00:00,261.007,351.859,99,22633.4,2685,62,measure
2026-09-11T04:44:21.706+00:00,262.000,343.502,99,22633.4,2685,62,measure
2026-09-11T04:44:22.704+00:00,263.001,325.286,99,22641.4,2685,62,measure
2026-09-11T04:44:23.704+00:00,264.001,306.939,99,22651.4,2685,61,measure
2026-09-11T04:44:24.704+00:00,265.000,308.11,99,22648.4,2685,60,measure
2026-09-11T04:44:25.708+00:00,266.004,312.486,99,22648.4,2685,60,measure
2026-09-11T04:44:26.707+00:00,267.001,313.903,99,22634.4,2685,60,measure
2026-09-11T04:44:27.707+00:00,268.004,309.228,99,22665.4,2685,61,measure
2026-09-11T04:44:28.704+00:00,269.001,312.707,99,22659.4,2685,61,measure
2026-09-11T04:44:29.706+00:00,270.001,315.966,99,22659.4,2685,61,measure
2026-09-11T04:44:30.704+00:00,271.000,327.264,99,22660.4,2685,64,measure
2026-09-11T04:44:31.707+00:00,272.002,314.972,99,22660.4,2685,61,measure
2026-09-11T04:44:32.706+00:00,273.001,320.693,99,22660.4,2685,61,measure
2026-09-11T04:44:33.705+00:00,274.002,309.98,99,22660.4,2685,62,measure
2026-09-11T04:44:34.704+00:00,275.001,310.304,99,22660.4,2685,61,measure
2026-09-11T04:44:35.761+00:00,276.055,308.198,99,22660.4,2685,62,measure
2026-09-11T04:44:36.707+00:00,277.003,326.551,99,22660.4,2685,64,measure
2026-09-11T04:44:37.735+00:00,278.031,347.863,99,22660.4,2685,63,measure
2026-09-11T04:44:38.713+00:00,279.010,349.586,99,22642.4,2685,62,measure
2026-09-11T04:44:39.709+00:00,280.005,353.839,99,22642.4,2685,63,measure
2026-09-11T04:44:38.233+00:00,281.029,347.693,99,22652.4,2685,62,measure
2026-09-11T04:44:39.205+00:00,282.001,327.132,99,22652.4,2685,62,measure
2026-09-11T04:44:40.205+00:00,283.000,329.181,99,22652.4,2685,62,measure
2026-09-11T04:44:41.207+00:00,284.001,302.472,99,22652.4,2685,60,measure
2026-09-11T04:44:42.208+00:00,285.001,311.918,99,22613.9,2685,62,measure
2026-09-11T04:44:43.207+00:00,286.002,299.269,99,22605.4,2685,60,measure
2026-09-11T04:44:44.206+00:00,287.001,303.449,99,22605.4,2685,60,measure
2026-09-11T04:44:45.206+00:00,288.001,315.547,99,22605.4,2685,62,measure
2026-09-11T04:44:46.206+00:00,289.001,317.646,99,22605.4,2685,61,measure
2026-09-11T04:44:47.208+00:00,290.001,328.167,99,22638.5,2685,61,measure
2026-09-11T04:44:48.208+00:00,291.000,322.47,99,22662.3,2685,60,measure
2026-09-11T04:44:49.206+00:00,292.001,317.734,99,22663.8,2685,63,measure
2026-09-11T04:44:50.205+00:00,293.000,318.751,99,22676,2685,62,measure
2026-09-11T04:44:51.206+00:00,294.000,323.545,99,22672.7,2685,62,measure
2026-09-11T04:44:52.206+00:00,295.001,327.961,99,22672.7,2685,61,measure
2026-09-11T04:44:53.207+00:00,296.000,322.268,99,22670.7,2685,62,measure
2026-09-11T04:44:54.208+00:00,297.001,323.987,99,22670.7,2685,61,measure
2026-09-11T04:44:55.206+00:00,298.001,314.188,99,22665,2685,63,measure
2026-09-11T04:44:56.207+00:00,299.002,321.645,99,22653.8,2685,62,measure
2026-09-11T04:44:57.207+00:00,300.002,335.741,99,22661.6,2685,62,measure
2026-09-11T04:44:58.205+00:00,301.000,336.882,99,22657.6,2685,62,measure
2026-09-11T04:44:59.207+00:00,302.000,340.907,99,22659.6,2685,62,measure
2026-09-11T04:45:00.208+00:00,303.001,342.018,99,22659.6,2685,62,measure
2026-09-11T04:45:01.205+00:00,304.000,354.982,99,22659.6,2685,67,measure
2026-09-11T04:45:02.254+00:00,305.002,344.696,99,22659.6,2625,63,measure
2026-09-11T04:45:03.206+00:00,306.002,369.099,99,22659.6,2685,63,measure
2026-09-11T04:45:04.207+00:00,307.002,383.894,99,22659.6,2685,68,measure
2026-09-11T04:45:05.208+00:00,308.001,364.612,99,22596.8,2685,63,measure
2026-09-11T04:45:06.207+00:00,309.001,353.175,99,22596.8,2685,64,measure
2026-09-11T04:45:07.206+00:00,310.001,377.372,99,22596.8,2685,64,measure
2026-09-11T04:45:08.205+00:00,311.000,380.72,99,22595.4,2685,65,measure
2026-09-11T04:45:09.206+00:00,312.001,367.116,99,22595.4,2685,65,measure
2026-09-11T04:45:10.208+00:00,313.002,368.51,99,22595.4,2685,65,measure
2026-09-11T04:45:08.707+00:00,314.000,371.157,99,22595.4,2685,63,measure
2026-09-11T04:45:09.707+00:00,315.001,359.023,99,22595.4,2685,66,measure
2026-09-11T04:45:10.744+00:00,316.002,369.473,99,22595.4,2670,63,measure
2026-09-11T04:45:11.708+00:00,317.001,380.99,99,22595.4,2685,64,measure
2026-09-11T04:45:12.709+00:00,318.001,372.716,99,22595.4,2685,65,measure
2026-09-11T04:45:13.706+00:00,319.001,347.383,100,22595.4,2685,63,measure
2026-09-11T04:45:14.711+00:00,320.002,369.483,99,22595.4,2685,66,measure
2026-09-11T04:45:15.706+00:00,321.001,368.898,99,22595.4,2685,63,measure
2026-09-11T04:45:16.707+00:00,322.002,357.527,99,22595.4,2685,66,measure
2026-09-11T04:45:17.705+00:00,323.001,361.489,99,22595.4,2685,67,measure
2026-09-11T04:45:18.705+00:00,324.001,385.975,99,22595.4,2640,66,measure
2026-09-11T04:45:19.707+00:00,325.002,377.056,99,22595.4,2685,65,measure
2026-09-11T04:45:20.707+00:00,326.001,367.372,99,22595.4,2685,64,measure
2026-09-11T04:45:21.706+00:00,327.001,364.151,99,22600.5,2685,64,measure
2026-09-11T04:45:22.705+00:00,328.000,367.04,99,22623.6,2685,68,measure
2026-09-11T04:45:23.708+00:00,329.000,363.23,99,22636.6,2685,66,measure
2026-09-11T04:45:24.705+00:00,330.000,373.501,99,22636.6,2685,65,measure
2026-09-11T04:45:25.705+00:00,331.000,376.109,99,22637.2,2685,65,measure
2026-09-11T04:45:26.743+00:00,332.000,371.982,99,22637.2,2685,65,measure
2026-09-11T04:45:27.709+00:00,333.000,357.546,99,22648.1,2670,63,measure
2026-09-11T04:45:28.722+00:00,334.002,366.173,99,22648.1,2640,64,measure
2026-09-11T04:45:29.706+00:00,335.001,365.214,99,22648.1,2685,63,measure
2026-09-11T04:45:30.705+00:00,336.000,368.161,99,22648.1,2685,70,measure
2026-09-11T04:45:31.705+00:00,337.000,357.609,99,22648.1,2685,67,measure
2026-09-11T04:45:32.706+00:00,338.000,381.013,99,22648.1,2685,64,measure
2026-09-11T04:45:33.716+00:00,339.000,364.82,99,22648.1,2685,65,measure
2026-09-11T04:45:34.705+00:00,340.001,364.001,99,22650.2,2685,64,measure
2026-09-11T04:45:35.705+00:00,341.000,368.638,99,22671.1,2685,63,measure
2026-09-11T04:45:36.749+00:00,342.001,379.38,99,22671.1,2685,67,measure
2026-09-11T04:45:37.706+00:00,343.001,381.088,99,22669,2685,64,measure
2026-09-11T04:45:38.719+00:00,344.008,366.006,99,22669,2685,64,measure
2026-09-11T04:45:39.705+00:00,345.000,368.141,99,22669,2685,65,measure
2026-09-11T04:45:38.209+00:00,346.004,380.115,99,22669,2685,67,measure
2026-09-11T04:45:39.216+00:00,347.009,349.256,99,22658,2685,63,measure
2026-09-11T04:45:40.215+00:00,348.008,360.567,99,22672,2685,70,measure
2026-09-11T04:45:41.206+00:00,349.000,368.527,99,22665,2685,65,measure
2026-09-11T04:45:42.210+00:00,350.002,370.741,99,22660,2685,65,measure
2026-09-11T04:45:43.206+00:00,351.000,362.689,99,22660,2685,65,measure
2026-09-11T04:45:44.207+00:00,352.002,384.159,99,22662,2670,66,measure
2026-09-11T04:45:45.233+00:00,353.006,377.251,99,22662,2685,64,measure
2026-09-11T04:45:46.207+00:00,354.001,349.99,99,22662,2685,63,measure
2026-09-11T04:45:47.206+00:00,355.000,368.077,99,22678,2685,68,measure
2026-09-11T04:45:48.207+00:00,356.001,381.254,99,22678,2685,64,measure
2026-09-11T04:45:49.206+00:00,357.001,367.025,99,22678,2685,64,measure
2026-09-11T04:45:50.205+00:00,358.000,364.042,99,22678,2685,65,measure
2026-09-11T04:45:51.205+00:00,359.000,366.567,99,22607,2685,69,measure
2026-09-11T04:45:52.205+00:00,360.000,377.056,99,22668.2,2685,64,measure
2026-09-11T04:45:53.207+00:00,361.001,337.074,99,22664.8,2685,63,measure
2026-09-11T04:45:54.210+00:00,362.001,359.306,99,22653.4,2685,70,measure
2026-09-11T04:45:55.207+00:00,363.001,380.174,99,22653.1,2685,64,measure
2026-09-11T04:45:56.207+00:00,364.002,354.357,99,22657.8,2685,66,measure
2026-09-11T04:45:57.207+00:00,365.002,363.649,99,22657.5,2685,67,measure
2026-09-11T04:45:58.206+00:00,366.001,371.753,99,22658.5,2685,65,measure
2026-09-11T04:45:59.208+00:00,367.001,373.034,99,22648.5,2685,67,measure
2026-09-11T04:46:00.209+00:00,368.001,344.828,99,22657.2,2685,63,measure
2026-09-11T04:46:01.206+00:00,369.000,361.013,99,22685.5,2685,64,measure
2026-09-11T04:46:02.205+00:00,370.000,371.22,99,22702,2685,64,measure
2026-09-11T04:46:03.209+00:00,371.001,353.823,99,22706.1,2685,64,measure
2026-09-11T04:46:04.206+00:00,372.001,371.37,99,22708.8,2685,65,measure
2026-09-11T04:46:05.254+00:00,373.000,367.412,99,22710.8,2685,67,measure
2026-09-11T04:46:06.207+00:00,374.001,365.138,99,22710.8,2685,65,measure
2026-09-11T04:46:07.218+00:00,375.000,367.751,99,22710.8,2655,64,measure
2026-09-11T04:46:08.205+00:00,376.000,380.888,99,22650.8,2655,68,measure
2026-09-11T04:46:09.208+00:00,377.001,372.867,99,22650.8,2685,66,measure
2026-09-11T04:46:10.205+00:00,378.000,356.684,99,22648,2685,69,measure
2026-09-11T04:46:08.744+00:00,379.000,363.656,99,22648,2685,64,measure
2026-09-11T04:46:09.729+00:00,380.001,380.538,99,22648,2655,67,measure
2026-09-11T04:46:10.705+00:00,381.001,360.605,99,22652,2685,66,measure
2026-09-11T04:46:11.704+00:00,382.000,344.68,99,22641.8,2640,66,measure
2026-09-11T04:46:12.704+00:00,383.001,372.314,99,22641.8,2685,68,measure
2026-09-11T04:46:13.747+00:00,384.000,369.729,99,22643.4,2685,63,measure
2026-09-11T04:46:14.705+00:00,385.000,364.42,99,22641.1,2685,64,measure
2026-09-11T04:46:15.705+00:00,386.000,370.801,99,22636.1,2685,65,measure
2026-09-11T04:46:16.704+00:00,387.000,380.552,99,22627.6,2685,68,measure
2026-09-11T04:46:17.704+00:00,388.000,367.967,99,22625.6,2685,64,measure
2026-09-11T04:46:18.752+00:00,389.000,363.942,99,22625.6,2685,64,measure
2026-09-11T04:46:19.726+00:00,390.000,376.189,99,22614.9,2685,66,measure
2026-09-11T04:46:20.706+00:00,391.001,379.766,99,22641.1,2685,70,measure
2026-09-11T04:46:21.707+00:00,392.000,358.276,99,22647.4,2685,64,measure
2026-09-11T04:46:22.705+00:00,393.001,344.397,99,22629.2,2685,64,measure
2026-09-11T04:46:23.704+00:00,394.000,384.006,99,22652.2,2685,66,measure
2026-09-11T04:46:24.738+00:00,395.000,376.901,99,22649.2,2685,67,measure
2026-09-11T04:46:25.704+00:00,396.001,360.53,99,22649.2,2685,68,measure
2026-09-11T04:46:26.706+00:00,397.000,372.357,99,22629.2,2685,66,measure
2026-09-11T04:46:27.708+00:00,398.002,384.396,99,22629.2,2685,66,measure
2026-09-11T04:46:28.704+00:00,399.001,365.014,99,22641.2,2685,64,measure
2026-09-11T04:46:29.734+00:00,400.000,365.629,99,22600.8,2685,66,measure
2026-09-11T04:46:30.705+00:00,401.001,373.731,99,22600.8,2685,69,measure
2026-09-11T04:46:31.705+00:00,402.001,386.552,99,22600.8,2685,64,measure
2026-09-11T04:46:32.707+00:00,403.002,355.139,99,22600.8,2685,64,measure
2026-09-11T04:46:33.707+00:00,404.001,366.91,99,22628.8,2685,67,measure
2026-09-11T04:46:34.704+00:00,405.001,363.156,99,22628.8,2685,64,measure
2026-09-11T04:46:35.704+00:00,406.001,362.669,99,22643.8,2685,64,measure
2026-09-11T04:46:36.705+00:00,407.001,356.357,99,22643.8,2610,66,measure
2026-09-11T04:46:37.704+00:00,408.001,377.083,99,22640.8,2685,66,measure
2026-09-11T04:46:38.708+00:00,409.001,373.344,99,22643.8,2685,64,measure
2026-09-11T04:46:39.706+00:00,410.001,357.404,99,22639.8,2685,65,measure
2026-09-11T04:46:38.224+00:00,411.002,370.305,99,22639.8,2685,69,measure
2026-09-11T04:46:39.199+00:00,412.002,369.525,99,22639.8,2685,67,measure
2026-09-11T04:46:40.193+00:00,413.001,362.524,99,22607.6,2685,64,measure
2026-09-11T04:46:41.195+00:00,414.002,367.106,99,22607.6,2670,67,measure
2026-09-11T04:46:42.194+00:00,415.001,375.978,99,22607.6,2685,66,measure
2026-09-11T04:46:43.194+00:00,416.001,372.1,99,22607.6,2685,64,measure
2026-09-11T04:46:44.209+00:00,417.000,357.025,99,22607.6,2685,66,measure
2026-09-11T04:46:45.193+00:00,418.001,366.689,99,22610.9,2685,63,measure
2026-09-11T04:46:46.193+00:00,419.001,374.011,99,22610.9,2685,64,measure
2026-09-11T04:46:47.193+00:00,420.002,368.742,99,22610.9,2685,65,measure
2026-09-11T04:46:48.194+00:00,421.001,373.991,99,22612.9,2685,69,measure
2026-09-11T04:46:49.197+00:00,422.005,360.854,99,22646.9,2685,64,measure
2026-09-11T04:46:50.201+00:00,423.002,375.645,99,22711.1,2685,66,measure
2026-09-11T04:46:51.192+00:00,424.000,366.211,99,22711.1,2685,64,measure
2026-09-11T04:46:52.192+00:00,425.001,367.599,99,22712.9,2685,64,measure
2026-09-11T04:46:53.192+00:00,426.000,364.748,99,22705.9,2685,64,measure
2026-09-11T04:46:54.198+00:00,427.001,361.659,99,22705.9,2685,64,measure
2026-09-11T04:46:55.193+00:00,428.000,374.407,99,22623.9,2685,66,measure
2026-09-11T04:46:56.192+00:00,429.000,367.53,99,22623.9,2685,65,measure
2026-09-11T04:46:57.192+00:00,430.000,373.446,99,22623.9,2685,68,measure
2026-09-11T04:46:58.192+00:00,431.001,369.73,99,22623.9,2685,64,measure
2026-09-11T04:46:59.194+00:00,432.001,372.484,99,22622.2,2640,65,measure
2026-09-11T04:47:00.195+00:00,433.002,379.395,99,22622.2,2685,65,measure
2026-09-11T04:47:01.193+00:00,434.001,359.257,99,22624.4,2685,64,measure
2026-09-11T04:47:02.192+00:00,435.001,357.059,99,22640.1,2685,67,measure
2026-09-11T04:47:03.194+00:00,436.002,379.874,99,22620.7,2685,68,measure
2026-09-11T04:47:04.193+00:00,437.000,369.639,99,22635.6,2685,69,measure
2026-09-11T04:47:05.193+00:00,438.001,357.784,99,22636.9,2685,63,measure
2026-09-11T04:47:06.194+00:00,439.001,363.954,99,22654.5,2685,64,measure
2026-09-11T04:47:07.197+00:00,440.005,364.84,99,22629.2,2685,67,measure
2026-09-11T04:47:08.242+00:00,441.003,372.799,99,22660.7,2685,68,measure
2026-09-11T04:47:09.227+00:00,442.002,365.979,99,22660.7,2685,64,measure
2026-09-11T04:47:10.193+00:00,443.001,384.984,99,22660.7,2685,66,measure
2026-09-11T04:47:08.707+00:00,444.002,357.191,99,22660.5,2685,64,measure
2026-09-11T04:47:09.713+00:00,445.009,364.287,99,22662.5,2685,64,measure
2026-09-11T04:47:10.705+00:00,446.001,358.062,99,22642.1,2685,68,measure
2026-09-11T04:47:11.708+00:00,447.004,371.793,99,22642.1,2685,67,measure
2026-09-11T04:47:12.705+00:00,448.001,365.195,99,22642.1,2685,67,measure
2026-09-11T04:47:13.718+00:00,449.015,361.547,99,22618.8,2685,68,measure
2026-09-11T04:47:14.709+00:00,450.004,366.684,99,22627.3,2685,65,measure
2026-09-11T04:47:15.712+00:00,451.008,380.12,99,22618.8,2685,65,measure
2026-09-11T04:47:16.707+00:00,452.001,357.181,99,22633.8,2685,64,measure
2026-09-11T04:47:17.704+00:00,453.000,372.592,99,22639.8,2685,64,measure
2026-09-11T04:47:18.707+00:00,454.001,375.291,99,22627,2685,65,measure
2026-09-11T04:47:19.704+00:00,455.000,377.25,99,22627,2685,65,measure
2026-09-11T04:47:20.704+00:00,456.000,363.809,99,22641,2685,64,measure
2026-09-11T04:47:21.742+00:00,457.001,367.749,99,22641,2670,63,measure
2026-09-11T04:47:22.738+00:00,458.001,377.67,99,22642,2685,64,measure
2026-09-11T04:47:23.706+00:00,459.002,373.329,99,22642,2685,67,measure
2026-09-11T04:47:24.704+00:00,460.000,370.386,99,22642,2685,64,measure
2026-09-11T04:47:25.704+00:00,461.001,354.375,99,22635.4,2685,65,measure
2026-09-11T04:47:26.746+00:00,462.000,367.534,99,22635.1,2685,64,measure
2026-09-11T04:47:27.708+00:00,463.003,378.198,99,22618.2,2685,70,measure
2026-09-11T04:47:28.726+00:00,464.001,371.473,99,22628.8,2685,68,measure
2026-09-11T04:47:29.704+00:00,465.000,368.763,99,22624.4,2685,64,measure
2026-09-11T04:47:30.704+00:00,466.000,370.449,99,22652.7,2685,65,measure
2026-09-11T04:47:31.705+00:00,467.001,358.823,99,22631.5,2685,64,measure
2026-09-11T04:47:32.705+00:00,468.000,361.032,99,22628.8,2685,65,measure
2026-09-11T04:47:33.721+00:00,469.000,379.498,99,22643.2,2685,69,measure
2026-09-11T04:47:34.704+00:00,470.000,371.592,99,22643.2,2685,69,measure
2026-09-11T04:47:35.704+00:00,471.000,346.264,99,22664.6,2685,63,measure
2026-09-11T04:47:36.750+00:00,472.000,373.748,99,22656.6,2685,64,measure
2026-09-11T04:47:37.704+00:00,473.000,382.946,99,22656.6,2685,67,measure
2026-09-11T04:47:38.706+00:00,474.001,362.607,99,22654.5,2685,63,measure
2026-09-11T04:47:39.706+00:00,475.001,364.527,99,22671.5,2685,65,measure
2026-09-11T04:47:38.204+00:00,476.000,368.042,99,22654.5,2685,64,measure
2026-09-11T04:47:39.204+00:00,477.001,373.986,99,22654.5,2685,64,measure
2026-09-11T04:47:40.204+00:00,478.000,360.617,99,22648.5,2685,67,measure
2026-09-11T04:47:41.205+00:00,479.001,358.282,99,22655.5,2685,63,measure
2026-09-11T04:47:42.206+00:00,480.001,385.475,99,22655.5,2685,65,measure
2026-09-11T04:47:43.206+00:00,481.000,373.434,99,22655.5,2685,68,measure
2026-09-11T04:47:44.204+00:00,482.001,354.913,99,22621,2685,65,measure
2026-09-11T04:47:45.204+00:00,483.001,359.268,99,22621.4,2685,68,measure
2026-09-11T04:47:46.206+00:00,484.000,390.998,99,22621.4,2685,64,measure
2026-09-11T04:47:47.204+00:00,485.000,356.141,99,22624.4,2640,64,measure
2026-09-11T04:47:48.205+00:00,486.000,359.843,99,22624.4,2685,65,measure
2026-09-11T04:47:49.208+00:00,487.001,385.306,99,22624.4,2685,65,measure
2026-09-11T04:47:50.256+00:00,488.000,381.258,99,22624.4,2685,64,measure
2026-09-11T04:47:51.240+00:00,489.001,367.123,99,22624.4,2685,66,measure
2026-09-11T04:47:52.204+00:00,490.000,366.352,99,22624.4,2685,64,measure
2026-09-11T04:47:53.212+00:00,491.007,375.851,99,22624.4,2685,64,measure
2026-09-11T04:47:54.206+00:00,492.001,363.928,99,22624.4,2685,65,measure
2026-09-11T04:47:55.261+00:00,493.004,354.874,99,22624.5,2685,64,measure
2026-09-11T04:47:56.237+00:00,494.015,366.165,99,22627.5,2685,66,measure
2026-09-11T04:47:57.210+00:00,495.006,373.154,99,22627.5,2685,63,measure
2026-09-11T04:47:58.210+00:00,496.006,376.222,99,22627.5,2685,64,measure
2026-09-11T04:47:59.215+00:00,497.001,367.565,99,22627.5,2670,64,measure
2026-09-11T04:48:00.206+00:00,498.001,374.113,99,22627.5,2685,68,measure
2026-09-11T04:48:01.206+00:00,499.002,365.815,99,22627.5,2685,66,measure
2026-09-11T04:48:02.237+00:00,500.001,363.154,99,22627.5,2685,66,measure
2026-09-11T04:48:03.205+00:00,501.001,372.681,99,22627.5,2685,68,measure
2026-09-11T04:48:04.204+00:00,502.000,384.999,99,22629.1,2685,69,measure
2026-09-11T04:48:05.207+00:00,503.003,379.208,99,22657.8,2685,66,measure
2026-09-11T04:48:06.245+00:00,504.003,352.935,99,22644.5,2685,68,measure
2026-09-11T04:48:07.206+00:00,505.001,362.264,99,22644.5,2685,67,measure
2026-09-11T04:48:08.215+00:00,506.001,381.926,99,22644.5,2685,68,measure
2026-09-11T04:48:09.205+00:00,507.001,364.903,99,22644.5,2685,65,measure
2026-09-11T04:48:10.204+00:00,508.000,374.565,99,22644.5,2670,69,measure
2026-09-11T04:48:08.750+00:00,509.000,384.341,99,22644.5,2685,68,measure
2026-09-11T04:48:09.707+00:00,510.000,363.335,99,22659.5,2685,65,measure
2026-09-11T04:48:10.708+00:00,511.001,354.684,99,22658.5,2685,64,measure
2026-09-11T04:48:11.706+00:00,512.000,378.188,99,22658.5,2685,67,measure
2026-09-11T04:48:12.707+00:00,513.002,380.541,99,22658.5,2685,66,measure
2026-09-11T04:48:13.723+00:00,514.018,359.579,99,22659.5,2685,64,measure
2026-09-11T04:48:14.750+00:00,515.014,380.63,99,22659.5,2685,68,measure
2026-09-11T04:48:15.711+00:00,516.006,376.663,99,22659.5,2685,65,measure
2026-09-11T04:48:16.718+00:00,517.006,374.435,99,22659.5,2685,67,measure
2026-09-11T04:48:17.710+00:00,518.004,361.59,99,22659.5,2685,67,measure
2026-09-11T04:48:18.706+00:00,519.000,376.716,99,22647.5,2685,64,measure
2026-09-11T04:48:19.706+00:00,520.001,373.009,99,22615.5,2685,69,measure
2026-09-11T04:48:20.706+00:00,521.001,362.786,99,22615.1,2685,64,measure
2026-09-11T04:48:21.722+00:00,522.000,365.769,99,22624.1,2685,67,measure
2026-09-11T04:48:22.707+00:00,523.001,367.543,99,22624.1,2685,68,measure
2026-09-11T04:48:23.707+00:00,524.001,366.827,99,22651.1,2685,64,measure
2026-09-11T04:48:24.706+00:00,525.001,356.182,99,22645.1,2685,64,measure
2026-09-11T04:48:25.732+00:00,526.002,362.921,99,22659.1,2685,67,measure
2026-09-11T04:48:26.706+00:00,527.001,370.844,99,22665.3,2685,69,measure
2026-09-11T04:48:27.708+00:00,528.001,357.846,99,22745.6,2670,64,measure
2026-09-11T04:48:28.710+00:00,529.001,361.103,99,22759.5,2685,66,measure
2026-09-11T04:48:29.712+00:00,530.000,374.884,99,22751.1,2640,63,measure
2026-09-11T04:48:30.710+00:00,531.002,372.452,99,22751.1,2685,64,measure
2026-09-11T04:48:31.728+00:00,532.000,345.856,99,22823.7,2685,64,measure
2026-09-11T04:48:32.708+00:00,533.002,361.57,99,22731.1,2685,70,measure
2026-09-11T04:48:33.711+00:00,534.001,384.68,99,22714.2,2685,65,measure
2026-09-11T04:48:34.708+00:00,535.002,364.795,99,22714.2,2685,65,measure
2026-09-11T04:48:35.706+00:00,536.001,362.613,99,22714.2,2670,67,measure
2026-09-11T04:48:36.706+00:00,537.000,379.445,99,22714.2,2685,66,measure
2026-09-11T04:48:37.710+00:00,538.000,381.471,99,22657.2,2685,64,measure
2026-09-11T04:48:38.707+00:00,539.000,369.925,99,22657.2,2685,66,measure
2026-09-11T04:48:39.711+00:00,540.001,372.908,99,22659.2,2640,65,measure
2026-09-11T04:48:38.222+00:00,541.001,386.963,99,22659.2,2685,68,measure
2026-09-11T04:48:39.221+00:00,542.001,368.385,99,22674.5,2685,67,measure
2026-09-11T04:48:40.221+00:00,543.001,364.224,99,22674.5,2685,64,measure
2026-09-11T04:48:41.221+00:00,544.001,385.756,99,22674.5,2685,69,measure
2026-09-11T04:48:42.221+00:00,545.000,368.32,99,22674.5,2685,64,measure
2026-09-11T04:48:43.222+00:00,546.000,372.635,99,22674.5,2685,65,measure
2026-09-11T04:48:44.224+00:00,547.001,376.462,99,22657.6,2685,64,measure
2026-09-11T04:48:45.221+00:00,548.001,366.791,99,22654.9,2685,65,measure
2026-09-11T04:48:46.226+00:00,549.006,369.574,99,22654.9,2685,64,measure
2026-09-11T04:48:47.290+00:00,550.010,343.534,99,22661.4,2685,64,measure
2026-09-11T04:48:48.221+00:00,551.001,376.565,99,22661.4,2685,64,measure
2026-09-11T04:48:49.222+00:00,552.000,359.388,99,22640.4,2685,66,measure
2026-09-11T04:48:50.235+00:00,553.001,363.707,99,22653.4,2685,64,measure
2026-09-11T04:48:51.220+00:00,554.000,364.073,99,22640.4,2655,67,measure
2026-09-11T04:48:52.221+00:00,555.001,374.23,99,22661.2,2685,67,measure
2026-09-11T04:48:53.221+00:00,556.000,368.606,99,22676.9,2685,64,measure
2026-09-11T04:48:54.228+00:00,557.006,352.911,99,22720,2685,64,measure
2026-09-11T04:48:55.231+00:00,558.001,362.118,99,22759,2685,65,measure
2026-09-11T04:48:56.223+00:00,559.001,357.119,99,22736.7,2685,64,measure
2026-09-11T04:48:57.221+00:00,560.001,366.772,99,22681.5,2685,66,measure
2026-09-11T04:48:58.223+00:00,561.001,364.645,99,22681.5,2685,67,measure
2026-09-11T04:48:59.222+00:00,562.002,370.465,99,22622.5,2685,68,measure
2026-09-11T04:49:00.221+00:00,563.000,365.057,99,22591.9,2685,70,measure
2026-09-11T04:49:01.222+00:00,564.000,365.884,99,22591.9,2685,64,measure
2026-09-11T04:49:02.222+00:00,565.000,366.35,99,22591.9,2670,64,measure
2026-09-11T04:49:03.220+00:00,566.000,360.763,99,22563.1,2685,65,measure
2026-09-11T04:49:04.220+00:00,567.000,372.213,99,22600.6,2685,65,measure
2026-09-11T04:49:05.245+00:00,568.000,353.621,99,22601.5,2685,66,measure
2026-09-11T04:49:06.220+00:00,569.000,380.528,99,22576.2,2685,70,measure
2026-09-11T04:49:07.223+00:00,570.001,371.651,99,22576.2,2670,66,measure
2026-09-11T04:49:08.221+00:00,571.001,370.439,99,22602.7,2685,66,measure
2026-09-11T04:49:09.271+00:00,572.002,357.635,99,22626,2685,64,measure
2026-09-11T04:49:10.254+00:00,573.000,370.463,99,22588,2685,65,measure
2026-09-11T04:49:08.723+00:00,574.000,370.445,99,22584.6,2685,64,measure
2026-09-11T04:49:09.725+00:00,575.000,355.549,99,22598.7,2685,65,measure
2026-09-11T04:49:10.725+00:00,576.000,355.593,99,22597.1,2685,68,measure
2026-09-11T04:49:11.724+00:00,577.001,378.314,99,22565.2,2685,67,measure
2026-09-11T04:49:12.754+00:00,578.000,363.403,99,22565.3,2685,64,measure
2026-09-11T04:49:13.724+00:00,579.000,365.787,99,22565.3,2655,64,measure
2026-09-11T04:49:14.727+00:00,580.001,378.047,99,22572.5,2685,67,measure
2026-09-11T04:49:15.724+00:00,581.000,364.889,99,22572.5,2685,64,measure
2026-09-11T04:49:16.727+00:00,582.001,358.35,99,22572.5,2685,66,measure
2026-09-11T04:49:17.759+00:00,583.001,366.606,99,22572.5,2685,66,measure
2026-09-11T04:49:18.752+00:00,584.001,369.884,99,22507.7,2685,64,measure
2026-09-11T04:49:19.724+00:00,585.001,344.489,99,22507.7,2685,65,measure
2026-09-11T04:49:20.726+00:00,586.000,359.202,99,22507.7,2685,67,measure
2026-09-11T04:49:21.725+00:00,587.001,375.092,99,22509.9,2685,66,measure
2026-09-11T04:49:22.725+00:00,588.000,348.427,99,22507.7,2685,69,measure
2026-09-11T04:49:23.724+00:00,589.001,349.515,99,22496.6,2685,65,measure
2026-09-11T04:49:24.732+00:00,590.000,372.369,99,22495.2,2640,66,measure
2026-09-11T04:49:25.726+00:00,591.001,368.496,99,22494.3,2685,63,measure
2026-09-11T04:49:26.724+00:00,592.000,352.182,99,22653.5,2685,64,measure
2026-09-11T04:49:27.765+00:00,593.001,363.914,99,22717.4,2685,65,measure
2026-09-11T04:49:28.727+00:00,594.000,367.656,99,22734.1,2685,65,measure
2026-09-11T04:49:29.727+00:00,595.003,352.411,99,22697.1,2685,65,measure
2026-09-11T04:49:30.724+00:00,596.000,353,99,22584.8,2685,64,measure
2026-09-11T04:49:31.723+00:00,597.000,355.728,99,22607.8,2685,68,measure
2026-09-11T04:49:32.774+00:00,598.000,364.217,99,22606.9,2685,67,measure
2026-09-11T04:49:33.725+00:00,599.000,379.259,99,22606.3,2685,67,measure
2026-09-11T04:49:34.739+00:00,600.001,359.176,99,22591.7,2685,65,measure
2026-09-11T04:49:35.731+00:00,601.000,364.553,99,22576.6,2685,66,measure
2026-09-11T04:49:36.727+00:00,602.004,369.775,99,22566.5,2685,65,measure
2026-09-11T04:49:37.724+00:00,603.001,382.051,99,22564.1,2685,66,measure
2026-09-11T04:49:38.723+00:00,604.000,363.648,99,22538.8,2685,68,measure
2026-09-11T04:49:39.729+00:00,605.006,348.399,99,22534.7,2685,63,measure
2026-09-11T04:49:38.256+00:00,606.000,340.875,99,22534.7,2685,63,measure
2026-09-11T04:49:39.254+00:00,607.001,348.116,99,22616.1,2685,64,measure
2026-09-11T04:49:40.254+00:00,608.000,327.253,99,22624.6,2685,63,measure
2026-09-11T04:49:41.254+00:00,609.001,327.461,99,22624.4,2685,64,measure
2026-09-11T04:49:42.254+00:00,610.001,316.826,99,22627.4,2685,62,measure
2026-09-11T04:49:43.256+00:00,611.000,311.043,99,22615.1,2685,61,measure
2026-09-11T04:49:44.256+00:00,612.000,314.646,99,22613.5,2685,62,measure
2026-09-11T04:49:45.254+00:00,613.001,306.32,99,22608.2,2685,64,measure
2026-09-11T04:49:46.260+00:00,614.006,311.53,99,22614,2685,61,measure
2026-09-11T04:49:47.257+00:00,615.002,315.675,99,22682.8,2685,64,measure
2026-09-11T04:49:48.255+00:00,616.001,303.422,99,22687.9,2685,61,measure
2026-09-11T04:49:49.256+00:00,617.001,326.625,99,22687.9,2685,62,measure
2026-09-11T04:49:50.256+00:00,618.001,316.177,99,22687.9,2685,62,measure
2026-09-11T04:49:51.255+00:00,619.001,312.112,99,22687.9,2685,61,measure
2026-09-11T04:49:52.255+00:00,620.001,308.418,99,22687.9,2685,61,measure
2026-09-11T04:49:53.255+00:00,621.001,314.508,99,22687.9,2685,61,measure
2026-09-11T04:49:54.260+00:00,622.004,311.187,99,22687.9,2685,64,measure
2026-09-11T04:49:55.256+00:00,623.001,320.409,99,22687.9,2685,61,measure
2026-09-11T04:49:56.255+00:00,624.001,310.479,99,22644,2685,61,measure
2026-09-11T04:49:57.254+00:00,625.001,309.69,99,22547,2685,64,measure
2026-09-11T04:49:58.254+00:00,626.001,311.235,99,22559.2,2685,61,measure
2026-09-11T04:49:59.256+00:00,627.002,312.39,99,22564.5,2685,61,measure
2026-09-11T04:50:00.254+00:00,628.001,338.35,99,22582.9,2685,62,measure
2026-09-11T04:50:01.258+00:00,629.000,329.429,99,22580.4,2685,63,measure
2026-09-11T04:50:02.255+00:00,630.001,319.779,99,22582.8,2685,63,measure
2026-09-11T04:50:03.255+00:00,631.002,311.047,99,22569.5,2685,61,measure
2026-09-11T04:50:04.255+00:00,632.001,303.11,99,22571.7,2685,60,measure
2026-09-11T04:50:05.254+00:00,633.000,314.129,99,22534.6,2685,61,measure
2026-09-11T04:50:06.254+00:00,634.000,322.023,99,22517.4,2685,62,measure
2026-09-11T04:50:07.294+00:00,635.001,317.594,99,22511.3,2670,61,measure
2026-09-11T04:50:08.255+00:00,636.000,309.353,99,22511.3,2685,60,measure
2026-09-11T04:50:09.255+00:00,637.001,297.423,99,22538,2685,60,measure
2026-09-11T04:50:07.745+00:00,638.000,291.544,99,22547.5,2685,60,measure
2026-09-11T04:50:08.746+00:00,639.002,304.17,99,22543.1,2685,61,measure
2026-09-11T04:50:09.745+00:00,640.000,307.833,99,22531.8,2685,60,measure
2026-09-11T04:50:10.750+00:00,641.001,300.994,99,22536.4,2685,60,measure
2026-09-11T04:50:11.746+00:00,642.000,295.087,99,22527.1,2685,60,measure
2026-09-11T04:50:12.745+00:00,643.000,308.64,99,22529.8,2685,62,measure
2026-09-11T04:50:13.745+00:00,644.001,305.33,99,22557.3,2685,60,measure
2026-09-11T04:50:14.745+00:00,645.000,316.158,99,22548.9,2685,61,measure
2026-09-11T04:50:15.745+00:00,646.000,299.473,99,22566.5,2685,60,measure
2026-09-11T04:50:16.748+00:00,647.002,303.543,99,22614.9,2685,61,measure
2026-09-11T04:50:17.746+00:00,648.000,299.026,99,22701.6,2685,60,measure
2026-09-11T04:50:18.745+00:00,649.000,309.128,99,22696.4,2685,60,measure
2026-09-11T04:50:19.745+00:00,650.000,318.843,99,22694.5,2685,62,measure
2026-09-11T04:50:20.745+00:00,651.000,327.226,99,22639.9,2685,61,measure
2026-09-11T04:50:21.744+00:00,652.000,319.764,99,22584.4,2685,61,measure
2026-09-11T04:50:22.746+00:00,653.000,317.053,99,22568.9,2685,62,measure
2026-09-11T04:50:23.746+00:00,654.001,303.922,99,22532,2685,60,measure
2026-09-11T04:50:24.745+00:00,655.001,301.769,99,22532.5,2685,60,measure
2026-09-11T04:50:25.745+00:00,656.000,301.024,99,22532.5,2685,60,measure
2026-09-11T04:50:26.745+00:00,657.001,317.824,99,22531.9,2685,64,measure
2026-09-11T04:50:27.746+00:00,658.001,308.997,99,22529.6,2685,60,measure
2026-09-11T04:50:28.746+00:00,659.000,317.643,99,22528.3,2685,63,measure
2026-09-11T04:50:29.744+00:00,660.000,319.736,99,22528,2685,62,measure
2026-09-11T04:50:30.744+00:00,661.000,310.654,99,22513.7,2685,62,measure
2026-09-11T04:50:31.745+00:00,662.001,312.658,99,22513.5,2685,61,measure
2026-09-11T04:50:32.744+00:00,663.000,322.743,99,22540.4,2685,62,measure
2026-09-11T04:50:33.746+00:00,664.000,339.905,99,22540.2,2685,61,measure
2026-09-11T04:50:34.746+00:00,665.000,335.523,99,22533.5,2685,61,measure
2026-09-11T04:50:35.745+00:00,666.000,323.293,99,22533.8,2685,61,measure
2026-09-11T04:50:36.745+00:00,667.000,311.849,99,22533.8,2685,60,measure
2026-09-11T04:50:37.747+00:00,668.000,316.791,99,22533.3,2685,63,measure
2026-09-11T04:50:38.744+00:00,669.000,336.909,99,22533.3,2685,68,measure
2026-09-11T04:50:39.746+00:00,670.001,328.06,99,22621.9,2685,62,measure
2026-09-11T04:50:38.243+00:00,671.001,331.188,99,22622.8,2685,61,measure
2026-09-11T04:50:39.240+00:00,672.001,318.348,99,22623.9,2685,62,measure
2026-09-11T04:50:40.240+00:00,673.001,304.828,99,22618.1,2685,60,measure
2026-09-11T04:50:41.240+00:00,674.001,300.487,99,22571.3,2685,60,measure
2026-09-11T04:50:42.240+00:00,675.001,303.589,99,22556.3,2685,60,measure
2026-09-11T04:50:43.241+00:00,676.001,330.466,99,22536.1,2685,63,measure
2026-09-11T04:50:44.241+00:00,677.000,322.627,99,22536.9,2685,64,measure
2026-09-11T04:50:45.240+00:00,678.001,336.831,99,22536.9,2685,61,measure
2026-09-11T04:50:46.240+00:00,679.001,311.213,99,22533.5,2685,60,measure
2026-09-11T04:50:47.240+00:00,680.001,310.363,99,22560.2,2685,62,measure
2026-09-11T04:50:48.240+00:00,681.001,314.253,99,22546,2685,66,measure
2026-09-11T04:50:49.241+00:00,682.001,301.481,99,22640.2,2685,60,measure
2026-09-11T04:50:50.241+00:00,683.001,323.13,99,22637.2,2685,60,measure
2026-09-11T04:50:51.240+00:00,684.000,333.239,99,22649.2,2685,62,measure
2026-09-11T04:50:52.257+00:00,685.001,328.104,99,22629.4,2685,61,measure
2026-09-11T04:50:53.240+00:00,686.001,316.823,99,22669,2685,61,measure
2026-09-11T04:50:54.240+00:00,687.001,310.012,99,22663.2,2685,63,measure
2026-09-11T04:50:55.241+00:00,688.000,308.481,99,22657.1,2685,63,measure
2026-09-11T04:50:56.243+00:00,689.001,304.798,99,22678.1,2685,60,measure
2026-09-11T04:50:57.240+00:00,690.001,306.108,99,22641.2,2685,61,measure
2026-09-11T04:50:58.240+00:00,691.001,303.796,99,22640.3,2685,61,measure
2026-09-11T04:50:59.240+00:00,692.000,303.162,99,22641.7,2685,59,measure
2026-09-11T04:51:00.240+00:00,693.000,304.735,99,22641.7,2685,60,measure
2026-09-11T04:51:01.241+00:00,694.001,297.321,99,22645.7,2685,60,measure
2026-09-11T04:51:02.241+00:00,695.000,299.456,99,22645.7,2685,60,measure
2026-09-11T04:51:03.240+00:00,696.000,309.763,99,22627.4,2685,60,measure
2026-09-11T04:51:04.240+00:00,697.001,319.831,99,22620.9,2685,64,measure
2026-09-11T04:51:05.285+00:00,698.001,346.032,99,22693.9,2685,63,measure
2026-09-11T04:51:06.242+00:00,699.002,342.892,99,22677,2685,61,measure
2026-09-11T04:51:07.241+00:00,700.001,340.941,99,22606.5,2685,64,measure
2026-09-11T04:51:08.243+00:00,701.000,312.216,99,22607.6,2685,61,measure
2026-09-11T04:51:09.239+00:00,702.000,301.65,99,22588.4,2685,60,measure
2026-09-11T04:51:07.731+00:00,703.000,300.039,99,22588.4,2685,60,measure
2026-09-11T04:51:08.732+00:00,704.001,295.115,99,22605.7,2700,59,measure
2026-09-11T04:51:09.789+00:00,705.058,293.855,99,22692.6,2700,59,measure
2026-09-11T04:51:10.736+00:00,706.004,306.976,99,22673.9,2700,60,measure
2026-09-11T04:51:11.739+00:00,707.008,303.647,99,22650.3,2700,60,measure
2026-09-11T04:51:12.731+00:00,708.000,296.789,99,22591,2700,60,measure
2026-09-11T04:51:13.732+00:00,709.001,307.841,99,22586.3,2700,60,measure
2026-09-11T04:51:14.732+00:00,710.001,320.85,99,22585.3,2700,64,measure
2026-09-11T04:51:15.732+00:00,711.000,326.824,99,22608.1,2700,61,measure
2026-09-11T04:51:16.733+00:00,712.001,325.917,99,22613.4,2700,61,measure
2026-09-11T04:51:17.734+00:00,713.001,327.165,99,22595.9,2700,62,measure
2026-09-11T04:51:18.731+00:00,714.000,316.095,99,22587.1,2700,64,measure
2026-09-11T04:51:19.731+00:00,715.000,320.632,99,22595.1,2700,60,measure
2026-09-11T04:51:20.732+00:00,716.001,334.698,99,22579.1,2685,62,measure
2026-09-11T04:51:21.732+00:00,717.000,321.163,99,22611.9,2685,61,measure
2026-09-11T04:51:22.733+00:00,718.001,324.31,99,22595.1,2685,64,measure
2026-09-11T04:51:23.732+00:00,719.000,300.571,99,22603.3,2685,60,measure
2026-09-11T04:51:24.732+00:00,720.001,310.102,99,22586.4,2685,62,measure
2026-09-11T04:51:25.732+00:00,721.000,312.644,99,22586.4,2685,60,measure
2026-09-11T04:51:26.732+00:00,722.001,326.648,99,22603.3,2610,62,measure
2026-09-11T04:51:27.732+00:00,723.001,327.495,99,22603.3,2685,61,measure
2026-09-11T04:51:28.734+00:00,724.001,310.561,99,22576.1,2685,60,measure
2026-09-11T04:51:29.734+00:00,725.001,313.018,99,22576.1,2685,60,measure
2026-09-11T04:51:30.732+00:00,726.000,313.331,99,22576.1,2685,60,measure
2026-09-11T04:51:31.732+00:00,727.001,322.56,99,22601,2685,61,measure
2026-09-11T04:51:32.733+00:00,728.001,310.467,99,22584.1,2685,60,measure
2026-09-11T04:51:33.732+00:00,729.000,304.921,99,22580.3,2685,63,measure
2026-09-11T04:51:34.733+00:00,730.001,315.607,99,22580.3,2685,60,measure
2026-09-11T04:51:35.736+00:00,731.001,328.639,99,22597.1,2640,62,measure
2026-09-11T04:51:36.732+00:00,732.001,319.305,99,22597.1,2685,61,measure
2026-09-11T04:51:37.732+00:00,733.001,304.97,99,22597.1,2685,60,measure
2026-09-11T04:51:38.732+00:00,734.001,288.905,99,22597.1,2685,59,measure
2026-09-11T04:51:39.732+00:00,735.000,285.802,99,22597.1,2685,59,measure
2026-09-11T04:51:38.237+00:00,736.000,292.305,99,22580.3,2685,60,measure
2026-09-11T04:51:39.237+00:00,737.000,300.915,99,22572.3,2685,61,measure
2026-09-11T04:51:40.236+00:00,738.001,307.746,99,22572.3,2685,60,measure
2026-09-11T04:51:41.236+00:00,739.000,314.077,99,22597.1,2685,60,measure
2026-09-11T04:51:42.282+00:00,740.000,333.226,99,22597.1,2685,63,measure
2026-09-11T04:51:43.235+00:00,741.000,339.296,99,22580.3,2685,61,measure
2026-09-11T04:51:44.237+00:00,742.001,334.426,99,22580.3,2685,61,measure
2026-09-11T04:51:45.237+00:00,743.001,317.302,99,22588.7,2685,61,measure
2026-09-11T04:51:46.236+00:00,744.000,307.7,99,22580.3,2685,61,measure
2026-09-11T04:51:47.236+00:00,745.001,311.687,99,22588.7,2685,61,measure
2026-09-11T04:51:48.236+00:00,746.001,308.691,99,22597.1,2685,60,measure
2026-09-11T04:51:49.242+00:00,747.006,317.8,99,22597.1,2685,61,measure
2026-09-11T04:51:50.239+00:00,748.001,301.701,99,22597.1,2685,60,measure
2026-09-11T04:51:51.237+00:00,749.000,322.484,99,22588.7,2685,63,measure
2026-09-11T04:51:52.236+00:00,750.001,327.534,99,22580.3,2685,61,measure
2026-09-11T04:51:53.236+00:00,751.001,333.957,99,22580.3,2685,61,measure
2026-09-11T04:51:54.236+00:00,752.001,329.051,99,22580.3,2685,61,measure
2026-09-11T04:51:55.236+00:00,753.001,315.807,99,22580.3,2685,60,measure
2026-09-11T04:51:56.237+00:00,754.001,310.743,99,22580.3,2685,60,measure
2026-09-11T04:51:57.237+00:00,755.000,328.355,99,22580.3,2685,64,measure
2026-09-11T04:51:58.236+00:00,756.000,323.436,99,22572.3,2685,61,measure
2026-09-11T04:51:59.236+00:00,757.001,327.732,99,22568.2,2685,63,measure
2026-09-11T04:52:00.236+00:00,758.000,313.612,99,22568.2,2685,60,measure
2026-09-11T04:52:01.236+00:00,759.000,292.992,99,22593.1,2685,60,measure
2026-09-11T04:52:02.239+00:00,760.000,309.134,99,22576.2,2685,61,measure
2026-09-11T04:52:03.236+00:00,761.000,295.826,99,22576.2,2685,60,measure
2026-09-11T04:52:04.236+00:00,762.000,302.382,99,22576.2,2640,60,measure
2026-09-11T04:52:05.236+00:00,763.001,307.02,99,22576.2,2685,60,measure
2026-09-11T04:52:06.236+00:00,764.001,305.598,99,22576.2,2685,61,measure
2026-09-11T04:52:07.236+00:00,765.000,314.211,99,22576.2,2685,60,measure
2026-09-11T04:52:08.238+00:00,766.001,329.372,99,22576.2,2685,61,measure
2026-09-11T04:52:09.237+00:00,767.001,328.108,99,22576.2,2685,61,measure
2026-09-11T04:52:07.760+00:00,768.000,324.03,99,22576.2,2685,61,measure
2026-09-11T04:52:08.762+00:00,769.001,304.629,99,22576.2,2685,60,measure
2026-09-11T04:52:09.762+00:00,770.002,304.618,99,22576.2,2685,60,measure
2026-09-11T04:52:10.763+00:00,771.002,311.599,99,22584.6,2685,60,measure
2026-09-11T04:52:11.762+00:00,772.000,315.565,99,22593.1,2685,61,measure
2026-09-11T04:52:12.761+00:00,773.000,309.056,99,22628,2685,62,measure
2026-09-11T04:52:13.760+00:00,774.000,308.372,99,22600.7,2685,60,measure
2026-09-11T04:52:14.763+00:00,775.001,301.566,99,22609.1,2685,61,measure
2026-09-11T04:52:15.760+00:00,776.000,307.683,99,22624.2,2685,60,measure
2026-09-11T04:52:16.760+00:00,777.000,305.42,99,22599.6,2685,61,measure
2026-09-11T04:52:17.764+00:00,778.003,315.8,99,22613.8,2685,60,measure
2026-09-11T04:52:18.765+00:00,779.005,326.336,99,22613.8,2685,61,measure
2026-09-11T04:52:19.761+00:00,780.001,309.264,99,22617.9,2685,61,measure
2026-09-11T04:52:20.760+00:00,781.000,302.864,99,22617.9,2685,60,measure
2026-09-11T04:52:21.761+00:00,782.001,307.037,99,22617.2,2685,60,measure
2026-09-11T04:52:22.761+00:00,783.000,309.355,99,22609.2,2685,60,measure
2026-09-11T04:52:23.762+00:00,784.000,310.39,99,22618.2,2685,61,measure
2026-09-11T04:52:24.762+00:00,785.002,307.889,99,22593.7,2685,60,measure
2026-09-11T04:52:25.762+00:00,786.002,326.758,99,22592.7,2685,62,measure
2026-09-11T04:52:26.777+00:00,787.017,320.109,99,22606.9,2685,61,measure
2026-09-11T04:52:27.761+00:00,788.001,347.057,99,22606.9,2685,62,measure
2026-09-11T04:52:28.763+00:00,789.001,337.089,99,22606.9,2685,61,measure
2026-09-11T04:52:29.764+00:00,790.002,323.466,99,22625.5,2685,61,measure
2026-09-11T04:52:30.800+00:00,791.039,316.339,99,22619.5,2685,60,measure
2026-09-11T04:52:31.782+00:00,792.022,311.469,99,22592.7,2685,60,measure
2026-09-11T04:52:32.792+00:00,793.030,305.412,99,22614.9,2685,60,measure
2026-09-11T04:52:33.780+00:00,794.020,311.841,99,22614.9,2685,62,measure
2026-09-11T04:52:34.768+00:00,795.002,315.424,99,22606.9,2685,61,measure
2026-09-11T04:52:35.764+00:00,796.004,329.596,99,22614.9,2685,61,measure
2026-09-11T04:52:36.761+00:00,797.002,321.133,99,22620,2685,62,measure
2026-09-11T04:52:37.760+00:00,798.000,318.476,99,22602.1,2685,62,measure
2026-09-11T04:52:38.762+00:00,799.001,314.096,99,22602.1,2685,61,measure
2026-09-11T04:52:39.761+00:00,800.001,336.801,99,22602.1,2685,64,measure
2026-09-11T04:52:38.266+00:00,801.000,344.237,99,22593.7,2685,62,measure
2026-09-11T04:52:39.268+00:00,802.001,357.758,99,22593.7,2685,62,measure
2026-09-11T04:52:40.265+00:00,803.001,330.121,99,22538.7,2685,61,measure
2026-09-11T04:52:41.265+00:00,804.001,318.112,99,22553.7,2685,60,measure
2026-09-11T04:52:42.267+00:00,805.000,304.869,99,22553.7,2685,60,measure
2026-09-11T04:52:43.264+00:00,806.000,313.786,99,22553.7,2685,61,measure
2026-09-11T04:52:44.266+00:00,807.000,317.696,99,22553.7,2685,60,measure
2026-09-11T04:52:45.268+00:00,808.000,332.105,99,22553.7,2685,62,measure
2026-09-11T04:52:46.264+00:00,809.000,312.658,100,22553.7,2685,60,measure
2026-09-11T04:52:47.265+00:00,810.000,320.524,99,22553.7,2685,61,measure
2026-09-11T04:52:48.274+00:00,811.008,314.491,99,22553.7,2685,61,measure
2026-09-11T04:52:49.268+00:00,812.003,330.899,99,22553.7,2685,61,measure
2026-09-11T04:52:50.271+00:00,813.006,342.529,99,22553.7,2685,62,measure
2026-09-11T04:52:51.267+00:00,814.002,345.696,99,22553.7,2685,66,measure
2026-09-11T04:52:52.264+00:00,815.000,341.15,99,22553.7,2685,63,measure
2026-09-11T04:52:53.265+00:00,816.000,342.443,99,22553.7,2685,62,measure
2026-09-11T04:52:54.265+00:00,817.001,311.511,99,22553.7,2685,60,measure
2026-09-11T04:52:55.265+00:00,818.001,312.144,99,22553.7,2685,61,measure
2026-09-11T04:52:56.266+00:00,819.000,313.022,99,22575,2685,61,measure
2026-09-11T04:52:57.267+00:00,820.000,324.286,99,22575,2685,62,measure
2026-09-11T04:52:58.265+00:00,821.000,324.818,99,22573.4,2685,62,measure
2026-09-11T04:52:59.265+00:00,822.001,314.623,99,22567.4,2685,61,measure
2026-09-11T04:53:00.267+00:00,823.002,302.82,99,22571.4,2685,63,measure
2026-09-11T04:53:01.265+00:00,824.001,303.318,99,22634.1,2685,60,measure
2026-09-11T04:53:02.267+00:00,825.001,303.572,99,22617.2,2685,60,measure
2026-09-11T04:53:03.267+00:00,826.002,298.979,100,22617.2,2685,60,measure
2026-09-11T04:53:04.265+00:00,827.000,299.997,99,22608.2,2685,60,measure
2026-09-11T04:53:05.265+00:00,828.000,306.43,99,22616.2,2685,61,measure
2026-09-11T04:53:06.265+00:00,829.000,312.617,99,22625.1,2685,61,measure
2026-09-11T04:53:07.264+00:00,830.000,323.549,99,22565.1,2685,61,measure
2026-09-11T04:53:08.266+00:00,831.001,330.186,99,22548.8,2685,61,measure
2026-09-11T04:53:09.265+00:00,832.000,329.578,99,22548.8,2685,61,measure
2026-09-11T04:53:07.765+00:00,833.001,314.316,99,22561.8,2685,61,measure
2026-09-11T04:53:08.765+00:00,834.000,315.292,99,22570.2,2685,61,measure
2026-09-11T04:53:09.768+00:00,835.004,328.998,99,22512.9,2685,62,measure
2026-09-11T04:53:10.765+00:00,836.001,328.191,99,22548.6,2685,64,measure
2026-09-11T04:53:11.766+00:00,837.000,345.139,99,22566.8,2685,62,measure
2026-09-11T04:53:12.767+00:00,838.001,324.283,99,22566.8,2685,64,measure
2026-09-11T04:53:13.774+00:00,839.010,310.93,99,22549.9,2685,60,measure
2026-09-11T04:53:14.766+00:00,840.001,302.366,99,22566.8,2685,60,measure
2026-09-11T04:53:15.765+00:00,841.001,306.63,99,22549.9,2685,60,measure
2026-09-11T04:53:16.767+00:00,842.002,303.709,99,22549.9,2685,60,measure
2026-09-11T04:53:17.768+00:00,843.002,315.27,99,22549.9,2685,60,measure
2026-09-11T04:53:18.767+00:00,844.001,307.252,99,22558.3,2685,62,measure
2026-09-11T04:53:19.766+00:00,845.001,314.918,99,22566.8,2685,62,measure
2026-09-11T04:53:20.765+00:00,846.000,309.853,99,22558.3,2685,60,measure
2026-09-11T04:53:21.766+00:00,847.002,309.028,99,22549.9,2685,61,measure
2026-09-11T04:53:22.766+00:00,848.001,303.937,99,22549.9,2685,60,measure
2026-09-11T04:53:23.769+00:00,849.002,306.966,99,22566.8,2685,60,measure
2026-09-11T04:53:24.766+00:00,850.000,303.036,99,22549.9,2685,60,measure
2026-09-11T04:53:25.766+00:00,851.001,310.847,99,22549.9,2685,60,measure
2026-09-11T04:53:26.769+00:00,852.002,295.003,99,22549.9,2685,60,measure
2026-09-11T04:53:27.766+00:00,853.001,308.932,99,22564.9,2685,61,measure
2026-09-11T04:53:28.765+00:00,854.001,309.762,99,22556.5,2685,61,measure
2026-09-11T04:53:29.770+00:00,855.000,323.201,99,22556.5,2685,62,measure
2026-09-11T04:53:30.766+00:00,856.000,326.311,99,22548.1,2685,61,measure
2026-09-11T04:53:31.772+00:00,857.007,325.9,99,22556.5,2685,61,measure
2026-09-11T04:53:32.766+00:00,858.001,317.894,99,22565.9,2685,62,measure
2026-09-11T04:53:33.765+00:00,859.000,340.271,99,22589.3,2685,64,measure
2026-09-11T04:53:34.765+00:00,860.000,320.663,99,22576.8,2685,61,measure
2026-09-11T04:53:35.766+00:00,861.000,311.017,99,22582.4,2685,62,measure
2026-09-11T04:53:36.766+00:00,862.000,301.907,99,22559.7,2685,60,measure
2026-09-11T04:53:37.765+00:00,863.000,310.156,99,22559.7,2685,61,measure
2026-09-11T04:53:38.765+00:00,864.001,302.104,99,22559.7,2685,60,measure
2026-09-11T04:53:39.765+00:00,865.000,292.049,99,22559.7,2685,59,measure
2026-09-11T04:53:38.253+00:00,866.000,294.936,99,22559.7,2685,61,measure
2026-09-11T04:53:39.253+00:00,867.000,306.328,99,22533.6,2685,60,measure
2026-09-11T04:53:40.254+00:00,868.000,303.661,99,22566.6,2685,63,measure
2026-09-11T04:53:41.273+00:00,869.021,322.728,99,22573,2685,62,measure
2026-09-11T04:53:42.266+00:00,870.014,323.987,99,22549,2685,61,measure
2026-09-11T04:53:43.252+00:00,871.000,326.497,99,22558.8,2685,63,measure
2026-09-11T04:53:44.255+00:00,872.002,324.932,99,22572.9,2685,61,measure
2026-09-11T04:53:45.255+00:00,873.001,329.646,99,22572.9,2685,62,measure
2026-09-11T04:53:46.253+00:00,874.000,331.167,99,22546.8,2685,62,measure
2026-09-11T04:53:47.252+00:00,875.000,341.579,99,22546.8,2640,65,measure
2026-09-11T04:53:48.252+00:00,876.000,336.744,100,22545.8,2685,61,measure
2026-09-11T04:53:49.252+00:00,877.000,340.239,99,22545.8,2685,64,measure
2026-09-11T04:53:50.253+00:00,878.001,345.196,99,22545.8,2685,62,measure
2026-09-11T04:53:51.272+00:00,879.019,334.37,99,22545.8,2685,62,measure
2026-09-11T04:53:52.256+00:00,880.004,336.041,99,22545.8,2685,61,measure
2026-09-11T04:53:53.259+00:00,881.007,308.632,99,22545.8,2685,61,measure
2026-09-11T04:53:54.254+00:00,882.000,311.002,99,22545.8,2685,60,measure
2026-09-11T04:53:55.252+00:00,883.000,320.305,99,22545.8,2685,61,measure
2026-09-11T04:53:56.256+00:00,884.002,323.954,99,22548.8,2685,61,measure
2026-09-11T04:53:57.253+00:00,885.000,307.069,99,22550.8,2685,60,measure
2026-09-11T04:53:58.253+00:00,886.001,296.112,99,22550.8,2685,60,measure
2026-09-11T04:53:59.256+00:00,887.004,291.736,99,22569,2685,59,measure
2026-09-11T04:54:00.256+00:00,888.004,310.945,99,22544.9,2685,63,measure
2026-09-11T04:54:01.254+00:00,889.001,295.277,99,22553.2,2685,60,measure
2026-09-11T04:54:02.310+00:00,890.010,274.558,99,22562.4,210,60,measure
2026-09-11T04:54:03.256+00:00,891.001,234.617,99,22567.9,2700,60,measure
2026-09-11T04:54:04.256+00:00,892.004,300.64,99,22561.2,2685,60,measure
2026-09-11T04:54:05.252+00:00,893.000,300.292,99,22636.9,2685,60,measure
2026-09-11T04:54:06.252+00:00,894.000,299.974,99,22647.2,2685,60,measure
2026-09-11T04:54:07.253+00:00,895.002,296.297,99,22673.5,2685,60,measure
2026-09-11T04:54:08.260+00:00,896.003,299.174,99,22660.4,2685,60,measure
2026-09-11T04:54:09.254+00:00,897.001,305.039,99,22697.6,2685,60,measure
2026-09-11T04:54:07.750+00:00,898.000,246.042,99,22734.5,2685,57,measure
2026-09-11T04:54:08.750+00:00,899.000,344.518,99,22734.5,2685,62,measure
2026-09-11T04:54:09.750+00:00,900.000,340.907,99,22735.8,2685,61,measure
2026-09-11T04:54:10.750+00:00,901.001,326.019,99,22616.8,2685,61,measure
2026-09-11T04:54:11.752+00:00,902.000,315.55,99,22616.8,2685,62,measure
2026-09-11T04:54:12.751+00:00,903.000,314.649,99,22556.8,2685,60,measure
2026-09-11T04:54:13.754+00:00,904.004,307.5,99,22556.8,2670,60,measure
2026-09-11T04:54:14.763+00:00,905.013,311.295,99,22556.8,2685,60,measure
2026-09-11T04:54:15.750+00:00,906.000,309.614,99,22556.8,2685,64,measure
2026-09-11T04:54:16.750+00:00,907.001,311.853,99,22556.8,2685,63,measure
2026-09-11T04:54:17.751+00:00,908.000,339.453,99,22556.8,2685,64,measure
2026-09-11T04:54:18.751+00:00,909.000,341.444,99,22556.8,2685,61,measure
2026-09-11T04:54:19.750+00:00,910.000,329.134,99,22558,2685,61,measure
2026-09-11T04:54:20.750+00:00,911.000,309.427,99,22555.1,2685,60,measure
2026-09-11T04:54:21.752+00:00,912.001,316.81,99,22592.1,2685,64,measure
2026-09-11T04:54:22.750+00:00,913.001,325.805,99,22592.5,2685,61,measure
2026-09-11T04:54:23.752+00:00,914.001,331.115,99,22578.5,2685,63,measure
2026-09-11T04:54:24.753+00:00,915.000,317.849,99,22592.5,2685,61,measure
2026-09-11T04:54:25.750+00:00,916.001,317.928,100,22592.5,2685,62,measure
2026-09-11T04:54:26.750+00:00,917.001,304.191,99,22592.5,2685,60,measure
2026-09-11T04:54:27.750+00:00,918.001,310.333,99,22592.5,2685,61,measure
2026-09-11T04:54:28.750+00:00,919.000,315.58,99,22592.5,2685,60,measure
2026-09-11T04:54:29.751+00:00,920.000,303.523,99,22592.5,2685,62,measure
2026-09-11T04:54:30.753+00:00,921.001,311.123,99,22607.5,2685,61,measure
2026-09-11T04:54:31.750+00:00,922.000,311.142,99,22601.5,2685,60,measure
2026-09-11T04:54:32.750+00:00,923.000,325.828,99,22599.5,2685,63,measure
2026-09-11T04:54:33.750+00:00,924.000,333.647,99,22599.5,2685,62,measure
2026-09-11T04:54:34.750+00:00,925.001,328.291,99,22597.5,2685,62,measure
2026-09-11T04:54:35.751+00:00,926.000,330.425,99,22593.5,2685,64,measure
2026-09-11T04:54:36.752+00:00,927.000,329.591,99,22589.5,2685,61,measure
2026-09-11T04:54:37.750+00:00,928.000,332.222,99,22578.5,2685,62,measure
2026-09-11T04:54:38.750+00:00,929.001,337.808,99,22592.5,2685,62,measure
2026-09-11T04:54:39.750+00:00,930.000,342.565,99,22592.5,2685,62,measure
2026-09-11T04:54:38.249+00:00,931.000,336.087,99,22592.5,2685,64,measure
2026-09-11T04:54:39.252+00:00,932.000,337.831,99,22592.5,2685,62,measure
2026-09-11T04:54:40.252+00:00,933.000,335.078,99,22592.5,2685,62,measure
2026-09-11T04:54:41.250+00:00,934.001,341.85,99,22592.5,2685,62,measure
2026-09-11T04:54:42.253+00:00,935.004,345.166,99,22592.5,2685,62,measure
2026-09-11T04:54:43.250+00:00,936.001,334.057,99,22592.5,2685,62,measure
2026-09-11T04:54:44.250+00:00,937.001,337.598,99,22592.5,2685,62,measure
2026-09-11T04:54:45.256+00:00,938.003,332.215,99,22592.5,2685,65,measure
2026-09-11T04:54:46.252+00:00,939.002,328.197,99,22592.5,2685,62,measure
2026-09-11T04:54:47.251+00:00,940.002,326.302,99,22595.5,2685,62,measure
2026-09-11T04:54:48.250+00:00,941.001,320.852,100,22595.5,2685,61,measure
2026-09-11T04:54:49.251+00:00,942.000,307.243,99,22595.5,2685,61,measure
2026-09-11T04:54:50.251+00:00,943.001,316.104,99,22595.5,2685,61,measure
2026-09-11T04:54:51.251+00:00,944.000,301.793,99,22592.5,2685,60,measure
2026-09-11T04:54:52.251+00:00,945.001,311.698,99,22592.5,2685,62,measure
2026-09-11T04:54:53.250+00:00,946.001,312.185,99,22578.5,2685,61,measure
2026-09-11T04:54:54.249+00:00,947.000,315.344,99,22578.5,2685,61,measure
2026-09-11T04:54:55.252+00:00,948.003,309.932,99,22590.5,2685,60,measure
2026-09-11T04:54:56.253+00:00,949.002,312.492,99,22578.5,2685,61,measure
2026-09-11T04:54:57.287+00:00,950.000,314.401,99,22590.5,2685,62,measure
2026-09-11T04:54:58.252+00:00,951.000,332.863,99,22590.5,2685,62,measure
2026-09-11T04:54:59.250+00:00,952.000,319.933,99,22590.5,2685,61,measure
2026-09-11T04:55:00.249+00:00,953.000,323.438,99,22590.5,2685,62,measure
2026-09-11T04:55:01.249+00:00,954.000,312.603,99,22590.5,2685,62,measure
2026-09-11T04:55:02.250+00:00,955.001,340.446,99,22578.5,2685,65,measure
2026-09-11T04:55:03.252+00:00,956.001,363.808,99,22591.5,2685,62,measure
2026-09-11T04:55:04.251+00:00,957.000,335.748,99,22591.5,2685,62,measure
2026-09-11T04:55:05.249+00:00,958.000,350.425,99,22591.5,2685,63,measure
2026-09-11T04:55:06.249+00:00,959.000,327.27,99,22591.5,2685,63,measure
2026-09-11T04:55:07.250+00:00,960.000,304.813,99,22588.7,2685,61,measure
2026-09-11T04:55:08.250+00:00,961.001,290.152,99,22584.7,2685,60,measure
2026-09-11T04:55:09.255+00:00,962.001,296.847,99,22580.7,2685,60,measure
2026-09-11T04:55:07.746+00:00,963.001,305.016,99,22580.7,2685,61,measure
2026-09-11T04:55:08.745+00:00,964.000,324.679,99,22580.7,2685,64,measure
2026-09-11T04:55:09.746+00:00,965.001,338.851,99,22588.7,2685,63,measure
2026-09-11T04:55:10.745+00:00,966.000,338.304,99,22589.7,2685,62,measure
2026-09-11T04:55:11.764+00:00,967.001,321.54,99,22589.7,2685,62,measure
2026-09-11T04:55:12.747+00:00,968.000,309.79,99,22589.7,2685,61,measure
2026-09-11T04:55:13.746+00:00,969.001,314.008,99,22589.7,2685,61,measure
2026-09-11T04:55:14.746+00:00,970.001,322.447,99,22589.7,2685,62,measure
2026-09-11T04:55:15.747+00:00,971.002,328.517,99,22588.7,2685,62,measure
2026-09-11T04:55:16.746+00:00,972.001,325.48,99,22588.7,2685,63,measure
2026-09-11T04:55:17.763+00:00,973.018,319.038,99,22588.7,2685,61,measure
2026-09-11T04:55:18.761+00:00,974.016,309.43,99,22587.7,2685,61,measure
2026-09-11T04:55:19.747+00:00,975.001,307.964,99,22574.7,2685,63,measure
2026-09-11T04:55:20.753+00:00,976.008,308.058,99,22589.7,2685,61,measure
2026-09-11T04:55:21.745+00:00,977.001,304.651,99,22589.7,2685,61,measure
2026-09-11T04:55:22.750+00:00,978.004,307.108,99,22588.7,2685,63,measure
2026-09-11T04:55:23.747+00:00,979.001,305.122,99,22588.7,2685,61,measure
2026-09-11T04:55:24.750+00:00,980.001,310.096,100,22588.7,2685,63,measure
2026-09-11T04:55:25.746+00:00,981.001,310.825,99,22585.7,2685,61,measure
2026-09-11T04:55:26.745+00:00,982.000,327.646,99,22589.7,2685,64,measure
2026-09-11T04:55:27.745+00:00,983.000,316.134,99,22588.7,2685,61,measure
2026-09-11T04:55:28.748+00:00,984.003,308.153,99,22588.7,2685,64,measure
2026-09-11T04:55:29.747+00:00,985.001,316.608,99,22588.7,2685,61,measure
2026-09-11T04:55:30.747+00:00,986.001,323.042,99,22588.7,2685,61,measure
2026-09-11T04:55:31.746+00:00,987.001,326.42,99,22588.7,2685,62,measure
2026-09-11T04:55:32.746+00:00,988.001,317.229,99,22589.7,2685,62,measure
2026-09-11T04:55:33.748+00:00,989.003,300.828,99,22574.7,2685,61,measure
2026-09-11T04:55:34.746+00:00,990.001,309.44,99,22574.7,2685,61,measure
2026-09-11T04:55:35.745+00:00,991.000,306.154,99,22574.7,2685,60,measure
2026-09-11T04:55:36.746+00:00,992.000,313.194,99,22574.7,2685,61,measure
2026-09-11T04:55:37.746+00:00,993.001,313.625,99,22574.7,2685,61,measure
2026-09-11T04:55:38.747+00:00,994.002,318.901,99,22588.7,2685,63,measure
2026-09-11T04:55:39.746+00:00,995.002,326.329,99,22574.7,2685,61,measure
2026-09-11T04:55:38.241+00:00,996.001,318.155,99,22588.7,2685,61,measure
2026-09-11T04:55:39.242+00:00,997.001,312.404,99,22588.7,2685,61,measure
2026-09-11T04:55:40.242+00:00,998.001,317.213,99,22574.7,2685,64,measure
2026-09-11T04:55:41.251+00:00,999.000,315.173,99,22574.7,2685,61,measure
2026-09-11T04:55:42.241+00:00,1000.001,326.256,99,22574.7,2685,63,measure
2026-09-11T04:55:43.241+00:00,1001.001,319.398,99,22574.7,2685,63,measure
2026-09-11T04:55:44.241+00:00,1002.001,309.08,99,22589.7,2685,62,measure
2026-09-11T04:55:45.242+00:00,1003.001,305.17,99,22602.7,2685,61,measure
2026-09-11T04:55:46.242+00:00,1004.000,317.243,99,22600.7,2685,62,measure
2026-09-11T04:55:47.241+00:00,1005.000,303.849,99,22590.7,2685,61,measure
2026-09-11T04:55:48.241+00:00,1006.001,309.95,99,22590.7,2685,62,measure
2026-09-11T04:55:49.240+00:00,1007.000,314.457,99,22589.7,2685,61,measure
2026-09-11T04:55:50.241+00:00,1008.001,313.135,99,22589.7,2685,61,measure
2026-09-11T04:55:51.243+00:00,1009.001,331.235,99,22589.7,2685,62,measure
2026-09-11T04:55:52.242+00:00,1010.001,308.572,99,22589.7,2685,64,measure
2026-09-11T04:55:53.241+00:00,1011.001,300.446,99,22574.7,2685,61,measure
2026-09-11T04:55:54.241+00:00,1012.001,296.17,99,22592.7,2685,60,measure
2026-09-11T04:55:55.241+00:00,1013.001,313.57,99,22592.7,2685,64,measure
2026-09-11T04:55:56.241+00:00,1014.000,316.018,99,22592.7,2685,61,measure
2026-09-11T04:55:57.242+00:00,1015.001,339.305,99,22592.7,2685,62,measure
2026-09-11T04:55:58.244+00:00,1016.004,309.617,99,22592.7,2685,61,measure
2026-09-11T04:55:59.241+00:00,1017.000,317.372,99,22592.7,2685,61,measure
2026-09-11T04:56:00.241+00:00,1018.001,311.719,99,22592.7,2685,61,measure
2026-09-11T04:56:01.243+00:00,1019.001,302.803,99,22592.7,2685,61,measure
2026-09-11T04:56:02.243+00:00,1020.003,309.485,99,22592.7,2685,61,measure
2026-09-11T04:56:03.241+00:00,1021.000,300.422,99,22592.7,2685,60,measure
2026-09-11T04:56:04.245+00:00,1022.000,318.501,99,22592.7,2685,61,measure
2026-09-11T04:56:05.241+00:00,1023.001,316.632,99,22587,2685,66,measure
2026-09-11T04:56:06.241+00:00,1024.001,323.793,99,22587,2685,62,measure
2026-09-11T04:56:07.241+00:00,1025.000,323.042,99,22587,2685,62,measure
2026-09-11T04:56:08.241+00:00,1026.001,316.519,99,22587,2685,61,measure
2026-09-11T04:56:09.242+00:00,1027.000,315.844,99,22587,2685,62,measure
2026-09-11T04:56:07.751+00:00,1028.001,335.809,99,22587,2685,62,measure
2026-09-11T04:56:08.747+00:00,1029.000,331.149,99,22587,2685,63,measure
2026-09-11T04:56:09.748+00:00,1030.001,327.114,99,22578,2685,62,measure
2026-09-11T04:56:10.747+00:00,1031.000,310.984,99,22587,2685,61,measure
2026-09-11T04:56:11.748+00:00,1032.002,314.496,99,22586,2685,61,measure
2026-09-11T04:56:12.750+00:00,1033.002,311.566,99,22586,2685,61,measure
2026-09-11T04:56:13.749+00:00,1034.001,315.59,99,22586,2685,61,measure
2026-09-11T04:56:14.747+00:00,1035.001,319.66,99,22586,2685,61,measure
2026-09-11T04:56:15.747+00:00,1036.000,305.777,99,22586,2685,61,measure
2026-09-11T04:56:16.747+00:00,1037.001,308.301,99,22586,2685,61,measure
2026-09-11T04:56:17.748+00:00,1038.001,313.303,99,22572,2685,61,measure
2026-09-11T04:56:18.749+00:00,1039.001,340.137,99,22587,2685,62,measure
2026-09-11T04:56:19.749+00:00,1040.001,348.875,99,22587,2685,65,measure
2026-09-11T04:56:20.747+00:00,1041.001,336.143,99,22587,2685,63,measure
2026-09-11T04:56:21.747+00:00,1042.001,335.509,99,22587,2685,61,measure
2026-09-11T04:56:22.747+00:00,1043.001,335.014,99,22587,2685,62,measure
2026-09-11T04:56:23.747+00:00,1044.000,336.536,99,22587,2685,62,measure
2026-09-11T04:56:24.749+00:00,1045.002,345.463,99,22587,2685,63,measure
2026-09-11T04:56:25.749+00:00,1046.001,327.735,99,22573,2685,62,measure
2026-09-11T04:56:26.747+00:00,1047.001,329.389,99,22626.1,2685,62,measure
2026-09-11T04:56:27.747+00:00,1048.001,314.045,99,22601.1,2640,61,measure
2026-09-11T04:56:28.748+00:00,1049.000,332.306,99,22601.1,2685,61,measure
2026-09-11T04:56:29.747+00:00,1050.000,325.785,99,22601.1,2685,64,measure
2026-09-11T04:56:30.749+00:00,1051.002,319.964,99,22601.1,2685,62,measure
2026-09-11T04:56:31.749+00:00,1052.001,312.214,99,22601.1,2685,62,measure
2026-09-11T04:56:32.747+00:00,1053.001,311.016,99,22601.1,2685,61,measure
2026-09-11T04:56:33.748+00:00,1054.001,308.984,99,22634.6,2685,63,measure
2026-09-11T04:56:34.747+00:00,1055.001,327.996,99,22634.6,2685,62,measure
2026-09-11T04:56:35.748+00:00,1056.001,317.107,99,22633.6,2685,61,measure
2026-09-11T04:56:36.749+00:00,1057.001,326.611,99,22634.6,2685,62,measure
2026-09-11T04:56:37.748+00:00,1058.001,315.026,99,22634.6,2685,61,measure
2026-09-11T04:56:38.750+00:00,1059.003,311.509,99,22619.6,2685,61,measure
2026-09-11T04:56:39.760+00:00,1060.012,315.032,99,22634.6,2685,64,measure
2026-09-11T04:56:38.245+00:00,1061.001,353.956,99,22629.6,2685,65,measure
2026-09-11T04:56:39.246+00:00,1062.001,340.845,99,22629.6,2685,62,measure
2026-09-11T04:56:40.246+00:00,1063.001,333.684,99,22629.6,2685,62,measure
2026-09-11T04:56:41.247+00:00,1064.003,332.242,99,22611.2,2685,62,measure
2026-09-11T04:56:42.246+00:00,1065.001,317.442,99,22594.8,2685,63,measure
2026-09-11T04:56:43.253+00:00,1066.008,323.717,99,22569,2685,63,measure
2026-09-11T04:56:44.252+00:00,1067.006,322.572,99,22568,2685,61,measure
2026-09-11T04:56:45.247+00:00,1068.002,313.804,99,22568,2685,61,measure
2026-09-11T04:56:46.250+00:00,1069.001,315.176,99,22568,2685,61,measure
2026-09-11T04:56:47.246+00:00,1070.001,310.833,99,22556.6,2685,61,measure
2026-09-11T04:56:48.245+00:00,1071.001,311.362,99,22570.6,2685,61,measure
2026-09-11T04:56:49.244+00:00,1072.000,320.675,99,22570.6,2685,61,measure
2026-09-11T04:56:50.245+00:00,1073.000,313.522,99,22570.6,2685,61,measure
2026-09-11T04:56:51.252+00:00,1074.004,325.035,99,22570.6,2685,64,measure
2026-09-11T04:56:52.249+00:00,1075.002,334.842,99,22570.6,2685,64,measure
2026-09-11T04:56:53.277+00:00,1076.001,340.763,99,22570.6,2685,62,measure
2026-09-11T04:56:54.245+00:00,1077.000,335.517,99,22571.6,2685,63,measure
2026-09-11T04:56:55.245+00:00,1078.000,323.112,99,22571.6,2685,63,measure
2026-09-11T04:56:56.246+00:00,1079.002,312.02,99,22571.6,2685,62,measure
2026-09-11T04:56:57.246+00:00,1080.001,320.849,99,22571.6,2685,62,measure
2026-09-11T04:56:58.246+00:00,1081.000,334.665,99,22571.6,2685,62,measure
2026-09-11T04:56:59.245+00:00,1082.001,324.494,99,22571.6,2685,62,measure
2026-09-11T04:57:00.245+00:00,1083.001,321.141,99,22571.6,2685,62,measure
2026-09-11T04:57:01.245+00:00,1084.001,329.628,99,22571.6,2685,65,measure
2026-09-11T04:57:02.245+00:00,1085.000,329.376,99,22571.6,2685,62,measure
2026-09-11T04:57:03.246+00:00,1086.001,329.134,99,22571.6,2685,62,measure
2026-09-11T04:57:04.246+00:00,1087.001,317.139,99,22569.6,2685,61,measure
2026-09-11T04:57:05.245+00:00,1088.001,307.151,99,22569.6,2685,61,measure
2026-09-11T04:57:06.246+00:00,1089.001,304.588,99,22536.1,2685,61,measure
2026-09-11T04:57:07.248+00:00,1090.004,300.474,99,22545.7,2685,61,measure
2026-09-11T04:57:08.251+00:00,1091.006,308.13,99,22569.1,2685,61,measure
2026-09-11T04:57:09.249+00:00,1092.004,308.518,99,22550.2,2685,61,measure
2026-09-11T04:57:07.748+00:00,1093.003,303.584,99,22576.8,2685,61,measure
2026-09-11T04:57:08.747+00:00,1094.003,309.086,99,22573.8,2685,61,measure
2026-09-11T04:57:09.746+00:00,1095.001,300.805,99,22576.8,2685,61,measure
2026-09-11T04:57:10.748+00:00,1096.002,326.361,99,22580.2,2685,68,measure
2026-09-11T04:57:11.748+00:00,1097.004,321.808,99,22604.2,2685,62,measure
2026-09-11T04:57:12.747+00:00,1098.001,322.459,99,22563.9,2685,62,measure
2026-09-11T04:57:13.746+00:00,1099.001,313.306,99,22569.6,2685,61,measure
2026-09-11T04:57:14.745+00:00,1100.001,302.792,99,22574.1,2685,61,measure
2026-09-11T04:57:15.745+00:00,1101.001,303.095,99,22573.8,2685,61,measure
2026-09-11T04:57:16.745+00:00,1102.000,309.055,99,22556.9,2685,61,measure
2026-09-11T04:57:17.745+00:00,1103.000,306.609,99,22565.1,2685,63,measure
2026-09-11T04:57:18.746+00:00,1104.000,318.056,99,22567.9,2685,61,measure
2026-09-11T04:57:19.746+00:00,1105.000,311.773,99,22575.4,2685,61,measure
2026-09-11T04:57:20.745+00:00,1106.001,300.494,99,22596.1,2685,61,measure
2026-09-11T04:57:21.745+00:00,1107.000,305.845,99,22566.2,2685,61,measure
2026-09-11T04:57:22.754+00:00,1108.008,299.802,99,22653.4,2685,62,measure
2026-09-11T04:57:23.747+00:00,1109.002,309.88,99,22650.4,2685,61,measure
2026-09-11T04:57:24.752+00:00,1110.007,308.241,99,22662.3,2685,61,measure
2026-09-11T04:57:25.749+00:00,1111.002,329.975,99,22667.3,2685,64,measure
2026-09-11T04:57:26.749+00:00,1112.005,307.003,99,22698.6,2685,61,measure
2026-09-11T04:57:27.752+00:00,1113.007,323.78,99,22664.1,2685,62,measure
2026-09-11T04:57:28.746+00:00,1114.001,322.393,99,22758.2,2685,61,measure
2026-09-11T04:57:29.752+00:00,1115.005,324.009,99,22671,2685,62,measure
2026-09-11T04:57:30.753+00:00,1116.003,334.645,99,22675.4,2685,63,measure
2026-09-11T04:57:31.748+00:00,1117.002,327.665,99,22681.9,2685,64,measure
2026-09-11T04:57:32.746+00:00,1118.002,319.718,99,22654.3,2685,62,measure
2026-09-11T04:57:33.752+00:00,1119.008,333.934,99,22654.3,2685,62,measure
2026-09-11T04:57:34.747+00:00,1120.002,318.477,99,22651.9,2685,64,measure
2026-09-11T04:57:35.750+00:00,1121.004,323.814,99,22643.7,2685,62,measure
2026-09-11T04:57:36.752+00:00,1122.008,314.564,99,22642.5,2685,61,measure
2026-09-11T04:57:37.748+00:00,1123.004,321.785,99,22626.2,2685,62,measure
2026-09-11T04:57:38.745+00:00,1124.000,325.803,99,22626.2,2685,65,measure
2026-09-11T04:57:39.747+00:00,1125.003,328.006,99,22626.2,2685,66,measure
2026-09-11T04:57:38.323+00:00,1126.057,314.617,99,22624.6,2685,61,measure
2026-09-11T04:57:39.295+00:00,1127.028,322.236,99,22624.6,2685,64,measure
2026-09-11T04:57:40.274+00:00,1128.008,321.895,99,22624.3,2685,62,measure
2026-09-11T04:57:41.269+00:00,1129.001,331.545,99,22647.1,2685,65,measure
2026-09-11T04:57:42.274+00:00,1130.006,334.472,99,22669.7,2685,62,measure
2026-09-11T04:57:43.266+00:00,1131.000,323.424,99,22678.8,2685,62,measure
2026-09-11T04:57:44.266+00:00,1132.000,317.831,99,22676.2,2685,61,measure
2026-09-11T04:57:45.266+00:00,1133.000,307.98,99,22665.9,2685,61,measure
2026-09-11T04:57:46.267+00:00,1134.000,309.921,99,22661.1,2685,61,measure
2026-09-11T04:57:47.268+00:00,1135.001,320.168,99,22647,2685,62,measure
2026-09-11T04:57:48.266+00:00,1136.000,321.372,99,22626.9,2685,62,measure
2026-09-11T04:57:49.267+00:00,1137.001,316.169,99,22627.1,2685,61,measure
2026-09-11T04:57:50.267+00:00,1138.001,306.124,99,22627.1,2685,63,measure
2026-09-11T04:57:51.267+00:00,1139.001,308.096,99,22627.1,2685,61,measure
2026-09-11T04:57:52.269+00:00,1140.002,299.298,99,22627.1,2685,61,measure
2026-09-11T04:57:53.266+00:00,1141.000,300.465,99,22627.1,2685,63,measure
2026-09-11T04:57:54.268+00:00,1142.002,297.512,99,22627.1,2685,63,measure
2026-09-11T04:57:55.267+00:00,1143.001,305.43,99,22639.8,2685,61,measure
2026-09-11T04:57:56.269+00:00,1144.004,301.042,99,22640.1,2685,61,measure
2026-09-11T04:57:57.269+00:00,1145.003,302.296,99,22640.4,2685,61,measure
2026-09-11T04:57:58.270+00:00,1146.004,301.611,99,22636.6,2685,62,measure
2026-09-11T04:57:59.268+00:00,1147.002,318.781,99,22631.1,2685,61,measure
2026-09-11T04:58:00.270+00:00,1148.005,330.393,99,22631.1,2685,62,measure
2026-09-11T04:58:01.270+00:00,1149.005,342.374,99,22627.9,2685,62,measure
2026-09-11T04:58:02.270+00:00,1150.004,332.948,99,22627.9,2685,62,measure
2026-09-11T04:58:03.275+00:00,1151.009,332.78,99,22627.9,2685,62,measure
2026-09-11T04:58:04.269+00:00,1152.003,324.901,99,22627.9,2685,62,measure
2026-09-11T04:58:05.271+00:00,1153.006,324.381,99,22627.2,2685,64,measure
2026-09-11T04:58:06.266+00:00,1154.001,329.793,99,22625.4,2685,64,measure
2026-09-11T04:58:07.270+00:00,1155.005,329.885,99,22625.6,2685,65,measure
2026-09-11T04:58:08.267+00:00,1156.000,326.931,99,22627.2,2685,62,measure
2026-09-11T04:58:09.266+00:00,1157.001,332.121,99,22560.2,2685,65,measure
2026-09-11T04:58:07.771+00:00,1158.001,323.119,99,22558.6,2685,62,measure
2026-09-11T04:58:08.802+00:00,1159.001,317.82,99,22567,2685,65,measure
2026-09-11T04:58:09.766+00:00,1160.001,332.051,99,22582.9,2685,62,measure
2026-09-11T04:58:10.766+00:00,1161.000,321.501,99,22554.7,2685,64,measure
2026-09-11T04:58:11.766+00:00,1162.000,338.919,99,22581.6,2685,62,measure
2026-09-11T04:58:12.766+00:00,1163.000,318.268,99,22570.3,2685,62,measure
2026-09-11T04:58:13.768+00:00,1164.001,334.395,99,22591,2685,62,measure
2026-09-11T04:58:14.766+00:00,1165.001,307.376,99,22570.2,2685,61,measure
2026-09-11T04:58:15.766+00:00,1166.000,301.541,99,22569.6,2685,61,measure
2026-09-11T04:58:16.774+00:00,1167.008,305.661,99,22604.9,2685,61,measure
2026-09-11T04:58:17.769+00:00,1168.003,314.6,99,22598.3,2685,63,measure
2026-09-11T04:58:18.767+00:00,1169.001,342.867,99,22588.1,2685,66,measure
2026-09-11T04:58:19.768+00:00,1170.001,328.57,99,22590.9,2685,64,measure
2026-09-11T04:58:20.767+00:00,1171.000,335.332,99,22552.5,2685,62,measure
2026-09-11T04:58:21.767+00:00,1172.001,314.022,99,22557.2,2685,61,measure
2026-09-11T04:58:22.766+00:00,1173.000,305.335,99,22555.3,2685,64,measure
2026-09-11T04:58:23.768+00:00,1174.002,309.319,99,22555.7,2685,61,measure
2026-09-11T04:58:24.766+00:00,1175.000,306.645,99,22572.5,2685,61,measure
2026-09-11T04:58:25.771+00:00,1176.003,303.31,99,22567.8,2685,62,measure
2026-09-11T04:58:26.771+00:00,1177.005,299.847,99,22578.9,2685,61,measure
2026-09-11T04:58:27.767+00:00,1178.002,296.012,99,22583.4,2685,63,measure
2026-09-11T04:58:28.766+00:00,1179.000,302.549,99,22584.1,2685,61,measure
2026-09-11T04:58:29.767+00:00,1180.001,302.75,99,22582.8,2685,61,measure
2026-09-11T04:58:30.767+00:00,1181.001,296.158,99,22582.4,2685,60,measure
2026-09-11T04:58:31.768+00:00,1182.001,295.156,99,22579.7,2685,60,measure
2026-09-11T04:58:32.767+00:00,1183.002,322.169,99,22574.4,2685,64,measure
2026-09-11T04:58:33.767+00:00,1184.001,340.721,99,22538.7,2685,62,measure
2026-09-11T04:58:34.766+00:00,1185.001,353.401,99,22532.8,2685,63,measure
2026-09-11T04:58:35.768+00:00,1186.002,354.445,99,22539.3,2685,63,measure
2026-09-11T04:58:36.769+00:00,1187.002,329.27,99,22591.1,2685,64,measure
2026-09-11T04:58:37.772+00:00,1188.002,346.908,99,22596.3,2685,65,measure
2026-09-11T04:58:38.767+00:00,1189.001,349.681,99,22603.6,2685,63,measure
2026-09-11T04:58:39.766+00:00,1190.001,353.548,99,22607.1,2625,66,measure
2026-09-11T04:58:38.265+00:00,1191.002,346.929,99,22597.1,2685,62,measure
2026-09-11T04:58:39.264+00:00,1192.000,329.836,99,22598,2685,65,measure
2026-09-11T04:58:40.264+00:00,1193.000,340.889,99,22599.5,2685,65,measure
2026-09-11T04:58:41.266+00:00,1194.001,325.933,99,22597.3,2685,62,measure
2026-09-11T04:58:42.265+00:00,1195.000,312.415,99,22579,2685,62,measure
2026-09-11T04:58:43.264+00:00,1196.000,315.019,99,22577.5,2685,62,measure
2026-09-11T04:58:44.264+00:00,1197.000,304.84,99,22563.7,2685,61,measure
2026-09-11T04:58:45.264+00:00,1198.000,305.141,99,22561.5,2685,61,measure
2026-09-11T04:58:46.267+00:00,1199.002,308.357,99,22555.5,2685,63,measure
2026-09-11T04:58:47.268+00:00,1200.001,303.692,99,22538.2,2685,61,measure
2026-09-11T04:58:48.265+00:00,1201.001,305.275,99,22551.1,2685,63,measure
2026-09-11T04:58:49.264+00:00,1202.000,307.56,99,22551.1,2685,63,measure
2026-09-11T04:58:50.266+00:00,1203.000,326.14,99,22551.1,2685,63,measure
2026-09-11T04:58:51.265+00:00,1204.000,342.445,99,22551.1,2610,66,measure
2026-09-11T04:58:52.264+00:00,1205.000,332.424,99,22547.1,2685,62,measure
2026-09-11T04:58:53.266+00:00,1206.001,349.127,99,22547.1,2685,63,measure
2026-09-11T04:58:54.264+00:00,1207.000,319.88,99,22547.1,2685,65,measure
2026-09-11T04:58:55.264+00:00,1208.001,325.098,99,22546.9,2685,63,measure
2026-09-11T04:58:56.272+00:00,1209.008,308.956,99,22541.6,2685,61,measure
2026-09-11T04:58:57.265+00:00,1210.001,304.285,99,22541.6,2685,61,measure
2026-09-11T04:58:58.306+00:00,1211.002,310.986,99,22541.6,2685,62,measure
2026-09-11T04:58:59.268+00:00,1212.001,332.744,99,22541.6,2685,65,measure
2026-09-11T04:59:00.265+00:00,1213.001,335.405,99,22541.6,2685,62,measure
2026-09-11T04:59:01.265+00:00,1214.001,331.985,99,22541.6,2685,67,measure
2026-09-11T04:59:02.264+00:00,1215.001,311.27,99,22541.6,2685,61,measure
2026-09-11T04:59:03.265+00:00,1216.001,314.129,99,22541.6,2685,61,measure
2026-09-11T04:59:04.266+00:00,1217.001,302.529,99,22541.6,2685,64,measure
2026-09-11T04:59:05.266+00:00,1218.001,312.896,99,22541.6,2685,61,measure
2026-09-11T04:59:06.264+00:00,1219.001,318.926,99,22541.6,2685,61,measure
2026-09-11T04:59:07.265+00:00,1220.001,339.234,99,22541.6,2685,63,measure
2026-09-11T04:59:08.264+00:00,1221.001,339.91,99,22541.6,2685,62,measure
2026-09-11T04:59:09.308+00:00,1222.000,331.579,99,22551.1,2685,62,measure
2026-09-11T04:59:07.767+00:00,1223.000,321.267,99,22557.1,2685,61,measure
2026-09-11T04:59:08.767+00:00,1224.000,308.049,99,22553,2685,61,measure
2026-09-11T04:59:09.766+00:00,1225.001,307.379,99,22553,2685,61,measure
2026-09-11T04:59:10.788+00:00,1226.023,296.971,99,22561.7,2685,61,measure
2026-09-11T04:59:11.788+00:00,1227.023,306.817,99,22560.4,2685,61,measure
2026-09-11T04:59:12.788+00:00,1228.023,309.906,99,22559.9,2685,61,measure
2026-09-11T04:59:13.789+00:00,1229.023,323.336,99,22548.4,2685,62,measure
2026-09-11T04:59:14.767+00:00,1230.000,322.648,99,22547.4,2685,62,measure
2026-09-11T04:59:15.765+00:00,1231.000,319.803,99,22545.3,2685,62,measure
2026-09-11T04:59:16.766+00:00,1232.001,324.994,99,22530.6,2685,63,measure
2026-09-11T04:59:17.767+00:00,1233.001,321.969,99,22537.7,2685,63,measure
2026-09-11T04:59:18.766+00:00,1234.001,323.632,99,22528.6,2685,62,measure
2026-09-11T04:59:19.768+00:00,1235.001,327.917,99,22523.6,2685,62,measure
2026-09-11T04:59:20.767+00:00,1236.001,308.2,99,22520.1,2685,61,measure
2026-09-11T04:59:21.766+00:00,1237.001,301.126,99,22513.4,2685,61,measure
2026-09-11T04:59:22.766+00:00,1238.001,307.061,99,22512.4,2685,64,measure
2026-09-11T04:59:23.766+00:00,1239.001,298.93,99,22507.7,2685,61,measure
2026-09-11T04:59:24.766+00:00,1240.000,313.42,99,22506.9,2685,61,measure
2026-09-11T04:59:25.768+00:00,1241.001,308.421,99,22504.4,2685,61,measure
2026-09-11T04:59:26.767+00:00,1242.000,297.074,99,22504.4,2685,61,measure
2026-09-11T04:59:27.767+00:00,1243.002,317.774,99,22504.4,2685,62,measure
2026-09-11T04:59:28.765+00:00,1244.000,322.363,99,22504.4,2685,61,measure
2026-09-11T04:59:29.765+00:00,1245.000,329.349,99,22504.4,2685,64,measure
2026-09-11T04:59:30.765+00:00,1246.000,327.274,99,22504.4,2685,62,measure
2026-09-11T04:59:31.767+00:00,1247.000,301.215,99,22504.4,2685,64,measure
2026-09-11T04:59:32.768+00:00,1248.001,298.23,99,22504.4,2685,60,measure
2026-09-11T04:59:33.766+00:00,1249.001,310.337,99,22504.4,2685,61,measure
2026-09-11T04:59:34.765+00:00,1250.000,321.896,99,22504.4,2685,62,measure
2026-09-11T04:59:35.769+00:00,1251.000,329.416,99,22504.4,2685,63,measure
2026-09-11T04:59:36.770+00:00,1252.004,340.66,99,22519.8,2685,63,measure
2026-09-11T04:59:37.767+00:00,1253.001,307.006,99,22529,2685,61,measure
2026-09-11T04:59:38.767+00:00,1254.000,320.711,99,22529,2685,62,measure
2026-09-11T04:59:39.766+00:00,1255.001,317.736,99,22528.9,2685,62,measure
2026-09-11T04:59:38.243+00:00,1256.001,319.1,99,22529.4,2685,62,measure
2026-09-11T04:59:39.245+00:00,1257.002,305.087,99,22565.6,2685,61,measure
2026-09-11T04:59:40.251+00:00,1258.008,298.927,99,22589.8,2685,60,measure
2026-09-11T04:59:41.244+00:00,1259.001,299.61,99,22572.6,2685,62,measure
2026-09-11T04:59:42.242+00:00,1260.000,291.034,99,22578.9,2685,60,measure
2026-09-11T04:59:43.242+00:00,1261.000,302.209,99,22597.4,2685,64,measure
2026-09-11T04:59:44.242+00:00,1262.000,288.074,99,22590.7,2685,62,measure
2026-09-11T04:59:45.296+00:00,1263.000,300.535,99,22587,2685,61,measure
2026-09-11T04:59:46.242+00:00,1264.000,304.736,99,22587,2685,60,measure
2026-09-11T04:59:47.243+00:00,1265.000,313.333,99,22586.9,2685,61,measure
2026-09-11T04:59:48.254+00:00,1266.000,320.98,99,22582.9,2685,62,measure
2026-09-11T04:59:49.242+00:00,1267.000,318.37,99,22579.8,2685,62,measure
2026-09-11T04:59:50.242+00:00,1268.000,318.498,99,22585.3,2685,61,measure
2026-09-11T04:59:51.242+00:00,1269.000,323.494,99,22585,2685,62,measure
2026-09-11T04:59:52.243+00:00,1270.000,318.431,99,22589,2685,62,measure
2026-09-11T04:59:53.244+00:00,1271.001,337.601,99,22585.1,2685,63,measure
2026-09-11T04:59:54.244+00:00,1272.000,323.415,99,22590.6,2685,61,measure
2026-09-11T04:59:55.242+00:00,1273.000,328.581,99,22590.4,2685,62,measure
2026-09-11T04:59:56.242+00:00,1274.000,334.516,99,22587.4,2685,62,measure
2026-09-11T04:59:57.242+00:00,1275.000,320.851,99,22583.4,2685,62,measure
2026-09-11T04:59:58.244+00:00,1276.001,324.56,99,22583.4,2685,63,measure
2026-09-11T04:59:59.244+00:00,1277.000,318.04,99,22581.9,2685,61,measure
2026-09-11T05:00:00.243+00:00,1278.001,325.038,99,22583.9,2685,62,measure
2026-09-11T05:00:01.242+00:00,1279.000,326.809,99,22585.6,2685,63,measure
2026-09-11T05:00:02.243+00:00,1280.001,322.691,99,22584.9,2685,63,measure
2026-09-11T05:00:03.242+00:00,1281.001,319.229,99,22584.9,2685,62,measure
2026-09-11T05:00:04.244+00:00,1282.001,311.411,99,22584.9,2685,61,measure
2026-09-11T05:00:05.246+00:00,1283.000,305.756,99,22584.9,2685,62,measure
2026-09-11T05:00:06.242+00:00,1284.001,295.925,99,22576.5,2685,61,measure
2026-09-11T05:00:07.242+00:00,1285.000,293.182,99,22576.5,2685,60,measure
2026-09-11T05:00:08.242+00:00,1286.000,298.821,99,22571.1,2685,60,measure
2026-09-11T05:00:09.242+00:00,1287.000,293.727,99,22571.1,2685,60,measure
2026-09-11T05:00:07.748+00:00,1288.001,306.896,99,22571.1,2685,60,measure
2026-09-11T05:00:08.751+00:00,1289.000,298.196,99,22571.1,2685,61,measure
2026-09-11T05:00:09.747+00:00,1290.000,305.733,99,22571.1,2685,66,measure
2026-09-11T05:00:10.747+00:00,1291.000,302.75,99,22562.7,2685,60,measure
2026-09-11T05:00:11.748+00:00,1292.001,298.613,99,22562.7,2685,60,measure
2026-09-11T05:00:12.748+00:00,1293.000,304.42,99,22541.7,2685,61,measure
2026-09-11T05:00:13.750+00:00,1294.001,304.968,99,22541.7,2685,61,measure
2026-09-11T05:00:14.749+00:00,1295.001,301.448,99,22541.7,2685,60,measure
2026-09-11T05:00:15.749+00:00,1296.001,308.32,99,22539.9,2685,60,measure
2026-09-11T05:00:16.748+00:00,1297.001,312.671,99,22539.9,2685,64,measure
2026-09-11T05:00:17.748+00:00,1298.001,303.139,99,22539.9,2685,60,measure
2026-09-11T05:00:18.747+00:00,1299.000,300.524,99,22539.9,2685,60,measure
2026-09-11T05:00:19.748+00:00,1300.001,287.487,99,22539.9,2685,60,measure
2026-09-11T05:00:20.751+00:00,1301.002,287.367,99,22539.9,2685,63,measure
2026-09-11T05:00:21.749+00:00,1302.002,282.042,99,22539.9,2685,59,measure
2026-09-11T05:00:22.747+00:00,1303.000,298.391,99,22539.9,2685,61,measure
2026-09-11T05:00:23.749+00:00,1304.002,309.124,99,22539.9,2685,60,measure
2026-09-11T05:00:24.756+00:00,1305.007,304.193,99,22539.9,2685,60,measure
2026-09-11T05:00:25.820+00:00,1306.071,304.855,99,22539.9,2685,61,measure
2026-09-11T05:00:26.750+00:00,1307.001,298.125,99,22539.9,2685,60,measure
2026-09-11T05:00:27.749+00:00,1308.002,290.716,99,22539.9,2685,59,measure
2026-09-11T05:00:28.747+00:00,1309.001,294.644,99,22539.9,2685,59,measure
2026-09-11T05:00:29.750+00:00,1310.001,294.027,99,22539.9,2685,60,measure
2026-09-11T05:00:30.749+00:00,1311.001,304.618,99,22539.9,2685,61,measure
2026-09-11T05:00:31.748+00:00,1312.000,297.692,99,22539.9,2685,63,measure
2026-09-11T05:00:32.748+00:00,1313.000,311.73,99,22546.4,2685,64,measure
2026-09-11T05:00:33.747+00:00,1314.000,300.015,99,22554.7,2685,61,measure
2026-09-11T05:00:34.752+00:00,1315.005,322.733,99,22554.7,2685,62,measure
2026-09-11T05:00:35.747+00:00,1316.000,318.017,99,22554.7,2685,61,measure
2026-09-11T05:00:36.747+00:00,1317.000,325.271,99,22549.6,2685,62,measure
2026-09-11T05:00:37.748+00:00,1318.000,330.429,99,22548.6,2685,62,measure
2026-09-11T05:00:38.748+00:00,1319.000,337.32,99,22548.6,2685,62,measure
2026-09-11T05:00:39.748+00:00,1320.001,348.774,99,22546.8,2685,64,measure
2026-09-11T05:00:38.263+00:00,1321.002,336.201,99,22546.8,2685,61,measure
2026-09-11T05:00:39.261+00:00,1322.000,316.112,99,22546.8,2685,62,measure
2026-09-11T05:00:40.261+00:00,1323.000,319.174,99,22553.9,2685,62,measure
2026-09-11T05:00:41.264+00:00,1324.002,303.965,99,22553.9,2685,62,measure
2026-09-11T05:00:42.264+00:00,1325.001,315.226,99,22553.9,2685,61,measure
2026-09-11T05:00:43.261+00:00,1326.000,332.668,99,22553.8,2685,63,measure
2026-09-11T05:00:44.292+00:00,1327.000,337.657,99,22552.8,2655,62,measure
2026-09-11T05:00:45.263+00:00,1328.002,337.178,99,22538.1,2685,62,measure
2026-09-11T05:00:46.261+00:00,1329.000,315.419,99,22552.9,2685,61,measure
2026-09-11T05:00:47.268+00:00,1330.002,303.201,99,22581,2685,61,measure
2026-09-11T05:00:48.265+00:00,1331.000,304.868,99,22577.1,2685,60,measure
2026-09-11T05:00:49.262+00:00,1332.001,299.736,99,22574.6,2685,63,measure
2026-09-11T05:00:50.261+00:00,1333.001,317.688,99,22563.3,2685,61,measure
2026-09-11T05:00:51.261+00:00,1334.000,302.716,99,22558.4,2685,61,measure
2026-09-11T05:00:52.262+00:00,1335.001,319.775,99,22558.5,2685,62,measure
2026-09-11T05:00:53.262+00:00,1336.000,299.982,99,22537.1,2685,61,measure
2026-09-11T05:00:54.266+00:00,1337.005,322.863,99,22526.6,2685,61,measure
2026-09-11T05:00:55.261+00:00,1338.000,333.297,99,22526.6,2685,63,measure
2026-09-11T05:00:56.263+00:00,1339.002,335.016,99,22526.6,2685,62,measure
2026-09-11T05:00:57.265+00:00,1340.005,330.99,99,22522.1,2685,64,measure
2026-09-11T05:00:58.272+00:00,1341.007,319.227,99,22522.1,2685,62,measure
2026-09-11T05:00:59.263+00:00,1342.001,313.535,99,22522.1,2685,63,measure
2026-09-11T05:01:00.264+00:00,1343.004,315.392,99,22522.1,2685,62,measure
2026-09-11T05:01:01.270+00:00,1344.007,305.966,99,22522.1,2685,63,measure
2026-09-11T05:01:02.262+00:00,1345.000,300.935,99,22522.1,2685,61,measure
2026-09-11T05:01:03.263+00:00,1346.002,305.329,99,22522.1,2685,63,measure
2026-09-11T05:01:04.267+00:00,1347.005,300.609,99,22522.1,2685,60,measure
2026-09-11T05:01:05.300+00:00,1348.006,310.319,99,22522.1,2685,63,measure
2026-09-11T05:01:06.267+00:00,1349.006,316.86,99,22522.1,2685,62,measure
2026-09-11T05:01:07.267+00:00,1350.003,327.858,99,22522.1,2685,63,measure
2026-09-11T05:01:08.264+00:00,1351.003,344.468,99,22522.1,2685,64,measure
2026-09-11T05:01:09.266+00:00,1352.005,325.03,99,22522.1,2685,62,measure
2026-09-11T05:01:07.798+00:00,1353.015,314.822,99,22522.1,2685,61,measure
2026-09-11T05:01:08.822+00:00,1354.039,303.92,99,22522.1,2685,60,measure
2026-09-11T05:01:09.817+00:00,1355.035,313.237,99,22522.1,2685,63,measure
2026-09-11T05:01:10.789+00:00,1356.007,296.574,99,22518.2,2685,60,measure
2026-09-11T05:01:11.783+00:00,1357.000,303.542,99,22518.2,2685,61,measure
2026-09-11T05:01:12.786+00:00,1358.004,313.976,99,22528.6,2685,63,measure
2026-09-11T05:01:13.790+00:00,1359.006,309.706,99,22528.9,2685,61,measure
2026-09-11T05:01:14.788+00:00,1360.004,303.967,99,22529.2,2685,61,measure
2026-09-11T05:01:15.786+00:00,1361.003,302.36,99,22526.7,2685,60,measure
2026-09-11T05:01:16.783+00:00,1362.001,308.748,99,22521.1,2685,61,measure
2026-09-11T05:01:17.787+00:00,1363.005,305.383,99,22517.9,2685,61,measure
2026-09-11T05:01:18.789+00:00,1364.006,312.353,99,22520.1,2685,63,measure
2026-09-11T05:01:19.788+00:00,1365.004,327.111,99,22520.1,2685,63,measure
2026-09-11T05:01:20.785+00:00,1366.001,329.88,99,22520.1,2685,62,measure
2026-09-11T05:01:21.788+00:00,1367.006,349.673,99,22520.1,2685,63,measure
2026-09-11T05:01:22.783+00:00,1368.001,328.084,99,22526.8,2685,62,measure
2026-09-11T05:01:23.819+00:00,1369.002,332.424,99,22529.6,2685,64,measure
2026-09-11T05:01:24.784+00:00,1370.000,324.191,99,22533.9,2685,63,measure
2026-09-11T05:01:25.785+00:00,1371.002,329.525,99,22533.9,2670,62,measure
2026-09-11T05:01:26.786+00:00,1372.002,339.166,99,22533.2,2685,62,measure
2026-09-11T05:01:27.785+00:00,1373.000,331.934,99,22534,2685,62,measure
2026-09-11T05:01:28.782+00:00,1374.000,322.178,99,22534.9,2685,62,measure
2026-09-11T05:01:29.782+00:00,1375.000,313.09,99,22530,2685,63,measure
2026-09-11T05:01:30.783+00:00,1376.001,310.044,99,22528.4,2685,61,measure
2026-09-11T05:01:31.783+00:00,1377.001,315.37,99,22528.1,2685,61,measure
2026-09-11T05:01:32.787+00:00,1378.001,344.456,99,22524.7,2685,62,measure
2026-09-11T05:01:33.784+00:00,1379.001,330.375,99,22524.7,2685,62,measure
2026-09-11T05:01:34.782+00:00,1380.000,335.935,99,22523.9,2685,62,measure
2026-09-11T05:01:35.783+00:00,1381.001,309.594,99,22518.2,2685,61,measure
2026-09-11T05:01:36.783+00:00,1382.000,305.235,99,22516.1,2685,63,measure
2026-09-11T05:01:37.783+00:00,1383.000,321.126,99,22516.1,2685,63,measure
2026-09-11T05:01:38.784+00:00,1384.000,337.078,99,22516.1,2685,62,measure
2026-09-11T05:01:37.321+00:00,1385.000,353.165,99,22516.1,2685,66,measure
2026-09-11T05:01:38.285+00:00,1386.001,342.226,99,22516.1,2685,62,measure
2026-09-11T05:01:39.285+00:00,1387.000,326.674,99,22516.1,2685,63,measure
2026-09-11T05:01:40.285+00:00,1388.000,328.241,99,22514.3,2685,62,measure
2026-09-11T05:01:41.285+00:00,1389.000,328.215,99,22514.3,2685,62,measure
2026-09-11T05:01:42.290+00:00,1390.001,350.466,99,22514.3,2685,62,measure
2026-09-11T05:01:43.300+00:00,1391.000,335.072,99,22524.2,2685,62,measure
2026-09-11T05:01:44.285+00:00,1392.000,327.631,99,22524.3,2685,62,measure
2026-09-11T05:01:45.285+00:00,1393.000,317.147,99,22524.3,2685,62,measure
2026-09-11T05:01:46.285+00:00,1394.001,315.112,99,22524.3,2685,61,measure
2026-09-11T05:01:47.285+00:00,1395.000,313.647,99,22526.3,2685,61,measure
2026-09-11T05:01:48.287+00:00,1396.001,299.727,98,22569.3,2685,62,measure
2026-09-11T05:01:49.286+00:00,1397.000,314.994,99,22569.3,2685,63,measure
2026-09-11T05:01:50.288+00:00,1398.003,326.801,99,22569.6,2685,62,measure
2026-09-11T05:01:51.285+00:00,1399.001,345.053,99,22570.6,2685,63,measure
2026-09-11T05:01:52.285+00:00,1400.001,341.629,99,22570.6,2685,62,measure
2026-09-11T05:01:53.285+00:00,1401.000,340.425,99,22559.1,2685,63,measure
2026-09-11T05:01:54.286+00:00,1402.000,340.289,99,22547,2685,64,measure
2026-09-11T05:01:55.286+00:00,1403.002,324.16,99,22547,2685,62,measure
2026-09-11T05:01:56.285+00:00,1404.001,328.47,99,22547,2685,63,measure
2026-09-11T05:01:57.285+00:00,1405.000,317.975,99,22553.1,2685,62,measure
2026-09-11T05:01:58.285+00:00,1406.000,315.821,99,22553.1,2685,62,measure
2026-09-11T05:01:59.285+00:00,1407.000,315.863,99,22553.1,2685,62,measure
2026-09-11T05:02:00.286+00:00,1408.000,297.912,99,22553.1,2685,61,measure
2026-09-11T05:02:01.286+00:00,1409.002,323.611,99,22546.2,2685,63,measure
2026-09-11T05:02:02.285+00:00,1410.000,320.086,99,22542.6,2685,62,measure
2026-09-11T05:02:03.286+00:00,1411.001,318.499,99,22540.6,2685,62,measure
2026-09-11T05:02:04.285+00:00,1412.001,319.874,99,22540.6,2685,65,measure
2026-09-11T05:02:05.285+00:00,1413.001,311.121,99,22540.9,2685,62,measure
2026-09-11T05:02:06.286+00:00,1414.000,315.996,99,22540.9,2685,62,measure
2026-09-11T05:02:07.285+00:00,1415.001,308.839,99,22540.9,2685,61,measure
2026-09-11T05:02:08.290+00:00,1416.006,298.734,99,22539.3,2685,61,measure
2026-09-11T05:02:09.287+00:00,1417.000,296.148,99,22550.8,2685,63,measure
2026-09-11T05:02:07.800+00:00,1418.001,302.971,99,22551.5,2685,61,measure
2026-09-11T05:02:08.800+00:00,1419.001,305.829,99,22551.5,2685,61,measure
2026-09-11T05:02:09.803+00:00,1420.001,306.19,99,22552.1,2685,61,measure
2026-09-11T05:02:10.803+00:00,1421.004,299.886,99,22551.4,2685,61,measure
2026-09-11T05:02:11.799+00:00,1422.000,300.943,99,22545.8,2685,61,measure
2026-09-11T05:02:12.799+00:00,1423.000,307.236,99,22543,2685,62,measure
2026-09-11T05:02:13.799+00:00,1424.000,309.651,99,22543,2685,61,measure
2026-09-11T05:02:14.799+00:00,1425.000,299.311,99,22543,2685,60,measure
2026-09-11T05:02:15.846+00:00,1426.003,312.228,99,22543,2685,61,measure
2026-09-11T05:02:16.799+00:00,1427.001,309.527,99,22546.1,2685,61,measure
2026-09-11T05:02:17.799+00:00,1428.001,312.32,99,22546.1,2685,62,measure
2026-09-11T05:02:18.799+00:00,1429.000,320.937,99,22522.7,2685,65,measure
2026-09-11T05:02:19.799+00:00,1430.001,343.549,99,22522.7,2685,62,measure
2026-09-11T05:02:20.800+00:00,1431.000,325.345,99,22528.7,2685,62,measure
2026-09-11T05:02:21.800+00:00,1432.000,324.247,99,22537.4,2685,64,measure
2026-09-11T05:02:22.799+00:00,1433.000,311.03,99,22537.2,2685,62,measure
2026-09-11T05:02:23.799+00:00,1434.000,321.863,99,22535,2685,62,measure
2026-09-11T05:02:24.799+00:00,1435.001,321.603,99,22535,2670,62,measure
2026-09-11T05:02:25.800+00:00,1436.001,324.611,99,22535,2685,62,measure
2026-09-11T05:02:26.800+00:00,1437.000,329.795,99,22533.8,2685,62,measure
2026-09-11T05:02:27.803+00:00,1438.002,316.194,99,22534.8,2685,64,measure
2026-09-11T05:02:28.799+00:00,1439.001,330.01,99,22534.8,2685,62,measure
2026-09-11T05:02:29.799+00:00,1440.001,321.718,99,22531.5,2685,64,measure
2026-09-11T05:02:30.800+00:00,1441.001,324.861,99,22531.5,2685,62,measure
2026-09-11T05:02:31.842+00:00,1442.001,316.801,99,22533.3,2685,63,measure
2026-09-11T05:02:32.801+00:00,1443.001,330.236,99,22532.7,2685,62,measure
2026-09-11T05:02:33.802+00:00,1444.001,320.116,99,22533.1,2685,65,measure
2026-09-11T05:02:34.800+00:00,1445.002,311.314,99,22537.3,2685,61,measure
2026-09-11T05:02:35.802+00:00,1446.003,297.9,99,22537.4,2685,61,measure
2026-09-11T05:02:36.801+00:00,1447.001,317.621,99,22537,2685,62,measure
2026-09-11T05:02:37.800+00:00,1448.002,318.568,99,22536.4,2685,62,measure
2026-09-11T05:02:38.801+00:00,1449.001,343.87,99,22543.2,2685,62,measure
2026-09-11T05:02:37.326+00:00,1450.005,333.687,99,22544,2685,62,measure
2026-09-11T05:02:38.331+00:00,1451.008,327.488,99,22543.7,2685,64,measure
2026-09-11T05:02:39.322+00:00,1452.002,335.855,99,22543.1,2685,62,measure
2026-09-11T05:02:40.323+00:00,1453.002,337.505,99,22545.2,2685,62,measure
2026-09-11T05:02:41.322+00:00,1454.001,326.997,99,22553.4,2685,63,measure
2026-09-11T05:02:42.322+00:00,1455.000,317.9,99,22535.3,2685,61,measure
2026-09-11T05:02:43.324+00:00,1456.001,305.109,99,22523.6,2685,61,measure
2026-09-11T05:02:44.322+00:00,1457.001,312.401,99,22550.2,2685,62,measure
2026-09-11T05:02:45.322+00:00,1458.001,322.554,99,22529.3,2685,62,measure
2026-09-11T05:02:46.321+00:00,1459.001,315.931,99,22521.6,2685,63,measure
2026-09-11T05:02:47.322+00:00,1460.002,304.509,99,22522.8,2685,61,measure
2026-09-11T05:02:48.327+00:00,1461.004,303.965,99,22530,2685,61,measure
2026-09-11T05:02:49.324+00:00,1462.001,307.263,99,22523.3,2685,61,measure
2026-09-11T05:02:50.321+00:00,1463.000,321.206,99,22523.3,2685,62,measure
2026-09-11T05:02:51.322+00:00,1464.001,307.174,99,22525.4,2685,61,measure
2026-09-11T05:02:52.321+00:00,1465.000,295.964,99,22459.5,2685,60,measure
2026-09-11T05:02:53.321+00:00,1466.001,298.893,99,22489.5,2685,60,measure
2026-09-11T05:02:54.326+00:00,1467.001,297.64,99,22444.5,2685,60,measure
2026-09-11T05:02:55.336+00:00,1468.015,305.304,99,22446.5,2685,60,measure
2026-09-11T05:02:56.351+00:00,1469.002,314.314,99,22446.5,2685,61,measure
2026-09-11T05:02:57.322+00:00,1470.001,322.203,99,22455.6,2685,62,measure
2026-09-11T05:02:58.325+00:00,1471.004,317.282,99,22470.1,2685,61,measure
2026-09-11T05:02:59.329+00:00,1472.008,299.754,99,22456.1,2685,61,measure
2026-09-11T05:03:00.324+00:00,1473.002,299.599,99,22474.1,2685,61,measure
2026-09-11T05:03:01.326+00:00,1474.006,302.612,99,22465.6,2685,61,measure
2026-09-11T05:03:02.321+00:00,1475.000,300.611,99,22465.6,2685,60,measure
2026-09-11T05:03:03.325+00:00,1476.004,310.954,99,22482.5,2685,61,measure
2026-09-11T05:03:04.384+00:00,1477.008,327.165,99,22583,2685,65,measure
2026-09-11T05:03:05.326+00:00,1478.004,337.278,99,22648.5,2625,65,measure
2026-09-11T05:03:06.323+00:00,1479.001,324.693,99,22612.7,2685,61,measure
2026-09-11T05:03:07.326+00:00,1480.005,318.715,99,22595.8,2685,61,measure
2026-09-11T05:03:08.322+00:00,1481.001,303.974,99,22595.8,2685,61,measure
2026-09-11T05:03:06.823+00:00,1482.000,311.556,99,22588.3,2685,62,measure
2026-09-11T05:03:07.824+00:00,1483.001,325.197,99,22588.3,2685,63,measure
2026-09-11T05:03:08.823+00:00,1484.001,318.284,99,22588.3,2685,62,measure
2026-09-11T05:03:09.824+00:00,1485.000,302.681,99,22576,2685,60,measure
2026-09-11T05:03:10.824+00:00,1486.001,300.438,99,22525.2,2685,61,measure
2026-09-11T05:03:11.824+00:00,1487.001,306.517,99,22525.2,2685,61,measure
2026-09-11T05:03:12.823+00:00,1488.001,299.948,99,22525.2,2685,63,measure
2026-09-11T05:03:13.824+00:00,1489.001,302.025,99,22542.1,2685,61,measure
2026-09-11T05:03:14.825+00:00,1490.002,310.313,99,22525.2,2685,63,measure
2026-09-11T05:03:15.837+00:00,1491.001,342.005,99,22578.1,2685,63,measure
2026-09-11T05:03:16.824+00:00,1492.001,344.014,99,22578.1,2685,61,measure
2026-09-11T05:03:17.824+00:00,1493.001,337.597,99,22518.7,2685,63,measure
2026-09-11T05:03:18.827+00:00,1494.002,327.771,99,22568,2685,63,measure
2026-09-11T05:03:19.825+00:00,1495.002,323.109,99,22584.9,2685,61,measure
2026-09-11T05:03:20.824+00:00,1496.001,323.528,99,22568,2685,62,measure
2026-09-11T05:03:21.828+00:00,1497.001,334.827,99,22568,2685,66,measure
2026-09-11T05:03:22.824+00:00,1498.000,318.446,99,22568,2685,61,measure
2026-09-11T05:03:23.829+00:00,1499.006,310.261,99,22568,2685,61,measure
2026-09-11T05:03:24.825+00:00,1500.003,308.83,99,22568,2685,63,measure
2026-09-11T05:03:25.826+00:00,1501.003,313.105,99,22564,2685,67,measure
2026-09-11T05:03:26.823+00:00,1502.000,313.833,99,22564,2685,62,measure
2026-09-11T05:03:27.825+00:00,1503.001,325.012,99,22584.9,2685,62,measure
2026-09-11T05:03:28.824+00:00,1504.000,320.068,99,22568,2685,63,measure
2026-09-11T05:03:29.824+00:00,1505.002,316.83,99,22568,2685,62,measure
2026-09-11T05:03:30.824+00:00,1506.002,292.85,99,22584.9,2685,60,measure
2026-09-11T05:03:31.824+00:00,1507.001,277.054,99,22584.9,2685,59,measure
2026-09-11T05:03:32.824+00:00,1508.001,153.673,2,22564,2700,54,measure
2026-09-11T05:03:33.827+00:00,1509.000,75.103,2,22564,2700,53,measure
2026-09-11T05:03:34.831+00:00,1510.003,51.946,8,22584.7,555,51,measure
2026-09-11T05:03:35.823+00:00,1511.000,26.595,9,22576.3,435,51,measure
2026-09-11T05:03:36.826+00:00,1512.003,24.769,12,22567.9,360,50,measure
2026-09-11T05:03:37.830+00:00,1513.005,19.433,8,22563.9,315,50,measure
2026-09-11T05:03:38.833+00:00,1514.006,19.465,8,22563.9,285,49,measure
2026-09-11T05:03:37.346+00:00,1515.000,18.81,11,22563.9,300,49,measure
2026-09-11T05:03:38.344+00:00,1516.000,18.942,12,22555.4,315,49,measure
2026-09-11T05:03:39.344+00:00,1517.001,18.379,5,22571.5,285,49,measure
2026-09-11T05:03:40.344+00:00,1518.000,17.643,6,22571.5,255,48,measure
2026-09-11T05:03:41.344+00:00,1519.001,17.923,11,22570.9,300,48,measure
2026-09-11T05:03:42.344+00:00,1520.000,18.031,9,22588.7,285,48,measure
2026-09-11T05:03:43.345+00:00,1521.001,17.797,8,22588.7,285,48,measure
2026-09-11T05:03:44.344+00:00,1522.000,17.512,7,22523.5,285,47,measure
2026-09-11T05:03:45.349+00:00,1523.007,16.916,7,22509.5,240,47,measure
2026-09-11T05:03:46.345+00:00,1524.000,17.878,8,22512.7,300,47,measure
2026-09-11T05:03:47.343+00:00,1525.000,17.12,8,22513.8,285,47,measure
2026-09-11T05:03:48.344+00:00,1526.000,16.978,11,22511.5,315,47,measure
2026-09-11T05:03:49.345+00:00,1527.000,17.026,7,22505.5,300,46,measure
2026-09-11T05:03:50.343+00:00,1528.000,16.408,6,22463.2,315,46,measure
2026-09-11T05:03:51.362+00:00,1529.016,16.296,5,22463.9,285,46,measure
2026-09-11T05:03:52.344+00:00,1530.002,16.492,5,22482.6,255,46,measure
2026-09-11T05:03:53.348+00:00,1531.004,16.37,5,22482.6,240,46,measure
2026-09-11T05:03:54.345+00:00,1532.000,16.339,5,22474.4,225,46,measure
2026-09-11T05:03:55.346+00:00,1533.001,16.318,5,22462,225,45,measure
2026-09-11T05:03:56.346+00:00,1534.003,15.964,4,22452.5,225,45,measure
2026-09-11T05:03:57.345+00:00,1535.001,15.72,5,22443.9,210,45,measure
2026-09-11T05:03:58.344+00:00,1536.001,15.342,4,22441.5,210,45,measure
2026-09-11T05:03:59.344+00:00,1537.000,15.46,4,22436.8,210,45,measure
2026-09-11T05:04:00.345+00:00,1538.000,15.44,5,22436.8,210,45,measure
2026-09-11T05:04:01.345+00:00,1539.000,15.372,5,22436.8,225,45,measure
2026-09-11T05:04:02.344+00:00,1540.000,15.225,5,22441,210,44,measure
2026-09-11T05:04:03.351+00:00,1541.008,15.57,4,22441,210,44,measure
2026-09-11T05:04:04.347+00:00,1542.004,15.722,5,22441.7,210,44,measure
2026-09-11T05:04:05.351+00:00,1543.007,15.223,5,22437.6,210,44,measure
2026-09-11T05:04:06.346+00:00,1544.001,15.526,5,22457.3,225,44,measure
2026-09-11T05:04:07.347+00:00,1545.003,15.566,5,22460.2,225,44,measure
2026-09-11T05:04:08.348+00:00,1546.005,15.319,5,22452.9,225,44,measure
2026-09-11T05:04:06.851+00:00,1547.007,15.023,5,22452.4,210,44,measure
2026-09-11T05:04:07.847+00:00,1548.002,15.394,5,22478.9,255,44,measure
2026-09-11T05:04:08.850+00:00,1549.005,15.313,6,22478.8,240,43,measure
2026-09-11T05:04:09.852+00:00,1550.008,15.406,5,22481.5,225,43,measure
2026-09-11T05:04:10.848+00:00,1551.001,15.318,5,22461,225,43,measure
2026-09-11T05:04:11.847+00:00,1552.004,15.007,5,22457,225,43,measure
2026-09-11T05:04:12.850+00:00,1553.006,14.88,5,22451,210,43,measure
2026-09-11T05:04:13.851+00:00,1554.006,14.917,5,22458,225,43,measure
2026-09-11T05:04:14.844+00:00,1555.000,15.236,5,22455.8,225,43,measure
2026-09-11T05:04:15.851+00:00,1556.001,15.314,5,22445.7,210,43,measure
2026-09-11T05:04:16.848+00:00,1557.001,15.184,5,22442.6,210,43,measure
2026-09-11T05:04:17.844+00:00,1558.000,14.845,5,22437,210,43,measure
2026-09-11T05:04:18.845+00:00,1559.001,15.014,5,22438,225,42,measure
2026-09-11T05:04:19.847+00:00,1560.003,15.013,5,22441.7,225,42,measure
2026-09-11T05:04:20.847+00:00,1561.002,15.085,4,22441.7,225,42,measure
2026-09-11T05:04:21.850+00:00,1562.004,14.956,5,22432.2,210,42,measure
2026-09-11T05:04:22.851+00:00,1563.007,15.043,5,22438,210,42,measure
2026-09-11T05:04:23.844+00:00,1564.000,15.07,5,22438,210,42,measure
2026-09-11T05:04:24.845+00:00,1565.001,14.979,5,22438,210,42,measure
