timestamp_iso,t_s,power_w,util_gpu_pct,mem_used_mib,clocks_sm_mhz,temp_c,phase
2026-09-11T03:50:01.212+00:00,0.000,244.577,15,22182.6,2700,61,measure
2026-09-11T03:50:02.215+00:00,1.000,76.381,2,22182.6,2700,53,measure
2026-09-11T03:50:03.210+00:00,2.001,66.114,1,22203.7,615,52,measure
2026-09-11T03:50:04.215+00:00,3.005,37.97,2,22201,450,51,measure
2026-09-11T03:50:05.212+00:00,4.002,23.958,2,22206.3,330,50,measure
2026-09-11T03:50:06.210+00:00,5.000,17.977,4,22206.2,270,50,measure
2026-09-11T03:50:07.220+00:00,6.003,18.089,4,22205.3,240,50,measure
2026-09-11T03:50:08.212+00:00,7.001,132.329,99,22225.5,2685,54,measure
2026-09-11T03:50:09.210+00:00,8.000,293.853,99,22230.4,2685,58,measure
2026-09-11T03:50:10.221+00:00,9.001,299.686,97,22230.6,2700,60,measure
2026-09-11T03:50:11.210+00:00,10.000,288.599,99,22229.7,2685,60,measure
2026-09-11T03:50:12.210+00:00,11.000,310.076,99,22225.4,2685,60,measure
2026-09-11T03:50:13.211+00:00,12.001,315.588,99,22225.4,2685,60,measure
2026-09-11T03:50:14.211+00:00,13.000,303.222,99,22226,2685,59,measure
2026-09-11T03:50:15.211+00:00,14.001,301.017,99,22226,2685,63,measure
2026-09-11T03:50:13.696+00:00,15.001,305.914,99,22213.1,2685,62,measure
2026-09-11T03:50:14.696+00:00,16.001,304.95,99,22213.1,2685,61,measure
2026-09-11T03:50:15.696+00:00,17.000,298.003,99,22213.1,2685,59,measure
2026-09-11T03:50:16.696+00:00,18.001,295.77,99,22227.1,2685,58,measure
2026-09-11T03:50:17.697+00:00,19.000,284.257,99,22212.1,2685,58,measure
2026-09-11T03:50:18.697+00:00,20.000,302.727,99,22212.1,2685,59,measure
2026-09-11T03:50:19.696+00:00,21.001,300.214,99,22212.1,2685,59,measure
2026-09-11T03:50:20.704+00:00,22.008,305.972,99,22212.1,2685,59,measure
2026-09-11T03:50:21.721+00:00,23.025,306.771,99,22241.2,2685,59,measure
2026-09-11T03:50:22.708+00:00,24.012,301.663,99,22237.9,2685,60,measure
2026-09-11T03:50:23.705+00:00,25.010,294.677,99,22264.6,2685,59,measure
2026-09-11T03:50:24.719+00:00,26.022,316.633,99,22245.4,2685,63,measure
2026-09-11T03:50:25.733+00:00,27.036,305.018,99,22240.6,2685,60,measure
2026-09-11T03:50:26.698+00:00,28.000,320.826,99,22240.6,2685,61,measure
2026-09-11T03:50:27.717+00:00,29.021,311.61,99,22240.6,2685,59,measure
2026-09-11T03:50:28.714+00:00,30.007,311.06,99,22231.3,2685,60,measure
2026-09-11T03:50:29.722+00:00,31.025,329.62,99,22231.3,2685,61,measure
2026-09-11T03:50:30.714+00:00,32.017,327.957,99,22231.3,2685,61,measure
2026-09-11T03:50:31.709+00:00,33.012,343.131,99,22231.3,2685,61,measure
2026-09-11T03:50:32.697+00:00,34.002,351.762,99,22231.3,2685,63,measure
2026-09-11T03:50:33.714+00:00,35.018,353.633,99,22231.3,2685,66,measure
2026-09-11T03:50:34.699+00:00,36.002,344.007,99,22231.3,2685,62,measure
2026-09-11T03:50:35.709+00:00,37.013,342.114,99,22231.3,2685,62,measure
2026-09-11T03:50:36.697+00:00,38.001,329.403,99,22231.3,2685,61,measure
2026-09-11T03:50:37.722+00:00,39.026,339.176,99,22231.3,2685,64,measure
2026-09-11T03:50:38.721+00:00,40.023,330.964,99,22231.3,2685,61,measure
2026-09-11T03:50:39.750+00:00,41.052,311.557,99,22231.3,2685,60,measure
2026-09-11T03:50:40.726+00:00,42.030,300.358,100,22231.3,2685,60,measure
2026-09-11T03:50:41.704+00:00,43.009,295.26,99,22245.4,2685,61,measure
2026-09-11T03:50:42.715+00:00,44.019,318.936,99,22245.4,2685,60,measure
2026-09-11T03:50:43.714+00:00,45.015,305.166,99,22245.4,2685,60,measure
2026-09-11T03:50:44.707+00:00,46.010,310.249,99,22244.4,2685,63,measure
2026-09-11T03:50:43.227+00:00,47.014,312.885,99,22244.4,2685,60,measure
2026-09-11T03:50:44.223+00:00,48.010,313.66,99,22244.4,2685,62,measure
2026-09-11T03:50:45.215+00:00,49.000,321.225,99,22243.7,2685,61,measure
2026-09-11T03:50:46.218+00:00,50.005,310.306,99,22243.7,2685,63,measure
2026-09-11T03:50:47.213+00:00,51.000,324.358,99,22243.7,2685,62,measure
2026-09-11T03:50:48.249+00:00,52.036,331.535,99,22243.7,2685,61,measure
2026-09-11T03:50:49.224+00:00,53.010,347.665,99,22231.4,2685,62,measure
2026-09-11T03:50:50.237+00:00,54.023,360.94,99,22231.4,2685,64,measure
2026-09-11T03:50:51.238+00:00,55.023,346.224,99,22231.4,2685,62,measure
2026-09-11T03:50:52.232+00:00,56.007,346.567,99,22231.4,2685,62,measure
2026-09-11T03:50:53.218+00:00,57.005,333.711,99,22229.4,2685,62,measure
2026-09-11T03:50:54.215+00:00,58.000,326.284,99,22237.4,2685,63,measure
2026-09-11T03:50:55.220+00:00,59.005,318.183,99,22237.4,2685,61,measure
2026-09-11T03:50:56.225+00:00,60.012,317.26,99,22237.4,2685,61,measure
2026-09-11T03:50:57.238+00:00,61.023,335.991,99,22247.7,2685,62,measure
2026-09-11T03:50:58.217+00:00,62.004,324.508,99,22249.3,2685,62,measure
2026-09-11T03:50:59.234+00:00,63.021,318.612,99,22249.1,2685,61,measure
2026-09-11T03:51:00.232+00:00,64.019,307.499,99,22249.4,2685,61,measure
2026-09-11T03:51:01.246+00:00,65.033,316.249,99,22248.3,2685,60,measure
2026-09-11T03:51:02.215+00:00,66.000,328.24,99,22247.4,2685,65,measure
2026-09-11T03:51:03.242+00:00,67.029,321.053,99,22248.4,2685,63,measure
2026-09-11T03:51:04.221+00:00,68.008,325.344,99,22209.2,2685,61,measure
2026-09-11T03:51:05.243+00:00,69.029,314.808,99,22202.3,2685,60,measure
2026-09-11T03:51:06.227+00:00,70.014,325.976,99,22195.1,2685,61,measure
2026-09-11T03:51:07.237+00:00,71.023,317.443,99,22201.7,2685,61,measure
2026-09-11T03:51:08.220+00:00,72.006,339.067,99,22192.4,2685,62,measure
2026-09-11T03:51:09.216+00:00,73.000,325.034,99,22188.1,2685,61,measure
2026-09-11T03:51:10.219+00:00,74.006,322.905,99,22190.1,2685,62,measure
2026-09-11T03:51:11.231+00:00,75.017,316.459,99,22190.1,2685,63,measure
2026-09-11T03:51:12.217+00:00,76.004,307.389,99,22190.3,2685,63,measure
2026-09-11T03:51:13.220+00:00,77.006,305.836,99,22191.1,2685,61,measure
2026-09-11T03:51:14.220+00:00,78.006,311.033,99,22191.1,2685,61,measure
2026-09-11T03:51:12.723+00:00,79.008,306.607,99,22191.1,2685,60,measure
2026-09-11T03:51:13.767+00:00,80.001,321.144,99,22180.6,2685,62,measure
2026-09-11T03:51:14.718+00:00,81.003,328.56,99,22180.2,2685,62,measure
2026-09-11T03:51:15.729+00:00,82.011,338.431,99,22180.2,2685,62,measure
2026-09-11T03:51:16.715+00:00,83.000,324.689,99,22180.2,2685,63,measure
2026-09-11T03:51:17.718+00:00,84.001,311.681,99,22180.2,2685,61,measure
2026-09-11T03:51:18.716+00:00,85.000,301.584,100,22180.2,2685,61,measure
2026-09-11T03:51:19.717+00:00,86.002,308.066,99,22180.2,2685,61,measure
2026-09-11T03:51:20.719+00:00,87.004,314.037,99,22179.6,2685,61,measure
2026-09-11T03:51:21.729+00:00,88.011,313.403,99,22173.3,2685,62,measure
2026-09-11T03:51:22.727+00:00,89.012,329.63,99,22154.1,2685,63,measure
2026-09-11T03:51:23.725+00:00,90.010,326.742,99,22156.1,2685,62,measure
2026-09-11T03:51:24.759+00:00,91.005,341.91,99,22156.1,2685,63,measure
2026-09-11T03:51:25.728+00:00,92.013,344.939,99,22193.1,2685,67,measure
2026-09-11T03:51:26.741+00:00,93.026,339.293,99,22192.1,2685,62,measure
2026-09-11T03:51:27.728+00:00,94.013,349.836,99,22191.9,2685,66,measure
2026-09-11T03:51:28.725+00:00,95.010,324.001,99,22191.9,2685,62,measure
2026-09-11T03:51:29.731+00:00,96.015,320.042,99,22191.9,2685,62,measure
2026-09-11T03:51:30.722+00:00,97.006,309.118,99,22191.9,2685,60,measure
2026-09-11T03:51:31.749+00:00,98.033,307.631,99,22191.9,2685,61,measure
2026-09-11T03:51:32.744+00:00,99.029,322.928,99,22177.4,2685,63,measure
2026-09-11T03:51:33.721+00:00,100.005,320.199,99,22171.4,2685,63,measure
2026-09-11T03:51:34.722+00:00,101.005,329.33,99,22171.4,2685,62,measure
2026-09-11T03:51:35.726+00:00,102.011,313.553,99,22171.4,2685,61,measure
2026-09-11T03:51:36.717+00:00,103.000,305.525,99,22171.4,2685,61,measure
2026-09-11T03:51:37.746+00:00,104.029,304.338,99,22184.4,2685,62,measure
2026-09-11T03:51:38.738+00:00,105.022,301.024,99,22184.4,2685,63,measure
2026-09-11T03:51:39.717+00:00,106.002,326.784,99,22184.4,2685,62,measure
2026-09-11T03:51:40.742+00:00,107.024,326.54,99,22184.4,2685,62,measure
2026-09-11T03:51:41.734+00:00,108.001,346.993,99,22184.4,2685,62,measure
2026-09-11T03:51:42.730+00:00,109.003,379.741,99,22184.4,2685,63,measure
2026-09-11T03:51:43.724+00:00,110.009,347.788,99,22184.4,2685,62,measure
2026-09-11T03:51:44.717+00:00,111.002,350.859,99,22184.4,2685,62,measure
2026-09-11T03:51:43.263+00:00,112.008,345.694,99,22184.4,2685,62,measure
2026-09-11T03:51:44.238+00:00,113.013,335.57,99,22184.4,2685,62,measure
2026-09-11T03:51:45.239+00:00,114.021,341.495,99,22184.4,2685,62,measure
2026-09-11T03:51:46.223+00:00,115.006,318.931,99,22184.4,2685,62,measure
2026-09-11T03:51:47.224+00:00,116.007,310.938,99,22184.4,2685,61,measure
2026-09-11T03:51:48.219+00:00,117.002,311.9,99,22184.4,2685,62,measure
2026-09-11T03:51:49.226+00:00,118.008,310.464,99,22184.4,2685,60,measure
2026-09-11T03:51:50.247+00:00,119.030,301.791,99,22171.4,2685,61,measure
2026-09-11T03:51:51.222+00:00,120.004,311.137,99,22187.4,2685,63,measure
2026-09-11T03:51:52.220+00:00,121.003,322.306,99,22187.4,2685,62,measure
2026-09-11T03:51:53.225+00:00,122.007,331.958,99,22179.4,2685,65,measure
2026-09-11T03:51:54.231+00:00,123.013,322.329,99,22171.4,2685,62,measure
2026-09-11T03:51:55.235+00:00,124.018,317.785,99,22171.4,2685,66,measure
2026-09-11T03:51:56.235+00:00,125.018,327.544,99,22187.4,2685,67,measure
2026-09-11T03:51:57.248+00:00,126.031,334.081,99,22187.4,2685,63,measure
2026-09-11T03:51:58.223+00:00,127.005,339.553,99,22187.4,2685,66,measure
2026-09-11T03:51:59.220+00:00,128.003,335.685,99,22179.4,2685,62,measure
2026-09-11T03:52:00.232+00:00,129.014,321.953,99,22171.4,2685,62,measure
2026-09-11T03:52:01.239+00:00,130.021,323.06,99,22187.4,2685,62,measure
2026-09-11T03:52:02.244+00:00,131.026,318.016,99,22187.4,2685,62,measure
2026-09-11T03:52:03.224+00:00,132.007,333.598,99,22187.4,2685,63,measure
2026-09-11T03:52:04.226+00:00,133.009,327.33,99,22172.4,2685,62,measure
2026-09-11T03:52:05.219+00:00,134.002,327.076,99,22172.4,2685,62,measure
2026-09-11T03:52:06.230+00:00,135.012,308.536,99,22171.4,2685,61,measure
2026-09-11T03:52:07.236+00:00,136.019,297.01,99,22171.4,2685,60,measure
2026-09-11T03:52:08.225+00:00,137.007,296.761,99,22184.4,2685,60,measure
2026-09-11T03:52:09.222+00:00,138.005,290.222,99,22184.4,2685,60,measure
2026-09-11T03:52:10.220+00:00,139.003,296.731,99,22184.4,2685,60,measure
2026-09-11T03:52:11.217+00:00,140.001,286.331,99,22184.4,2685,60,measure
2026-09-11T03:52:12.223+00:00,141.006,304.23,99,22172.4,2685,60,measure
2026-09-11T03:52:13.235+00:00,142.018,316.31,99,22172.4,2685,63,measure
2026-09-11T03:52:14.219+00:00,143.001,334.176,99,22172.4,2685,62,measure
2026-09-11T03:52:12.716+00:00,144.000,312.511,99,22184.4,2685,61,measure
2026-09-11T03:52:13.715+00:00,145.000,310.513,99,22193.9,2685,61,measure
2026-09-11T03:52:14.734+00:00,146.017,304.755,99,22150.5,2685,60,measure
2026-09-11T03:52:15.721+00:00,147.006,328.319,99,22150.5,2685,63,measure
2026-09-11T03:52:16.715+00:00,148.000,331.603,99,22191.6,2685,62,measure
2026-09-11T03:52:17.716+00:00,149.001,314.232,99,22191.6,2685,61,measure
2026-09-11T03:52:18.716+00:00,150.000,346.283,99,22190.4,2685,62,measure
2026-09-11T03:52:19.716+00:00,151.000,324.955,99,22185.4,2685,61,measure
2026-09-11T03:52:20.716+00:00,152.001,333.257,99,22187.4,2685,62,measure
2026-09-11T03:52:21.716+00:00,153.001,328.395,99,22184.4,2685,61,measure
2026-09-11T03:52:22.715+00:00,154.000,303.528,99,22184.4,2685,60,measure
2026-09-11T03:52:23.717+00:00,155.001,310.679,99,22171.4,2685,61,measure
2026-09-11T03:52:24.716+00:00,156.000,302.804,99,22184.4,2685,60,measure
2026-09-11T03:52:25.716+00:00,157.001,307.993,99,22181.4,2685,63,measure
2026-09-11T03:52:26.716+00:00,158.001,306.528,99,22184.4,2685,61,measure
2026-09-11T03:52:27.716+00:00,159.001,304.501,99,22184.4,2685,61,measure
2026-09-11T03:52:28.716+00:00,160.001,314.055,99,22184.4,2685,60,measure
2026-09-11T03:52:29.717+00:00,161.001,307.332,99,22184.4,2685,63,measure
2026-09-11T03:52:30.719+00:00,162.000,302.064,99,22184.4,2685,60,measure
2026-09-11T03:52:31.716+00:00,163.001,306.07,99,22184.4,2685,63,measure
2026-09-11T03:52:32.715+00:00,164.001,308.68,99,22184.4,2685,61,measure
2026-09-11T03:52:33.717+00:00,165.000,316.12,99,22184.4,2685,63,measure
2026-09-11T03:52:34.735+00:00,166.001,317.021,99,22184.4,2685,64,measure
2026-09-11T03:52:35.717+00:00,167.000,335.746,99,22184.4,2685,62,measure
2026-09-11T03:52:36.718+00:00,168.001,323.836,99,22182.4,2685,62,measure
2026-09-11T03:52:37.716+00:00,169.001,307.04,99,22187.4,2685,60,measure
2026-09-11T03:52:38.715+00:00,170.000,315.307,99,22187.4,2685,61,measure
2026-09-11T03:52:39.719+00:00,171.005,304.541,99,22187.4,2685,63,measure
2026-09-11T03:52:40.716+00:00,172.000,307.053,99,22187.4,2685,63,measure
2026-09-11T03:52:41.717+00:00,173.001,318.104,99,22187.4,2685,60,measure
2026-09-11T03:52:42.717+00:00,174.000,295.243,99,22187.4,2685,60,measure
2026-09-11T03:52:43.715+00:00,175.001,300.243,99,22187.4,2685,60,measure
2026-09-11T03:52:44.717+00:00,176.002,302.202,99,22187.4,2685,60,measure
2026-09-11T03:52:43.240+00:00,177.005,308.838,99,22187.4,2685,60,measure
2026-09-11T03:52:44.243+00:00,178.006,309.136,99,22187.4,2685,60,measure
2026-09-11T03:52:45.243+00:00,179.002,307.692,99,22187.4,2685,60,measure
2026-09-11T03:52:46.237+00:00,180.002,306.715,99,22187.4,2685,60,measure
2026-09-11T03:52:47.249+00:00,181.013,306.785,99,22187.4,2685,61,measure
2026-09-11T03:52:48.241+00:00,182.003,297.116,99,22187.4,2685,60,measure
2026-09-11T03:52:49.236+00:00,183.000,308.921,99,22187.4,2685,61,measure
2026-09-11T03:52:50.241+00:00,184.004,315.841,99,22187.4,2685,60,measure
2026-09-11T03:52:51.243+00:00,185.004,297.682,99,22187.4,2685,61,measure
2026-09-11T03:52:52.239+00:00,186.003,301.979,99,22187.4,2685,60,measure
2026-09-11T03:52:53.238+00:00,187.002,307.509,99,22187.4,2685,60,measure
2026-09-11T03:52:54.237+00:00,188.001,306.037,99,22187.4,2685,61,measure
2026-09-11T03:52:55.238+00:00,189.002,299.718,99,22187.4,2685,60,measure
2026-09-11T03:52:56.237+00:00,190.001,307.525,99,22187.4,2685,60,measure
2026-09-11T03:52:57.238+00:00,191.001,302.852,99,22187.4,2685,60,measure
2026-09-11T03:52:58.240+00:00,192.004,302.936,99,22187.4,2685,63,measure
2026-09-11T03:52:59.240+00:00,193.005,310.039,99,22187.4,2685,61,measure
2026-09-11T03:53:00.236+00:00,194.000,316.28,99,22187.4,2685,60,measure
2026-09-11T03:53:01.238+00:00,195.002,340.501,99,22187.4,2685,61,measure
2026-09-11T03:53:02.237+00:00,196.001,329.369,99,22187.4,2685,61,measure
2026-09-11T03:53:03.238+00:00,197.001,322.278,99,22187.4,2685,61,measure
2026-09-11T03:53:04.239+00:00,198.000,308.469,99,22187.4,2685,60,measure
2026-09-11T03:53:05.236+00:00,199.000,332.85,99,22187.4,2685,62,measure
2026-09-11T03:53:06.237+00:00,200.001,331.177,99,22184.4,2685,62,measure
2026-09-11T03:53:07.236+00:00,201.001,325.842,99,22184.4,2685,61,measure
2026-09-11T03:53:08.236+00:00,202.001,310.703,99,22172.4,2685,62,measure
2026-09-11T03:53:09.238+00:00,203.001,303.5,99,22172.4,2685,61,measure
2026-09-11T03:53:10.236+00:00,204.000,310.96,99,22184.4,2685,60,measure
2026-09-11T03:53:11.236+00:00,205.001,327.957,99,22184.4,2685,62,measure
2026-09-11T03:53:12.236+00:00,206.001,317.242,99,22184.4,2685,63,measure
2026-09-11T03:53:13.237+00:00,207.000,320.403,99,22186.4,2685,61,measure
2026-09-11T03:53:14.236+00:00,208.000,302.447,99,22184.4,2685,60,measure
2026-09-11T03:53:12.753+00:00,209.000,321.915,99,22184.4,2685,64,measure
2026-09-11T03:53:13.752+00:00,210.000,306.299,99,22184.4,2685,60,measure
2026-09-11T03:53:14.753+00:00,211.001,330.55,99,22184.4,2685,61,measure
2026-09-11T03:53:15.752+00:00,212.000,349.259,99,22184.4,2685,65,measure
2026-09-11T03:53:16.752+00:00,213.000,347.138,99,22184.4,2685,62,measure
2026-09-11T03:53:17.752+00:00,214.000,340.993,99,22184.4,2685,63,measure
2026-09-11T03:53:18.753+00:00,215.000,330.73,99,22184.4,2685,62,measure
2026-09-11T03:53:19.752+00:00,216.001,313.113,99,22184.4,2685,60,measure
2026-09-11T03:53:20.752+00:00,217.000,296.423,99,22184.4,2685,60,measure
2026-09-11T03:53:21.759+00:00,218.007,302.651,99,22184.4,2685,61,measure
2026-09-11T03:53:22.752+00:00,219.000,307.796,99,22184.4,2685,60,measure
2026-09-11T03:53:23.753+00:00,220.000,313.125,99,22184.4,2685,61,measure
2026-09-11T03:53:24.756+00:00,221.000,322.598,99,22184.4,2685,61,measure
2026-09-11T03:53:25.754+00:00,222.001,299.27,99,22184.4,2685,60,measure
2026-09-11T03:53:26.752+00:00,223.000,304.906,99,22180.4,2685,60,measure
2026-09-11T03:53:27.752+00:00,224.000,312.884,99,22184.4,2685,63,measure
2026-09-11T03:53:28.755+00:00,225.000,344.466,99,22184.4,2685,63,measure
2026-09-11T03:53:29.752+00:00,226.000,337.702,99,22184.4,2685,61,measure
2026-09-11T03:53:30.754+00:00,227.000,344.063,99,22184.4,2685,62,measure
2026-09-11T03:53:31.753+00:00,228.001,327.435,99,22184.4,2685,63,measure
2026-09-11T03:53:32.752+00:00,229.000,316.11,99,22184.4,2685,62,measure
2026-09-11T03:53:33.752+00:00,230.000,304.304,99,22184.4,2685,60,measure
2026-09-11T03:53:34.752+00:00,231.001,308.648,99,22184.4,2685,61,measure
2026-09-11T03:53:35.752+00:00,232.000,303.149,99,22172.4,2685,61,measure
2026-09-11T03:53:36.754+00:00,233.001,310.407,99,22172.4,2685,60,measure
2026-09-11T03:53:37.753+00:00,234.001,308.755,99,22172.4,2685,60,measure
2026-09-11T03:53:38.752+00:00,235.000,328.777,99,22184.4,2685,62,measure
2026-09-11T03:53:39.758+00:00,236.006,321.077,99,22184.4,2685,61,measure
2026-09-11T03:53:40.752+00:00,237.000,326.671,99,22184.4,2685,65,measure
2026-09-11T03:53:41.753+00:00,238.001,306.696,99,22182.4,2685,61,measure
2026-09-11T03:53:42.753+00:00,239.000,314.393,99,22184.4,2685,63,measure
2026-09-11T03:53:43.752+00:00,240.000,321.969,99,22184.4,2685,63,measure
2026-09-11T03:53:42.255+00:00,241.000,316.451,99,22172.4,2685,61,measure
2026-09-11T03:53:43.257+00:00,242.000,331.722,99,22184.4,2685,62,measure
2026-09-11T03:53:44.255+00:00,243.000,312.044,99,22184.4,2685,60,measure
2026-09-11T03:53:45.255+00:00,244.000,330.716,99,22184.4,2685,65,measure
2026-09-11T03:53:46.259+00:00,245.001,351.766,99,22184.4,2685,62,measure
2026-09-11T03:53:47.256+00:00,246.001,340.481,99,22184.4,2685,62,measure
2026-09-11T03:53:48.254+00:00,247.000,341.01,99,22184.4,2685,62,measure
2026-09-11T03:53:49.260+00:00,248.006,328.474,99,22184.4,2685,62,measure
2026-09-11T03:53:50.254+00:00,249.000,300.21,99,22184.4,2685,61,measure
2026-09-11T03:53:51.255+00:00,250.001,283.961,99,22184.4,2685,59,measure
2026-09-11T03:53:52.256+00:00,251.000,303.009,99,22184.4,2685,61,measure
2026-09-11T03:53:53.255+00:00,252.001,309.881,99,22184.4,2685,60,measure
2026-09-11T03:53:54.255+00:00,253.000,326.204,99,22184.4,2685,62,measure
2026-09-11T03:53:55.256+00:00,254.002,322.905,99,22184.4,2685,61,measure
2026-09-11T03:53:56.254+00:00,255.000,329.284,99,22184.4,2685,62,measure
2026-09-11T03:53:57.255+00:00,256.000,320.612,99,22184.4,2685,66,measure
2026-09-11T03:53:58.258+00:00,257.002,319.538,99,22172.4,2685,63,measure
2026-09-11T03:53:59.274+00:00,258.018,331.717,99,22184.4,2685,62,measure
2026-09-11T03:54:00.284+00:00,259.029,324.524,99,22184.4,2685,61,measure
2026-09-11T03:54:01.258+00:00,260.004,356.253,99,22184.4,2685,64,measure
2026-09-11T03:54:02.259+00:00,261.004,338.558,99,22184.4,2685,65,measure
2026-09-11T03:54:03.258+00:00,262.002,322.013,99,22247.7,2685,61,measure
2026-09-11T03:54:04.258+00:00,263.000,354.373,99,22249,2685,63,measure
2026-09-11T03:54:05.255+00:00,264.000,328.422,99,22249,2685,62,measure
2026-09-11T03:54:06.255+00:00,265.000,320.257,99,22249,2685,62,measure
2026-09-11T03:54:07.254+00:00,266.000,307.545,99,22249,2685,61,measure
2026-09-11T03:54:08.255+00:00,267.000,304.014,99,22249,2685,63,measure
2026-09-11T03:54:09.258+00:00,268.001,301.96,99,22251.5,2685,61,measure
2026-09-11T03:54:10.258+00:00,269.001,303.91,99,22262,2685,61,measure
2026-09-11T03:54:11.256+00:00,270.002,298.067,99,22274.1,2685,60,measure
2026-09-11T03:54:12.255+00:00,271.000,310.954,99,22274.1,2685,60,measure
2026-09-11T03:54:13.257+00:00,272.001,310.209,99,22274.1,2685,61,measure
2026-09-11T03:54:14.254+00:00,273.000,317.78,99,22302.9,2685,64,measure
2026-09-11T03:54:12.757+00:00,274.000,315.078,99,22302.9,2685,64,measure
2026-09-11T03:54:13.756+00:00,275.000,308.134,99,22302.9,2685,63,measure
2026-09-11T03:54:14.757+00:00,276.002,311.252,99,22302.5,2685,60,measure
2026-09-11T03:54:15.755+00:00,277.000,304.877,99,22302.5,2685,60,measure
2026-09-11T03:54:16.755+00:00,278.000,310.685,99,22287,2685,60,measure
2026-09-11T03:54:17.757+00:00,279.001,328.607,99,22292.1,2685,62,measure
2026-09-11T03:54:18.757+00:00,280.001,346.015,99,22263.2,2685,62,measure
2026-09-11T03:54:19.759+00:00,281.000,346.229,99,22263.2,2685,62,measure
2026-09-11T03:54:20.757+00:00,282.002,347.82,99,22263.2,2685,64,measure
2026-09-11T03:54:21.755+00:00,283.000,335.188,99,22261.2,2685,61,measure
2026-09-11T03:54:22.756+00:00,284.001,327.356,99,22261.2,2685,63,measure
2026-09-11T03:54:23.755+00:00,285.000,316.142,99,22261.2,2685,61,measure
2026-09-11T03:54:24.757+00:00,286.001,304.616,99,22261.2,2685,60,measure
2026-09-11T03:54:25.756+00:00,287.001,304.744,99,22261.2,2685,61,measure
2026-09-11T03:54:26.757+00:00,288.001,292.138,99,22261.2,2685,60,measure
2026-09-11T03:54:27.755+00:00,289.000,302.663,99,22256.4,2685,60,measure
2026-09-11T03:54:28.757+00:00,290.002,312.401,99,22265.8,2685,61,measure
2026-09-11T03:54:29.756+00:00,291.001,317.07,99,22265.8,2685,62,measure
2026-09-11T03:54:30.757+00:00,292.000,325.686,99,22265.8,2685,62,measure
2026-09-11T03:54:31.759+00:00,293.001,313.849,99,22261.7,2685,62,measure
2026-09-11T03:54:32.756+00:00,294.000,317.266,99,22264.9,2685,61,measure
2026-09-11T03:54:33.756+00:00,295.001,317.499,99,22260.7,2685,61,measure
2026-09-11T03:54:34.782+00:00,296.000,322.252,99,22202.7,2685,61,measure
2026-09-11T03:54:35.755+00:00,297.000,323.556,99,22202.7,2685,64,measure
2026-09-11T03:54:36.757+00:00,298.000,322.403,99,22239.1,2685,60,measure
2026-09-11T03:54:37.758+00:00,299.001,313.92,99,22225.5,2685,61,measure
2026-09-11T03:54:38.756+00:00,300.000,316.095,99,22227.5,2685,62,measure
2026-09-11T03:54:39.755+00:00,301.000,323.157,99,22227.5,2685,63,measure
2026-09-11T03:54:40.757+00:00,302.000,336.312,99,22227.4,2685,62,measure
2026-09-11T03:54:41.756+00:00,303.001,332.434,99,22225.4,2685,62,measure
2026-09-11T03:54:42.757+00:00,304.001,342.383,99,22225.4,2685,64,measure
2026-09-11T03:54:43.811+00:00,305.001,339.412,99,22213.4,2685,62,measure
2026-09-11T03:54:42.256+00:00,306.001,348.513,99,22213.4,2685,65,measure
2026-09-11T03:54:43.282+00:00,307.001,354.373,99,22213.4,2685,68,measure
2026-09-11T03:54:44.259+00:00,308.001,371.599,99,22225.4,2685,62,measure
2026-09-11T03:54:45.256+00:00,309.000,371.695,99,22225.4,2685,63,measure
2026-09-11T03:54:46.313+00:00,310.001,351.721,99,22225.4,2685,67,measure
2026-09-11T03:54:47.257+00:00,311.001,368.929,99,22225.4,2685,63,measure
2026-09-11T03:54:48.286+00:00,312.000,379.874,99,22225.4,2685,67,measure
2026-09-11T03:54:49.255+00:00,313.000,357.45,99,22225.4,2685,63,measure
2026-09-11T03:54:50.256+00:00,314.001,363.428,99,22225.4,2685,65,measure
2026-09-11T03:54:51.255+00:00,315.000,367.697,99,22225.4,2685,64,measure
2026-09-11T03:54:52.257+00:00,316.000,357.402,99,22225.4,2685,66,measure
2026-09-11T03:54:53.257+00:00,317.001,356.346,99,22225.4,2685,63,measure
2026-09-11T03:54:54.256+00:00,318.000,371.52,99,22225.4,2685,67,measure
2026-09-11T03:54:55.263+00:00,319.001,377.656,99,22225.4,2685,65,measure
2026-09-11T03:54:56.255+00:00,320.000,352.728,99,22225.4,2685,63,measure
2026-09-11T03:54:57.255+00:00,321.000,369.356,99,22225.4,2685,63,measure
2026-09-11T03:54:58.294+00:00,322.002,375.261,99,22225.4,2685,70,measure
2026-09-11T03:54:59.271+00:00,323.001,354.509,99,22225.4,2685,64,measure
2026-09-11T03:55:00.339+00:00,324.082,359.491,99,22225.4,2685,63,measure
2026-09-11T03:55:01.255+00:00,325.000,370.991,99,22225.4,2670,66,measure
2026-09-11T03:55:02.256+00:00,326.001,358.484,99,22225.4,2685,65,measure
2026-09-11T03:55:03.256+00:00,327.001,364.419,99,22225.4,2625,65,measure
2026-09-11T03:55:04.257+00:00,328.000,370.999,99,22251.8,2685,67,measure
2026-09-11T03:55:05.265+00:00,329.000,372.607,99,22267.4,2685,63,measure
2026-09-11T03:55:06.255+00:00,330.000,348.004,99,22280.4,2685,66,measure
2026-09-11T03:55:07.257+00:00,331.001,372.325,99,22273.5,2685,65,measure
2026-09-11T03:55:08.300+00:00,332.000,375.305,99,22293.2,2685,67,measure
2026-09-11T03:55:09.283+00:00,333.000,354.713,99,22352.4,2685,63,measure
2026-09-11T03:55:10.257+00:00,334.001,369.171,99,22348.5,2685,64,measure
2026-09-11T03:55:11.257+00:00,335.001,373.969,99,22350.5,2685,66,measure
2026-09-11T03:55:12.255+00:00,336.000,361.234,99,22345.4,2685,63,measure
2026-09-11T03:55:13.302+00:00,337.000,369.834,99,22343.8,2685,69,measure
2026-09-11T03:55:14.255+00:00,338.000,376.934,99,22328,2685,64,measure
2026-09-11T03:55:12.757+00:00,339.000,362.228,99,22325.1,2685,65,measure
2026-09-11T03:55:13.758+00:00,340.000,354.052,99,22317.3,2685,67,measure
2026-09-11T03:55:14.757+00:00,341.001,360.928,99,22342.2,2685,65,measure
2026-09-11T03:55:15.757+00:00,342.000,378.29,99,22345.3,2685,64,measure
2026-09-11T03:55:16.756+00:00,343.000,344.559,99,22346.3,2685,64,measure
2026-09-11T03:55:17.821+00:00,344.064,364.15,99,22346.3,2685,69,measure
2026-09-11T03:55:18.834+00:00,345.078,377.795,99,22491.3,2685,68,measure
2026-09-11T03:55:19.787+00:00,346.031,359.865,99,22491.3,2685,63,measure
2026-09-11T03:55:20.756+00:00,347.000,361.394,99,22605.7,2685,68,measure
2026-09-11T03:55:21.789+00:00,348.000,364.285,99,22603,2685,65,measure
2026-09-11T03:55:22.759+00:00,349.000,359.991,99,22586.1,2685,63,measure
2026-09-11T03:55:23.760+00:00,350.000,353.706,99,22578.1,2685,64,measure
2026-09-11T03:55:24.757+00:00,351.000,365.212,99,22578.1,2685,64,measure
2026-09-11T03:55:25.762+00:00,352.000,369.873,99,22578.1,2685,64,measure
2026-09-11T03:55:26.757+00:00,353.000,341.913,99,22578.1,2685,67,measure
2026-09-11T03:55:27.757+00:00,354.001,356.321,99,22586.6,2685,63,measure
2026-09-11T03:55:28.763+00:00,355.000,367.97,99,22603,2685,64,measure
2026-09-11T03:55:29.756+00:00,356.000,361.411,99,22603,2685,63,measure
2026-09-11T03:55:30.757+00:00,357.000,371.284,99,22603,2685,65,measure
2026-09-11T03:55:31.763+00:00,358.002,371.116,99,22601,2655,63,measure
2026-09-11T03:55:32.759+00:00,359.000,367.648,99,22601,2685,63,measure
2026-09-11T03:55:33.778+00:00,360.001,352.807,99,22502.1,2685,65,measure
2026-09-11T03:55:34.756+00:00,361.000,374.208,99,22502.1,2685,63,measure
2026-09-11T03:55:35.757+00:00,362.001,379.027,99,22501.3,2685,64,measure
2026-09-11T03:55:36.798+00:00,363.001,358.93,99,22501.3,2685,65,measure
2026-09-11T03:55:37.758+00:00,364.001,374.382,99,22500.3,2685,64,measure
2026-09-11T03:55:38.769+00:00,365.000,384.027,99,22497,2685,64,measure
2026-09-11T03:55:39.758+00:00,366.002,354.896,99,22497,2685,64,measure
2026-09-11T03:55:40.757+00:00,367.000,365.33,99,22495,2685,64,measure
2026-09-11T03:55:41.803+00:00,368.001,375.116,99,22483,2670,67,measure
2026-09-11T03:55:42.758+00:00,369.000,364.01,99,22483,2685,65,measure
2026-09-11T03:55:43.758+00:00,370.001,370.375,99,22495,2685,64,measure
2026-09-11T03:55:42.255+00:00,371.001,374.713,99,22495,2685,67,measure
2026-09-11T03:55:43.255+00:00,372.000,367.644,99,22495,2685,67,measure
2026-09-11T03:55:44.303+00:00,373.001,354.984,99,22495,2685,66,measure
2026-09-11T03:55:45.255+00:00,374.001,376.029,99,22495,2685,67,measure
2026-09-11T03:55:46.256+00:00,375.000,383.018,99,22495,2685,67,measure
2026-09-11T03:55:47.267+00:00,376.001,355.196,99,22495,2640,64,measure
2026-09-11T03:55:48.255+00:00,377.001,373.694,99,22495,2685,64,measure
2026-09-11T03:55:49.255+00:00,378.001,380.568,99,22495,2685,66,measure
2026-09-11T03:55:50.257+00:00,379.001,352.551,99,22495,2685,66,measure
2026-09-11T03:55:51.255+00:00,380.000,369.82,99,22495,2685,66,measure
2026-09-11T03:55:52.269+00:00,381.001,375.487,99,22495,2595,65,measure
2026-09-11T03:55:53.256+00:00,382.000,362.465,99,22495,2685,65,measure
2026-09-11T03:55:54.255+00:00,383.001,367.915,99,22486,2685,65,measure
2026-09-11T03:55:55.254+00:00,384.000,371.332,99,22483,2670,70,measure
2026-09-11T03:55:56.254+00:00,385.000,368.632,99,22483,2685,67,measure
2026-09-11T03:55:57.255+00:00,386.001,360.082,99,22495,2685,65,measure
2026-09-11T03:55:58.256+00:00,387.001,377.431,99,22487,2685,68,measure
2026-09-11T03:55:59.256+00:00,388.000,382.003,99,22495,2685,68,measure
2026-09-11T03:56:00.255+00:00,389.001,357.695,99,22495,2685,69,measure
2026-09-11T03:56:01.284+00:00,390.000,373.297,99,22495,2685,65,measure
2026-09-11T03:56:02.255+00:00,391.001,377.498,99,22495,2685,64,measure
2026-09-11T03:56:03.255+00:00,392.001,349.642,99,22495,2685,66,measure
2026-09-11T03:56:04.257+00:00,393.001,369.049,99,22495,2685,64,measure
2026-09-11T03:56:05.258+00:00,394.001,381.42,99,22493.9,2685,66,measure
2026-09-11T03:56:06.275+00:00,395.020,361.462,99,22493.9,2685,65,measure
2026-09-11T03:56:07.337+00:00,396.082,364.138,99,22493.9,2685,64,measure
2026-09-11T03:56:08.296+00:00,397.041,374.51,99,22493.9,2685,65,measure
2026-09-11T03:56:09.273+00:00,398.018,362.584,99,22493.9,2670,64,measure
2026-09-11T03:56:10.336+00:00,399.082,368.747,99,22491.9,2655,66,measure
2026-09-11T03:56:11.257+00:00,400.001,378.919,99,22493.9,2685,68,measure
2026-09-11T03:56:12.254+00:00,401.000,369.672,99,22493.9,2685,64,measure
2026-09-11T03:56:13.254+00:00,402.000,361.376,99,22493.9,2685,64,measure
2026-09-11T03:56:14.255+00:00,403.001,372.099,99,22493.9,2625,64,measure
2026-09-11T03:56:12.754+00:00,404.000,381.103,99,22493.9,2685,70,measure
2026-09-11T03:56:13.756+00:00,405.000,358.297,99,22493.9,2655,64,measure
2026-09-11T03:56:14.757+00:00,406.000,376.143,99,22493.9,2685,64,measure
2026-09-11T03:56:15.767+00:00,407.000,385.113,99,22493.9,2685,66,measure
2026-09-11T03:56:16.754+00:00,408.000,358.002,99,22493.9,2685,64,measure
2026-09-11T03:56:17.756+00:00,409.002,368.871,99,22493.9,2685,69,measure
2026-09-11T03:56:18.755+00:00,410.000,375.478,99,22480.9,2685,65,measure
2026-09-11T03:56:19.756+00:00,411.001,363.541,99,22493.9,2685,64,measure
2026-09-11T03:56:20.755+00:00,412.001,371.096,99,22493.9,2685,68,measure
2026-09-11T03:56:21.766+00:00,413.000,373.357,99,22493.9,2685,66,measure
2026-09-11T03:56:22.755+00:00,414.001,367.489,99,22493.9,2685,64,measure
2026-09-11T03:56:23.757+00:00,415.002,360.49,99,22493.9,2685,64,measure
2026-09-11T03:56:24.757+00:00,416.002,379.236,99,22493.9,2655,65,measure
2026-09-11T03:56:25.756+00:00,417.001,382.636,99,22493.9,2685,66,measure
2026-09-11T03:56:26.765+00:00,418.002,357.052,99,22493.9,2685,64,measure
2026-09-11T03:56:27.838+00:00,419.082,369.183,99,22493.9,2670,68,measure
2026-09-11T03:56:28.832+00:00,420.076,380.83,99,22493.9,2685,66,measure
2026-09-11T03:56:29.799+00:00,421.000,351.905,99,22493.9,2685,63,measure
2026-09-11T03:56:30.754+00:00,422.000,366.732,99,22493.9,2685,69,measure
2026-09-11T03:56:31.769+00:00,423.002,377.051,99,22493.9,2685,68,measure
2026-09-11T03:56:32.758+00:00,424.001,362.599,99,22493.9,2685,64,measure
2026-09-11T03:56:33.755+00:00,425.001,372.018,99,22492.9,2685,66,measure
2026-09-11T03:56:34.758+00:00,426.001,373.015,99,22493.9,2685,69,measure
2026-09-11T03:56:35.837+00:00,427.083,361.585,99,22493.9,2685,66,measure
2026-09-11T03:56:36.830+00:00,428.076,369.764,99,22493.9,2685,65,measure
2026-09-11T03:56:37.834+00:00,429.047,377.983,99,22493.9,2685,65,measure
2026-09-11T03:56:38.784+00:00,430.030,379.259,99,22493.9,2685,64,measure
2026-09-11T03:56:39.805+00:00,431.026,360.785,99,22493.9,2685,63,measure
2026-09-11T03:56:40.869+00:00,432.079,371.965,99,22493.9,2655,65,measure
2026-09-11T03:56:41.829+00:00,433.074,374.036,99,22494,2685,64,measure
2026-09-11T03:56:42.785+00:00,434.030,342.532,99,22510.9,2685,63,measure
2026-09-11T03:56:43.826+00:00,435.072,370.271,99,22510.9,2685,66,measure
2026-09-11T03:56:42.277+00:00,436.002,379.541,99,22504.9,2685,69,measure
2026-09-11T03:56:43.347+00:00,437.074,362.518,99,22504.9,2685,66,measure
2026-09-11T03:56:44.301+00:00,438.029,371.037,99,22512.9,2685,66,measure
2026-09-11T03:56:45.273+00:00,439.000,371.769,99,22512.9,2670,69,measure
2026-09-11T03:56:46.274+00:00,440.001,369.054,99,22511.9,2685,66,measure
2026-09-11T03:56:47.280+00:00,441.002,363.718,99,22511.9,2685,64,measure
2026-09-11T03:56:48.308+00:00,442.002,377.503,99,22511.9,2685,65,measure
2026-09-11T03:56:49.354+00:00,443.080,365.705,99,22509.9,2685,65,measure
2026-09-11T03:56:50.279+00:00,444.000,350.487,99,22509.9,2685,63,measure
2026-09-11T03:56:51.274+00:00,445.001,367.576,99,22509.9,2685,65,measure
2026-09-11T03:56:52.286+00:00,446.002,366.554,99,22509.9,2685,68,measure
2026-09-11T03:56:53.278+00:00,447.005,349.795,99,22386.4,2685,64,measure
2026-09-11T03:56:54.276+00:00,448.003,360.744,99,22376.9,2685,66,measure
2026-09-11T03:56:55.276+00:00,449.003,357.915,99,22402.5,2685,63,measure
2026-09-11T03:56:56.273+00:00,450.001,359.584,99,22342.4,2685,65,measure
2026-09-11T03:56:57.277+00:00,451.004,367.756,99,22322.6,2685,64,measure
2026-09-11T03:56:58.322+00:00,452.004,353.921,99,22322.6,2640,63,measure
2026-09-11T03:56:59.274+00:00,453.000,376.752,99,22322.6,2685,65,measure
2026-09-11T03:57:00.274+00:00,454.001,353.745,99,22322.5,2685,66,measure
2026-09-11T03:57:01.273+00:00,455.001,360.2,99,22309.3,2685,64,measure
2026-09-11T03:57:02.276+00:00,456.002,365.136,99,22309.3,2655,65,measure
2026-09-11T03:57:03.275+00:00,457.003,355.318,99,22309.3,2685,64,measure
2026-09-11T03:57:04.277+00:00,458.003,367.506,99,22309.3,2685,64,measure
2026-09-11T03:57:05.290+00:00,459.000,362.034,99,22309.3,2685,65,measure
2026-09-11T03:57:06.273+00:00,460.001,366.18,99,22309.3,2685,64,measure
2026-09-11T03:57:07.274+00:00,461.001,371.817,99,22315.9,2685,64,measure
2026-09-11T03:57:08.304+00:00,462.030,359.174,100,22315.2,2685,63,measure
2026-09-11T03:57:09.353+00:00,463.081,371.794,99,22316.7,2685,64,measure
2026-09-11T03:57:10.273+00:00,464.000,367.762,99,22316.7,2685,65,measure
2026-09-11T03:57:11.275+00:00,465.001,353.484,99,22320.7,2685,63,measure
2026-09-11T03:57:12.276+00:00,466.001,374.37,99,22322.7,2685,68,measure
2026-09-11T03:57:13.273+00:00,467.001,357.035,99,22326.7,2685,69,measure
2026-09-11T03:57:14.273+00:00,468.000,365.786,99,22307.5,2685,65,measure
2026-09-11T03:57:12.776+00:00,469.001,367.194,99,22307.5,2685,65,measure
2026-09-11T03:57:13.805+00:00,470.029,361.833,99,22320.5,2685,68,measure
2026-09-11T03:57:14.802+00:00,471.023,367.142,99,22320.5,2685,66,measure
2026-09-11T03:57:15.858+00:00,472.081,359.548,99,22305.6,2640,66,measure
2026-09-11T03:57:16.853+00:00,473.076,358.493,99,22317.5,2685,64,measure
2026-09-11T03:57:17.807+00:00,474.030,370.072,99,22317.6,2685,64,measure
2026-09-11T03:57:18.865+00:00,475.081,357.445,100,22317.4,2685,63,measure
2026-09-11T03:57:19.783+00:00,476.008,375.975,99,22317.4,2685,64,measure
2026-09-11T03:57:20.858+00:00,477.083,365.774,99,22317.4,2685,64,measure
2026-09-11T03:57:21.776+00:00,478.001,354.821,99,22317.4,2685,63,measure
2026-09-11T03:57:22.806+00:00,479.001,368.26,99,22317.4,2685,64,measure
2026-09-11T03:57:23.801+00:00,480.002,350.045,99,22317.4,2610,64,measure
2026-09-11T03:57:24.776+00:00,481.000,366.257,99,22317.1,2685,64,measure
2026-09-11T03:57:25.783+00:00,482.008,369.283,99,22319.1,2685,65,measure
2026-09-11T03:57:26.779+00:00,483.003,362.592,99,22319.1,2685,65,measure
2026-09-11T03:57:27.779+00:00,484.003,371.651,99,22319.1,2685,64,measure
2026-09-11T03:57:28.778+00:00,485.002,362.283,99,22319.1,2685,65,measure
2026-09-11T03:57:29.779+00:00,486.004,361.043,99,22319.1,2655,64,measure
2026-09-11T03:57:30.777+00:00,487.001,371.375,99,22319.1,2685,65,measure
2026-09-11T03:57:31.844+00:00,488.004,360.497,99,22319.1,2610,63,measure
2026-09-11T03:57:32.779+00:00,489.001,376.479,99,22319.1,2685,64,measure
2026-09-11T03:57:33.807+00:00,490.003,360.421,99,22319.1,2685,65,measure
2026-09-11T03:57:34.782+00:00,491.006,356.743,100,22319.1,2685,63,measure
2026-09-11T03:57:35.776+00:00,492.001,366.403,99,22367.1,2685,64,measure
2026-09-11T03:57:36.780+00:00,493.003,360.911,99,22367.1,2655,64,measure
2026-09-11T03:57:37.779+00:00,494.002,367.444,99,22367.1,2685,64,measure
2026-09-11T03:57:38.810+00:00,495.001,367.628,99,22367.1,2685,67,measure
2026-09-11T03:57:39.781+00:00,496.005,363.959,99,22367.1,2685,64,measure
2026-09-11T03:57:40.775+00:00,497.000,374.366,99,22367.1,2685,64,measure
2026-09-11T03:57:41.777+00:00,498.001,355.809,100,22367.1,2685,67,measure
2026-09-11T03:57:42.785+00:00,499.008,370.217,99,22367.1,2685,64,measure
2026-09-11T03:57:43.814+00:00,500.002,369.169,99,22367.1,2685,64,measure
2026-09-11T03:57:42.295+00:00,501.017,346.736,99,22367.1,2685,63,measure
2026-09-11T03:57:43.288+00:00,502.001,369.786,99,22352.1,2685,64,measure
2026-09-11T03:57:44.281+00:00,503.003,356.741,99,22365.1,2670,66,measure
2026-09-11T03:57:45.280+00:00,504.003,360.145,100,22365.1,2685,63,measure
2026-09-11T03:57:46.279+00:00,505.002,368.336,99,22365.1,2685,64,measure
2026-09-11T03:57:47.297+00:00,506.000,350.027,99,22365.1,2685,66,measure
2026-09-11T03:57:48.279+00:00,507.002,368.105,99,22365.1,2685,65,measure
2026-09-11T03:57:49.280+00:00,508.003,363.497,99,22365.1,2685,71,measure
2026-09-11T03:57:50.283+00:00,509.006,363.344,99,22365.1,2685,66,measure
2026-09-11T03:57:51.281+00:00,510.004,372.544,99,22365.1,2685,65,measure
2026-09-11T03:57:52.308+00:00,511.002,353.13,100,22365.1,2640,71,measure
2026-09-11T03:57:53.280+00:00,512.001,367.099,99,22353.1,2685,64,measure
2026-09-11T03:57:54.279+00:00,513.002,365.593,99,22366.9,2685,69,measure
2026-09-11T03:57:55.277+00:00,514.000,354.163,99,22366.9,2685,63,measure
2026-09-11T03:57:56.277+00:00,515.000,372.512,99,22351.9,2685,64,measure
2026-09-11T03:57:57.290+00:00,516.010,355.808,99,22369.9,2685,68,measure
2026-09-11T03:57:58.284+00:00,517.006,363.814,99,22363.9,2685,63,measure
2026-09-11T03:57:59.285+00:00,518.003,358.544,99,22367.9,2670,65,measure
2026-09-11T03:58:00.279+00:00,519.000,348.129,99,22367.9,2685,64,measure
2026-09-11T03:58:01.278+00:00,520.001,368.386,99,22357.9,2685,65,measure
2026-09-11T03:58:02.277+00:00,521.000,356.126,100,22366.9,2595,63,measure
2026-09-11T03:58:03.284+00:00,522.006,372.523,99,22352.9,2655,64,measure
2026-09-11T03:58:04.282+00:00,523.004,364.922,99,22358.9,2685,67,measure
2026-09-11T03:58:05.279+00:00,524.001,344.773,99,22374.9,2685,64,measure
2026-09-11T03:58:06.280+00:00,525.004,364.282,99,22352.9,2685,64,measure
2026-09-11T03:58:07.310+00:00,526.001,350.705,99,22355.9,2685,63,measure
2026-09-11T03:58:08.281+00:00,527.004,358.477,99,22351.9,2685,64,measure
2026-09-11T03:58:09.281+00:00,528.004,364.642,99,22366.9,2685,66,measure
2026-09-11T03:58:10.284+00:00,529.006,351.585,99,22351.9,2685,64,measure
2026-09-11T03:58:11.337+00:00,530.003,366.764,99,22351.9,2685,68,measure
2026-09-11T03:58:12.279+00:00,531.000,357.815,99,22351.9,2685,68,measure
2026-09-11T03:58:13.309+00:00,532.002,363.936,99,22351.9,2685,64,measure
2026-09-11T03:58:14.283+00:00,533.006,371.186,99,22351.9,2685,68,measure
2026-09-11T03:58:12.790+00:00,534.013,350.212,99,22366.9,2685,69,measure
2026-09-11T03:58:13.793+00:00,535.017,368.158,99,22353.9,2685,64,measure
2026-09-11T03:58:14.816+00:00,536.002,368.845,99,22366.9,2655,65,measure
2026-09-11T03:58:15.811+00:00,537.007,358.358,100,22366.9,2625,63,measure
2026-09-11T03:58:16.778+00:00,538.003,372.388,99,22351.9,2685,66,measure
2026-09-11T03:58:17.782+00:00,539.007,355.393,99,22366.9,2685,64,measure
2026-09-11T03:58:18.779+00:00,540.003,367.063,99,22366.9,2685,64,measure
2026-09-11T03:58:19.784+00:00,541.008,364.697,99,22361.9,2685,67,measure
2026-09-11T03:58:20.780+00:00,542.003,357.77,99,22353.9,2685,64,measure
2026-09-11T03:58:21.782+00:00,543.007,359.675,99,22351.9,2685,64,measure
2026-09-11T03:58:22.784+00:00,544.003,351.634,100,22375.9,2685,65,measure
2026-09-11T03:58:23.782+00:00,545.007,368.243,99,22375.9,2685,68,measure
2026-09-11T03:58:24.777+00:00,546.002,367.794,99,22375.9,2685,65,measure
2026-09-11T03:58:25.779+00:00,547.002,343.725,99,22375.9,2685,63,measure
2026-09-11T03:58:26.777+00:00,548.000,372.476,99,22375.9,2670,68,measure
2026-09-11T03:58:27.788+00:00,549.003,362.237,99,22375.9,2685,65,measure
2026-09-11T03:58:28.799+00:00,550.024,351.245,99,22366.9,2685,63,measure
2026-09-11T03:58:29.779+00:00,551.004,364.515,99,22366.9,2685,66,measure
2026-09-11T03:58:30.776+00:00,552.001,356.109,99,22366.9,2685,67,measure
2026-09-11T03:58:31.784+00:00,553.003,366.941,99,22366.9,2685,66,measure
2026-09-11T03:58:32.792+00:00,554.001,362.646,99,22366.9,2685,66,measure
2026-09-11T03:58:33.777+00:00,555.002,363.486,99,22366.9,2685,67,measure
2026-09-11T03:58:34.776+00:00,556.000,369.352,99,22366.9,2685,67,measure
2026-09-11T03:58:35.832+00:00,557.002,357.87,99,22366.9,2595,66,measure
2026-09-11T03:58:36.777+00:00,558.001,369.387,99,22366.9,2685,65,measure
2026-09-11T03:58:37.782+00:00,559.005,364.868,99,22366.9,2685,65,measure
2026-09-11T03:58:38.778+00:00,560.001,351.15,99,22366.9,2685,63,measure
2026-09-11T03:58:39.780+00:00,561.005,373.487,99,22366.9,2655,65,measure
2026-09-11T03:58:40.776+00:00,562.000,361.562,99,22366.9,2685,65,measure
2026-09-11T03:58:41.779+00:00,563.002,356.578,99,22366.9,2685,63,measure
2026-09-11T03:58:42.796+00:00,564.000,368.048,99,22366.9,2685,65,measure
2026-09-11T03:58:43.783+00:00,565.000,356.648,99,22366.9,2685,68,measure
2026-09-11T03:58:42.295+00:00,566.005,367.815,99,22366.9,2685,66,measure
2026-09-11T03:58:43.290+00:00,567.000,365.82,99,22366.9,2685,66,measure
2026-09-11T03:58:44.322+00:00,568.004,363.958,99,22366.9,2685,68,measure
2026-09-11T03:58:45.291+00:00,569.002,372.23,99,22366.9,2685,66,measure
2026-09-11T03:58:46.292+00:00,570.000,356.931,100,22366.9,2685,66,measure
2026-09-11T03:58:47.290+00:00,571.001,370.675,99,22366.9,2685,65,measure
2026-09-11T03:58:48.294+00:00,572.001,369.627,99,22325.9,2685,66,measure
2026-09-11T03:58:49.294+00:00,573.005,347.292,99,22326.9,2685,63,measure
2026-09-11T03:58:50.321+00:00,574.005,369.871,99,22339,2685,63,measure
2026-09-11T03:58:51.290+00:00,575.000,348.325,99,22350,2685,69,measure
2026-09-11T03:58:52.294+00:00,576.004,353.276,99,22351,2685,63,measure
2026-09-11T03:58:53.347+00:00,577.002,355.293,99,22351,2685,63,measure
2026-09-11T03:58:54.296+00:00,578.007,352.586,99,22349,2685,64,measure
2026-09-11T03:58:55.291+00:00,579.001,360.131,99,22349,2685,65,measure
2026-09-11T03:58:56.298+00:00,580.002,343.339,99,22338.5,2625,69,measure
2026-09-11T03:58:57.297+00:00,581.007,363.494,99,22333.2,2685,63,measure
2026-09-11T03:58:58.290+00:00,582.000,348.876,99,22353.2,2685,63,measure
2026-09-11T03:58:59.292+00:00,583.001,346.816,99,22356.1,2685,63,measure
2026-09-11T03:59:00.291+00:00,584.000,361.201,99,22358.4,2685,65,measure
2026-09-11T03:59:01.291+00:00,585.001,341.261,99,22345.5,2640,64,measure
2026-09-11T03:59:02.292+00:00,586.003,360.504,99,22346,2685,64,measure
2026-09-11T03:59:03.290+00:00,587.001,350.671,99,22346,2685,66,measure
2026-09-11T03:59:04.290+00:00,588.001,374.519,99,22337.5,2685,64,measure
2026-09-11T03:59:05.292+00:00,589.001,360.478,99,22346,2685,66,measure
2026-09-11T03:59:06.294+00:00,590.004,334.042,99,22444.6,2685,63,measure
2026-09-11T03:59:07.300+00:00,591.000,364.59,99,22520.9,2685,66,measure
2026-09-11T03:59:08.290+00:00,592.001,361.431,99,22502.7,2685,63,measure
2026-09-11T03:59:09.292+00:00,593.001,345.78,99,22485.8,2685,63,measure
2026-09-11T03:59:10.333+00:00,594.000,355.626,99,22494.7,2685,63,measure
2026-09-11T03:59:11.291+00:00,595.001,366.393,99,22480,2685,63,measure
2026-09-11T03:59:12.291+00:00,596.000,359.142,99,22463.1,2685,63,measure
2026-09-11T03:59:13.290+00:00,597.000,344.454,99,22431.6,2685,69,measure
2026-09-11T03:59:14.292+00:00,598.002,360.688,99,22494.5,2685,65,measure
2026-09-11T03:59:12.777+00:00,599.003,362.053,99,22482,2685,65,measure
2026-09-11T03:59:13.775+00:00,600.000,348.763,99,22490.5,2685,63,measure
2026-09-11T03:59:14.778+00:00,601.002,369.747,99,22482,2685,68,measure
2026-09-11T03:59:15.778+00:00,602.000,368.664,99,22500.5,2685,67,measure
2026-09-11T03:59:16.779+00:00,603.004,353.897,99,22504,2685,63,measure
2026-09-11T03:59:17.775+00:00,604.001,347.608,99,22487.1,2685,64,measure
2026-09-11T03:59:18.775+00:00,605.000,368.751,99,22504,2685,64,measure
2026-09-11T03:59:19.777+00:00,606.002,359.1,99,22453.5,2685,64,measure
2026-09-11T03:59:20.777+00:00,607.001,344.585,99,22474.6,2685,70,measure
2026-09-11T03:59:21.777+00:00,608.000,360.469,99,22466.6,2685,64,measure
2026-09-11T03:59:22.775+00:00,609.001,358.178,99,22466.6,2685,63,measure
2026-09-11T03:59:23.781+00:00,610.006,328.889,99,22465.6,2685,62,measure
2026-09-11T03:59:24.778+00:00,611.004,331.806,99,22465.6,2685,62,measure
2026-09-11T03:59:25.775+00:00,612.000,313.688,99,22490.9,2685,61,measure
2026-09-11T03:59:26.781+00:00,613.000,308.003,99,22482.5,2685,61,measure
2026-09-11T03:59:27.778+00:00,614.000,310.46,99,22482.5,2685,61,measure
2026-09-11T03:59:28.781+00:00,615.007,300.728,99,22482.5,2685,61,measure
2026-09-11T03:59:29.777+00:00,616.002,312.62,99,22490.5,2685,61,measure
2026-09-11T03:59:30.775+00:00,617.000,312.464,99,22490.5,2685,61,measure
2026-09-11T03:59:31.776+00:00,618.001,312.309,99,22418.5,2685,63,measure
2026-09-11T03:59:32.780+00:00,619.000,321.37,99,22418.5,2685,61,measure
2026-09-11T03:59:33.776+00:00,620.001,306.97,99,22418.5,2685,61,measure
2026-09-11T03:59:34.775+00:00,621.000,305.296,99,22418.5,2685,61,measure
2026-09-11T03:59:35.775+00:00,622.000,306.627,100,22418.5,2685,61,measure
2026-09-11T03:59:36.776+00:00,623.000,313.493,99,22418.5,2685,63,measure
2026-09-11T03:59:37.784+00:00,624.006,310.716,99,22418.5,2685,61,measure
2026-09-11T03:59:38.778+00:00,625.002,323.353,99,22418.5,2685,62,measure
2026-09-11T03:59:39.777+00:00,626.001,305.135,99,22418.5,2685,60,measure
2026-09-11T03:59:40.775+00:00,627.001,316.509,99,22418.5,2685,61,measure
2026-09-11T03:59:41.782+00:00,628.008,311.968,99,22418.5,2685,61,measure
2026-09-11T03:59:42.776+00:00,629.002,323.827,99,22418.5,2685,62,measure
2026-09-11T03:59:43.780+00:00,630.004,347.432,99,22418.5,2685,64,measure
2026-09-11T03:59:42.278+00:00,631.001,322.36,99,22418.5,2685,61,measure
2026-09-11T03:59:43.281+00:00,632.006,321.017,99,22418.5,2685,63,measure
2026-09-11T03:59:44.277+00:00,633.001,305.841,99,22458.5,2685,63,measure
2026-09-11T03:59:45.276+00:00,634.001,313.307,99,22442.6,2685,65,measure
2026-09-11T03:59:46.277+00:00,635.002,321.318,99,22444.4,2685,62,measure
2026-09-11T03:59:47.283+00:00,636.005,322.846,99,22474.4,2685,64,measure
2026-09-11T03:59:48.279+00:00,637.002,318.251,99,22474.9,2685,62,measure
2026-09-11T03:59:49.277+00:00,638.001,300.4,99,22466.5,2685,60,measure
2026-09-11T03:59:50.276+00:00,639.000,302.793,99,22458.5,2685,61,measure
2026-09-11T03:59:51.282+00:00,640.007,288.179,99,22458.5,2685,60,measure
2026-09-11T03:59:52.279+00:00,641.004,308.873,99,22458.5,2685,60,measure
2026-09-11T03:59:53.282+00:00,642.005,310.407,99,22482.3,2685,61,measure
2026-09-11T03:59:54.277+00:00,643.000,297.339,99,22482.3,2685,60,measure
2026-09-11T03:59:55.277+00:00,644.000,303.815,99,22478.3,2685,60,measure
2026-09-11T03:59:56.276+00:00,645.001,304.739,99,22478.3,2685,60,measure
2026-09-11T03:59:57.276+00:00,646.001,309.667,99,22478.3,2685,60,measure
2026-09-11T03:59:58.278+00:00,647.002,314.204,99,22478.3,2685,60,measure
2026-09-11T03:59:59.281+00:00,648.004,316.296,99,22414.3,2685,63,measure
2026-09-11T04:00:00.283+00:00,649.008,306.602,99,22414.3,2685,60,measure
2026-09-11T04:00:01.276+00:00,650.001,311.308,99,22414.3,2685,61,measure
2026-09-11T04:00:02.276+00:00,651.001,310.658,99,22414.3,2685,60,measure
2026-09-11T04:00:03.276+00:00,652.000,319.099,99,22429.5,2685,60,measure
2026-09-11T04:00:04.276+00:00,653.000,316.667,99,22448.3,2685,60,measure
2026-09-11T04:00:05.275+00:00,654.000,321.183,99,22448.3,2685,61,measure
2026-09-11T04:00:06.277+00:00,655.000,308.614,99,22448.3,2685,60,measure
2026-09-11T04:00:07.276+00:00,656.001,299.508,99,22431.5,2685,60,measure
2026-09-11T04:00:08.279+00:00,657.003,300.414,99,22448.3,2685,60,measure
2026-09-11T04:00:09.277+00:00,658.001,305.802,99,22439.9,2685,62,measure
2026-09-11T04:00:10.276+00:00,659.001,311.176,99,22448.3,2685,60,measure
2026-09-11T04:00:11.284+00:00,660.003,303.09,99,22420.7,2685,60,measure
2026-09-11T04:00:12.280+00:00,661.004,319.57,99,22412.3,2685,61,measure
2026-09-11T04:00:13.278+00:00,662.003,312.366,99,22412.3,2685,60,measure
2026-09-11T04:00:14.276+00:00,663.000,313.282,99,22412.3,2685,60,measure
2026-09-11T04:00:12.774+00:00,664.000,311.191,99,22420.7,2685,60,measure
2026-09-11T04:00:13.775+00:00,665.001,329.635,99,22420.7,2685,63,measure
2026-09-11T04:00:14.782+00:00,666.008,345.57,99,22420.7,2685,63,measure
2026-09-11T04:00:15.779+00:00,667.004,326.487,99,22403.8,2685,62,measure
2026-09-11T04:00:16.776+00:00,668.001,321.286,99,22428.7,2685,61,measure
2026-09-11T04:00:17.774+00:00,669.000,308.298,99,22428.7,2685,60,measure
2026-09-11T04:00:18.777+00:00,670.000,328.223,99,22371.7,2685,61,measure
2026-09-11T04:00:19.774+00:00,671.000,340.653,99,22371.7,2685,61,measure
2026-09-11T04:00:20.777+00:00,672.002,336.009,99,22371.7,2685,64,measure
2026-09-11T04:00:21.780+00:00,673.006,335.301,99,22371.7,2685,63,measure
2026-09-11T04:00:22.774+00:00,674.000,317.872,99,22371.7,2685,61,measure
2026-09-11T04:00:23.776+00:00,675.001,312.537,99,22371.7,2685,60,measure
2026-09-11T04:00:24.775+00:00,676.001,313.929,99,22371.7,2685,60,measure
2026-09-11T04:00:25.774+00:00,677.000,321.446,99,22371.7,2685,60,measure
2026-09-11T04:00:26.776+00:00,678.001,335.61,99,22371.7,2685,61,measure
2026-09-11T04:00:27.775+00:00,679.000,330.74,99,22371.7,2685,62,measure
2026-09-11T04:00:28.774+00:00,680.000,329.503,99,22371.7,2685,61,measure
2026-09-11T04:00:29.775+00:00,681.001,307.845,99,22371.7,2685,60,measure
2026-09-11T04:00:30.776+00:00,682.002,315.13,99,22371.7,2685,60,measure
2026-09-11T04:00:31.818+00:00,683.044,316.242,99,22371.7,2685,61,measure
2026-09-11T04:00:32.797+00:00,684.022,301.871,99,22371.7,2685,60,measure
2026-09-11T04:00:33.816+00:00,685.041,329.295,99,22371.7,2685,64,measure
2026-09-11T04:00:34.782+00:00,686.008,340.665,99,22371.7,2685,61,measure
2026-09-11T04:00:35.858+00:00,687.083,338.943,99,22371.7,2685,62,measure
2026-09-11T04:00:36.774+00:00,688.000,324.326,99,22371.7,2685,61,measure
2026-09-11T04:00:37.775+00:00,689.001,311.526,99,22371.7,2685,60,measure
2026-09-11T04:00:38.776+00:00,690.001,314.438,99,22371.7,2685,60,measure
2026-09-11T04:00:39.777+00:00,691.001,310.111,99,22371.7,2685,61,measure
2026-09-11T04:00:40.775+00:00,692.001,310.585,100,22371.7,2685,60,measure
2026-09-11T04:00:41.774+00:00,693.001,306.613,99,22371.7,2685,60,measure
2026-09-11T04:00:42.775+00:00,694.001,304.158,99,22371.7,2685,61,measure
2026-09-11T04:00:43.774+00:00,695.000,315.057,99,22371.7,2685,61,measure
2026-09-11T04:00:42.278+00:00,696.001,307.621,99,22371.7,2685,60,measure
2026-09-11T04:00:43.280+00:00,697.000,312.387,99,22371.7,2685,60,measure
2026-09-11T04:00:44.277+00:00,698.001,309.074,99,22371.7,2685,60,measure
2026-09-11T04:00:45.277+00:00,699.001,334.383,99,22371.7,2685,62,measure
2026-09-11T04:00:46.279+00:00,700.001,349.475,99,22371.7,2685,62,measure
2026-09-11T04:00:47.277+00:00,701.001,333.752,99,22371.7,2685,61,measure
2026-09-11T04:00:48.278+00:00,702.001,334.82,99,22371.7,2685,61,measure
2026-09-11T04:00:49.280+00:00,703.001,314.731,99,22371.7,2685,60,measure
2026-09-11T04:00:50.277+00:00,704.001,301.897,99,22371.7,2685,60,measure
2026-09-11T04:00:51.277+00:00,705.000,303.06,99,22371.7,2685,61,measure
2026-09-11T04:00:52.279+00:00,706.002,298.119,99,22371.7,2685,61,measure
2026-09-11T04:00:53.277+00:00,707.000,309.337,99,22371.7,2685,60,measure
2026-09-11T04:00:54.278+00:00,708.001,314.43,99,22371.7,2685,60,measure
2026-09-11T04:00:55.283+00:00,709.007,305.038,99,22371.7,2685,60,measure
2026-09-11T04:00:56.278+00:00,710.001,309.186,99,22371.7,2685,62,measure
2026-09-11T04:00:57.281+00:00,711.004,318.231,99,22371.7,2685,60,measure
2026-09-11T04:00:58.285+00:00,712.007,328.219,99,22371.7,2685,62,measure
2026-09-11T04:00:59.278+00:00,713.002,330.044,99,22371.7,2685,61,measure
2026-09-11T04:01:00.283+00:00,714.005,326.857,99,22371.7,2685,61,measure
2026-09-11T04:01:01.284+00:00,715.007,322.485,99,22371.7,2685,61,measure
2026-09-11T04:01:02.277+00:00,716.001,324.394,99,22371.7,2685,63,measure
2026-09-11T04:01:03.282+00:00,717.003,327.319,99,22371.7,2685,63,measure
2026-09-11T04:01:04.311+00:00,718.033,334.6,99,22371.7,2685,61,measure
2026-09-11T04:01:05.280+00:00,719.003,325.276,99,22371.7,2685,66,measure
2026-09-11T04:01:06.283+00:00,720.005,328.108,99,22371.7,2685,62,measure
2026-09-11T04:01:07.285+00:00,721.008,303.06,99,22371.7,2685,60,measure
2026-09-11T04:01:08.281+00:00,722.004,319.856,99,22371.7,2685,61,measure
2026-09-11T04:01:09.283+00:00,723.006,319.806,99,22371.7,2685,61,measure
2026-09-11T04:01:10.277+00:00,724.000,339.594,99,22371.7,2685,62,measure
2026-09-11T04:01:11.279+00:00,725.002,327.892,99,22371.7,2685,61,measure
2026-09-11T04:01:12.282+00:00,726.006,312.941,99,22371.7,2685,63,measure
2026-09-11T04:01:13.281+00:00,727.005,320.717,99,22371.7,2685,61,measure
2026-09-11T04:01:14.280+00:00,728.004,325.026,99,22371.7,2685,60,measure
2026-09-11T04:01:12.790+00:00,729.012,329.046,99,22371.7,2685,61,measure
2026-09-11T04:01:13.786+00:00,730.007,309.806,99,22371.7,2685,60,measure
2026-09-11T04:01:14.777+00:00,731.000,315.616,99,22371.7,2685,62,measure
2026-09-11T04:01:15.784+00:00,732.003,315.66,99,22371.7,2685,61,measure
2026-09-11T04:01:16.779+00:00,733.001,338.564,99,22371.7,2685,61,measure
2026-09-11T04:01:17.782+00:00,734.005,316.005,99,22371.7,2685,61,measure
2026-09-11T04:01:18.779+00:00,735.002,308.291,99,22371.7,2685,60,measure
2026-09-11T04:01:19.778+00:00,736.001,289.551,99,22371.7,2685,59,measure
2026-09-11T04:01:20.786+00:00,737.007,293.143,99,22371.7,2685,59,measure
2026-09-11T04:01:21.782+00:00,738.005,300.193,99,22371.7,2685,61,measure
2026-09-11T04:01:22.781+00:00,739.004,314.09,99,22371.7,2685,63,measure
2026-09-11T04:01:23.778+00:00,740.001,305.328,99,22371.7,2685,60,measure
2026-09-11T04:01:24.777+00:00,741.000,319.473,99,22371.7,2685,67,measure
2026-09-11T04:01:25.778+00:00,742.001,343.165,99,22371.7,2670,64,measure
2026-09-11T04:01:26.777+00:00,743.000,349.541,99,22371.7,2685,62,measure
2026-09-11T04:01:27.779+00:00,744.000,337.662,99,22371.7,2685,61,measure
2026-09-11T04:01:28.779+00:00,745.001,318.296,99,22371.7,2685,60,measure
2026-09-11T04:01:29.777+00:00,746.000,309.82,99,22371.7,2685,60,measure
2026-09-11T04:01:30.780+00:00,747.001,318.849,99,22371.7,2685,63,measure
2026-09-11T04:01:31.777+00:00,748.001,310.442,99,22371.7,2685,61,measure
2026-09-11T04:01:32.777+00:00,749.001,326.844,99,22371.7,2685,61,measure
2026-09-11T04:01:33.783+00:00,750.001,306.576,99,22371.7,2685,60,measure
2026-09-11T04:01:34.778+00:00,751.001,331.286,99,22371.7,2685,61,measure
2026-09-11T04:01:35.808+00:00,752.000,327.532,99,22371.7,2685,64,measure
2026-09-11T04:01:36.777+00:00,753.000,339.658,99,22371.7,2685,62,measure
2026-09-11T04:01:37.778+00:00,754.000,323.811,99,22371.7,2685,60,measure
2026-09-11T04:01:38.778+00:00,755.001,316.99,99,22371.7,2685,60,measure
2026-09-11T04:01:39.779+00:00,756.001,317.327,99,22371.7,2685,62,measure
2026-09-11T04:01:40.781+00:00,757.004,336.95,99,22371.7,2685,61,measure
2026-09-11T04:01:41.778+00:00,758.001,329.759,99,22371.7,2685,62,measure
2026-09-11T04:01:42.778+00:00,759.001,325.188,99,22371.7,2685,61,measure
2026-09-11T04:01:43.777+00:00,760.000,306.373,100,22371.7,2685,60,measure
2026-09-11T04:01:42.292+00:00,761.002,306.443,99,22371.7,2685,59,measure
2026-09-11T04:01:43.289+00:00,762.001,317.29,99,22371.7,2685,60,measure
2026-09-11T04:01:44.287+00:00,763.000,302.123,99,22371.7,2685,61,measure
2026-09-11T04:01:45.313+00:00,764.026,309.511,99,22371.7,2685,60,measure
2026-09-11T04:01:46.368+00:00,765.081,310.064,99,22371.7,2685,60,measure
2026-09-11T04:01:47.295+00:00,766.007,312.604,99,22371.7,2685,61,measure
2026-09-11T04:01:48.316+00:00,767.030,313.784,99,22371.7,2685,63,measure
2026-09-11T04:01:49.335+00:00,768.043,331.706,99,22371.7,2685,63,measure
2026-09-11T04:01:50.366+00:00,769.079,326.892,99,22371.7,2685,61,measure
2026-09-11T04:01:51.320+00:00,770.033,318.427,99,22371.7,2685,60,measure
2026-09-11T04:01:52.306+00:00,771.019,311.335,99,22371.7,2685,60,measure
2026-09-11T04:01:53.287+00:00,772.001,309.155,100,22371.7,2685,60,measure
2026-09-11T04:01:54.330+00:00,773.044,323.179,99,22371.7,2685,61,measure
2026-09-11T04:01:55.319+00:00,774.033,322.417,99,22371.7,2685,60,measure
2026-09-11T04:01:56.328+00:00,775.040,323.072,99,22371.7,2685,61,measure
2026-09-11T04:01:57.323+00:00,776.036,308.461,99,22371.7,2685,60,measure
2026-09-11T04:01:58.289+00:00,777.000,308.899,99,22371.7,2685,60,measure
2026-09-11T04:01:59.287+00:00,778.000,310.796,99,22371.7,2685,60,measure
2026-09-11T04:02:00.288+00:00,779.000,313.659,99,22371.7,2685,60,measure
2026-09-11T04:02:01.291+00:00,780.000,321.08,99,22371.7,2685,62,measure
2026-09-11T04:02:02.287+00:00,781.000,318.828,99,22371.7,2685,60,measure
2026-09-11T04:02:03.288+00:00,782.001,311.05,99,22371.7,2685,61,measure
2026-09-11T04:02:04.287+00:00,783.001,305.036,99,22371.7,2685,60,measure
2026-09-11T04:02:05.287+00:00,784.001,307.222,99,22371.7,2685,60,measure
2026-09-11T04:02:06.290+00:00,785.000,313.873,99,22371.7,2685,64,measure
2026-09-11T04:02:07.288+00:00,786.000,310.018,99,22371.7,2685,61,measure
2026-09-11T04:02:08.340+00:00,787.000,320.563,99,22371.7,2685,63,measure
2026-09-11T04:02:09.291+00:00,788.004,331.362,99,22371.7,2685,61,measure
2026-09-11T04:02:10.288+00:00,789.001,330.346,99,22371.7,2685,63,measure
2026-09-11T04:02:11.288+00:00,790.001,360.848,99,22371.7,2685,65,measure
2026-09-11T04:02:12.296+00:00,791.009,334.552,99,22371.7,2685,61,measure
2026-09-11T04:02:13.292+00:00,792.006,328.462,99,22371.7,2685,63,measure
2026-09-11T04:02:14.305+00:00,793.017,314.497,99,22371.7,2685,60,measure
2026-09-11T04:02:12.803+00:00,794.030,314.842,100,22371.7,2685,61,measure
2026-09-11T04:02:13.779+00:00,795.006,308.119,99,22371.7,2685,60,measure
2026-09-11T04:02:14.788+00:00,796.014,317.973,99,22371.7,2685,61,measure
2026-09-11T04:02:15.795+00:00,797.021,315.232,99,22371.7,2685,61,measure
2026-09-11T04:02:16.803+00:00,798.030,332.624,100,22371.7,2685,63,measure
2026-09-11T04:02:17.774+00:00,799.001,322.201,99,22371.7,2685,61,measure
2026-09-11T04:02:18.812+00:00,800.036,317.549,99,22371.7,2685,61,measure
2026-09-11T04:02:19.777+00:00,801.004,322.945,99,22371.7,2685,63,measure
2026-09-11T04:02:20.774+00:00,802.001,336.752,99,22371.7,2610,65,measure
2026-09-11T04:02:21.814+00:00,803.019,352.549,99,22371.7,2640,63,measure
2026-09-11T04:02:22.796+00:00,804.021,352.836,99,22371.7,2685,62,measure
2026-09-11T04:02:23.779+00:00,805.005,330.988,99,22371.7,2685,62,measure
2026-09-11T04:02:24.773+00:00,806.000,314.482,99,22371.7,2685,60,measure
2026-09-11T04:02:25.776+00:00,807.000,308.602,99,22371.7,2685,61,measure
2026-09-11T04:02:26.774+00:00,808.001,314.369,99,22371.7,2685,61,measure
2026-09-11T04:02:27.803+00:00,809.028,326.338,99,22371.7,2685,62,measure
2026-09-11T04:02:28.786+00:00,810.012,324.535,99,22371.7,2685,61,measure
2026-09-11T04:02:29.784+00:00,811.011,309.536,99,22371.7,2685,60,measure
2026-09-11T04:02:30.856+00:00,812.082,320.425,99,22371.7,2685,61,measure
2026-09-11T04:02:31.834+00:00,813.061,327.182,99,22371.7,2685,60,measure
2026-09-11T04:02:32.817+00:00,814.003,339.499,99,22371.7,2685,62,measure
2026-09-11T04:02:33.853+00:00,815.080,350.549,99,22371.7,2685,64,measure
2026-09-11T04:02:34.830+00:00,816.057,344.654,99,22371.7,2685,62,measure
2026-09-11T04:02:35.832+00:00,817.058,336.137,99,22371.7,2685,64,measure
2026-09-11T04:02:36.789+00:00,818.014,328.121,99,22371.7,2685,62,measure
2026-09-11T04:02:37.783+00:00,819.008,308.914,99,22371.7,2685,61,measure
2026-09-11T04:02:38.773+00:00,820.000,310.141,99,22371.7,2685,61,measure
2026-09-11T04:02:39.787+00:00,821.013,317.076,99,22371.7,2685,61,measure
2026-09-11T04:02:40.806+00:00,822.033,332.567,99,22371.7,2685,62,measure
2026-09-11T04:02:41.794+00:00,823.020,326.314,99,22371.7,2685,63,measure
2026-09-11T04:02:42.775+00:00,824.001,311.544,99,22371.7,2685,60,measure
2026-09-11T04:02:43.774+00:00,825.000,312.911,99,22371.7,2685,60,measure
2026-09-11T04:02:42.287+00:00,826.000,309.086,99,22371.7,2685,60,measure
2026-09-11T04:02:43.292+00:00,827.001,307.77,100,22371.7,2685,60,measure
2026-09-11T04:02:44.291+00:00,828.005,303.201,99,22371.7,2685,60,measure
2026-09-11T04:02:45.287+00:00,829.000,306.388,99,22371.7,2685,60,measure
2026-09-11T04:02:46.289+00:00,830.002,309.941,99,22371.7,2685,60,measure
2026-09-11T04:02:47.287+00:00,831.000,325.638,99,22371.7,2685,61,measure
2026-09-11T04:02:48.287+00:00,832.000,324.948,99,22371.7,2685,61,measure
2026-09-11T04:02:49.289+00:00,833.000,334.469,99,22371.7,2685,62,measure
2026-09-11T04:02:50.289+00:00,834.000,323.316,99,22371.7,2685,61,measure
2026-09-11T04:02:51.287+00:00,835.000,312.957,99,22371.7,2685,60,measure
2026-09-11T04:02:52.287+00:00,836.001,327.005,99,22371.7,2685,64,measure
2026-09-11T04:02:53.288+00:00,837.001,329.559,99,22371.7,2685,62,measure
2026-09-11T04:02:54.288+00:00,838.002,341.53,99,22371.7,2595,62,measure
2026-09-11T04:02:55.293+00:00,839.002,343.308,99,22371.7,2685,62,measure
2026-09-11T04:02:56.289+00:00,840.000,327.207,99,22371.7,2685,62,measure
2026-09-11T04:02:57.287+00:00,841.001,305.304,99,22371.7,2685,60,measure
2026-09-11T04:02:58.288+00:00,842.001,314.065,99,22371.7,2685,61,measure
2026-09-11T04:02:59.291+00:00,843.004,308.561,100,22371.7,2685,62,measure
2026-09-11T04:03:00.296+00:00,844.006,309.539,99,22371.7,2685,60,measure
2026-09-11T04:03:01.289+00:00,845.001,311.957,99,22371.7,2685,61,measure
2026-09-11T04:03:02.289+00:00,846.001,312.167,99,22371.7,2685,61,measure
2026-09-11T04:03:03.287+00:00,847.000,319.461,99,22371.7,2685,61,measure
2026-09-11T04:03:04.287+00:00,848.000,310.177,99,22371.7,2685,61,measure
2026-09-11T04:03:05.287+00:00,849.000,309.469,99,22371.7,2685,60,measure
2026-09-11T04:03:06.287+00:00,850.000,310.627,99,22371.7,2685,61,measure
2026-09-11T04:03:07.289+00:00,851.001,307.494,99,22371.7,2685,60,measure
2026-09-11T04:03:08.287+00:00,852.001,306.425,99,22371.7,2685,60,measure
2026-09-11T04:03:09.288+00:00,853.002,311.712,99,22371.7,2685,60,measure
2026-09-11T04:03:10.291+00:00,854.002,303.735,99,22371.7,2685,60,measure
2026-09-11T04:03:11.299+00:00,855.011,315.383,99,22371.7,2685,62,measure
2026-09-11T04:03:12.291+00:00,856.003,316.671,99,22371.7,2685,62,measure
2026-09-11T04:03:13.288+00:00,857.000,330.533,99,22371.7,2685,62,measure
2026-09-11T04:03:14.289+00:00,858.002,328.474,99,22371.7,2685,62,measure
2026-09-11T04:03:12.776+00:00,859.000,321.393,99,22371.7,2685,61,measure
2026-09-11T04:03:13.776+00:00,860.001,338.413,99,22371.7,2685,62,measure
2026-09-11T04:03:14.776+00:00,861.000,342.462,99,22371.7,2685,62,measure
2026-09-11T04:03:15.776+00:00,862.000,324.229,99,22371.7,2685,61,measure
2026-09-11T04:03:16.777+00:00,863.000,310.48,99,22371.7,2685,61,measure
2026-09-11T04:03:17.777+00:00,864.000,309.692,99,22371.7,2685,61,measure
2026-09-11T04:03:18.776+00:00,865.000,307.145,99,22371.7,2685,60,measure
2026-09-11T04:03:19.776+00:00,866.000,299.435,99,22371.7,2685,60,measure
2026-09-11T04:03:20.776+00:00,867.000,291.173,98,22371.7,2685,60,measure
2026-09-11T04:03:21.776+00:00,868.000,295.638,99,22371.7,2685,60,measure
2026-09-11T04:03:22.778+00:00,869.000,307.166,99,22371.7,2685,61,measure
2026-09-11T04:03:23.777+00:00,870.001,314.362,99,22371.7,2685,60,measure
2026-09-11T04:03:24.776+00:00,871.000,325.146,99,22371.7,2685,62,measure
2026-09-11T04:03:25.776+00:00,872.000,321.195,99,22371.7,2685,61,measure
2026-09-11T04:03:26.778+00:00,873.002,333.266,99,22371.7,2685,62,measure
2026-09-11T04:03:27.776+00:00,874.000,323.759,99,22371.7,2685,63,measure
2026-09-11T04:03:28.777+00:00,875.001,327.019,99,22371.7,2685,62,measure
2026-09-11T04:03:29.776+00:00,876.000,330.92,99,22371.7,2685,61,measure
2026-09-11T04:03:30.805+00:00,877.000,348.113,99,22371.7,2685,62,measure
2026-09-11T04:03:31.776+00:00,878.001,330.013,99,22371.7,2685,62,measure
2026-09-11T04:03:32.776+00:00,879.000,349.236,99,22371.7,2685,64,measure
2026-09-11T04:03:33.782+00:00,880.005,343.264,99,22371.7,2685,62,measure
2026-09-11T04:03:34.780+00:00,881.000,332.812,99,22371.7,2685,62,measure
2026-09-11T04:03:35.779+00:00,882.004,324.987,99,22371.7,2685,62,measure
2026-09-11T04:03:36.777+00:00,883.001,315.286,99,22371.7,2685,61,measure
2026-09-11T04:03:37.778+00:00,884.000,316.212,99,22371.7,2685,63,measure
2026-09-11T04:03:38.777+00:00,885.001,328.323,99,22371.7,2685,62,measure
2026-09-11T04:03:39.783+00:00,886.007,323.117,99,22371.7,2685,61,measure
2026-09-11T04:03:40.780+00:00,887.000,304.329,100,22371.7,2685,60,measure
2026-09-11T04:03:41.776+00:00,888.001,299.876,99,22371.7,2685,60,measure
2026-09-11T04:03:42.781+00:00,889.005,300.208,99,22371.7,2685,61,measure
2026-09-11T04:03:43.776+00:00,890.001,315.312,99,22371.7,2685,61,measure
2026-09-11T04:03:42.276+00:00,891.000,301.25,99,22371.7,2685,60,measure
2026-09-11T04:03:43.277+00:00,892.001,308.266,99,22371.7,2685,60,measure
2026-09-11T04:03:44.277+00:00,893.001,292.629,99,22371.7,2685,60,measure
2026-09-11T04:03:45.281+00:00,894.006,311.189,99,22371.7,2685,61,measure
2026-09-11T04:03:46.276+00:00,895.000,304.967,99,22371.7,2685,60,measure
2026-09-11T04:03:47.280+00:00,896.005,308.969,99,22371.7,2685,62,measure
2026-09-11T04:03:48.276+00:00,897.000,290.663,99,22371.7,2685,60,measure
2026-09-11T04:03:49.278+00:00,898.001,307.957,99,22371.7,2685,60,measure
2026-09-11T04:03:50.277+00:00,899.000,318.134,99,22371.7,2685,62,measure
2026-09-11T04:03:51.277+00:00,900.002,326.395,99,22371.7,2685,64,measure
2026-09-11T04:03:52.276+00:00,901.000,350.42,99,22371.7,2685,63,measure
2026-09-11T04:03:53.276+00:00,902.001,334.818,99,22371.7,2685,62,measure
2026-09-11T04:03:54.276+00:00,903.000,328.341,99,22371.7,2685,62,measure
2026-09-11T04:03:55.277+00:00,904.000,316.05,99,22371.7,2685,61,measure
2026-09-11T04:03:56.277+00:00,905.000,317.184,99,22371.7,2685,61,measure
2026-09-11T04:03:57.276+00:00,906.001,310.888,99,22371.7,2685,64,measure
2026-09-11T04:03:58.276+00:00,907.000,313.006,99,22371.7,2685,63,measure
2026-09-11T04:03:59.277+00:00,908.001,317.16,99,22371.7,2685,61,measure
2026-09-11T04:04:00.276+00:00,909.000,316.772,99,22371.7,2685,60,measure
2026-09-11T04:04:01.277+00:00,910.000,341.744,99,22371,2685,63,measure
2026-09-11T04:04:02.279+00:00,911.001,332.071,99,22369,2685,62,measure
2026-09-11T04:04:03.276+00:00,912.001,318.343,99,22415.9,2685,61,measure
2026-09-11T04:04:04.279+00:00,913.004,310.745,99,22415.9,2685,60,measure
2026-09-11T04:04:05.278+00:00,914.002,320.71,99,22432.7,2685,64,measure
2026-09-11T04:04:06.276+00:00,915.000,322.623,99,22417,2685,64,measure
2026-09-11T04:04:07.277+00:00,916.000,326.314,99,22417,2685,62,measure
2026-09-11T04:04:08.277+00:00,917.001,308.209,99,22426.1,2685,60,measure
2026-09-11T04:04:09.276+00:00,918.000,315.67,99,22434.1,2685,60,measure
2026-09-11T04:04:10.279+00:00,919.003,304.327,99,22447.7,2685,61,measure
2026-09-11T04:04:11.301+00:00,920.000,315.47,99,22456.7,2685,62,measure
2026-09-11T04:04:12.278+00:00,921.001,306.092,99,22437.2,2685,60,measure
2026-09-11T04:04:13.277+00:00,922.000,304.188,99,22447.2,2685,60,measure
2026-09-11T04:04:14.279+00:00,923.000,315.621,99,22419.7,2685,61,measure
2026-09-11T04:04:12.777+00:00,924.001,313.59,99,22419.7,2685,61,measure
2026-09-11T04:04:13.776+00:00,925.000,331.629,99,22419.7,2685,62,measure
2026-09-11T04:04:14.776+00:00,926.000,327.034,99,22426.6,2685,60,measure
2026-09-11T04:04:15.776+00:00,927.001,324.442,99,22430.4,2685,61,measure
2026-09-11T04:04:16.778+00:00,928.000,324.75,99,22430.4,2685,62,measure
2026-09-11T04:04:17.778+00:00,929.001,328.233,99,22432.2,2685,64,measure
2026-09-11T04:04:18.776+00:00,930.000,328.747,99,22438.2,2685,62,measure
2026-09-11T04:04:19.777+00:00,931.001,345.709,99,22439.2,2685,63,measure
2026-09-11T04:04:20.777+00:00,932.001,333.753,99,22441.3,2685,62,measure
2026-09-11T04:04:21.776+00:00,933.000,339.655,99,22441.3,2685,62,measure
2026-09-11T04:04:22.783+00:00,934.001,338.616,99,22441.3,2685,62,measure
2026-09-11T04:04:23.778+00:00,935.001,350.367,99,22441.3,2685,63,measure
2026-09-11T04:04:24.784+00:00,936.009,341.975,99,22441.3,2685,62,measure
2026-09-11T04:04:25.789+00:00,937.012,346.242,99,22372.7,2685,62,measure
2026-09-11T04:04:26.789+00:00,938.009,338.215,99,22372.7,2685,62,measure
2026-09-11T04:04:27.778+00:00,939.002,330.471,99,22372.7,2685,62,measure
2026-09-11T04:04:28.780+00:00,940.003,334.018,99,22372.7,2685,63,measure
2026-09-11T04:04:29.778+00:00,941.002,324.554,99,22369.7,2685,62,measure
2026-09-11T04:04:30.776+00:00,942.000,318.757,99,22369.7,2685,66,measure
2026-09-11T04:04:31.776+00:00,943.000,306.772,99,22343.3,2685,61,measure
2026-09-11T04:04:32.777+00:00,944.001,308.509,99,22343.3,2685,62,measure
2026-09-11T04:04:33.776+00:00,945.001,309.604,99,22339.9,2685,60,measure
2026-09-11T04:04:34.790+00:00,946.014,302.717,99,22367.4,2685,62,measure
2026-09-11T04:04:35.789+00:00,947.013,315.281,99,22367.7,2685,61,measure
2026-09-11T04:04:36.784+00:00,948.008,306.632,99,22367.7,2685,61,measure
2026-09-11T04:04:37.778+00:00,949.002,314.369,99,22376.4,2685,62,measure
2026-09-11T04:04:38.796+00:00,950.020,308.195,99,22377.1,2685,61,measure
2026-09-11T04:04:39.785+00:00,951.008,310.401,99,22411.6,2685,62,measure
2026-09-11T04:04:40.787+00:00,952.011,317.93,99,22410.9,2685,63,measure
2026-09-11T04:04:41.780+00:00,953.005,319.347,99,22409.6,2685,61,measure
2026-09-11T04:04:42.781+00:00,954.005,312.242,99,22419.5,2685,65,measure
2026-09-11T04:04:43.776+00:00,955.000,315.177,99,22414.1,2685,61,measure
2026-09-11T04:04:42.294+00:00,956.000,322.577,99,22413.8,2685,61,measure
2026-09-11T04:04:43.314+00:00,957.003,356.221,99,22387.4,2685,67,measure
2026-09-11T04:04:44.371+00:00,958.022,339.377,99,22386.2,2655,62,measure
2026-09-11T04:04:45.298+00:00,959.002,344.073,99,22391.5,2685,64,measure
2026-09-11T04:04:46.307+00:00,960.013,342.648,99,22391.5,2685,62,measure
2026-09-11T04:04:47.303+00:00,961.008,325.585,99,22391.5,2685,61,measure
2026-09-11T04:04:48.302+00:00,962.006,300.919,99,22391.5,2685,61,measure
2026-09-11T04:04:49.296+00:00,963.000,291.551,99,22391.5,2685,60,measure
2026-09-11T04:04:50.295+00:00,964.000,298.209,99,22391.5,2685,60,measure
2026-09-11T04:04:51.296+00:00,965.001,312.993,99,22391.5,2685,63,measure
2026-09-11T04:04:52.328+00:00,966.000,329.332,99,22391.5,2685,63,measure
2026-09-11T04:04:53.295+00:00,967.001,339.546,99,22391.9,2685,62,measure
2026-09-11T04:04:54.309+00:00,968.015,340.321,99,22391.9,2685,64,measure
2026-09-11T04:04:55.306+00:00,969.012,315.331,99,22349.1,2685,61,measure
2026-09-11T04:04:56.298+00:00,970.000,312.113,99,22377.6,2685,60,measure
2026-09-11T04:04:57.300+00:00,971.006,312.352,99,22453,2685,60,measure
2026-09-11T04:04:58.301+00:00,972.007,326.563,99,22482.5,2685,64,measure
2026-09-11T04:04:59.295+00:00,973.001,322.07,99,22498.6,2685,64,measure
2026-09-11T04:05:00.295+00:00,974.001,322.834,99,22494.1,2685,62,measure
2026-09-11T04:05:01.295+00:00,975.000,316.598,100,22477.2,2685,61,measure
2026-09-11T04:05:02.295+00:00,976.000,303.29,99,22498.4,2685,61,measure
2026-09-11T04:05:03.295+00:00,977.001,315.369,99,22498.4,2685,61,measure
2026-09-11T04:05:04.295+00:00,978.000,306.099,99,22435.6,2685,60,measure
2026-09-11T04:05:05.294+00:00,979.000,301.358,99,22512.2,2685,60,measure
2026-09-11T04:05:06.294+00:00,980.001,302.096,99,22472.3,2685,60,measure
2026-09-11T04:05:07.296+00:00,981.001,302.126,99,22472.4,2685,60,measure
2026-09-11T04:05:08.309+00:00,982.016,306.363,99,22472.4,2685,60,measure
2026-09-11T04:05:09.312+00:00,983.016,318.747,99,22372.9,2685,61,measure
2026-09-11T04:05:10.303+00:00,984.008,327.306,99,22424.8,2685,61,measure
2026-09-11T04:05:11.305+00:00,985.009,303.234,99,22409.6,2685,60,measure
2026-09-11T04:05:12.301+00:00,986.006,308.756,99,22409.6,2685,60,measure
2026-09-11T04:05:13.302+00:00,987.007,312.996,99,22393.6,2685,61,measure
2026-09-11T04:05:11.796+00:00,988.000,324.3,99,22393.6,2685,62,measure
2026-09-11T04:05:12.798+00:00,989.000,314.022,99,22393.6,2610,60,measure
2026-09-11T04:05:13.795+00:00,990.001,317.644,99,22400.1,2685,60,measure
2026-09-11T04:05:14.851+00:00,991.008,306.889,99,22412.4,2685,60,measure
2026-09-11T04:05:15.797+00:00,992.002,309.662,99,22400.6,2685,61,measure
2026-09-11T04:05:16.796+00:00,993.000,301.736,100,22400.6,2685,61,measure
2026-09-11T04:05:17.799+00:00,994.000,307.528,99,22400.6,2685,60,measure
2026-09-11T04:05:18.795+00:00,995.000,308.921,99,22396.1,2685,61,measure
2026-09-11T04:05:19.795+00:00,996.000,314.974,99,22413,2685,62,measure
2026-09-11T04:05:20.796+00:00,997.001,320.76,99,22451.6,2685,63,measure
2026-09-11T04:05:21.796+00:00,998.001,315.385,99,22429,2685,61,measure
2026-09-11T04:05:22.797+00:00,999.001,313.925,99,22433.6,2685,60,measure
2026-09-11T04:05:23.799+00:00,1000.001,311.107,99,22433.6,2685,61,measure
2026-09-11T04:05:24.803+00:00,1001.008,317.354,99,22456.8,2685,64,measure
2026-09-11T04:05:25.800+00:00,1002.005,313.147,99,22444.4,2685,61,measure
2026-09-11T04:05:26.795+00:00,1003.000,314.012,99,22434.6,2685,61,measure
2026-09-11T04:05:27.795+00:00,1004.001,305.373,99,22416.3,2685,60,measure
2026-09-11T04:05:28.796+00:00,1005.000,306.571,99,22466.4,2685,61,measure
2026-09-11T04:05:29.797+00:00,1006.001,312.763,99,22466.4,2685,61,measure
2026-09-11T04:05:30.795+00:00,1007.000,301.498,99,22449.5,2685,60,measure
2026-09-11T04:05:31.796+00:00,1008.001,310.453,99,22375.7,2685,63,measure
2026-09-11T04:05:32.795+00:00,1009.000,306.258,99,22388.9,2685,61,measure
2026-09-11T04:05:33.796+00:00,1010.001,313.375,99,22386.9,2685,62,measure
2026-09-11T04:05:34.796+00:00,1011.000,319.116,99,22373.1,2685,60,measure
2026-09-11T04:05:35.798+00:00,1012.003,301.366,99,22384.4,2685,60,measure
2026-09-11T04:05:36.796+00:00,1013.001,294.122,99,22393.9,2685,60,measure
2026-09-11T04:05:37.796+00:00,1014.001,303.991,99,22398.8,2685,62,measure
2026-09-11T04:05:38.796+00:00,1015.000,309.354,99,22381.2,2685,60,measure
2026-09-11T04:05:39.795+00:00,1016.000,326.604,99,22381.2,2685,63,measure
2026-09-11T04:05:40.797+00:00,1017.001,332.963,99,22364.3,2685,62,measure
2026-09-11T04:05:41.797+00:00,1018.001,323.491,99,22364.3,2685,61,measure
2026-09-11T04:05:42.816+00:00,1019.019,316.618,99,22364.3,2685,61,measure
2026-09-11T04:05:43.800+00:00,1020.006,309.501,99,22328.6,2685,61,measure
2026-09-11T04:05:42.296+00:00,1021.001,305.317,99,22328.6,2685,60,measure
2026-09-11T04:05:43.295+00:00,1022.001,310.182,99,22327.6,2685,60,measure
2026-09-11T04:05:44.296+00:00,1023.001,304.701,99,22327.6,2685,62,measure
2026-09-11T04:05:45.297+00:00,1024.001,313.544,99,22327.6,2685,60,measure
2026-09-11T04:05:46.294+00:00,1025.001,323.549,99,22327.6,2685,60,measure
2026-09-11T04:05:47.294+00:00,1026.000,321.628,99,22327.6,2685,60,measure
2026-09-11T04:05:48.294+00:00,1027.001,322.502,99,22359.8,2685,60,measure
2026-09-11T04:05:49.294+00:00,1028.001,315.325,100,22365,2685,61,measure
2026-09-11T04:05:50.296+00:00,1029.000,321.538,99,22363.4,2685,61,measure
2026-09-11T04:05:51.296+00:00,1030.002,332.191,100,22374.8,2685,62,measure
2026-09-11T04:05:52.295+00:00,1031.001,321.328,99,22391.8,2685,61,measure
2026-09-11T04:05:53.294+00:00,1032.000,320.801,99,22386.5,2685,62,measure
2026-09-11T04:05:54.295+00:00,1033.001,311.182,99,22429.2,2685,61,measure
2026-09-11T04:05:55.294+00:00,1034.001,306.635,99,22466.6,2685,61,measure
2026-09-11T04:05:56.295+00:00,1035.000,313.352,99,22449.7,2685,62,measure
2026-09-11T04:05:57.295+00:00,1036.001,321.538,99,22465.4,2685,62,measure
2026-09-11T04:05:58.379+00:00,1037.083,312.964,99,22429.7,2685,60,measure
2026-09-11T04:05:59.294+00:00,1038.000,302.398,99,22410.9,2685,61,measure
2026-09-11T04:06:00.294+00:00,1039.001,305.008,99,22391.6,2685,63,measure
2026-09-11T04:06:01.377+00:00,1040.083,325.412,99,22391.6,2685,60,measure
2026-09-11T04:06:02.300+00:00,1041.005,340.349,99,22410.1,2685,62,measure
2026-09-11T04:06:03.296+00:00,1042.001,330.614,99,22468.4,2685,62,measure
2026-09-11T04:06:04.309+00:00,1043.014,330.256,99,22468.4,2685,61,measure
2026-09-11T04:06:05.338+00:00,1044.044,337.448,99,22466.3,2685,62,measure
2026-09-11T04:06:06.339+00:00,1045.044,326.78,99,22467.9,2685,62,measure
2026-09-11T04:06:07.294+00:00,1046.000,346.868,99,22474,2610,65,measure
2026-09-11T04:06:08.377+00:00,1047.083,346.24,99,22474,2685,62,measure
2026-09-11T04:06:09.371+00:00,1048.076,331.446,99,22474,2685,62,measure
2026-09-11T04:06:10.294+00:00,1049.000,328.144,99,22474,2685,63,measure
2026-09-11T04:06:11.295+00:00,1050.001,318.028,99,22472,2685,62,measure
2026-09-11T04:06:12.295+00:00,1051.001,319.897,99,22457.5,2685,63,measure
2026-09-11T04:06:13.296+00:00,1052.002,318.632,99,22457.7,2685,61,measure
2026-09-11T04:06:11.801+00:00,1053.001,309.461,99,22465.1,2685,60,measure
2026-09-11T04:06:12.801+00:00,1054.000,311.115,99,22474.3,2685,62,measure
2026-09-11T04:06:13.798+00:00,1055.000,312.504,99,22463.8,2685,60,measure
2026-09-11T04:06:14.799+00:00,1056.001,315.068,99,22463.8,2685,61,measure
2026-09-11T04:06:15.799+00:00,1057.001,329.863,99,22463.8,2685,64,measure
2026-09-11T04:06:16.798+00:00,1058.000,321.363,99,22412.8,2685,62,measure
2026-09-11T04:06:17.804+00:00,1059.003,326.046,99,22412.8,2685,62,measure
2026-09-11T04:06:18.800+00:00,1060.001,310.14,99,22413.4,2685,60,measure
2026-09-11T04:06:19.805+00:00,1061.007,315.124,99,22413.4,2685,61,measure
2026-09-11T04:06:20.800+00:00,1062.002,316.334,99,22413.4,2685,61,measure
2026-09-11T04:06:21.798+00:00,1063.000,351.989,99,22413.4,2685,62,measure
2026-09-11T04:06:22.803+00:00,1064.004,336.318,99,22413.4,2595,64,measure
2026-09-11T04:06:23.800+00:00,1065.001,339.086,99,22413.4,2685,62,measure
2026-09-11T04:06:24.798+00:00,1066.000,314.607,99,22414.9,2685,61,measure
2026-09-11T04:06:25.799+00:00,1067.001,310.612,99,22409.8,2685,61,measure
2026-09-11T04:06:26.801+00:00,1068.001,335.199,99,22409.8,2685,62,measure
2026-09-11T04:06:27.799+00:00,1069.001,324.005,99,22409.8,2685,62,measure
2026-09-11T04:06:28.799+00:00,1070.001,310.289,99,22458.2,2685,61,measure
2026-09-11T04:06:29.800+00:00,1071.000,308.837,99,22452.8,2685,61,measure
2026-09-11T04:06:30.800+00:00,1072.001,309.685,99,22456.1,2685,61,measure
2026-09-11T04:06:31.810+00:00,1073.012,317.063,99,22546.4,2685,63,measure
2026-09-11T04:06:32.826+00:00,1074.027,315.272,99,22520.8,2685,61,measure
2026-09-11T04:06:33.803+00:00,1075.004,313.244,99,22520.8,2685,61,measure
2026-09-11T04:06:34.802+00:00,1076.003,324.237,99,22520.1,2685,60,measure
2026-09-11T04:06:35.803+00:00,1077.002,333.395,99,22485.4,2685,62,measure
2026-09-11T04:06:36.809+00:00,1078.001,346.178,99,22485.4,2685,63,measure
2026-09-11T04:06:37.802+00:00,1079.004,329.636,99,22485.4,2685,62,measure
2026-09-11T04:06:38.814+00:00,1080.013,316.346,99,22485.4,2685,61,measure
2026-09-11T04:06:39.824+00:00,1081.026,311.046,99,22474.9,2685,62,measure
2026-09-11T04:06:40.807+00:00,1082.008,329.004,99,22474.9,2685,62,measure
2026-09-11T04:06:41.807+00:00,1083.009,330.389,99,22474.9,2685,63,measure
2026-09-11T04:06:42.799+00:00,1084.001,321.8,99,22463.7,2685,61,measure
2026-09-11T04:06:43.799+00:00,1085.001,311.62,99,22471.9,2685,60,measure
2026-09-11T04:06:42.298+00:00,1086.001,333.593,99,22471.9,2685,62,measure
2026-09-11T04:06:43.298+00:00,1087.001,330.597,99,22463.9,2685,61,measure
2026-09-11T04:06:44.298+00:00,1088.000,331.597,99,22478.9,2685,62,measure
2026-09-11T04:06:45.299+00:00,1089.001,303.635,99,22506.9,2685,60,measure
2026-09-11T04:06:46.304+00:00,1090.006,302.439,99,22504.9,2685,62,measure
2026-09-11T04:06:47.320+00:00,1091.022,300.316,99,22478.8,2685,60,measure
2026-09-11T04:06:48.298+00:00,1092.001,304.942,99,22496.7,2685,60,measure
2026-09-11T04:06:49.298+00:00,1093.001,310.795,99,22475.8,2685,62,measure
2026-09-11T04:06:50.298+00:00,1094.000,308.826,99,22505.7,2685,60,measure
2026-09-11T04:06:51.299+00:00,1095.000,299.287,99,22594.1,2685,61,measure
2026-09-11T04:06:52.298+00:00,1096.000,311.54,99,22586.7,2685,60,measure
2026-09-11T04:06:53.300+00:00,1097.001,306.584,99,22521.5,2685,61,measure
2026-09-11T04:06:54.301+00:00,1098.001,320.837,99,22539.9,2685,61,measure
2026-09-11T04:06:55.300+00:00,1099.001,313.871,99,22557.4,2685,60,measure
2026-09-11T04:06:56.320+00:00,1100.022,321.579,99,22561.4,2685,63,measure
2026-09-11T04:06:57.379+00:00,1101.081,311.418,99,22590.4,2685,62,measure
2026-09-11T04:06:58.330+00:00,1102.033,309.908,99,22589.5,2685,62,measure
2026-09-11T04:06:59.297+00:00,1103.000,311.801,99,22557.6,2685,61,measure
2026-09-11T04:07:00.297+00:00,1104.000,305.609,99,22579.4,2685,60,measure
2026-09-11T04:07:01.298+00:00,1105.000,308.755,99,22591.5,2685,60,measure
2026-09-11T04:07:02.298+00:00,1106.000,316.232,99,22602.8,2685,61,measure
2026-09-11T04:07:03.302+00:00,1107.001,302.872,99,22595.5,2685,60,measure
2026-09-11T04:07:04.297+00:00,1108.000,305.496,99,22590,2685,60,measure
2026-09-11T04:07:05.298+00:00,1109.001,305.506,99,22584.1,2685,60,measure
2026-09-11T04:07:06.297+00:00,1110.000,303.688,99,22583.7,2685,61,measure
2026-09-11T04:07:07.299+00:00,1111.002,309.985,99,22579.8,2685,62,measure
2026-09-11T04:07:08.380+00:00,1112.083,321.928,99,22570.3,2685,61,measure
2026-09-11T04:07:09.299+00:00,1113.000,330.751,99,22568.3,2685,62,measure
2026-09-11T04:07:10.298+00:00,1114.001,313.079,99,22583.1,2685,61,measure
2026-09-11T04:07:11.297+00:00,1115.000,323.158,99,22591,2685,64,measure
2026-09-11T04:07:12.298+00:00,1116.001,316.45,99,22604.3,2685,62,measure
2026-09-11T04:07:13.298+00:00,1117.000,320.346,99,22604.3,2685,61,measure
2026-09-11T04:07:11.832+00:00,1118.034,340.717,99,22598.4,2685,63,measure
2026-09-11T04:07:12.823+00:00,1119.023,326.899,99,22612.9,2685,62,measure
2026-09-11T04:07:13.880+00:00,1120.081,333.988,99,22616.7,2685,62,measure
2026-09-11T04:07:14.871+00:00,1121.065,332.834,99,22583,2685,62,measure
2026-09-11T04:07:15.830+00:00,1122.030,324.725,99,22578.4,2685,61,measure
2026-09-11T04:07:16.879+00:00,1123.081,320.566,99,22575.8,2685,61,measure
2026-09-11T04:07:17.874+00:00,1124.076,317.171,99,22575.2,2685,61,measure
2026-09-11T04:07:18.812+00:00,1125.014,330.001,99,22573.7,2685,61,measure
2026-09-11T04:07:19.828+00:00,1126.030,322.04,99,22633.5,2685,62,measure
2026-09-11T04:07:20.881+00:00,1127.081,323.543,99,22620.3,2685,62,measure
2026-09-11T04:07:21.878+00:00,1128.076,318.159,99,22637.2,2685,61,measure
2026-09-11T04:07:22.805+00:00,1129.005,333.675,99,22634.2,2685,62,measure
2026-09-11T04:07:23.828+00:00,1130.030,328.845,99,22634.2,2685,61,measure
2026-09-11T04:07:24.844+00:00,1131.045,341.458,99,22618.3,2685,62,measure
2026-09-11T04:07:25.878+00:00,1132.079,332.172,99,22555.6,2685,62,measure
2026-09-11T04:07:26.798+00:00,1133.000,327.386,99,22508.1,2685,62,measure
2026-09-11T04:07:27.799+00:00,1134.001,306.99,99,22593,2685,60,measure
2026-09-11T04:07:28.798+00:00,1135.000,308.891,99,22587.5,2685,62,measure
2026-09-11T04:07:29.800+00:00,1136.001,316.758,99,22602.4,2685,61,measure
2026-09-11T04:07:30.801+00:00,1137.000,331.252,99,22577.9,2685,62,measure
2026-09-11T04:07:31.798+00:00,1138.000,318.738,99,22556.6,2685,62,measure
2026-09-11T04:07:32.799+00:00,1139.001,305.794,99,22563.1,2685,60,measure
2026-09-11T04:07:33.798+00:00,1140.001,309.976,99,22580.3,2685,63,measure
2026-09-11T04:07:34.798+00:00,1141.000,302.748,99,22588,2685,61,measure
2026-09-11T04:07:35.800+00:00,1142.000,298.25,99,22563.1,2685,61,measure
2026-09-11T04:07:36.799+00:00,1143.000,289.778,99,22567.4,2685,60,measure
2026-09-11T04:07:37.799+00:00,1144.001,300.029,99,22567.4,2685,61,measure
2026-09-11T04:07:38.871+00:00,1145.072,304.699,99,22567.4,2685,60,measure
2026-09-11T04:07:39.832+00:00,1146.030,301.383,99,22567.4,2685,60,measure
2026-09-11T04:07:40.826+00:00,1147.026,298.807,99,22564.9,2685,60,measure
2026-09-11T04:07:41.879+00:00,1148.081,302.447,99,22699.3,2685,61,measure
2026-09-11T04:07:42.812+00:00,1149.014,319.969,99,22638.5,2685,62,measure
2026-09-11T04:07:43.822+00:00,1150.025,332.407,99,22647,2640,62,measure
2026-09-11T04:07:42.303+00:00,1151.005,339.833,99,22582.1,2685,61,measure
2026-09-11T04:07:43.380+00:00,1152.083,327.784,99,22566.9,2685,62,measure
2026-09-11T04:07:44.374+00:00,1153.076,325.702,99,22594.8,2685,61,measure
2026-09-11T04:07:45.328+00:00,1154.030,322.726,99,22594.8,2685,61,measure
2026-09-11T04:07:46.378+00:00,1155.081,325.164,99,22574.2,2685,61,measure
2026-09-11T04:07:47.340+00:00,1156.038,328.452,99,22576.7,2685,62,measure
2026-09-11T04:07:48.379+00:00,1157.080,334.85,99,22476.7,2685,62,measure
2026-09-11T04:07:49.330+00:00,1158.031,330.356,99,22538.6,2685,62,measure
2026-09-11T04:07:50.379+00:00,1159.081,327.613,99,22541.4,2685,62,measure
2026-09-11T04:07:51.374+00:00,1160.076,319.514,99,22533.4,2685,63,measure
2026-09-11T04:07:52.301+00:00,1161.001,326.901,99,22533.4,2685,62,measure
2026-09-11T04:07:53.329+00:00,1162.031,326.965,99,22533.4,2685,63,measure
2026-09-11T04:07:54.381+00:00,1163.080,332.885,99,22541.8,2685,62,measure
2026-09-11T04:07:55.376+00:00,1164.076,342.743,99,22541.8,2685,62,measure
2026-09-11T04:07:56.374+00:00,1165.077,330.115,99,22518.5,2685,62,measure
2026-09-11T04:07:57.328+00:00,1166.031,336.407,99,22501.6,2685,62,measure
2026-09-11T04:07:58.349+00:00,1167.051,304.82,99,22501.6,2685,62,measure
2026-09-11T04:07:59.378+00:00,1168.079,304.327,99,22518.5,2685,60,measure
2026-09-11T04:08:00.314+00:00,1169.011,305.94,99,22518.5,2685,60,measure
2026-09-11T04:08:01.344+00:00,1170.030,321.563,99,22518.5,2685,62,measure
2026-09-11T04:08:02.361+00:00,1171.063,337.369,99,22526.5,2685,62,measure
2026-09-11T04:08:03.315+00:00,1172.018,335.799,99,22526.5,2685,62,measure
2026-09-11T04:08:04.301+00:00,1173.004,333.716,99,22470.5,2685,62,measure
2026-09-11T04:08:05.299+00:00,1174.001,311.882,99,22470.5,2685,61,measure
2026-09-11T04:08:06.314+00:00,1175.015,318.167,99,22470.5,2685,61,measure
2026-09-11T04:08:07.302+00:00,1176.004,312.651,99,22470.5,2685,61,measure
2026-09-11T04:08:08.300+00:00,1177.002,310.477,99,22470.5,2685,62,measure
2026-09-11T04:08:09.299+00:00,1178.000,306.236,99,22470.5,2685,61,measure
2026-09-11T04:08:10.300+00:00,1179.002,306.934,99,22470.5,2685,60,measure
2026-09-11T04:08:11.298+00:00,1180.000,299.925,99,22470.5,2685,60,measure
2026-09-11T04:08:12.300+00:00,1181.002,310.026,99,22470.5,2685,61,measure
2026-09-11T04:08:13.309+00:00,1182.009,302.066,100,22470.5,2685,60,measure
2026-09-11T04:08:11.799+00:00,1183.000,299.797,99,22470.5,2685,63,measure
2026-09-11T04:08:12.812+00:00,1184.013,298.599,99,22470.5,2685,60,measure
2026-09-11T04:08:13.854+00:00,1185.000,339.843,99,22470.5,2685,62,measure
2026-09-11T04:08:14.804+00:00,1186.005,357.785,99,22470.5,2685,65,measure
2026-09-11T04:08:15.800+00:00,1187.002,364.954,99,22470.5,2685,66,measure
2026-09-11T04:08:16.801+00:00,1188.002,362.227,99,22470.5,2685,63,measure
2026-09-11T04:08:17.799+00:00,1189.000,332.27,99,22470.5,2685,64,measure
2026-09-11T04:08:18.803+00:00,1190.001,353.326,99,22482.7,2685,67,measure
2026-09-11T04:08:19.835+00:00,1191.001,345.265,99,22482.7,2685,62,measure
2026-09-11T04:08:20.799+00:00,1192.001,354.592,99,22474.3,2685,62,measure
2026-09-11T04:08:21.799+00:00,1193.000,342.248,99,22482.7,2685,63,measure
2026-09-11T04:08:22.799+00:00,1194.000,336.02,99,22482.7,2685,64,measure
2026-09-11T04:08:23.801+00:00,1195.001,329.353,99,22482.7,2685,62,measure
2026-09-11T04:08:24.801+00:00,1196.001,318.935,99,22482.7,2685,62,measure
2026-09-11T04:08:25.800+00:00,1197.000,311.584,99,22470.3,2685,61,measure
2026-09-11T04:08:26.799+00:00,1198.000,314.872,99,22470.3,2685,61,measure
2026-09-11T04:08:27.799+00:00,1199.000,306.018,99,22470.3,2685,61,measure
2026-09-11T04:08:28.799+00:00,1200.000,307.656,99,22502.3,2685,61,measure
2026-09-11T04:08:29.800+00:00,1201.001,305.857,99,22493.5,2685,61,measure
2026-09-11T04:08:30.801+00:00,1202.001,302.234,99,22518.8,2685,62,measure
2026-09-11T04:08:31.799+00:00,1203.000,306.06,99,22506.8,2685,61,measure
2026-09-11T04:08:32.808+00:00,1204.000,320.836,99,22506.8,2685,63,measure
2026-09-11T04:08:33.801+00:00,1205.000,335.693,99,22507.3,2685,64,measure
2026-09-11T04:08:34.800+00:00,1206.000,337.332,99,22509.3,2685,62,measure
2026-09-11T04:08:35.799+00:00,1207.000,341.647,99,22452.3,2685,62,measure
2026-09-11T04:08:36.802+00:00,1208.001,345.675,99,22453.3,2685,63,measure
2026-09-11T04:08:37.802+00:00,1209.003,323.344,99,22459.5,2685,61,measure
2026-09-11T04:08:38.821+00:00,1210.023,321.163,99,22537.9,2685,62,measure
2026-09-11T04:08:39.819+00:00,1211.021,304.548,99,22579.1,2685,62,measure
2026-09-11T04:08:40.810+00:00,1212.010,303.622,99,22570.9,2685,61,measure
2026-09-11T04:08:41.834+00:00,1213.036,314.424,99,22553.1,2685,61,measure
2026-09-11T04:08:42.806+00:00,1214.008,330.171,99,22556.8,2685,62,measure
2026-09-11T04:08:43.876+00:00,1215.030,330.625,99,22529.9,2685,62,measure
2026-09-11T04:08:42.301+00:00,1216.004,333.605,99,22513.8,2685,62,measure
2026-09-11T04:08:43.323+00:00,1217.026,308,99,22477.2,2685,61,measure
2026-09-11T04:08:44.330+00:00,1218.033,313.573,99,22479,2685,61,measure
2026-09-11T04:08:45.342+00:00,1219.043,304.669,99,22475.3,2685,62,measure
2026-09-11T04:08:46.310+00:00,1220.012,318.903,99,22505.9,2685,61,measure
2026-09-11T04:08:47.300+00:00,1221.003,316.859,99,22528.9,2685,61,measure
2026-09-11T04:08:48.304+00:00,1222.006,348.333,99,22509.1,2685,62,measure
2026-09-11T04:08:49.312+00:00,1223.012,332.794,99,22538.4,2685,62,measure
2026-09-11T04:08:50.334+00:00,1224.036,333.56,99,22531.9,2685,62,measure
2026-09-11T04:08:51.326+00:00,1225.027,316.158,99,22551.7,2685,63,measure
2026-09-11T04:08:52.310+00:00,1226.010,307.626,99,22556.6,2685,61,measure
2026-09-11T04:08:53.303+00:00,1227.006,304.647,99,22556,2685,61,measure
2026-09-11T04:08:54.299+00:00,1228.001,299.95,99,22586.3,2685,61,measure
2026-09-11T04:08:55.316+00:00,1229.018,306.581,99,22574.6,2685,61,measure
2026-09-11T04:08:56.299+00:00,1230.001,307.668,99,22582.8,2685,62,measure
2026-09-11T04:08:57.309+00:00,1231.011,323.301,99,22587.8,2685,63,measure
2026-09-11T04:08:58.319+00:00,1232.020,324.877,99,22588,2685,62,measure
2026-09-11T04:08:59.339+00:00,1233.010,333.616,99,22560.7,2685,63,measure
2026-09-11T04:09:00.298+00:00,1234.001,320.122,99,22571.5,2685,63,measure
2026-09-11T04:09:01.342+00:00,1235.044,322.362,99,22555,2685,62,measure
2026-09-11T04:09:02.309+00:00,1236.011,324.132,99,22565.4,2685,62,measure
2026-09-11T04:09:03.312+00:00,1237.014,329.746,99,22627.6,2685,62,measure
2026-09-11T04:09:04.305+00:00,1238.007,302.016,99,22640.1,2685,60,measure
2026-09-11T04:09:05.300+00:00,1239.003,301.748,99,22645.6,2685,61,measure
2026-09-11T04:09:06.328+00:00,1240.031,311,99,22645,2685,61,measure
2026-09-11T04:09:07.300+00:00,1241.003,307.927,99,22628.7,2685,61,measure
2026-09-11T04:09:08.309+00:00,1242.008,314.759,99,22628.7,2685,61,measure
2026-09-11T04:09:09.317+00:00,1243.020,312.008,99,22620.9,2685,61,measure
2026-09-11T04:09:10.301+00:00,1244.000,303.441,99,22615.6,2685,63,measure
2026-09-11T04:09:11.298+00:00,1245.000,328.699,99,22614.7,2685,62,measure
2026-09-11T04:09:12.297+00:00,1246.000,329.329,99,22600.2,2685,62,measure
2026-09-11T04:09:13.298+00:00,1247.001,339.898,99,22600.5,2685,64,measure
2026-09-11T04:09:11.801+00:00,1248.000,319.911,99,22561.5,2685,61,measure
2026-09-11T04:09:12.803+00:00,1249.001,305.328,99,22561.5,2685,61,measure
2026-09-11T04:09:13.806+00:00,1250.005,305.987,99,22561.1,2685,62,measure
2026-09-11T04:09:14.809+00:00,1251.008,323.889,99,22557.8,2685,61,measure
2026-09-11T04:09:15.806+00:00,1252.003,328.989,99,22559,2685,62,measure
2026-09-11T04:09:16.818+00:00,1253.017,338.471,99,22568.3,2685,63,measure
2026-09-11T04:09:17.806+00:00,1254.004,330.89,99,22569.6,2685,62,measure
2026-09-11T04:09:18.807+00:00,1255.002,309.869,99,22579.1,2685,61,measure
2026-09-11T04:09:19.803+00:00,1256.001,327.016,99,22579.1,2685,61,measure
2026-09-11T04:09:20.808+00:00,1257.007,320.241,99,22567.5,2685,62,measure
2026-09-11T04:09:21.802+00:00,1258.001,314.654,99,22576.5,2685,60,measure
2026-09-11T04:09:22.810+00:00,1259.009,305.757,99,22576.8,2685,62,measure
2026-09-11T04:09:23.836+00:00,1260.035,306.555,99,22574.6,2685,61,measure
2026-09-11T04:09:24.806+00:00,1261.005,305.765,100,22585.2,2685,60,measure
2026-09-11T04:09:25.803+00:00,1262.002,308.205,99,22604.9,2685,60,measure
2026-09-11T04:09:26.853+00:00,1263.053,298.525,99,22604.9,2685,61,measure
2026-09-11T04:09:27.832+00:00,1264.031,291.418,99,22605.4,2685,60,measure
2026-09-11T04:09:28.841+00:00,1265.040,307.214,99,22614.3,2685,60,measure
2026-09-11T04:09:29.815+00:00,1266.015,304.27,99,22611.1,2685,61,measure
2026-09-11T04:09:30.815+00:00,1267.015,317.106,99,22620,2685,62,measure
2026-09-11T04:09:31.846+00:00,1268.045,322.876,99,22549.2,2685,65,measure
2026-09-11T04:09:32.828+00:00,1269.027,322.502,99,22554.9,2685,61,measure
2026-09-11T04:09:33.807+00:00,1270.007,322.223,99,22554.9,2685,61,measure
2026-09-11T04:09:34.801+00:00,1271.000,324.615,99,22558.9,2685,62,measure
2026-09-11T04:09:35.801+00:00,1272.000,325.637,99,22560.2,2685,62,measure
2026-09-11T04:09:36.802+00:00,1273.000,341.016,99,22572.9,2685,62,measure
2026-09-11T04:09:37.802+00:00,1274.001,331.462,99,22572.9,2685,62,measure
2026-09-11T04:09:38.801+00:00,1275.001,336.901,99,22572.9,2685,64,measure
2026-09-11T04:09:39.801+00:00,1276.001,335.185,99,22567.5,2685,62,measure
2026-09-11T04:09:40.817+00:00,1277.016,325.061,99,22567.5,2685,61,measure
2026-09-11T04:09:41.831+00:00,1278.029,328.337,99,22567.5,2685,61,measure
2026-09-11T04:09:42.881+00:00,1279.081,308.448,99,22532.4,2685,62,measure
2026-09-11T04:09:43.867+00:00,1280.067,329.411,99,22537,2685,62,measure
2026-09-11T04:09:42.310+00:00,1281.012,324.876,99,22537.6,2685,65,measure
2026-09-11T04:09:43.327+00:00,1282.030,323.87,99,22543.1,2685,61,measure
2026-09-11T04:09:44.378+00:00,1283.081,317.862,99,22543.1,2685,63,measure
2026-09-11T04:09:45.373+00:00,1284.076,322.084,99,22550.1,2685,62,measure
2026-09-11T04:09:46.374+00:00,1285.077,306.484,99,22551.9,2685,61,measure
2026-09-11T04:09:47.309+00:00,1286.012,298.38,99,22567.7,2685,60,measure
2026-09-11T04:09:48.381+00:00,1287.082,299.387,99,22568.8,2685,60,measure
2026-09-11T04:09:49.298+00:00,1288.001,295.785,99,22571,2685,60,measure
2026-09-11T04:09:50.298+00:00,1289.001,305.097,99,22556.7,2685,61,measure
2026-09-11T04:09:51.301+00:00,1290.002,306.743,99,22557.8,2685,60,measure
2026-09-11T04:09:52.299+00:00,1291.000,309.193,99,22549.3,2685,61,measure
2026-09-11T04:09:53.298+00:00,1292.001,311.949,99,22544.1,2685,61,measure
2026-09-11T04:09:54.314+00:00,1293.015,311.77,99,22540,2685,61,measure
2026-09-11T04:09:55.297+00:00,1294.000,305.707,99,22534,2685,60,measure
2026-09-11T04:09:56.298+00:00,1295.001,315.792,99,22533.9,2685,61,measure
2026-09-11T04:09:57.298+00:00,1296.001,313.968,99,22529.6,2685,61,measure
2026-09-11T04:09:58.299+00:00,1297.000,306.686,99,22526.8,2685,60,measure
2026-09-11T04:09:59.318+00:00,1298.019,312.036,99,22519.4,2685,60,measure
2026-09-11T04:10:00.297+00:00,1299.000,312.383,99,22513.5,2685,62,measure
2026-09-11T04:10:01.297+00:00,1300.000,303.783,99,22498.8,2685,61,measure
2026-09-11T04:10:02.298+00:00,1301.001,297.605,99,22498.8,2685,60,measure
2026-09-11T04:10:03.297+00:00,1302.000,288.779,99,22498.8,2685,60,measure
2026-09-11T04:10:04.299+00:00,1303.001,291.179,99,22498.8,2685,60,measure
2026-09-11T04:10:05.298+00:00,1304.001,289.8,99,22495.8,2685,60,measure
2026-09-11T04:10:06.298+00:00,1305.001,306.323,99,22575.3,2685,60,measure
2026-09-11T04:10:07.297+00:00,1306.000,306.714,99,22592.9,2685,62,measure
2026-09-11T04:10:08.297+00:00,1307.000,294.654,99,22613.8,2685,60,measure
2026-09-11T04:10:09.297+00:00,1308.000,305.234,99,22632.3,2685,60,measure
2026-09-11T04:10:10.299+00:00,1309.001,294.356,99,22632.5,2685,60,measure
2026-09-11T04:10:11.297+00:00,1310.000,290.901,99,22596.6,2685,60,measure
2026-09-11T04:10:12.297+00:00,1311.000,292.618,99,22576.4,2685,60,measure
2026-09-11T04:10:13.300+00:00,1312.001,301.189,99,22575.8,2685,60,measure
2026-09-11T04:10:14.298+00:00,1313.001,299.686,99,22592.2,2685,60,measure
2026-09-11T04:10:12.799+00:00,1314.001,295.277,99,22590.9,2685,60,measure
2026-09-11T04:10:13.801+00:00,1315.003,313.122,99,22590.6,2685,60,measure
2026-09-11T04:10:14.801+00:00,1316.004,313.267,99,22590.6,2685,61,measure
2026-09-11T04:10:15.798+00:00,1317.001,327.62,99,22529.7,2685,62,measure
2026-09-11T04:10:16.798+00:00,1318.001,323.952,99,22500.1,2685,60,measure
2026-09-11T04:10:17.799+00:00,1319.001,334.036,99,22494.6,2685,62,measure
2026-09-11T04:10:18.801+00:00,1320.001,338.16,99,22523.4,2685,62,measure
2026-09-11T04:10:19.802+00:00,1321.000,344.076,99,22523.5,2685,64,measure
2026-09-11T04:10:20.800+00:00,1322.001,341.937,99,22569.5,2685,61,measure
2026-09-11T04:10:21.799+00:00,1323.001,324.365,99,22555.9,2685,62,measure
2026-09-11T04:10:22.800+00:00,1324.002,320.933,99,22545.8,2685,62,measure
2026-09-11T04:10:23.800+00:00,1325.002,320.629,99,22545.8,2685,61,measure
2026-09-11T04:10:24.800+00:00,1326.001,306.947,99,22545.8,2685,61,measure
2026-09-11T04:10:25.802+00:00,1327.001,330.173,99,22531.3,2685,62,measure
2026-09-11T04:10:26.833+00:00,1328.000,331.578,99,22531.3,2685,62,measure
2026-09-11T04:10:27.808+00:00,1329.000,342.721,99,22517.4,2685,62,measure
2026-09-11T04:10:28.798+00:00,1330.000,330.403,99,22517.4,2685,61,measure
2026-09-11T04:10:29.798+00:00,1331.001,311.898,99,22517.4,2685,64,measure
2026-09-11T04:10:30.799+00:00,1332.000,307.133,99,22517.4,2685,61,measure
2026-09-11T04:10:31.800+00:00,1333.000,304.204,99,22517.4,2685,61,measure
2026-09-11T04:10:32.798+00:00,1334.000,311.233,99,22517.4,2685,63,measure
2026-09-11T04:10:33.798+00:00,1335.000,309.806,99,22517.4,2685,60,measure
2026-09-11T04:10:34.860+00:00,1336.062,317.416,99,22517.4,2685,67,measure
2026-09-11T04:10:35.872+00:00,1337.073,319.938,99,22517.4,2685,61,measure
2026-09-11T04:10:36.803+00:00,1338.003,307.506,99,22517.4,2685,60,measure
2026-09-11T04:10:37.866+00:00,1339.068,325.719,99,22517.4,2685,63,measure
2026-09-11T04:10:38.875+00:00,1340.077,335.04,99,22500.5,2685,62,measure
2026-09-11T04:10:39.822+00:00,1341.024,340.297,99,22500.5,2685,63,measure
2026-09-11T04:10:40.830+00:00,1342.030,326.407,99,22500.5,2685,62,measure
2026-09-11T04:10:41.798+00:00,1343.000,317.704,99,22500.5,2685,63,measure
2026-09-11T04:10:42.800+00:00,1344.000,314.659,99,22517.4,2685,61,measure
2026-09-11T04:10:43.799+00:00,1345.000,308.047,99,22517.4,2685,61,measure
2026-09-11T04:10:42.298+00:00,1346.000,310.67,99,22517.4,2685,61,measure
2026-09-11T04:10:43.298+00:00,1347.001,308.336,99,22517.4,2685,64,measure
2026-09-11T04:10:44.299+00:00,1348.002,305.001,99,22517.4,2685,61,measure
2026-09-11T04:10:45.406+00:00,1349.083,303.731,100,22517.4,2685,61,measure
2026-09-11T04:10:46.328+00:00,1350.031,318.634,99,22517.4,2685,62,measure
2026-09-11T04:10:47.378+00:00,1351.081,325.796,99,22517.4,2685,61,measure
2026-09-11T04:10:48.374+00:00,1352.076,339.768,99,22517.4,2685,62,measure
2026-09-11T04:10:49.315+00:00,1353.015,339.345,99,22517.4,2685,62,measure
2026-09-11T04:10:50.329+00:00,1354.030,321.566,99,22517.4,2685,62,measure
2026-09-11T04:10:51.335+00:00,1355.037,310.309,99,22517.4,2685,64,measure
2026-09-11T04:10:52.321+00:00,1356.022,307.391,99,22517.4,2685,61,measure
2026-09-11T04:10:53.322+00:00,1357.020,311.127,99,22517.4,2685,61,measure
2026-09-11T04:10:54.328+00:00,1358.030,300.048,99,22517.4,2685,60,measure
2026-09-11T04:10:55.305+00:00,1359.008,310.936,99,22517.4,2685,61,measure
2026-09-11T04:10:56.376+00:00,1360.078,315.974,99,22517.4,2685,61,measure
2026-09-11T04:10:57.374+00:00,1361.076,313.489,99,22517.4,2685,61,measure
2026-09-11T04:10:58.318+00:00,1362.020,307.261,99,22517.4,2685,61,measure
2026-09-11T04:10:59.379+00:00,1363.082,305.783,100,22517.4,2685,60,measure
2026-09-11T04:11:00.298+00:00,1364.001,310.631,99,22517.4,2685,61,measure
2026-09-11T04:11:01.369+00:00,1365.072,309.284,99,22508.9,2685,61,measure
2026-09-11T04:11:02.300+00:00,1366.002,316.118,99,22517.4,2685,64,measure
2026-09-11T04:11:03.329+00:00,1367.030,326.049,99,22517.4,2685,63,measure
2026-09-11T04:11:04.378+00:00,1368.081,349.494,99,22517.4,2685,66,measure
2026-09-11T04:11:05.329+00:00,1369.032,343.435,99,22517.4,2685,62,measure
2026-09-11T04:11:06.330+00:00,1370.033,332.059,99,22517.4,2685,63,measure
2026-09-11T04:11:07.346+00:00,1371.049,332.237,99,22517.4,2685,65,measure
2026-09-11T04:11:08.300+00:00,1372.003,325.713,99,22517.4,2685,62,measure
2026-09-11T04:11:09.351+00:00,1373.053,339.253,99,22517.4,2685,62,measure
2026-09-11T04:11:10.328+00:00,1374.030,329.549,99,22517.6,2685,63,measure
2026-09-11T04:11:11.339+00:00,1375.040,337.284,99,22517.6,2685,62,measure
2026-09-11T04:11:12.316+00:00,1376.017,321.46,99,22517.6,2685,62,measure
2026-09-11T04:11:13.301+00:00,1377.004,319.486,99,22517.6,2685,62,measure
2026-09-11T04:11:11.853+00:00,1378.029,309.488,99,22517.6,2685,62,measure
2026-09-11T04:11:12.947+00:00,1379.080,330.378,99,22517.6,2685,63,measure
2026-09-11T04:11:13.845+00:00,1380.026,345.047,99,22517.2,2685,62,measure
2026-09-11T04:11:14.820+00:00,1381.002,328.804,99,22500.4,2685,62,measure
2026-09-11T04:11:15.818+00:00,1382.000,328.871,99,22500.4,2685,61,measure
2026-09-11T04:11:16.819+00:00,1383.001,303.473,99,22500.4,2685,62,measure
2026-09-11T04:11:17.818+00:00,1384.000,317.581,99,22500.4,2685,61,measure
2026-09-11T04:11:18.819+00:00,1385.000,332.419,99,22500.4,2685,62,measure
2026-09-11T04:11:19.825+00:00,1386.007,339.259,99,22500.4,2685,62,measure
2026-09-11T04:11:20.820+00:00,1387.001,352.779,99,22517.2,2685,63,measure
2026-09-11T04:11:21.818+00:00,1388.000,329.526,99,22517.2,2685,62,measure
2026-09-11T04:11:22.823+00:00,1389.005,336.15,99,22517.2,2685,63,measure
2026-09-11T04:11:23.852+00:00,1390.033,338.692,99,22517.2,2685,62,measure
2026-09-11T04:11:24.880+00:00,1391.061,349.081,99,22517.2,2685,63,measure
2026-09-11T04:11:25.878+00:00,1392.060,347.418,99,22517.2,2685,62,measure
2026-09-11T04:11:26.823+00:00,1393.005,350.376,99,22517.2,2685,65,measure
2026-09-11T04:11:27.819+00:00,1394.001,326.473,99,22517.2,2685,63,measure
2026-09-11T04:11:28.825+00:00,1395.007,318.231,99,22517.2,2685,61,measure
2026-09-11T04:11:29.831+00:00,1396.010,313.361,99,22517.2,2685,63,measure
2026-09-11T04:11:30.818+00:00,1397.000,301.867,99,22517.2,2685,61,measure
2026-09-11T04:11:31.831+00:00,1398.013,325.094,99,22517.2,2685,62,measure
2026-09-11T04:11:32.820+00:00,1399.001,320.687,99,22517.2,2685,64,measure
2026-09-11T04:11:33.824+00:00,1400.006,340.754,99,22517.2,2685,65,measure
2026-09-11T04:11:34.834+00:00,1401.015,357.642,99,22517.2,2685,63,measure
2026-09-11T04:11:35.819+00:00,1402.001,344.275,99,22517.2,2685,64,measure
2026-09-11T04:11:36.819+00:00,1403.001,333.718,99,22539.4,2685,63,measure
2026-09-11T04:11:37.820+00:00,1404.001,342.578,99,22540.5,2685,64,measure
2026-09-11T04:11:38.819+00:00,1405.001,326.395,99,22557.4,2685,62,measure
2026-09-11T04:11:39.820+00:00,1406.001,330.338,99,22605.9,2685,63,measure
2026-09-11T04:11:40.823+00:00,1407.005,319.139,99,22589.1,2685,61,measure
2026-09-11T04:11:41.819+00:00,1408.001,321.406,99,22581.1,2685,61,measure
2026-09-11T04:11:42.838+00:00,1409.020,310.379,99,22601.1,2685,61,measure
2026-09-11T04:11:43.852+00:00,1410.034,319.2,99,22605.1,2685,61,measure
2026-09-11T04:11:42.344+00:00,1411.031,332.325,99,22575.8,2685,63,measure
2026-09-11T04:11:43.328+00:00,1412.014,322.234,99,22517.3,2685,62,measure
2026-09-11T04:11:44.337+00:00,1413.025,312.269,99,22517.3,2685,64,measure
2026-09-11T04:11:45.339+00:00,1414.026,313.682,99,22517.3,2685,61,measure
2026-09-11T04:11:46.333+00:00,1415.021,312.84,99,22517.3,2685,63,measure
2026-09-11T04:11:47.328+00:00,1416.016,319.609,99,22512.4,2685,62,measure
2026-09-11T04:11:48.313+00:00,1417.001,298.546,99,22512.4,2685,61,measure
2026-09-11T04:11:49.312+00:00,1418.000,296.539,99,22512.4,2685,60,measure
2026-09-11T04:11:50.315+00:00,1419.001,300.783,99,22475.3,2685,61,measure
2026-09-11T04:11:51.313+00:00,1420.000,308.158,99,22488.4,2685,61,measure
2026-09-11T04:11:52.314+00:00,1421.001,309.226,99,22468.8,2685,60,measure
2026-09-11T04:11:53.315+00:00,1422.000,303.102,99,22486.2,2685,62,measure
2026-09-11T04:11:54.312+00:00,1423.000,299.737,99,22491.7,2685,60,measure
2026-09-11T04:11:55.313+00:00,1424.000,299.093,99,22493.2,2685,60,measure
2026-09-11T04:11:56.313+00:00,1425.000,308.612,99,22473.3,2685,61,measure
2026-09-11T04:11:57.321+00:00,1426.008,298.22,99,22473.3,2685,60,measure
2026-09-11T04:11:58.320+00:00,1427.005,300.376,99,22481.4,2685,61,measure
2026-09-11T04:11:59.316+00:00,1428.003,310.526,99,22485.9,2685,60,measure
2026-09-11T04:12:00.313+00:00,1429.001,302.801,99,22486.7,2685,62,measure
2026-09-11T04:12:01.313+00:00,1430.001,310.049,99,22489.6,2685,60,measure
2026-09-11T04:12:02.313+00:00,1431.000,328.717,99,22473.9,2685,62,measure
2026-09-11T04:12:03.313+00:00,1432.000,332.261,99,22458.7,2685,62,measure
2026-09-11T04:12:04.332+00:00,1433.019,318.754,99,22478.5,2685,61,measure
2026-09-11T04:12:05.331+00:00,1434.018,322.344,99,22478.5,2685,63,measure
2026-09-11T04:12:06.324+00:00,1435.011,307.409,99,22472.4,2685,61,measure
2026-09-11T04:12:07.313+00:00,1436.000,330.332,99,22478.4,2685,62,measure
2026-09-11T04:12:08.313+00:00,1437.000,320.881,99,22666.4,2685,64,measure
2026-09-11T04:12:09.313+00:00,1438.000,324.709,99,22628.3,2685,64,measure
2026-09-11T04:12:10.315+00:00,1439.001,318.312,99,22636.8,2685,61,measure
2026-09-11T04:12:11.316+00:00,1440.001,327.411,99,22636,2685,64,measure
2026-09-11T04:12:12.313+00:00,1441.000,326.561,99,22632.8,2685,62,measure
2026-09-11T04:12:13.313+00:00,1442.000,324.263,99,22620.8,2685,62,measure
2026-09-11T04:12:11.829+00:00,1443.008,316.454,99,22620.8,2685,61,measure
2026-09-11T04:12:12.842+00:00,1444.000,324.769,99,22620.1,2685,63,measure
2026-09-11T04:12:13.821+00:00,1445.000,326.226,99,22612.1,2685,62,measure
2026-09-11T04:12:14.821+00:00,1446.001,318.344,99,22611.7,2685,62,measure
2026-09-11T04:12:15.820+00:00,1447.000,310.8,99,22616.4,2685,61,measure
2026-09-11T04:12:16.820+00:00,1448.000,306.395,99,22633.3,2685,61,measure
2026-09-11T04:12:17.822+00:00,1449.001,317.394,99,22640.9,2685,62,measure
2026-09-11T04:12:18.820+00:00,1450.000,332.175,99,22643.2,2685,64,measure
2026-09-11T04:12:19.821+00:00,1451.000,341.188,99,22652,2685,66,measure
2026-09-11T04:12:20.824+00:00,1452.000,326.234,99,22634.2,2685,62,measure
2026-09-11T04:12:21.820+00:00,1453.001,332.983,99,22617.3,2685,63,measure
2026-09-11T04:12:22.820+00:00,1454.000,335.975,99,22615.2,2685,66,measure
2026-09-11T04:12:23.820+00:00,1455.000,339.704,99,22610.8,2685,65,measure
2026-09-11T04:12:24.820+00:00,1456.001,323.054,99,22619.2,2685,62,measure
2026-09-11T04:12:25.822+00:00,1457.001,320.267,99,22627.7,2685,61,measure
2026-09-11T04:12:26.822+00:00,1458.000,309.417,99,22635.3,2685,63,measure
2026-09-11T04:12:27.823+00:00,1459.004,311.808,99,22641.6,2685,62,measure
2026-09-11T04:12:28.820+00:00,1460.000,313.493,99,22633.6,2685,63,measure
2026-09-11T04:12:29.820+00:00,1461.001,316.55,99,22633.6,2685,62,measure
2026-09-11T04:12:30.820+00:00,1462.000,311.127,99,22633.6,2685,64,measure
2026-09-11T04:12:31.821+00:00,1463.000,304.328,99,22527.1,2685,62,measure
2026-09-11T04:12:32.822+00:00,1464.000,315.198,99,22527.1,2685,63,measure
2026-09-11T04:12:33.820+00:00,1465.000,318.888,99,22527.1,2685,61,measure
2026-09-11T04:12:34.826+00:00,1466.007,311.291,99,22531.1,2685,62,measure
2026-09-11T04:12:35.820+00:00,1467.000,304.599,99,22546.2,2685,60,measure
2026-09-11T04:12:36.820+00:00,1468.000,293.101,99,22546.2,2685,60,measure
2026-09-11T04:12:37.826+00:00,1469.001,303.221,99,22546.2,2685,63,measure
2026-09-11T04:12:38.822+00:00,1470.001,309.018,99,22542.2,2685,62,measure
2026-09-11T04:12:39.820+00:00,1471.000,315.891,99,22542.2,2685,61,measure
2026-09-11T04:12:40.820+00:00,1472.000,321.971,99,22563.1,2685,61,measure
2026-09-11T04:12:41.820+00:00,1473.000,309.423,99,22563.1,2685,61,measure
2026-09-11T04:12:42.820+00:00,1474.000,300.261,99,22527,2685,60,measure
2026-09-11T04:12:43.821+00:00,1475.000,306.622,99,22537.2,2685,60,measure
2026-09-11T04:12:42.333+00:00,1476.001,306.776,99,22588,2685,61,measure
2026-09-11T04:12:43.332+00:00,1477.001,302.229,99,22659.8,2685,61,measure
2026-09-11T04:12:44.333+00:00,1478.002,317.468,99,22623.9,2685,62,measure
2026-09-11T04:12:45.339+00:00,1479.006,329.975,99,22623.9,2685,62,measure
2026-09-11T04:12:46.335+00:00,1480.003,336.872,99,22615.4,2685,65,measure
2026-09-11T04:12:47.338+00:00,1481.008,330.999,99,22607,2685,63,measure
2026-09-11T04:12:48.333+00:00,1482.002,320.953,99,22598.5,2685,61,measure
2026-09-11T04:12:49.340+00:00,1483.007,313.815,99,22598.5,2685,61,measure
2026-09-11T04:12:50.335+00:00,1484.004,324.166,99,22598.5,2685,64,measure
2026-09-11T04:12:51.333+00:00,1485.002,331.467,99,22559,2685,62,measure
2026-09-11T04:12:52.332+00:00,1486.001,320.59,99,22559,2685,61,measure
2026-09-11T04:12:53.336+00:00,1487.004,301.301,99,22559,2685,60,measure
2026-09-11T04:12:54.333+00:00,1488.000,309.651,99,22559,2685,60,measure
2026-09-11T04:12:55.333+00:00,1489.002,304.961,99,22559,2685,60,measure
2026-09-11T04:12:56.332+00:00,1490.001,307.628,99,22559,2685,61,measure
2026-09-11T04:12:57.337+00:00,1491.006,312.965,99,22559,2685,61,measure
2026-09-11T04:12:58.331+00:00,1492.001,317.299,99,22559,2685,62,measure
2026-09-11T04:12:59.336+00:00,1493.005,350.369,99,22559,2685,68,measure
2026-09-11T04:13:00.335+00:00,1494.004,338.354,99,22556.2,2685,63,measure
2026-09-11T04:13:01.332+00:00,1495.001,337.498,99,22556.2,2685,62,measure
2026-09-11T04:13:02.335+00:00,1496.003,338.643,99,22556.2,2685,62,measure
2026-09-11T04:13:03.334+00:00,1497.004,333.827,99,22552.2,2685,61,measure
2026-09-11T04:13:04.341+00:00,1498.006,331.525,99,22552.2,2685,63,measure
2026-09-11T04:13:05.335+00:00,1499.002,339.326,100,22552.2,2685,62,measure
2026-09-11T04:13:06.336+00:00,1500.006,318.967,99,22552.2,2685,62,measure
2026-09-11T04:13:07.332+00:00,1501.001,308.564,99,22552.2,2685,61,measure
2026-09-11T04:13:08.334+00:00,1502.004,312.969,99,22552.2,2685,61,measure
2026-09-11T04:13:09.342+00:00,1503.007,329.034,99,22552.2,2685,62,measure
2026-09-11T04:13:10.338+00:00,1504.003,321.226,99,22552.2,2685,62,measure
2026-09-11T04:13:11.337+00:00,1505.007,334.707,99,22544.2,2685,62,measure
2026-09-11T04:13:12.333+00:00,1506.002,318.799,99,22544.2,2685,64,measure
2026-09-11T04:13:13.333+00:00,1507.002,314.565,99,22548.2,2685,61,measure
2026-09-11T04:13:11.847+00:00,1508.001,287.134,99,22562.1,2685,60,measure
2026-09-11T04:13:12.848+00:00,1509.001,252.184,84,22564.2,2700,59,measure
2026-09-11T04:13:13.848+00:00,1510.001,89.496,0,22564.2,2700,53,measure
2026-09-11T04:13:14.926+00:00,1511.080,70.043,5,22557.2,645,52,measure
2026-09-11T04:13:15.864+00:00,1512.016,41.029,4,22561.2,480,51,measure
2026-09-11T04:13:16.872+00:00,1513.025,36.271,8,22565,375,51,measure
2026-09-11T04:13:17.863+00:00,1514.014,34.94,6,22556.6,315,50,measure
2026-09-11T04:13:18.883+00:00,1515.037,26.326,9,22556.6,285,50,measure
2026-09-11T04:13:19.856+00:00,1516.007,24.494,6,22571.5,270,49,measure
2026-09-11T04:13:20.873+00:00,1517.027,18.55,6,22563,255,49,measure
2026-09-11T04:13:21.850+00:00,1518.004,18.32,6,22554.6,240,49,measure
2026-09-11T04:13:22.859+00:00,1519.011,18.048,6,22554.6,240,49,measure
2026-09-11T04:13:23.853+00:00,1520.006,18.052,6,22554.6,225,48,measure
2026-09-11T04:13:24.873+00:00,1521.026,17.712,6,22554.6,225,48,measure
2026-09-11T04:13:25.855+00:00,1522.007,17.482,6,22554.6,225,48,measure
2026-09-11T04:13:26.851+00:00,1523.002,17.632,5,22554.6,225,47,measure
2026-09-11T04:13:27.853+00:00,1524.006,17.552,6,22563,240,47,measure
2026-09-11T04:13:28.847+00:00,1525.000,17.222,6,22554.6,225,47,measure
2026-09-11T04:13:29.846+00:00,1526.000,17.185,6,22563,240,47,measure
2026-09-11T04:13:30.850+00:00,1527.004,17.24,6,22554.6,225,47,measure
2026-09-11T04:13:31.854+00:00,1528.007,17.788,6,22554.6,225,47,measure
2026-09-11T04:13:32.852+00:00,1529.001,17.905,5,22554.6,240,46,measure
2026-09-11T04:13:33.853+00:00,1530.007,17.706,7,22563,240,46,measure
2026-09-11T04:13:34.847+00:00,1531.000,17.528,6,22554.6,240,46,measure
2026-09-11T04:13:35.851+00:00,1532.004,17.551,6,22554.6,240,46,measure
2026-09-11T04:13:36.847+00:00,1533.001,17.404,6,22554.6,225,46,measure
2026-09-11T04:13:37.853+00:00,1534.005,17.04,10,22564.5,285,46,measure
2026-09-11T04:13:38.851+00:00,1535.004,16.937,6,22564.5,285,45,measure
2026-09-11T04:13:39.848+00:00,1536.001,16.66,6,22564.5,255,45,measure
2026-09-11T04:13:40.850+00:00,1537.003,16.495,5,22564.5,240,45,measure
2026-09-11T04:13:41.850+00:00,1538.004,16.448,6,22572.9,240,45,measure
2026-09-11T04:13:42.855+00:00,1539.006,16.411,6,22564.5,240,45,measure
2026-09-11T04:13:43.849+00:00,1540.000,16.619,6,22564.5,225,45,measure
2026-09-11T04:13:42.396+00:00,1541.068,16.916,6,22564.5,225,45,measure
2026-09-11T04:13:43.357+00:00,1542.031,16.639,5,22564.5,225,44,measure
2026-09-11T04:13:44.332+00:00,1543.005,16.596,6,22572.9,240,44,measure
2026-09-11T04:13:45.328+00:00,1544.002,16.701,6,22564.5,225,44,measure
2026-09-11T04:13:46.335+00:00,1545.006,16.374,6,22563,225,44,measure
2026-09-11T04:13:47.335+00:00,1546.002,16.607,5,22561.5,240,44,measure
2026-09-11T04:13:48.335+00:00,1547.008,16.73,5,22561.5,225,44,measure
2026-09-11T04:13:49.412+00:00,1548.083,16.667,6,22561.5,240,44,measure
2026-09-11T04:13:50.330+00:00,1549.003,16.411,6,22561.5,225,44,measure
2026-09-11T04:13:51.337+00:00,1550.008,16.062,6,22569.9,240,44,measure
2026-09-11T04:13:52.329+00:00,1551.003,16.367,6,22569.9,240,43,measure
2026-09-11T04:13:53.335+00:00,1552.005,16.104,6,22569.9,240,43,measure
2026-09-11T04:13:54.334+00:00,1553.007,15.882,6,22561.5,240,43,measure
2026-09-11T04:13:55.328+00:00,1554.002,15.745,6,22561.5,225,43,measure
2026-09-11T04:13:56.331+00:00,1555.004,15.919,6,22561.5,240,43,measure
2026-09-11T04:13:57.335+00:00,1556.007,15.697,3,22555.1,225,43,measure
2026-09-11T04:13:58.328+00:00,1557.001,15.308,0,22555.1,210,43,measure
2026-09-11T04:13:59.332+00:00,1558.004,15.774,5,22556.6,210,43,measure
2026-09-11T04:14:00.335+00:00,1559.008,15.505,5,22556.6,210,43,measure
2026-09-11T04:14:01.327+00:00,1560.001,15.335,5,22546.7,210,43,measure
2026-09-11T04:14:02.327+00:00,1561.001,15.284,5,22546.7,210,42,measure
2026-09-11T04:14:03.332+00:00,1562.005,15.09,5,22546.7,210,42,measure
2026-09-11T04:14:04.333+00:00,1563.004,15.003,5,22546.7,210,42,measure
2026-09-11T04:14:05.335+00:00,1564.008,15.324,5,22546.7,210,42,measure
2026-09-11T04:14:06.335+00:00,1565.009,15.152,5,22546.7,210,42,measure
2026-09-11T04:14:07.332+00:00,1566.005,15.226,5,22546.7,210,42,measure
2026-09-11T04:14:08.329+00:00,1567.002,15.219,5,22555.2,210,42,measure
2026-09-11T04:14:09.333+00:00,1568.006,15.01,5,22555.2,210,42,measure
2026-09-11T04:14:10.337+00:00,1569.008,15.31,9,22546.7,270,42,measure
2026-09-11T04:14:11.330+00:00,1570.000,16.57,13,22562.4,345,42,measure
2026-09-11T04:14:12.330+00:00,1571.000,16.874,16,22567.3,390,42,measure
2026-09-11T04:14:13.327+00:00,1572.000,16.105,8,22568.8,330,41,measure
2026-09-11T04:14:11.890+00:00,1573.051,16.281,8,22568.8,330,41,measure
