timestamp_iso,t_s,power_w,util_gpu_pct,mem_used_mib,clocks_sm_mhz,temp_c,phase
2026-09-10T22:06:29.239+00:00,0.000,180.38,0,22335.5,2700,57,measure
2026-09-10T22:06:30.288+00:00,1.049,95.548,0,22335.5,2700,51,measure
2026-09-10T22:06:31.242+00:00,2.005,68.369,0,22335.5,465,50,measure
2026-09-10T22:06:32.238+00:00,3.001,50.828,0,22335.5,345,49,measure
2026-09-10T22:06:33.243+00:00,4.007,33.135,0,22335.5,255,49,measure
2026-09-10T22:06:34.236+00:00,5.000,45.521,83,22335.5,2520,49,measure
2026-09-10T22:06:35.238+00:00,6.002,238.893,99,22335.5,2700,57,measure
2026-09-10T22:06:36.238+00:00,7.001,305.182,99,22335.5,2700,58,measure
2026-09-10T22:06:37.245+00:00,8.009,303.664,99,22335.5,2700,59,measure
2026-09-10T22:06:38.263+00:00,9.027,303.003,99,22335.5,2700,59,measure
2026-09-10T22:06:39.238+00:00,10.002,317.699,99,22335.5,2700,61,measure
2026-09-10T22:06:40.253+00:00,11.018,333.596,99,22335.5,2685,65,measure
2026-09-10T22:06:41.248+00:00,12.012,359.283,99,22335.5,2685,63,measure
2026-09-10T22:06:42.244+00:00,13.005,357.68,99,22333.2,2685,63,measure
2026-09-10T22:06:43.240+00:00,14.002,370.048,99,22331.2,2685,64,measure
2026-09-10T22:06:44.267+00:00,15.029,366.414,99,22331.2,2685,65,measure
2026-09-10T22:06:45.320+00:00,16.081,367.8,99,22331.2,2685,66,measure
2026-09-10T22:06:46.313+00:00,17.076,357.879,99,22331.2,2685,63,measure
2026-09-10T22:06:47.270+00:00,18.032,358.963,99,22331.2,2685,64,measure
2026-09-10T22:06:48.239+00:00,19.001,327.865,99,22331.2,2685,65,measure
2026-09-10T22:06:49.238+00:00,20.001,314.148,99,22331.2,2685,60,measure
2026-09-10T22:06:50.237+00:00,21.000,317.158,99,22331.2,2685,61,measure
2026-09-10T22:06:51.236+00:00,22.000,332.029,99,22331.2,2685,63,measure
2026-09-10T22:06:52.236+00:00,23.000,339.662,99,22331.2,2685,64,measure
2026-09-10T22:06:53.236+00:00,24.000,363.345,99,22331.2,2685,64,measure
2026-09-10T22:06:54.237+00:00,25.000,362.141,99,22331.2,2685,65,measure
2026-09-10T22:06:55.295+00:00,26.001,341.021,99,22331.2,2685,63,measure
2026-09-10T22:06:56.259+00:00,27.023,325.415,99,22331.2,2685,62,measure
2026-09-10T22:06:54.763+00:00,28.022,333.271,99,22331.2,2685,62,measure
2026-09-10T22:06:55.822+00:00,29.081,319.206,99,22331.2,2685,60,measure
2026-09-10T22:06:56.779+00:00,30.039,320.854,99,22331.2,2685,62,measure
2026-09-10T22:06:57.748+00:00,31.006,329.065,99,22331.2,2685,62,measure
2026-09-10T22:06:58.745+00:00,32.002,339.871,99,22331.2,2685,63,measure
2026-09-10T22:06:59.741+00:00,33.000,360.576,99,22331.2,2685,65,measure
2026-09-10T22:07:00.742+00:00,34.002,357.7,99,22331.2,2685,65,measure
2026-09-10T22:07:01.742+00:00,35.001,364.951,99,22331.2,2685,65,measure
2026-09-10T22:07:02.741+00:00,36.001,365.353,99,22331.2,2685,66,measure
2026-09-10T22:07:03.743+00:00,37.001,360.355,99,22331.2,2685,65,measure
2026-09-10T22:07:04.744+00:00,38.003,367.472,99,22331.2,2685,66,measure
2026-09-10T22:07:05.742+00:00,39.002,365.733,99,22331.2,2685,64,measure
2026-09-10T22:07:06.741+00:00,40.001,350.991,99,22331.2,2685,63,measure
2026-09-10T22:07:07.742+00:00,41.002,344.521,99,22331.2,2685,62,measure
2026-09-10T22:07:08.741+00:00,42.000,330.981,99,22331.2,2685,61,measure
2026-09-10T22:07:09.745+00:00,43.003,339.381,99,22331.2,2685,65,measure
2026-09-10T22:07:10.744+00:00,44.001,356.489,99,22331.2,2685,65,measure
2026-09-10T22:07:11.741+00:00,45.001,321.558,99,22331.2,2685,61,measure
2026-09-10T22:07:12.741+00:00,46.001,317.844,99,22331.2,2685,62,measure
2026-09-10T22:07:13.741+00:00,47.001,323.633,99,22331.2,2685,62,measure
2026-09-10T22:07:14.744+00:00,48.003,320.065,99,22331.2,2685,64,measure
2026-09-10T22:07:15.746+00:00,49.001,355.96,99,22331.2,2685,64,measure
2026-09-10T22:07:16.742+00:00,50.000,359.836,99,22331.2,2685,65,measure
2026-09-10T22:07:17.742+00:00,51.001,362.965,99,22331.2,2685,65,measure
2026-09-10T22:07:18.743+00:00,52.002,352.791,99,22331.2,2685,64,measure
2026-09-10T22:07:19.786+00:00,53.002,332.016,99,22331.2,2685,64,measure
2026-09-10T22:07:20.745+00:00,54.003,332.987,99,22331.2,2685,65,measure
2026-09-10T22:07:21.747+00:00,55.006,350.296,99,22331.2,2685,64,measure
2026-09-10T22:07:22.744+00:00,56.001,367.513,99,22331.2,2685,65,measure
2026-09-10T22:07:23.741+00:00,57.001,359.227,99,22331.2,2685,65,measure
2026-09-10T22:07:24.742+00:00,58.001,355.916,99,22331.2,2685,65,measure
2026-09-10T22:07:25.767+00:00,59.001,335.451,99,22331.2,2685,63,measure
2026-09-10T22:07:26.761+00:00,60.005,327.652,99,22331.2,2685,65,measure
2026-09-10T22:07:25.245+00:00,61.002,317.288,99,22331.2,2685,61,measure
2026-09-10T22:07:26.245+00:00,62.001,326.675,99,22331.2,2685,61,measure
2026-09-10T22:07:27.242+00:00,63.001,331.672,99,22331.2,2685,63,measure
2026-09-10T22:07:28.242+00:00,64.001,325.78,99,22331.2,2685,60,measure
2026-09-10T22:07:29.242+00:00,65.001,340.427,99,22331.2,2685,66,measure
2026-09-10T22:07:30.242+00:00,66.000,354.635,99,22331.2,2685,64,measure
2026-09-10T22:07:31.243+00:00,67.000,342.442,99,22331.2,2685,65,measure
2026-09-10T22:07:32.297+00:00,68.001,341.209,99,22331.2,2685,61,measure
2026-09-10T22:07:33.242+00:00,69.001,319.07,99,22331.2,2685,64,measure
2026-09-10T22:07:34.242+00:00,70.000,313.748,99,22331.2,2685,61,measure
2026-09-10T22:07:35.242+00:00,71.000,330.275,99,22331.2,2685,63,measure
2026-09-10T22:07:36.241+00:00,72.000,332.971,99,22331.2,2685,65,measure
2026-09-10T22:07:37.243+00:00,73.000,361.293,99,22331.2,2685,65,measure
2026-09-10T22:07:38.244+00:00,74.000,362.01,99,22331.2,2685,66,measure
2026-09-10T22:07:39.242+00:00,75.000,358.641,99,22331.2,2685,64,measure
2026-09-10T22:07:40.246+00:00,76.002,359.849,99,22331.2,2685,64,measure
2026-09-10T22:07:41.249+00:00,77.006,337.923,99,22331.2,2685,64,measure
2026-09-10T22:07:42.243+00:00,78.001,357.751,99,22331.2,2685,68,measure
2026-09-10T22:07:43.282+00:00,79.006,352.499,99,22331.2,2685,66,measure
2026-09-10T22:07:44.244+00:00,80.003,353.559,99,22331.2,2685,65,measure
2026-09-10T22:07:45.254+00:00,81.012,361.471,99,22331.2,2685,66,measure
2026-09-10T22:07:46.244+00:00,82.002,359.801,99,22331.2,2685,66,measure
2026-09-10T22:07:47.243+00:00,83.001,367.655,99,22331.2,2685,65,measure
2026-09-10T22:07:48.245+00:00,84.002,368.661,99,22331.2,2685,67,measure
2026-09-10T22:07:49.254+00:00,85.012,356.79,99,22331.2,2685,66,measure
2026-09-10T22:07:50.242+00:00,86.000,357.383,99,22331.2,2685,66,measure
2026-09-10T22:07:51.242+00:00,87.000,368.208,99,22331.2,2685,65,measure
2026-09-10T22:07:52.242+00:00,88.000,364.75,99,22331.2,2685,67,measure
2026-09-10T22:07:53.243+00:00,89.000,373.692,99,22331.2,2685,67,measure
2026-09-10T22:07:54.242+00:00,90.000,373.872,99,22331.2,2685,68,measure
2026-09-10T22:07:55.245+00:00,91.002,373.691,99,22331.2,2685,68,measure
2026-09-10T22:07:56.243+00:00,92.001,378.046,99,22331.2,2685,67,measure
2026-09-10T22:07:57.244+00:00,93.003,367.338,99,22331.2,2685,66,measure
2026-09-10T22:07:55.742+00:00,94.001,366.319,99,22331.2,2685,66,measure
2026-09-10T22:07:56.742+00:00,95.001,361.435,99,22331.2,2685,66,measure
2026-09-10T22:07:57.750+00:00,96.009,356.951,99,22331.2,2685,66,measure
2026-09-10T22:07:58.757+00:00,97.001,330.49,99,22331.2,2685,62,measure
2026-09-10T22:07:59.743+00:00,98.003,311.874,99,22331.2,2685,62,measure
2026-09-10T22:08:00.746+00:00,99.006,320.382,99,22331.2,2685,62,measure
2026-09-10T22:08:01.772+00:00,100.030,330.386,99,22331.2,2685,66,measure
2026-09-10T22:08:02.744+00:00,101.004,339.955,99,22331.2,2685,65,measure
2026-09-10T22:08:03.758+00:00,102.001,347.66,99,22331.2,2685,66,measure
2026-09-10T22:08:04.761+00:00,103.019,329.136,99,22331.2,2685,65,measure
2026-09-10T22:08:05.759+00:00,104.016,307.492,99,22331.2,2685,62,measure
2026-09-10T22:08:06.752+00:00,105.011,337.373,99,22331.2,2685,64,measure
2026-09-10T22:08:07.769+00:00,106.002,325.557,99,22331.2,2685,63,measure
2026-09-10T22:08:08.746+00:00,107.005,354.201,99,22331.2,2685,66,measure
2026-09-10T22:08:09.743+00:00,108.002,354.023,99,22331.2,2685,62,measure
2026-09-10T22:08:10.770+00:00,109.029,319.984,99,22331.2,2685,62,measure
2026-09-10T22:08:11.742+00:00,110.002,315.676,99,22331.2,2685,63,measure
2026-09-10T22:08:12.825+00:00,111.083,319.747,99,22331.2,2685,65,measure
2026-09-10T22:08:13.744+00:00,112.003,309.053,99,22331.2,2685,63,measure
2026-09-10T22:08:14.820+00:00,113.079,327.596,99,22331.2,2685,64,measure
2026-09-10T22:08:15.742+00:00,114.001,320.711,99,22331.2,2685,61,measure
2026-09-10T22:08:16.813+00:00,115.072,327.274,99,22331.2,2685,64,measure
2026-09-10T22:08:17.743+00:00,116.002,331.039,99,22331.2,2685,65,measure
2026-09-10T22:08:18.800+00:00,117.058,320.208,99,22331.2,2685,64,measure
2026-09-10T22:08:19.831+00:00,118.037,324.716,99,22331.2,2685,64,measure
2026-09-10T22:08:20.750+00:00,119.000,321.117,99,22331.2,2685,64,measure
2026-09-10T22:08:21.741+00:00,120.000,324.223,99,22331.2,2685,62,measure
2026-09-10T22:08:22.743+00:00,121.001,342.09,99,22331.2,2685,66,measure
2026-09-10T22:08:23.745+00:00,122.000,342.86,99,22331.2,2685,65,measure
2026-09-10T22:08:24.741+00:00,123.001,367.039,99,22331.2,2685,64,measure
2026-09-10T22:08:25.797+00:00,124.055,363.413,99,22331.2,2685,66,measure
2026-09-10T22:08:26.742+00:00,125.001,366.154,99,22331.2,2685,68,measure
2026-09-10T22:08:25.235+00:00,126.013,370.802,99,22331.2,2685,67,measure
2026-09-10T22:08:26.226+00:00,127.002,361.085,99,22331.2,2685,65,measure
2026-09-10T22:08:27.223+00:00,128.000,357.047,99,22331.2,2685,65,measure
2026-09-10T22:08:28.224+00:00,129.002,358.882,99,22331.2,2685,66,measure
2026-09-10T22:08:29.225+00:00,130.003,345.864,99,22331.2,2685,65,measure
2026-09-10T22:08:30.222+00:00,131.000,339.372,99,22331.2,2685,64,measure
2026-09-10T22:08:31.223+00:00,132.001,310.774,99,22331.2,2685,61,measure
2026-09-10T22:08:32.224+00:00,133.001,316.533,99,22331.2,2685,63,measure
2026-09-10T22:08:33.225+00:00,134.003,340.175,99,22331.2,2685,65,measure
2026-09-10T22:08:34.225+00:00,135.003,369.198,99,22331.2,2685,68,measure
2026-09-10T22:08:35.225+00:00,136.001,369.275,99,22331.2,2685,66,measure
2026-09-10T22:08:36.223+00:00,137.001,375.825,99,22331.2,2685,66,measure
2026-09-10T22:08:37.224+00:00,138.001,361.159,99,22331.2,2685,67,measure
2026-09-10T22:08:38.226+00:00,139.002,364.815,99,22331.2,2685,65,measure
2026-09-10T22:08:39.222+00:00,140.000,359.908,99,22331.2,2685,65,measure
2026-09-10T22:08:40.222+00:00,141.000,358.701,99,22331.2,2685,65,measure
2026-09-10T22:08:41.222+00:00,142.000,341.159,99,22331.2,2685,62,measure
2026-09-10T22:08:42.223+00:00,143.000,329.884,99,22331.2,2685,65,measure
2026-09-10T22:08:43.224+00:00,144.001,356.647,99,22330.7,2685,66,measure
2026-09-10T22:08:44.226+00:00,145.001,338.215,99,22330.7,2685,64,measure
2026-09-10T22:08:45.224+00:00,146.002,359.312,99,22330.7,2685,64,measure
2026-09-10T22:08:46.223+00:00,147.001,339.258,99,22330.7,2685,61,measure
2026-09-10T22:08:47.222+00:00,148.000,344.844,99,22330.7,2685,62,measure
2026-09-10T22:08:48.224+00:00,149.002,346.456,99,22330.7,2685,64,measure
2026-09-10T22:08:49.224+00:00,150.001,336.174,99,22330.7,2685,65,measure
2026-09-10T22:08:50.225+00:00,151.000,362.789,99,22330.7,2685,67,measure
2026-09-10T22:08:51.273+00:00,152.000,341.91,99,22330.7,2685,66,measure
2026-09-10T22:08:52.228+00:00,153.005,368.042,99,22330.7,2685,65,measure
2026-09-10T22:08:53.223+00:00,154.001,369.188,99,22330.7,2685,67,measure
2026-09-10T22:08:54.227+00:00,155.004,349.708,99,22330.7,2685,64,measure
2026-09-10T22:08:55.224+00:00,156.001,357.887,99,22330.7,2685,64,measure
2026-09-10T22:08:56.225+00:00,157.002,327.378,99,22330.7,2685,65,measure
2026-09-10T22:08:57.223+00:00,158.001,328.799,99,22330.7,2685,65,measure
2026-09-10T22:08:55.718+00:00,159.001,350.639,99,22330.7,2685,64,measure
2026-09-10T22:08:56.718+00:00,160.000,355.864,99,22330.7,2685,65,measure
2026-09-10T22:08:57.717+00:00,161.000,364.409,99,22330.7,2685,67,measure
2026-09-10T22:08:58.724+00:00,162.003,363.271,99,22330.7,2685,66,measure
2026-09-10T22:08:59.720+00:00,163.002,359.084,99,22330.7,2685,65,measure
2026-09-10T22:09:00.719+00:00,164.001,362.527,99,22330.7,2685,66,measure
2026-09-10T22:09:01.728+00:00,165.010,360.537,99,22330.7,2685,65,measure
2026-09-10T22:09:02.720+00:00,166.003,354.564,99,22330.7,2685,66,measure
2026-09-10T22:09:03.718+00:00,167.001,355.422,99,22330.7,2685,67,measure
2026-09-10T22:09:04.719+00:00,168.001,310.872,99,22330.7,2685,62,measure
2026-09-10T22:09:05.720+00:00,169.001,314.759,99,22330.7,2685,64,measure
2026-09-10T22:09:06.717+00:00,170.000,313.229,99,22330.7,2685,64,measure
2026-09-10T22:09:07.718+00:00,171.001,311.279,99,22330.7,2685,63,measure
2026-09-10T22:09:08.718+00:00,172.001,317.419,99,22330.7,2685,62,measure
2026-09-10T22:09:09.762+00:00,173.001,328.2,99,22330.7,2685,63,measure
2026-09-10T22:09:10.719+00:00,174.000,343.501,99,22330.7,2685,66,measure
2026-09-10T22:09:11.720+00:00,175.001,368.632,99,22330.7,2685,65,measure
2026-09-10T22:09:12.719+00:00,176.002,367.91,99,22330.7,2685,68,measure
2026-09-10T22:09:13.717+00:00,177.000,372.849,99,22330.7,2685,69,measure
2026-09-10T22:09:14.717+00:00,178.000,362.134,99,22330.7,2685,65,measure
2026-09-10T22:09:15.718+00:00,179.001,364.401,99,22330.7,2685,66,measure
2026-09-10T22:09:16.719+00:00,180.000,352.904,99,22330.7,2685,65,measure
2026-09-10T22:09:17.719+00:00,181.000,345.739,99,22330.7,2685,64,measure
2026-09-10T22:09:18.720+00:00,182.003,362.409,99,22330.7,2685,64,measure
2026-09-10T22:09:19.718+00:00,183.001,371.541,99,22330.7,2685,66,measure
2026-09-10T22:09:20.718+00:00,184.000,367.721,99,22330.7,2685,65,measure
2026-09-10T22:09:21.718+00:00,185.001,377.877,99,22330.7,2685,67,measure
2026-09-10T22:09:22.719+00:00,186.000,371.013,99,22330.7,2685,66,measure
2026-09-10T22:09:23.719+00:00,187.001,368.544,99,22330.7,2685,65,measure
2026-09-10T22:09:24.718+00:00,188.000,366.964,99,22330.7,2685,65,measure
2026-09-10T22:09:25.719+00:00,189.002,370.359,99,22330.7,2685,65,measure
2026-09-10T22:09:26.718+00:00,190.001,375.912,99,22330.7,2685,67,measure
2026-09-10T22:09:25.222+00:00,191.001,367.014,99,22330.7,2685,67,measure
2026-09-10T22:09:26.224+00:00,192.002,360.649,99,22330.7,2685,66,measure
2026-09-10T22:09:27.221+00:00,193.000,364.323,99,22330.7,2685,66,measure
2026-09-10T22:09:28.221+00:00,194.000,356.362,99,22330.7,2685,67,measure
2026-09-10T22:09:29.221+00:00,195.000,334.417,99,22330.7,2685,63,measure
2026-09-10T22:09:30.222+00:00,196.000,336.995,99,22330.7,2685,64,measure
2026-09-10T22:09:31.223+00:00,197.002,329.368,99,22330.7,2685,65,measure
2026-09-10T22:09:32.222+00:00,198.000,315.154,99,22330.7,2685,65,measure
2026-09-10T22:09:33.223+00:00,199.000,344.52,99,22330.7,2685,63,measure
2026-09-10T22:09:34.221+00:00,200.001,324.317,99,22330.7,2685,63,measure
2026-09-10T22:09:35.221+00:00,201.000,353.963,99,22330.7,2685,66,measure
2026-09-10T22:09:36.221+00:00,202.000,364.19,99,22330.7,2685,66,measure
2026-09-10T22:09:37.221+00:00,203.000,357.446,99,22330.7,2685,65,measure
2026-09-10T22:09:38.225+00:00,204.000,360.38,99,22330.7,2685,65,measure
2026-09-10T22:09:39.222+00:00,205.000,353.445,99,22330.7,2685,64,measure
2026-09-10T22:09:40.221+00:00,206.000,344.26,99,22330.7,2685,64,measure
2026-09-10T22:09:41.221+00:00,207.000,366.292,99,22330.7,2685,65,measure
2026-09-10T22:09:42.223+00:00,208.000,362.21,99,22330.7,2685,66,measure
2026-09-10T22:09:43.221+00:00,209.000,364.344,99,22330.7,2685,67,measure
2026-09-10T22:09:44.223+00:00,210.001,334.915,99,22330.7,2685,63,measure
2026-09-10T22:09:45.222+00:00,211.001,322.693,99,22330.7,2685,63,measure
2026-09-10T22:09:46.222+00:00,212.001,330.98,99,22330.7,2685,64,measure
2026-09-10T22:09:47.278+00:00,213.055,354.871,99,22330.7,2685,67,measure
2026-09-10T22:09:48.233+00:00,214.011,373.783,99,22330.7,2685,66,measure
2026-09-10T22:09:49.273+00:00,215.051,368.748,99,22330.7,2685,65,measure
2026-09-10T22:09:50.270+00:00,216.049,363.075,99,22330.7,2685,65,measure
2026-09-10T22:09:51.225+00:00,217.004,355.417,99,22330.7,2685,65,measure
2026-09-10T22:09:52.229+00:00,218.003,335.058,99,22330.7,2685,63,measure
2026-09-10T22:09:53.221+00:00,219.000,323.606,99,22330.7,2685,62,measure
2026-09-10T22:09:54.221+00:00,220.000,351.188,99,22330.7,2685,64,measure
2026-09-10T22:09:55.221+00:00,221.000,331.646,99,22330.7,2685,63,measure
2026-09-10T22:09:56.222+00:00,222.001,351.987,99,22330.7,2685,66,measure
2026-09-10T22:09:57.230+00:00,223.001,347.894,99,22330.7,2685,67,measure
2026-09-10T22:09:55.722+00:00,224.000,347.635,99,22330.7,2685,63,measure
2026-09-10T22:09:56.722+00:00,225.000,302.528,99,22330.7,2685,63,measure
2026-09-10T22:09:57.722+00:00,226.001,331.01,99,22330.7,2685,62,measure
2026-09-10T22:09:58.722+00:00,227.000,332.446,99,22330.7,2685,64,measure
2026-09-10T22:09:59.724+00:00,228.001,340.133,99,22330.7,2685,66,measure
2026-09-10T22:10:00.723+00:00,229.000,353.699,99,22330.7,2685,66,measure
2026-09-10T22:10:01.723+00:00,230.002,324.847,99,22330.7,2685,62,measure
2026-09-10T22:10:02.724+00:00,231.002,319.588,99,22330.7,2685,64,measure
2026-09-10T22:10:03.723+00:00,232.001,314.179,99,22330.7,2685,61,measure
2026-09-10T22:10:04.724+00:00,233.001,325.451,99,22330.7,2685,62,measure
2026-09-10T22:10:05.724+00:00,234.001,345.316,99,22330.7,2685,66,measure
2026-09-10T22:10:06.722+00:00,235.001,358.166,99,22330.7,2685,65,measure
2026-09-10T22:10:07.722+00:00,236.000,367.802,99,22330.7,2685,66,measure
2026-09-10T22:10:08.722+00:00,237.000,357.616,99,22330.7,2685,64,measure
2026-09-10T22:10:09.724+00:00,238.003,368.691,99,22330.7,2685,66,measure
2026-09-10T22:10:10.723+00:00,239.001,365.301,99,22330.7,2685,66,measure
2026-09-10T22:10:11.726+00:00,240.002,363.618,99,22330.7,2685,67,measure
2026-09-10T22:10:12.722+00:00,241.000,368.127,99,22330.7,2685,67,measure
2026-09-10T22:10:13.722+00:00,242.001,365.034,99,22330.7,2685,65,measure
2026-09-10T22:10:14.726+00:00,243.005,364.179,99,22330.7,2685,67,measure
2026-09-10T22:10:15.724+00:00,244.002,371.167,99,22330.7,2685,65,measure
2026-09-10T22:10:16.723+00:00,245.001,364.351,99,22330.7,2685,68,measure
2026-09-10T22:10:17.724+00:00,246.000,363.874,99,22330.7,2685,65,measure
2026-09-10T22:10:18.722+00:00,247.000,360.487,99,22330.7,2685,65,measure
2026-09-10T22:10:19.722+00:00,248.001,355.496,99,22330.7,2685,66,measure
2026-09-10T22:10:20.722+00:00,249.000,329.712,99,22330.7,2685,66,measure
2026-09-10T22:10:21.723+00:00,250.001,319.176,99,22330.7,2685,63,measure
2026-09-10T22:10:22.723+00:00,251.000,309.025,99,22330.7,2685,61,measure
2026-09-10T22:10:23.723+00:00,252.000,315.878,99,22330.7,2685,65,measure
2026-09-10T22:10:24.723+00:00,253.002,327.132,99,22330.7,2685,62,measure
2026-09-10T22:10:25.722+00:00,254.000,326.221,99,22330.7,2685,63,measure
2026-09-10T22:10:26.803+00:00,255.081,323.124,99,22330.7,2685,64,measure
2026-09-10T22:10:25.299+00:00,256.076,302.589,99,22330.7,2685,63,measure
2026-09-10T22:10:26.299+00:00,257.077,324.183,99,22330.7,2685,66,measure
2026-09-10T22:10:27.224+00:00,258.000,318.999,99,22330.7,2685,65,measure
2026-09-10T22:10:28.223+00:00,259.000,323.149,99,22330.7,2685,64,measure
2026-09-10T22:10:29.223+00:00,260.001,325.603,99,22330.7,2685,62,measure
2026-09-10T22:10:30.228+00:00,261.005,331.01,99,22330.7,2685,65,measure
2026-09-10T22:10:31.223+00:00,262.000,344.598,99,22330.7,2685,66,measure
2026-09-10T22:10:32.225+00:00,263.000,370.433,99,22330.7,2685,65,measure
2026-09-10T22:10:33.226+00:00,264.000,362.62,99,22330.7,2685,65,measure
2026-09-10T22:10:34.223+00:00,265.000,363.257,99,22330.7,2685,65,measure
2026-09-10T22:10:35.223+00:00,266.000,364.81,99,22330.7,2685,66,measure
2026-09-10T22:10:36.224+00:00,267.001,347.953,99,22330.7,2685,65,measure
2026-09-10T22:10:37.234+00:00,268.012,314.632,99,22330.7,2685,62,measure
2026-09-10T22:10:38.224+00:00,269.000,315.597,99,22330.7,2685,62,measure
2026-09-10T22:10:39.226+00:00,270.000,317.229,99,22330.7,2685,65,measure
2026-09-10T22:10:40.223+00:00,271.001,324.087,99,22330.7,2685,64,measure
2026-09-10T22:10:41.223+00:00,272.001,326.886,99,22330.7,2685,64,measure
2026-09-10T22:10:42.225+00:00,273.000,327.222,99,22330.7,2685,64,measure
2026-09-10T22:10:43.224+00:00,274.001,352.737,99,22330.7,2685,65,measure
2026-09-10T22:10:44.225+00:00,275.001,360.394,99,22330.7,2685,67,measure
2026-09-10T22:10:45.226+00:00,276.000,362.922,99,22330.7,2685,64,measure
2026-09-10T22:10:46.223+00:00,277.000,355.646,99,22330.7,2685,64,measure
2026-09-10T22:10:47.225+00:00,278.002,347.84,99,22330.7,2685,63,measure
2026-09-10T22:10:48.239+00:00,279.017,348.746,99,22330.7,2685,66,measure
2026-09-10T22:10:49.245+00:00,280.023,349.293,99,22330.7,2685,65,measure
2026-09-10T22:10:50.226+00:00,281.003,375.217,99,22330.7,2685,68,measure
2026-09-10T22:10:51.225+00:00,282.003,365.032,99,22330.7,2685,66,measure
2026-09-10T22:10:52.228+00:00,283.005,364.295,99,22330.7,2685,65,measure
2026-09-10T22:10:53.224+00:00,284.001,371.757,99,22330.7,2685,65,measure
2026-09-10T22:10:54.223+00:00,285.000,359.644,99,22330.7,2685,66,measure
2026-09-10T22:10:55.225+00:00,286.002,338.7,99,22330.7,2685,62,measure
2026-09-10T22:10:56.225+00:00,287.001,316.195,99,22330.7,2685,64,measure
2026-09-10T22:10:57.225+00:00,288.000,324.71,99,22330.7,2685,65,measure
2026-09-10T22:10:55.753+00:00,289.030,329.523,99,22330.7,2685,63,measure
2026-09-10T22:10:56.722+00:00,290.000,329.173,99,22330.7,2685,65,measure
2026-09-10T22:10:57.740+00:00,291.017,348.603,99,22330.7,2685,65,measure
2026-09-10T22:10:58.804+00:00,292.082,340.128,99,22330.7,2685,67,measure
2026-09-10T22:10:59.798+00:00,293.076,361.301,99,22330.7,2685,66,measure
2026-09-10T22:11:00.757+00:00,294.035,361.562,99,22330.7,2685,66,measure
2026-09-10T22:11:01.723+00:00,295.000,365.273,99,22330.7,2685,64,measure
2026-09-10T22:11:02.724+00:00,296.002,369.042,99,22330.7,2685,67,measure
2026-09-10T22:11:03.805+00:00,297.083,365.524,99,22330.7,2685,66,measure
2026-09-10T22:11:04.756+00:00,298.034,362.466,99,22330.7,2685,67,measure
2026-09-10T22:11:05.763+00:00,299.001,357.775,99,22330.7,2685,66,measure
2026-09-10T22:11:06.724+00:00,300.001,335.508,99,22330.7,2685,63,measure
2026-09-10T22:11:07.723+00:00,301.000,345.904,99,22330.7,2685,65,measure
2026-09-10T22:11:08.723+00:00,302.000,353.812,99,22330.7,2685,67,measure
2026-09-10T22:11:09.757+00:00,303.033,363.525,99,22330.7,2685,65,measure
2026-09-10T22:11:10.752+00:00,304.030,363.532,99,22330.7,2685,65,measure
2026-09-10T22:11:11.724+00:00,305.001,370.783,99,22330.7,2685,65,measure
2026-09-10T22:11:12.724+00:00,306.000,391.21,99,22330.7,2685,70,measure
2026-09-10T22:11:13.730+00:00,307.006,409.019,100,22330.7,2685,70,measure
2026-09-10T22:11:14.805+00:00,308.083,414.631,99,22330.7,2685,70,measure
2026-09-10T22:11:15.724+00:00,309.001,417.85,100,22460.7,2685,69,measure
2026-09-10T22:11:16.726+00:00,310.002,403.439,99,22460.7,2685,69,measure
2026-09-10T22:11:17.731+00:00,311.008,403.84,99,22460.7,2685,69,measure
2026-09-10T22:11:18.723+00:00,312.000,403.719,100,22460.7,2685,70,measure
2026-09-10T22:11:19.724+00:00,313.001,411.878,100,22460.7,2685,70,measure
2026-09-10T22:11:20.724+00:00,314.001,404.097,100,22460.7,2685,70,measure
2026-09-10T22:11:21.724+00:00,315.002,407.44,99,22460.7,2685,70,measure
2026-09-10T22:11:22.725+00:00,316.001,412.471,100,22460.7,2685,71,measure
2026-09-10T22:11:23.804+00:00,317.081,411.821,100,22460.7,2685,69,measure
2026-09-10T22:11:24.757+00:00,318.034,400.671,99,22460.7,2685,69,measure
2026-09-10T22:11:25.724+00:00,319.001,405.052,100,22460.7,2685,70,measure
2026-09-10T22:11:26.723+00:00,320.000,404.781,99,22460.7,2685,69,measure
2026-09-10T22:11:25.262+00:00,321.052,407.545,100,22460.7,2685,70,measure
2026-09-10T22:11:26.206+00:00,322.000,403.508,99,22460.7,2685,70,measure
2026-09-10T22:11:27.212+00:00,323.001,406.975,100,22460.7,2685,69,measure
2026-09-10T22:11:28.207+00:00,324.001,413.993,100,22460.7,2685,71,measure
2026-09-10T22:11:29.209+00:00,325.003,408.523,99,22460.7,2685,70,measure
2026-09-10T22:11:30.207+00:00,326.001,403.643,100,22460.7,2685,69,measure
2026-09-10T22:11:31.208+00:00,327.002,405.295,99,22460.7,2685,69,measure
2026-09-10T22:11:32.207+00:00,328.000,406.79,100,22460.7,2685,69,measure
2026-09-10T22:11:33.209+00:00,329.001,407.537,100,22460.7,2685,70,measure
2026-09-10T22:11:34.208+00:00,330.001,407.978,100,22460.7,2685,71,measure
2026-09-10T22:11:35.209+00:00,331.002,407.963,100,22460.7,2685,71,measure
2026-09-10T22:11:36.208+00:00,332.001,412.462,100,22460.7,2685,71,measure
2026-09-10T22:11:37.208+00:00,333.002,412.065,100,22460.7,2685,70,measure
2026-09-10T22:11:38.207+00:00,334.001,405.457,100,22460.7,2685,69,measure
2026-09-10T22:11:39.211+00:00,335.001,405.827,100,22460.7,2685,70,measure
2026-09-10T22:11:40.208+00:00,336.000,409.449,99,22460.7,2685,70,measure
2026-09-10T22:11:41.207+00:00,337.000,406.319,99,22460.7,2685,70,measure
2026-09-10T22:11:42.209+00:00,338.002,408.152,100,22460.7,2685,71,measure
2026-09-10T22:11:43.289+00:00,339.082,406.127,100,22460.7,2685,71,measure
2026-09-10T22:11:44.215+00:00,340.007,411.145,100,22460.7,2685,72,measure
2026-09-10T22:11:45.230+00:00,341.023,409.119,100,22460.7,2685,69,measure
2026-09-10T22:11:46.210+00:00,342.003,408.868,100,22460.7,2685,70,measure
2026-09-10T22:11:47.282+00:00,343.076,407.311,100,22460.7,2685,69,measure
2026-09-10T22:11:48.207+00:00,344.000,405.772,100,22460.7,2685,71,measure
2026-09-10T22:11:49.208+00:00,345.001,405.757,100,22460.7,2685,70,measure
2026-09-10T22:11:50.207+00:00,346.000,405.257,99,22460.7,2685,70,measure
2026-09-10T22:11:51.208+00:00,347.001,407.322,100,22460.7,2685,70,measure
2026-09-10T22:11:52.207+00:00,348.000,411.634,100,22460.7,2685,70,measure
2026-09-10T22:11:53.207+00:00,349.000,405.839,99,22460.7,2685,70,measure
2026-09-10T22:11:54.209+00:00,350.001,404.944,100,22460.7,2685,71,measure
2026-09-10T22:11:55.207+00:00,351.000,407.241,99,22460.7,2685,69,measure
2026-09-10T22:11:56.208+00:00,352.001,404.622,100,22460.7,2685,71,measure
2026-09-10T22:11:57.208+00:00,353.000,407.053,100,22460.7,2685,70,measure
2026-09-10T22:11:55.723+00:00,354.000,406.898,100,22460.7,2685,71,measure
2026-09-10T22:11:56.723+00:00,355.000,407.188,100,22460.7,2685,71,measure
2026-09-10T22:11:57.723+00:00,356.000,412.527,100,22460.7,2685,71,measure
2026-09-10T22:11:58.806+00:00,357.083,408.866,100,22460.7,2685,70,measure
2026-09-10T22:11:59.724+00:00,358.000,401.633,99,22460.7,2685,70,measure
2026-09-10T22:12:00.727+00:00,359.001,404.288,100,22460.7,2685,69,measure
2026-09-10T22:12:01.723+00:00,360.000,406.303,100,22460.7,2685,70,measure
2026-09-10T22:12:02.723+00:00,361.000,409.065,100,22460.7,2685,71,measure
2026-09-10T22:12:03.764+00:00,362.041,407.4,99,22460.7,2685,70,measure
2026-09-10T22:12:04.723+00:00,363.000,409.054,100,22460.7,2685,71,measure
2026-09-10T22:12:05.726+00:00,364.001,412.093,100,22460.7,2685,71,measure
2026-09-10T22:12:06.724+00:00,365.000,406.898,100,22460.7,2685,70,measure
2026-09-10T22:12:07.724+00:00,366.002,400.394,100,22460.7,2685,70,measure
2026-09-10T22:12:08.724+00:00,367.001,410.392,99,22460.7,2685,71,measure
2026-09-10T22:12:09.724+00:00,368.000,408.339,100,22460.7,2685,70,measure
2026-09-10T22:12:10.730+00:00,369.006,405.287,100,22460.7,2685,71,measure
2026-09-10T22:12:11.728+00:00,370.003,403.781,99,22460.7,2685,71,measure
2026-09-10T22:12:12.727+00:00,371.004,409.048,100,22460.7,2685,70,measure
2026-09-10T22:12:13.724+00:00,372.001,410.07,100,22460.7,2685,70,measure
2026-09-10T22:12:14.723+00:00,373.000,404.92,100,22460.7,2685,70,measure
2026-09-10T22:12:15.723+00:00,374.000,399.856,100,22460.7,2685,70,measure
2026-09-10T22:12:16.724+00:00,375.001,408.982,100,22460.7,2685,70,measure
2026-09-10T22:12:17.724+00:00,376.000,407.256,99,22460.7,2685,70,measure
2026-09-10T22:12:18.726+00:00,377.001,410.524,100,22460.7,2685,71,measure
2026-09-10T22:12:19.725+00:00,378.002,406.18,100,22460.7,2685,70,measure
2026-09-10T22:12:20.723+00:00,379.000,409.043,100,22460.7,2685,71,measure
2026-09-10T22:12:21.725+00:00,380.001,410.422,100,22460.7,2685,70,measure
2026-09-10T22:12:22.723+00:00,381.000,403.876,100,22460.7,2685,70,measure
2026-09-10T22:12:23.725+00:00,382.001,406.19,100,22460.7,2685,70,measure
2026-09-10T22:12:24.725+00:00,383.001,407.342,99,22460.7,2685,70,measure
2026-09-10T22:12:25.723+00:00,384.001,406.23,100,22460.7,2685,71,measure
2026-09-10T22:12:26.723+00:00,385.001,406.188,100,22460.7,2685,70,measure
2026-09-10T22:12:25.240+00:00,386.000,408.147,100,22460.7,2685,71,measure
2026-09-10T22:12:26.246+00:00,387.004,406.515,100,22460.7,2685,70,measure
2026-09-10T22:12:27.243+00:00,388.001,409.149,99,22460.7,2685,71,measure
2026-09-10T22:12:28.241+00:00,389.000,401.735,99,22460.7,2685,70,measure
2026-09-10T22:12:29.241+00:00,390.001,407.888,100,22460.7,2685,69,measure
2026-09-10T22:12:30.241+00:00,391.001,411.912,100,22460.7,2685,71,measure
2026-09-10T22:12:31.243+00:00,392.003,403.461,100,22460.7,2685,70,measure
2026-09-10T22:12:32.240+00:00,393.001,409.751,100,22460.7,2685,71,measure
2026-09-10T22:12:33.242+00:00,394.000,410.113,100,22460.7,2685,70,measure
2026-09-10T22:12:34.242+00:00,395.001,409.502,100,22460.7,2685,71,measure
2026-09-10T22:12:35.240+00:00,396.000,406.651,100,22460.7,2685,70,measure
2026-09-10T22:12:36.241+00:00,397.001,402.904,99,22460.7,2685,70,measure
2026-09-10T22:12:37.240+00:00,398.001,408.673,100,22460.7,2685,71,measure
2026-09-10T22:12:38.240+00:00,399.000,413.27,100,22460.7,2685,71,measure
2026-09-10T22:12:39.243+00:00,400.002,409.796,100,22460.7,2685,71,measure
2026-09-10T22:12:40.240+00:00,401.000,408.419,99,22460.7,2685,71,measure
2026-09-10T22:12:41.243+00:00,402.003,408.09,100,22460.7,2685,70,measure
2026-09-10T22:12:42.241+00:00,403.001,406.346,99,22460.7,2685,70,measure
2026-09-10T22:12:43.242+00:00,404.002,403.562,100,22460.7,2685,70,measure
2026-09-10T22:12:44.240+00:00,405.000,410.46,100,22460.7,2685,70,measure
2026-09-10T22:12:45.241+00:00,406.000,411.564,100,22460.7,2685,71,measure
2026-09-10T22:12:46.242+00:00,407.001,412.068,100,22460.7,2685,71,measure
2026-09-10T22:12:47.240+00:00,408.000,410.592,100,22460.7,2685,71,measure
2026-09-10T22:12:48.241+00:00,409.001,411.277,100,22460.7,2685,72,measure
2026-09-10T22:12:49.241+00:00,410.001,409.949,100,22460.7,2685,70,measure
2026-09-10T22:12:50.241+00:00,411.001,408.773,99,22460.7,2685,70,measure
2026-09-10T22:12:51.241+00:00,412.000,404.228,99,22460.7,2685,70,measure
2026-09-10T22:12:52.242+00:00,413.000,409.044,100,22460.7,2685,70,measure
2026-09-10T22:12:53.240+00:00,414.001,408.453,100,22460.7,2685,71,measure
2026-09-10T22:12:54.241+00:00,415.001,408.643,100,22460.7,2685,71,measure
2026-09-10T22:12:55.240+00:00,416.000,410.609,100,22460.7,2685,71,measure
2026-09-10T22:12:56.241+00:00,417.001,414.891,100,22460.7,2685,71,measure
2026-09-10T22:12:57.242+00:00,418.000,409.093,100,22460.7,2685,70,measure
2026-09-10T22:12:55.743+00:00,419.000,405.572,100,22460.7,2685,70,measure
2026-09-10T22:12:56.743+00:00,420.002,404.6,100,22460.7,2685,70,measure
2026-09-10T22:12:57.742+00:00,421.000,405.829,100,22460.7,2685,70,measure
2026-09-10T22:12:58.742+00:00,422.001,407.29,100,22460.7,2685,71,measure
2026-09-10T22:12:59.741+00:00,423.000,409.742,100,22460.7,2685,71,measure
2026-09-10T22:13:00.747+00:00,424.001,411.216,100,22460.7,2685,70,measure
2026-09-10T22:13:01.742+00:00,425.000,412.151,100,22460.7,2685,70,measure
2026-09-10T22:13:02.742+00:00,426.001,405.875,100,22460.7,2685,70,measure
2026-09-10T22:13:03.744+00:00,427.001,408.756,99,22460.7,2685,70,measure
2026-09-10T22:13:04.741+00:00,428.000,408.315,100,22460.7,2685,70,measure
2026-09-10T22:13:05.742+00:00,429.001,405.209,100,22460.7,2685,70,measure
2026-09-10T22:13:06.747+00:00,430.000,408.439,100,22460.7,2685,70,measure
2026-09-10T22:13:07.742+00:00,431.001,408.252,100,22460.7,2685,71,measure
2026-09-10T22:13:08.741+00:00,432.000,405.143,99,22460.7,2685,70,measure
2026-09-10T22:13:09.741+00:00,433.000,405.336,99,22460.7,2685,71,measure
2026-09-10T22:13:10.741+00:00,434.000,406.345,100,22460.7,2685,70,measure
2026-09-10T22:13:11.743+00:00,435.001,405.28,100,22460.7,2685,72,measure
2026-09-10T22:13:12.746+00:00,436.002,407.768,99,22460.7,2685,70,measure
2026-09-10T22:13:13.742+00:00,437.001,406.345,100,22460.7,2685,71,measure
2026-09-10T22:13:14.743+00:00,438.002,407.163,100,22460.7,2685,70,measure
2026-09-10T22:13:15.743+00:00,439.001,408.737,100,22460.7,2685,70,measure
2026-09-10T22:13:16.743+00:00,440.002,408.746,100,22460.7,2685,70,measure
2026-09-10T22:13:17.742+00:00,441.000,408.626,100,22460.7,2685,70,measure
2026-09-10T22:13:18.743+00:00,442.000,408.544,100,22460.7,2685,71,measure
2026-09-10T22:13:19.743+00:00,443.001,403.497,100,22460.7,2685,69,measure
2026-09-10T22:13:20.741+00:00,444.000,406.864,99,22460.7,2685,70,measure
2026-09-10T22:13:21.741+00:00,445.000,405.582,100,22460.7,2685,71,measure
2026-09-10T22:13:22.741+00:00,446.000,405.267,99,22460.7,2685,70,measure
2026-09-10T22:13:23.742+00:00,447.000,412.055,100,22460.7,2685,71,measure
2026-09-10T22:13:24.746+00:00,448.005,411.165,100,22460.7,2685,70,measure
2026-09-10T22:13:25.826+00:00,449.083,409.612,100,22460.7,2685,70,measure
2026-09-10T22:13:26.741+00:00,450.000,408.167,100,22460.7,2685,70,measure
2026-09-10T22:13:25.251+00:00,451.009,406.863,100,22460.7,2685,70,measure
2026-09-10T22:13:26.323+00:00,452.082,406.518,100,22460.7,2685,70,measure
2026-09-10T22:13:27.241+00:00,453.000,406.597,100,22460.7,2685,70,measure
2026-09-10T22:13:28.242+00:00,454.001,405.322,100,22460.7,2685,70,measure
2026-09-10T22:13:29.241+00:00,455.000,412.925,100,22460.7,2685,71,measure
2026-09-10T22:13:30.242+00:00,456.002,409.308,100,22460.7,2685,71,measure
2026-09-10T22:13:31.243+00:00,457.000,408.148,100,22460.7,2685,70,measure
2026-09-10T22:13:32.241+00:00,458.001,408.239,100,22460.7,2685,70,measure
2026-09-10T22:13:33.241+00:00,459.000,406.015,100,22460.7,2685,70,measure
2026-09-10T22:13:34.247+00:00,460.006,406.01,100,22460.7,2685,70,measure
2026-09-10T22:13:35.241+00:00,461.000,410.372,100,22460.7,2685,71,measure
2026-09-10T22:13:36.241+00:00,462.000,411.525,100,22460.7,2685,71,measure
2026-09-10T22:13:37.241+00:00,463.001,415.431,100,22460.7,2685,71,measure
2026-09-10T22:13:38.242+00:00,464.001,408.162,100,22460.7,2685,71,measure
2026-09-10T22:13:39.243+00:00,465.001,405.878,100,22460.7,2685,70,measure
2026-09-10T22:13:40.243+00:00,466.003,406.485,100,22460.7,2685,70,measure
2026-09-10T22:13:41.241+00:00,467.001,407.152,99,22460.7,2685,70,measure
2026-09-10T22:13:42.241+00:00,468.000,411.317,100,22460.7,2685,70,measure
2026-09-10T22:13:43.241+00:00,469.001,411.236,100,22460.7,2685,70,measure
2026-09-10T22:13:44.241+00:00,470.000,412.386,100,22460.7,2685,70,measure
2026-09-10T22:13:45.242+00:00,471.000,413.701,100,22460.7,2685,71,measure
2026-09-10T22:13:46.244+00:00,472.001,407.504,100,22460.7,2685,70,measure
2026-09-10T22:13:47.242+00:00,473.001,409.242,100,22460.7,2685,70,measure
2026-09-10T22:13:48.241+00:00,474.001,409.17,100,22460.7,2685,70,measure
2026-09-10T22:13:49.240+00:00,475.000,410.031,99,22460.7,2685,70,measure
2026-09-10T22:13:50.241+00:00,476.001,412.19,100,22460.7,2685,71,measure
2026-09-10T22:13:51.242+00:00,477.000,406.046,100,22460.7,2685,70,measure
2026-09-10T22:13:52.242+00:00,478.001,409.335,99,22460.7,2685,71,measure
2026-09-10T22:13:53.241+00:00,479.000,411.895,99,22460.7,2685,71,measure
2026-09-10T22:13:54.240+00:00,480.000,405.835,100,22460.7,2685,70,measure
2026-09-10T22:13:55.241+00:00,481.000,408.149,100,22460.7,2685,71,measure
2026-09-10T22:13:56.242+00:00,482.001,408.774,99,22460.7,2685,70,measure
2026-09-10T22:13:54.825+00:00,483.083,404.838,100,22460.7,2685,71,measure
2026-09-10T22:13:55.745+00:00,484.001,410.261,100,22460.7,2685,71,measure
2026-09-10T22:13:56.742+00:00,485.000,406.439,100,22460.7,2685,71,measure
2026-09-10T22:13:57.744+00:00,486.002,409.673,100,22460.7,2685,70,measure
2026-09-10T22:13:58.744+00:00,487.001,405.299,100,22460.7,2685,70,measure
2026-09-10T22:13:59.742+00:00,488.000,405.237,100,22460.7,2685,70,measure
2026-09-10T22:14:00.743+00:00,489.000,411.186,100,22460.7,2685,70,measure
2026-09-10T22:14:01.745+00:00,490.000,407.545,100,22460.7,2685,70,measure
2026-09-10T22:14:02.742+00:00,491.000,410.961,100,22460.7,2685,71,measure
2026-09-10T22:14:03.742+00:00,492.001,409.76,100,22460.7,2685,71,measure
2026-09-10T22:14:04.742+00:00,493.001,407.595,100,22460.7,2685,70,measure
2026-09-10T22:14:05.743+00:00,494.001,409.286,100,22460.7,2685,72,measure
2026-09-10T22:14:06.743+00:00,495.000,409.714,100,22460.7,2685,70,measure
2026-09-10T22:14:07.742+00:00,496.000,407.683,99,22460.7,2685,72,measure
2026-09-10T22:14:08.742+00:00,497.000,406.374,100,22460.7,2685,70,measure
2026-09-10T22:14:09.742+00:00,498.001,405.93,100,22460.7,2685,71,measure
2026-09-10T22:14:10.742+00:00,499.000,411.752,100,22460.7,2685,71,measure
2026-09-10T22:14:11.742+00:00,500.001,410.076,100,22460.7,2685,70,measure
2026-09-10T22:14:12.745+00:00,501.003,407.388,100,22460.7,2685,71,measure
2026-09-10T22:14:13.744+00:00,502.000,408.224,100,22460.7,2685,72,measure
2026-09-10T22:14:14.742+00:00,503.000,413.157,100,22460.7,2685,70,measure
2026-09-10T22:14:15.742+00:00,504.001,408.936,100,22460.7,2685,70,measure
2026-09-10T22:14:16.742+00:00,505.000,407.729,99,22460.7,2685,70,measure
2026-09-10T22:14:17.742+00:00,506.001,405.393,100,22460.7,2685,70,measure
2026-09-10T22:14:18.743+00:00,507.000,412.295,100,22460.7,2685,71,measure
2026-09-10T22:14:19.744+00:00,508.001,409.328,100,22460.7,2685,71,measure
2026-09-10T22:14:20.742+00:00,509.001,404.133,99,22460.7,2685,70,measure
2026-09-10T22:14:21.742+00:00,510.000,412.275,100,22460.7,2685,72,measure
2026-09-10T22:14:22.742+00:00,511.000,411.242,100,22460.7,2685,71,measure
2026-09-10T22:14:23.742+00:00,512.001,409.646,100,22460.7,2685,71,measure
2026-09-10T22:14:24.746+00:00,513.001,408.163,100,22460.7,2685,70,measure
2026-09-10T22:14:25.744+00:00,514.001,407.029,100,22460.7,2685,71,measure
2026-09-10T22:14:26.742+00:00,515.000,414.557,100,22460.7,2685,71,measure
2026-09-10T22:14:25.244+00:00,516.001,412.332,100,22460.7,2685,71,measure
2026-09-10T22:14:26.244+00:00,517.001,405.803,100,22460.7,2685,71,measure
2026-09-10T22:14:27.243+00:00,518.000,410.173,100,22460.7,2685,71,measure
2026-09-10T22:14:28.245+00:00,519.001,407.998,100,22460.7,2685,70,measure
2026-09-10T22:14:29.244+00:00,520.001,412.208,100,22460.7,2685,70,measure
2026-09-10T22:14:30.243+00:00,521.000,408.05,100,22460.7,2685,70,measure
2026-09-10T22:14:31.243+00:00,522.001,408.761,100,22460.7,2685,71,measure
2026-09-10T22:14:32.244+00:00,523.001,410.922,99,22460.7,2685,71,measure
2026-09-10T22:14:33.244+00:00,524.001,411.854,100,22460.7,2685,70,measure
2026-09-10T22:14:34.245+00:00,525.001,407.276,100,22460.7,2685,70,measure
2026-09-10T22:14:35.244+00:00,526.001,412.996,100,22460.7,2685,70,measure
2026-09-10T22:14:36.245+00:00,527.002,410.518,99,22460.7,2685,71,measure
2026-09-10T22:14:37.243+00:00,528.000,411.053,100,22460.7,2685,70,measure
2026-09-10T22:14:38.243+00:00,529.001,404.341,100,22460.7,2685,71,measure
2026-09-10T22:14:39.244+00:00,530.001,408.112,99,22460.7,2685,71,measure
2026-09-10T22:14:40.245+00:00,531.000,412.559,100,22460.7,2685,71,measure
2026-09-10T22:14:41.244+00:00,532.000,412.013,99,22460.7,2685,70,measure
2026-09-10T22:14:42.244+00:00,533.001,407.047,99,22460.7,2685,71,measure
2026-09-10T22:14:43.246+00:00,534.001,411.727,100,22460.7,2685,71,measure
2026-09-10T22:14:44.245+00:00,535.002,404.767,99,22460.7,2685,70,measure
2026-09-10T22:14:45.243+00:00,536.000,405.944,100,22460.7,2685,70,measure
2026-09-10T22:14:46.248+00:00,537.000,406.198,100,22460.7,2685,71,measure
2026-09-10T22:14:47.244+00:00,538.000,407.957,99,22460.7,2685,70,measure
2026-09-10T22:14:48.245+00:00,539.002,404.782,100,22460.7,2685,70,measure
2026-09-10T22:14:49.244+00:00,540.001,406.485,100,22460.7,2685,70,measure
2026-09-10T22:14:50.244+00:00,541.000,408.772,100,22460.7,2685,71,measure
2026-09-10T22:14:51.243+00:00,542.000,408.172,99,22460.7,2685,70,measure
2026-09-10T22:14:52.245+00:00,543.000,406.206,100,22460.7,2685,70,measure
2026-09-10T22:14:53.244+00:00,544.001,405.189,100,22460.7,2685,70,measure
2026-09-10T22:14:54.245+00:00,545.002,407.488,100,22460.7,2685,70,measure
2026-09-10T22:14:55.243+00:00,546.000,410.503,100,22460.7,2685,71,measure
2026-09-10T22:14:56.244+00:00,547.000,404.239,99,22460.7,2685,70,measure
2026-09-10T22:14:54.761+00:00,548.001,408.253,100,22460.7,2685,71,measure
2026-09-10T22:14:55.764+00:00,549.003,407.653,100,22460.7,2685,72,measure
2026-09-10T22:14:56.762+00:00,550.002,410.151,100,22460.7,2685,71,measure
2026-09-10T22:14:57.800+00:00,551.039,409.758,100,22460.7,2685,70,measure
2026-09-10T22:14:58.839+00:00,552.080,403.97,99,22460.7,2685,70,measure
2026-09-10T22:14:59.814+00:00,553.054,406.218,99,22460.7,2685,71,measure
2026-09-10T22:15:00.798+00:00,554.037,408.853,100,22460.7,2685,71,measure
2026-09-10T22:15:01.764+00:00,555.000,407.98,100,22460.7,2685,70,measure
2026-09-10T22:15:02.760+00:00,556.000,406.654,100,22460.7,2685,71,measure
2026-09-10T22:15:03.760+00:00,557.000,411.767,100,22460.7,2685,71,measure
2026-09-10T22:15:04.760+00:00,558.001,415.495,100,22460.7,2685,70,measure
2026-09-10T22:15:05.760+00:00,559.001,410.929,99,22460.7,2685,70,measure
2026-09-10T22:15:06.760+00:00,560.000,406.478,99,22460.7,2685,70,measure
2026-09-10T22:15:07.761+00:00,561.000,407.915,99,22460.7,2685,70,measure
2026-09-10T22:15:08.760+00:00,562.001,411.107,99,22460.7,2685,70,measure
2026-09-10T22:15:09.760+00:00,563.001,407.502,99,22460.7,2685,70,measure
2026-09-10T22:15:10.763+00:00,564.001,406.262,99,22460.7,2685,71,measure
2026-09-10T22:15:11.761+00:00,565.001,409.636,100,22460.7,2685,70,measure
2026-09-10T22:15:12.761+00:00,566.001,413.429,100,22460.7,2685,72,measure
2026-09-10T22:15:13.761+00:00,567.000,407.493,99,22460.7,2685,70,measure
2026-09-10T22:15:14.760+00:00,568.001,406.405,99,22460.7,2685,71,measure
2026-09-10T22:15:15.761+00:00,569.001,406.574,99,22460.7,2685,70,measure
2026-09-10T22:15:16.761+00:00,570.000,408.327,100,22460.7,2685,71,measure
2026-09-10T22:15:17.761+00:00,571.001,403.876,99,22460.7,2685,70,measure
2026-09-10T22:15:18.761+00:00,572.001,407.27,100,22460.7,2685,71,measure
2026-09-10T22:15:19.761+00:00,573.000,411.708,100,22460.7,2685,70,measure
2026-09-10T22:15:20.760+00:00,574.001,412.518,100,22460.7,2685,71,measure
2026-09-10T22:15:21.760+00:00,575.000,408.576,100,22460.7,2685,71,measure
2026-09-10T22:15:22.760+00:00,576.000,411.19,100,22460.7,2685,71,measure
2026-09-10T22:15:23.760+00:00,577.000,406.81,99,22460.7,2685,71,measure
2026-09-10T22:15:24.762+00:00,578.001,406.558,100,22460.7,2685,70,measure
2026-09-10T22:15:25.761+00:00,579.000,404.816,100,22460.7,2685,71,measure
2026-09-10T22:15:26.760+00:00,580.000,409.653,100,22460.7,2685,70,measure
2026-09-10T22:15:25.277+00:00,581.000,409.808,99,22460.7,2685,70,measure
2026-09-10T22:15:26.277+00:00,582.000,408.347,99,22460.7,2685,71,measure
2026-09-10T22:15:27.277+00:00,583.000,407.481,99,22460.7,2685,70,measure
2026-09-10T22:15:28.279+00:00,584.001,409.265,100,22460.7,2685,71,measure
2026-09-10T22:15:29.279+00:00,585.000,412.196,100,22460.7,2685,71,measure
2026-09-10T22:15:30.277+00:00,586.000,405.01,100,22460.7,2685,70,measure
2026-09-10T22:15:31.277+00:00,587.000,407.791,100,22460.7,2685,71,measure
2026-09-10T22:15:32.277+00:00,588.001,409.758,99,22460.7,2685,70,measure
2026-09-10T22:15:33.278+00:00,589.001,407.991,100,22460.7,2685,71,measure
2026-09-10T22:15:34.278+00:00,590.000,412.665,100,22460.7,2685,70,measure
2026-09-10T22:15:35.280+00:00,591.000,406.882,100,22460.7,2685,70,measure
2026-09-10T22:15:36.277+00:00,592.001,407.16,100,22460.7,2685,70,measure
2026-09-10T22:15:37.277+00:00,593.000,407.951,99,22460.7,2685,71,measure
2026-09-10T22:15:38.279+00:00,594.000,405.534,99,22460.7,2685,70,measure
2026-09-10T22:15:39.277+00:00,595.001,405.358,100,22460.7,2685,71,measure
2026-09-10T22:15:40.278+00:00,596.000,411.888,99,22460.7,2685,70,measure
2026-09-10T22:15:41.280+00:00,597.001,410.09,100,22460.7,2685,71,measure
2026-09-10T22:15:42.277+00:00,598.000,409.324,100,22460.7,2685,71,measure
2026-09-10T22:15:43.277+00:00,599.000,411.503,99,22460.7,2685,71,measure
2026-09-10T22:15:44.277+00:00,600.000,407.047,100,22460.7,2685,71,measure
2026-09-10T22:15:45.278+00:00,601.001,410.195,99,22460.7,2685,71,measure
2026-09-10T22:15:46.278+00:00,602.000,401.639,99,22460.7,2685,70,measure
2026-09-10T22:15:47.279+00:00,603.000,408.925,100,22460.7,2685,70,measure
2026-09-10T22:15:48.277+00:00,604.000,412.185,100,22460.7,2685,70,measure
2026-09-10T22:15:49.277+00:00,605.000,409.747,99,22460.7,2685,71,measure
2026-09-10T22:15:50.278+00:00,606.002,406.521,100,22460.7,2685,71,measure
2026-09-10T22:15:51.277+00:00,607.000,404.13,99,22460.7,2685,70,measure
2026-09-10T22:15:52.278+00:00,608.001,396.497,99,22460.7,2685,70,measure
2026-09-10T22:15:53.279+00:00,609.000,386.69,99,22460.7,2685,69,measure
2026-09-10T22:15:54.277+00:00,610.000,382.928,99,22460.7,2685,67,measure
2026-09-10T22:15:55.278+00:00,611.001,378.498,99,22460.7,2685,68,measure
2026-09-10T22:15:56.278+00:00,612.001,357.938,99,22460.7,2685,67,measure
2026-09-10T22:15:54.787+00:00,613.006,371.93,99,22460.7,2685,67,measure
2026-09-10T22:15:55.782+00:00,614.001,363.066,99,22460.7,2685,68,measure
2026-09-10T22:15:56.780+00:00,615.000,365.914,99,22460.7,2685,68,measure
2026-09-10T22:15:57.780+00:00,616.000,373.309,99,22460.7,2685,67,measure
2026-09-10T22:15:58.782+00:00,617.002,359.26,99,22460.7,2685,66,measure
2026-09-10T22:15:59.782+00:00,618.002,368.601,99,22460.7,2685,67,measure
2026-09-10T22:16:00.780+00:00,619.001,353.804,99,22460.7,2685,64,measure
2026-09-10T22:16:01.782+00:00,620.001,349.837,99,22460.7,2685,68,measure
2026-09-10T22:16:02.782+00:00,621.001,373.883,99,22460.7,2685,66,measure
2026-09-10T22:16:03.782+00:00,622.002,355.439,99,22460.7,2685,68,measure
2026-09-10T22:16:04.780+00:00,623.000,347.703,99,22460.7,2685,66,measure
2026-09-10T22:16:05.781+00:00,624.001,315.783,99,22460.7,2685,62,measure
2026-09-10T22:16:06.782+00:00,625.001,321.224,99,22460.7,2685,64,measure
2026-09-10T22:16:07.782+00:00,626.000,324.577,99,22460.7,2685,64,measure
2026-09-10T22:16:08.782+00:00,627.001,347.361,99,22460.7,2685,67,measure
2026-09-10T22:16:09.782+00:00,628.002,371.168,99,22460.7,2685,65,measure
2026-09-10T22:16:10.781+00:00,629.000,382.281,99,22460.7,2685,68,measure
2026-09-10T22:16:11.781+00:00,630.001,385.61,99,22460.7,2685,66,measure
2026-09-10T22:16:12.789+00:00,631.003,380.4,99,22460.7,2685,68,measure
2026-09-10T22:16:13.786+00:00,632.006,375.129,99,22460.7,2685,67,measure
2026-09-10T22:16:14.782+00:00,633.001,379.043,99,22460.7,2685,68,measure
2026-09-10T22:16:15.781+00:00,634.001,380.841,99,22460.7,2685,68,measure
2026-09-10T22:16:16.781+00:00,635.001,369.197,99,22460.7,2685,66,measure
2026-09-10T22:16:17.780+00:00,636.000,367.615,99,22460.7,2685,67,measure
2026-09-10T22:16:18.780+00:00,637.001,338.855,99,22460.7,2685,65,measure
2026-09-10T22:16:19.785+00:00,638.003,334.152,99,22460.7,2685,62,measure
2026-09-10T22:16:20.782+00:00,639.001,336.156,99,22460.7,2685,65,measure
2026-09-10T22:16:21.780+00:00,640.000,362.964,99,22460.7,2685,69,measure
2026-09-10T22:16:22.783+00:00,641.000,362.698,99,22460.7,2685,65,measure
2026-09-10T22:16:23.780+00:00,642.000,361.227,99,22460.7,2685,65,measure
2026-09-10T22:16:24.780+00:00,643.000,364.21,99,22460.7,2685,66,measure
2026-09-10T22:16:25.786+00:00,644.000,326.691,99,22460.7,2685,62,measure
2026-09-10T22:16:24.297+00:00,645.000,322.687,99,22460.7,2685,65,measure
2026-09-10T22:16:25.296+00:00,646.000,327.8,99,22460.7,2685,65,measure
2026-09-10T22:16:26.296+00:00,647.000,337.047,99,22460.7,2685,65,measure
2026-09-10T22:16:27.296+00:00,648.001,354.572,99,22460.7,2685,66,measure
2026-09-10T22:16:28.296+00:00,649.001,369.67,99,22460.7,2685,65,measure
2026-09-10T22:16:29.335+00:00,650.001,374.713,99,22460.7,2685,68,measure
2026-09-10T22:16:30.297+00:00,651.000,380.765,99,22460.7,2685,68,measure
2026-09-10T22:16:31.296+00:00,652.001,375.71,99,22460.7,2685,69,measure
2026-09-10T22:16:32.296+00:00,653.001,370.475,99,22460.7,2685,65,measure
2026-09-10T22:16:33.296+00:00,654.000,361.658,99,22460.7,2685,65,measure
2026-09-10T22:16:34.296+00:00,655.000,355.115,99,22460.7,2685,65,measure
2026-09-10T22:16:35.297+00:00,656.000,331.665,99,22460.7,2685,63,measure
2026-09-10T22:16:36.310+00:00,657.001,347.092,99,22460.7,2685,64,measure
2026-09-10T22:16:37.296+00:00,658.000,347.341,99,22460.7,2685,66,measure
2026-09-10T22:16:38.296+00:00,659.001,365.453,99,22460.7,2685,65,measure
2026-09-10T22:16:39.296+00:00,660.001,367.519,99,22460.7,2685,67,measure
2026-09-10T22:16:40.296+00:00,661.000,367.495,99,22460.7,2685,67,measure
2026-09-10T22:16:41.300+00:00,662.002,361.276,99,22460.7,2685,66,measure
2026-09-10T22:16:42.296+00:00,663.000,365.829,99,22460.7,2685,67,measure
2026-09-10T22:16:43.297+00:00,664.002,361.259,99,22460.7,2685,66,measure
2026-09-10T22:16:44.296+00:00,665.000,360.576,99,22460.7,2685,66,measure
2026-09-10T22:16:45.296+00:00,666.000,334.027,99,22460.7,2685,64,measure
2026-09-10T22:16:46.297+00:00,667.000,308.526,99,22460.7,2685,62,measure
2026-09-10T22:16:47.298+00:00,668.001,324.091,99,22460.7,2685,63,measure
2026-09-10T22:16:48.298+00:00,669.003,319.557,99,22460.7,2685,62,measure
2026-09-10T22:16:49.298+00:00,670.002,334.392,99,22460.7,2685,64,measure
2026-09-10T22:16:50.299+00:00,671.001,314.595,99,22460.7,2685,61,measure
2026-09-10T22:16:51.298+00:00,672.002,320.662,99,22460.7,2685,65,measure
2026-09-10T22:16:52.298+00:00,673.001,313.076,99,22460.7,2685,64,measure
2026-09-10T22:16:53.297+00:00,674.000,348.505,99,22460.7,2685,64,measure
2026-09-10T22:16:54.297+00:00,675.002,358.639,99,22460.7,2685,65,measure
2026-09-10T22:16:55.298+00:00,676.002,359.905,99,22460.7,2685,64,measure
2026-09-10T22:16:56.297+00:00,677.001,348.961,99,22460.7,2685,66,measure
2026-09-10T22:16:54.837+00:00,678.001,315.18,99,22460.7,2685,61,measure
2026-09-10T22:16:55.817+00:00,679.000,319.017,99,22460.7,2685,62,measure
2026-09-10T22:16:56.819+00:00,680.001,326.762,99,22460.7,2685,64,measure
2026-09-10T22:16:57.818+00:00,681.003,339.157,99,22460.7,2685,65,measure
2026-09-10T22:16:58.817+00:00,682.001,344.333,99,22460.7,2685,65,measure
2026-09-10T22:16:59.817+00:00,683.002,342.292,99,22460.7,2685,63,measure
2026-09-10T22:17:00.816+00:00,684.000,325.149,99,22460.7,2685,65,measure
2026-09-10T22:17:01.817+00:00,685.000,333.232,99,22460.7,2685,65,measure
2026-09-10T22:17:02.819+00:00,686.000,354.372,99,22460.7,2685,63,measure
2026-09-10T22:17:03.816+00:00,687.000,324.929,99,22460.7,2685,61,measure
2026-09-10T22:17:04.815+00:00,688.000,342.652,99,22460.7,2685,64,measure
2026-09-10T22:17:05.816+00:00,689.000,342.068,99,22460.7,2685,64,measure
2026-09-10T22:17:06.816+00:00,690.001,368.231,99,22460.7,2685,66,measure
2026-09-10T22:17:07.818+00:00,691.001,359.245,99,22460.7,2685,64,measure
2026-09-10T22:17:08.818+00:00,692.002,361.501,99,22460.7,2685,67,measure
2026-09-10T22:17:09.817+00:00,693.002,365.37,99,22460.7,2685,65,measure
2026-09-10T22:17:10.817+00:00,694.002,367.406,99,22460.7,2685,66,measure
2026-09-10T22:17:11.816+00:00,695.000,365.351,99,22460.7,2685,67,measure
2026-09-10T22:17:12.816+00:00,696.000,368.379,99,22460.7,2685,65,measure
2026-09-10T22:17:13.818+00:00,697.001,382.765,99,22460.7,2685,67,measure
2026-09-10T22:17:14.819+00:00,698.000,386.269,99,22460.7,2685,66,measure
2026-09-10T22:17:15.816+00:00,699.000,377.305,99,22460.7,2685,68,measure
2026-09-10T22:17:16.816+00:00,700.001,395.385,99,22460.7,2685,67,measure
2026-09-10T22:17:17.818+00:00,701.001,380.778,99,22460.7,2685,68,measure
2026-09-10T22:17:18.816+00:00,702.001,367.483,99,22460.7,2685,67,measure
2026-09-10T22:17:19.817+00:00,703.001,367.361,99,22460.7,2685,65,measure
2026-09-10T22:17:20.819+00:00,704.001,372.175,99,22460.7,2685,66,measure
2026-09-10T22:17:21.815+00:00,705.000,359.905,99,22460.7,2685,65,measure
2026-09-10T22:17:22.816+00:00,706.001,364.038,99,22460.7,2685,66,measure
2026-09-10T22:17:23.817+00:00,707.001,361.892,99,22460.7,2685,65,measure
2026-09-10T22:17:24.858+00:00,708.000,329.841,99,22460.7,2685,66,measure
2026-09-10T22:17:25.817+00:00,709.000,320.227,99,22460.7,2685,62,measure
2026-09-10T22:17:24.332+00:00,710.000,324.038,99,22460.7,2685,64,measure
2026-09-10T22:17:25.321+00:00,711.001,305.686,99,22460.7,2685,61,measure
2026-09-10T22:17:26.321+00:00,712.001,315.637,99,22460.7,2685,61,measure
2026-09-10T22:17:27.321+00:00,713.001,303.534,99,22460.7,2685,60,measure
2026-09-10T22:17:28.321+00:00,714.001,322.784,99,22460.7,2685,61,measure
2026-09-10T22:17:29.322+00:00,715.000,327.533,99,22460.7,2685,64,measure
2026-09-10T22:17:30.323+00:00,716.002,307.008,99,22460.7,2685,61,measure
2026-09-10T22:17:31.322+00:00,717.001,336.755,99,22460.7,2685,62,measure
2026-09-10T22:17:32.321+00:00,718.000,320.856,99,22460.7,2685,62,measure
2026-09-10T22:17:33.321+00:00,719.000,307.789,99,22460.7,2685,60,measure
2026-09-10T22:17:34.341+00:00,720.001,320.937,100,22460.7,2685,60,measure
2026-09-10T22:17:35.323+00:00,721.000,370.283,99,22460.7,2685,65,measure
2026-09-10T22:17:36.323+00:00,722.001,365.718,99,22460.7,2685,66,measure
2026-09-10T22:17:37.321+00:00,723.001,369.101,99,22460.7,2685,64,measure
2026-09-10T22:17:38.321+00:00,724.000,341.577,99,22460.7,2685,65,measure
2026-09-10T22:17:39.321+00:00,725.000,334.84,99,22460.7,2685,65,measure
2026-09-10T22:17:40.321+00:00,726.000,336.93,99,22460.7,2685,65,measure
2026-09-10T22:17:41.322+00:00,727.000,358.885,99,22460.7,2685,65,measure
2026-09-10T22:17:42.323+00:00,728.000,354.633,99,22460.7,2685,65,measure
2026-09-10T22:17:43.321+00:00,729.000,359.767,99,22460.7,2685,65,measure
2026-09-10T22:17:44.322+00:00,730.001,360.114,99,22460.7,2685,65,measure
2026-09-10T22:17:45.322+00:00,731.001,345.901,99,22460.7,2685,65,measure
2026-09-10T22:17:46.322+00:00,732.001,341.573,99,22460.7,2685,65,measure
2026-09-10T22:17:47.325+00:00,733.000,356.602,99,22460.7,2685,66,measure
2026-09-10T22:17:48.323+00:00,734.001,362.839,99,22460.7,2685,65,measure
2026-09-10T22:17:49.321+00:00,735.001,361.246,99,22460.7,2685,64,measure
2026-09-10T22:17:50.329+00:00,736.000,356.988,99,22460.7,2685,66,measure
2026-09-10T22:17:51.321+00:00,737.000,360.712,99,22460.7,2685,65,measure
2026-09-10T22:17:52.321+00:00,738.000,364.606,99,22460.7,2685,66,measure
2026-09-10T22:17:53.323+00:00,739.001,360.939,99,22460.7,2685,65,measure
2026-09-10T22:17:54.322+00:00,740.001,358.174,99,22460.7,2685,65,measure
2026-09-10T22:17:55.322+00:00,741.001,364.132,99,22460.7,2685,64,measure
2026-09-10T22:17:56.321+00:00,742.000,341.716,99,22460.7,2685,64,measure
2026-09-10T22:17:54.822+00:00,743.001,365.407,99,22460.7,2685,66,measure
2026-09-10T22:17:55.822+00:00,744.000,374.089,99,22460.7,2685,65,measure
2026-09-10T22:17:56.823+00:00,745.001,374.46,99,22460.7,2685,65,measure
2026-09-10T22:17:57.823+00:00,746.001,364.772,99,22460.7,2685,66,measure
2026-09-10T22:17:58.822+00:00,747.001,363.904,99,22460.7,2685,65,measure
2026-09-10T22:17:59.824+00:00,748.000,357.734,99,22460.7,2685,62,measure
2026-09-10T22:18:00.822+00:00,749.001,363.651,99,22460.7,2685,64,measure
2026-09-10T22:18:01.822+00:00,750.000,365.674,99,22460.7,2685,64,measure
2026-09-10T22:18:02.827+00:00,751.002,374.108,99,22460.7,2685,65,measure
2026-09-10T22:18:03.822+00:00,752.000,388.308,99,22460.7,2685,66,measure
2026-09-10T22:18:04.822+00:00,753.001,375.966,99,22460.7,2685,66,measure
2026-09-10T22:18:05.822+00:00,754.000,386.081,99,22460.7,2685,67,measure
2026-09-10T22:18:06.821+00:00,755.000,388.637,99,22460.7,2685,68,measure
2026-09-10T22:18:07.843+00:00,756.001,373.664,99,22460.7,2685,68,measure
2026-09-10T22:18:08.835+00:00,757.001,368.881,99,22460.7,2685,66,measure
2026-09-10T22:18:09.823+00:00,758.000,360.531,99,22460.7,2685,64,measure
2026-09-10T22:18:10.822+00:00,759.001,323.75,99,22460.7,2685,63,measure
2026-09-10T22:18:11.867+00:00,760.000,323.274,99,22460.7,2685,63,measure
2026-09-10T22:18:12.822+00:00,761.000,320.967,99,22460.7,2685,61,measure
2026-09-10T22:18:13.822+00:00,762.000,330.214,99,22460.7,2685,65,measure
2026-09-10T22:18:14.823+00:00,763.001,333.335,99,22460.7,2685,66,measure
2026-09-10T22:18:15.823+00:00,764.000,321.236,99,22460.7,2685,61,measure
2026-09-10T22:18:16.822+00:00,765.000,332.882,99,22460.7,2685,64,measure
2026-09-10T22:18:17.822+00:00,766.001,317.413,99,22460.7,2685,62,measure
2026-09-10T22:18:18.822+00:00,767.001,310.371,99,22460.7,2685,61,measure
2026-09-10T22:18:19.823+00:00,768.001,315.51,99,22460.7,2685,62,measure
2026-09-10T22:18:20.827+00:00,769.006,322.422,99,22460.7,2685,64,measure
2026-09-10T22:18:21.822+00:00,770.000,324.401,99,22460.7,2685,61,measure
2026-09-10T22:18:22.822+00:00,771.000,324.498,99,22460.7,2685,63,measure
2026-09-10T22:18:23.822+00:00,772.000,343.93,99,22460.7,2685,65,measure
2026-09-10T22:18:24.822+00:00,773.000,320.439,99,22460.7,2685,64,measure
2026-09-10T22:18:25.822+00:00,774.000,325.762,99,22460.7,2685,62,measure
2026-09-10T22:18:24.326+00:00,775.000,315.972,99,22460.7,2685,63,measure
2026-09-10T22:18:25.322+00:00,776.000,306.232,99,22460.7,2685,62,measure
2026-09-10T22:18:26.323+00:00,777.001,318.181,99,22460.7,2685,63,measure
2026-09-10T22:18:27.326+00:00,778.001,328.322,99,22460.7,2685,62,measure
2026-09-10T22:18:28.322+00:00,779.000,324.728,99,22460.7,2685,64,measure
2026-09-10T22:18:29.324+00:00,780.001,358.878,99,22460.7,2685,64,measure
2026-09-10T22:18:30.324+00:00,781.000,369.598,99,22460.7,2685,66,measure
2026-09-10T22:18:31.323+00:00,782.001,359.768,99,22460.7,2685,64,measure
2026-09-10T22:18:32.323+00:00,783.001,357.228,99,22460.7,2685,65,measure
2026-09-10T22:18:33.323+00:00,784.001,331.675,99,22460.7,2685,60,measure
2026-09-10T22:18:34.323+00:00,785.001,320.698,99,22460.7,2685,62,measure
2026-09-10T22:18:35.323+00:00,786.000,339.454,99,22460.7,2685,63,measure
2026-09-10T22:18:36.323+00:00,787.000,366.896,99,22460.7,2685,64,measure
2026-09-10T22:18:37.323+00:00,788.001,364.373,99,22460.7,2685,65,measure
2026-09-10T22:18:38.322+00:00,789.000,365.228,99,22460.7,2685,66,measure
2026-09-10T22:18:39.323+00:00,790.001,342.84,99,22460.7,2685,65,measure
2026-09-10T22:18:40.323+00:00,791.000,326.718,99,22460.7,2685,64,measure
2026-09-10T22:18:41.324+00:00,792.001,321.624,99,22460.7,2685,66,measure
2026-09-10T22:18:42.325+00:00,793.001,341.019,99,22460.7,2685,64,measure
2026-09-10T22:18:43.323+00:00,794.000,354.464,99,22460.7,2685,65,measure
2026-09-10T22:18:44.322+00:00,795.000,363.442,99,22460.7,2685,66,measure
2026-09-10T22:18:45.323+00:00,796.000,363.784,99,22460.7,2685,66,measure
2026-09-10T22:18:46.323+00:00,797.001,369.903,99,22460.7,2685,65,measure
2026-09-10T22:18:47.324+00:00,798.000,373.386,99,22460.7,2685,64,measure
2026-09-10T22:18:48.326+00:00,799.001,367.412,99,22460.7,2685,65,measure
2026-09-10T22:18:49.323+00:00,800.000,364.995,99,22460.7,2685,66,measure
2026-09-10T22:18:50.323+00:00,801.001,366.568,99,22460.7,2685,65,measure
2026-09-10T22:18:51.323+00:00,802.000,367.167,99,22460.7,2685,67,measure
2026-09-10T22:18:52.352+00:00,803.001,370.735,99,22460.7,2685,66,measure
2026-09-10T22:18:53.324+00:00,804.000,361.06,99,22460.7,2685,67,measure
2026-09-10T22:18:54.325+00:00,805.000,367.432,99,22460.7,2685,65,measure
2026-09-10T22:18:55.323+00:00,806.001,372.025,99,22460.7,2685,68,measure
2026-09-10T22:18:56.323+00:00,807.001,375.059,99,22460.7,2685,66,measure
2026-09-10T22:18:54.834+00:00,808.000,370.315,99,22460.7,2685,68,measure
2026-09-10T22:18:55.832+00:00,809.000,380.326,99,22460.7,2685,68,measure
2026-09-10T22:18:56.835+00:00,810.002,362.83,99,22460.7,2685,65,measure
2026-09-10T22:18:57.836+00:00,811.005,357.371,99,22460.7,2685,65,measure
2026-09-10T22:18:58.881+00:00,812.005,338.206,99,22460.7,2685,62,measure
2026-09-10T22:18:59.837+00:00,813.005,349.846,99,22460.7,2685,68,measure
2026-09-10T22:19:00.834+00:00,814.003,359.652,99,22460.7,2685,65,measure
2026-09-10T22:19:01.833+00:00,815.001,361.26,99,22460.7,2685,67,measure
2026-09-10T22:19:02.838+00:00,816.006,350.998,99,22460.7,2685,62,measure
2026-09-10T22:19:03.834+00:00,817.003,315.208,99,22460.7,2685,62,measure
2026-09-10T22:19:04.832+00:00,818.000,320.308,99,22460.7,2685,62,measure
2026-09-10T22:19:05.861+00:00,819.001,324.479,99,22460.7,2685,62,measure
2026-09-10T22:19:06.833+00:00,820.002,330.021,99,22460.7,2685,63,measure
2026-09-10T22:19:07.832+00:00,821.001,347.767,99,22460.7,2685,64,measure
2026-09-10T22:19:08.838+00:00,822.002,365.412,99,22460.7,2685,66,measure
2026-09-10T22:19:09.834+00:00,823.001,359.552,99,22460.7,2685,66,measure
2026-09-10T22:19:10.832+00:00,824.000,353.486,99,22460.7,2685,65,measure
2026-09-10T22:19:11.832+00:00,825.001,366.836,99,22460.7,2685,67,measure
2026-09-10T22:19:12.832+00:00,826.000,326.119,99,22460.7,2685,66,measure
2026-09-10T22:19:13.831+00:00,827.000,349.967,99,22460.7,2685,66,measure
2026-09-10T22:19:14.871+00:00,828.000,321.607,99,22460.7,2685,62,measure
2026-09-10T22:19:15.833+00:00,829.001,332.858,99,22460.7,2685,65,measure
2026-09-10T22:19:16.840+00:00,830.002,325.852,99,22460.7,2685,63,measure
2026-09-10T22:19:17.832+00:00,831.000,359.596,99,22460.7,2685,67,measure
2026-09-10T22:19:18.833+00:00,832.002,366.991,99,22460.7,2685,65,measure
2026-09-10T22:19:19.838+00:00,833.005,356.843,99,22460.7,2685,65,measure
2026-09-10T22:19:20.833+00:00,834.000,350.028,99,22460.7,2685,62,measure
2026-09-10T22:19:21.833+00:00,835.000,351.043,99,22460.7,2685,65,measure
2026-09-10T22:19:22.838+00:00,836.001,364.566,99,22460.7,2685,65,measure
2026-09-10T22:19:23.832+00:00,837.000,363.184,99,22460.7,2685,65,measure
2026-09-10T22:19:24.833+00:00,838.001,357.497,99,22460.7,2685,63,measure
2026-09-10T22:19:25.832+00:00,839.000,345.572,99,22460.7,2685,63,measure
2026-09-10T22:19:24.323+00:00,840.000,321.529,99,22460.7,2685,61,measure
2026-09-10T22:19:25.323+00:00,841.000,334.998,99,22460.7,2685,63,measure
2026-09-10T22:19:26.322+00:00,842.000,332.094,99,22460.7,2685,64,measure
2026-09-10T22:19:27.322+00:00,843.001,359.641,99,22460.7,2685,68,measure
2026-09-10T22:19:28.322+00:00,844.001,361.991,99,22460.7,2685,65,measure
2026-09-10T22:19:29.324+00:00,845.002,357.562,99,22460.7,2685,67,measure
2026-09-10T22:19:30.323+00:00,846.001,343.191,99,22460.7,2685,63,measure
2026-09-10T22:19:31.323+00:00,847.001,341.653,99,22460.7,2685,63,measure
2026-09-10T22:19:32.321+00:00,848.000,346.02,99,22460.7,2685,65,measure
2026-09-10T22:19:33.369+00:00,849.001,366.911,99,22460.7,2685,65,measure
2026-09-10T22:19:34.322+00:00,850.001,366.355,99,22460.7,2685,66,measure
2026-09-10T22:19:35.322+00:00,851.001,366.92,99,22460.7,2685,67,measure
2026-09-10T22:19:36.323+00:00,852.001,360.628,99,22460.7,2685,65,measure
2026-09-10T22:19:37.323+00:00,853.002,350.368,99,22460.7,2685,65,measure
2026-09-10T22:19:38.322+00:00,854.001,334.711,99,22460.7,2685,62,measure
2026-09-10T22:19:39.321+00:00,855.000,314.999,99,22460.7,2685,62,measure
2026-09-10T22:19:40.322+00:00,856.001,314.833,99,22460.7,2685,62,measure
2026-09-10T22:19:41.322+00:00,857.000,323.456,99,22460.7,2685,65,measure
2026-09-10T22:19:42.327+00:00,858.000,331.125,99,22460.7,2685,65,measure
2026-09-10T22:19:43.373+00:00,859.001,356.815,99,22460.7,2685,65,measure
2026-09-10T22:19:44.322+00:00,860.000,369.121,99,22460.7,2685,65,measure
2026-09-10T22:19:45.321+00:00,861.000,374.563,99,22460.7,2685,67,measure
2026-09-10T22:19:46.321+00:00,862.000,382.257,99,22460.7,2685,67,measure
2026-09-10T22:19:47.322+00:00,863.001,382.605,99,22460.7,2685,68,measure
2026-09-10T22:19:48.326+00:00,864.002,375.927,99,22460.7,2685,67,measure
2026-09-10T22:19:49.322+00:00,865.001,373.594,99,22460.7,2685,65,measure
2026-09-10T22:19:50.321+00:00,866.000,360.139,99,22460.7,2685,65,measure
2026-09-10T22:19:51.328+00:00,867.001,343.811,99,22460.7,2685,62,measure
2026-09-10T22:19:52.322+00:00,868.000,323.893,99,22460.7,2685,61,measure
2026-09-10T22:19:53.322+00:00,869.001,331.654,99,22460.7,2685,64,measure
2026-09-10T22:19:54.323+00:00,870.001,362.552,99,22460.7,2685,65,measure
2026-09-10T22:19:55.322+00:00,871.000,361.797,99,22460.7,2685,66,measure
2026-09-10T22:19:56.322+00:00,872.000,362.239,99,22460.7,2685,65,measure
2026-09-10T22:19:54.821+00:00,873.000,365.196,99,22460.7,2685,68,measure
2026-09-10T22:19:55.821+00:00,874.001,360.883,99,22460.7,2685,65,measure
2026-09-10T22:19:56.822+00:00,875.000,358.573,99,22460.7,2685,66,measure
2026-09-10T22:19:57.822+00:00,876.000,331.192,99,22460.7,2685,62,measure
2026-09-10T22:19:58.833+00:00,877.005,326.809,99,22460.7,2685,62,measure
2026-09-10T22:19:59.823+00:00,878.002,342.588,99,22460.7,2685,63,measure
2026-09-10T22:20:00.821+00:00,879.001,353.668,99,22460.7,2685,65,measure
2026-09-10T22:20:01.821+00:00,880.000,340.553,99,22460.7,2685,66,measure
2026-09-10T22:20:02.821+00:00,881.000,331.641,99,22460.7,2685,62,measure
2026-09-10T22:20:03.844+00:00,882.001,324.965,99,22460.7,2685,61,measure
2026-09-10T22:20:04.831+00:00,883.001,314.294,99,22460.7,2685,61,measure
2026-09-10T22:20:05.822+00:00,884.001,318.326,99,22460.7,2685,64,measure
2026-09-10T22:20:06.824+00:00,885.001,306.936,99,22460.7,2685,63,measure
2026-09-10T22:20:07.863+00:00,886.002,332.128,99,22460.7,2685,65,measure
2026-09-10T22:20:08.821+00:00,887.000,344.648,99,22460.7,2685,66,measure
2026-09-10T22:20:09.822+00:00,888.000,368.883,99,22460.7,2685,67,measure
2026-09-10T22:20:10.821+00:00,889.001,382.859,99,22460.7,2685,67,measure
2026-09-10T22:20:11.821+00:00,890.000,377.904,99,22460.7,2685,68,measure
2026-09-10T22:20:12.866+00:00,891.001,374.793,99,22460.7,2685,65,measure
2026-09-10T22:20:13.821+00:00,892.000,369.695,99,22460.7,2685,64,measure
2026-09-10T22:20:14.822+00:00,893.001,358.389,99,22460.7,2685,64,measure
2026-09-10T22:20:15.824+00:00,894.001,351.336,99,22460.7,2685,66,measure
2026-09-10T22:20:16.821+00:00,895.001,334.309,99,22460.7,2685,62,measure
2026-09-10T22:20:17.821+00:00,896.000,342.294,99,22460.7,2685,65,measure
2026-09-10T22:20:18.823+00:00,897.003,364.097,99,22460.7,2685,65,measure
2026-09-10T22:20:19.821+00:00,898.000,362.917,99,22460.7,2685,67,measure
2026-09-10T22:20:20.822+00:00,899.001,362.999,99,22460.7,2685,66,measure
2026-09-10T22:20:21.824+00:00,900.001,363.829,99,22460.7,2685,67,measure
2026-09-10T22:20:22.822+00:00,901.002,346.21,99,22460.7,2685,67,measure
2026-09-10T22:20:23.821+00:00,902.000,344.269,99,22460.7,2685,66,measure
2026-09-10T22:20:24.821+00:00,903.001,356.093,99,22460.7,2685,65,measure
2026-09-10T22:20:25.822+00:00,904.001,336.223,99,22460.7,2685,65,measure
2026-09-10T22:20:24.321+00:00,905.001,312.644,99,22460.7,2685,64,measure
2026-09-10T22:20:25.322+00:00,906.002,321.625,99,22460.7,2685,65,measure
2026-09-10T22:20:26.320+00:00,907.001,328.541,99,22460.7,2685,64,measure
2026-09-10T22:20:27.319+00:00,908.000,321.719,99,22460.7,2685,62,measure
2026-09-10T22:20:28.319+00:00,909.000,331.829,99,22460.7,2685,62,measure
2026-09-10T22:20:29.320+00:00,910.001,325.943,99,22460.7,2685,64,measure
2026-09-10T22:20:30.321+00:00,911.001,332.416,99,22460.7,2685,63,measure
2026-09-10T22:20:31.322+00:00,912.001,339.45,99,22460.7,2685,65,measure
2026-09-10T22:20:32.321+00:00,913.002,348.28,99,22460.7,2685,65,measure
2026-09-10T22:20:33.320+00:00,914.001,358.361,99,22460.7,2685,65,measure
2026-09-10T22:20:34.321+00:00,915.003,350.855,99,22460.7,2685,65,measure
2026-09-10T22:20:35.330+00:00,916.007,332.596,99,22460.7,2685,65,measure
2026-09-10T22:20:36.361+00:00,917.001,326.828,99,22460.7,2685,63,measure
2026-09-10T22:20:37.322+00:00,918.002,358.565,99,22460.7,2685,65,measure
2026-09-10T22:20:38.320+00:00,919.002,365.056,99,22460.7,2685,66,measure
2026-09-10T22:20:39.325+00:00,920.006,360.558,99,22460.7,2685,65,measure
2026-09-10T22:20:40.320+00:00,921.001,350.21,99,22460.7,2685,64,measure
2026-09-10T22:20:41.320+00:00,922.001,358.183,99,22460.7,2685,65,measure
2026-09-10T22:20:42.321+00:00,923.001,367.158,99,22460.7,2685,66,measure
2026-09-10T22:20:43.322+00:00,924.001,367.176,99,22460.7,2685,64,measure
2026-09-10T22:20:44.319+00:00,925.000,379.058,99,22460.7,2685,68,measure
2026-09-10T22:20:45.319+00:00,926.001,357.621,99,22460.7,2685,65,measure
2026-09-10T22:20:46.320+00:00,927.001,341.478,99,22460.7,2685,64,measure
2026-09-10T22:20:47.358+00:00,928.002,337.648,99,22460.7,2685,62,measure
2026-09-10T22:20:48.339+00:00,929.001,325.748,99,22460.7,2685,62,measure
2026-09-10T22:20:49.321+00:00,930.000,345.156,99,22460.7,2685,64,measure
2026-09-10T22:20:50.320+00:00,931.001,365.105,99,22460.7,2685,67,measure
2026-09-10T22:20:51.319+00:00,932.001,376.626,99,22460.7,2685,68,measure
2026-09-10T22:20:52.319+00:00,933.000,383.066,99,22460.7,2685,66,measure
2026-09-10T22:20:53.320+00:00,934.000,381,99,22460.7,2685,67,measure
2026-09-10T22:20:54.321+00:00,935.000,376.721,99,22460.7,2685,66,measure
2026-09-10T22:20:55.321+00:00,936.000,376.805,99,22460.7,2685,66,measure
2026-09-10T22:20:56.319+00:00,937.001,370.707,99,22460.7,2685,67,measure
2026-09-10T22:20:54.820+00:00,938.000,368.331,99,22460.7,2685,65,measure
2026-09-10T22:20:55.820+00:00,939.000,363.775,99,22460.7,2685,66,measure
2026-09-10T22:20:56.820+00:00,940.001,369.266,99,22460.7,2685,68,measure
2026-09-10T22:20:57.822+00:00,941.000,363.935,99,22460.7,2685,68,measure
2026-09-10T22:20:58.822+00:00,942.001,369.944,99,22460.7,2685,67,measure
2026-09-10T22:20:59.821+00:00,943.001,370.315,99,22460.7,2685,67,measure
2026-09-10T22:21:00.822+00:00,944.002,368.434,99,22460.7,2685,66,measure
2026-09-10T22:21:01.822+00:00,945.002,367.474,99,22460.7,2685,68,measure
2026-09-10T22:21:02.820+00:00,946.000,366.035,99,22460.7,2685,66,measure
2026-09-10T22:21:03.822+00:00,947.000,362.024,99,22460.7,2685,67,measure
2026-09-10T22:21:04.823+00:00,948.001,370.765,99,22460.7,2685,66,measure
2026-09-10T22:21:05.820+00:00,949.000,370.038,99,22460.7,2685,67,measure
2026-09-10T22:21:06.821+00:00,950.001,377.887,99,22460.7,2685,69,measure
2026-09-10T22:21:07.820+00:00,951.000,382.059,99,22460.7,2685,67,measure
2026-09-10T22:21:08.820+00:00,952.001,378.498,99,22460.7,2685,69,measure
2026-09-10T22:21:09.824+00:00,953.000,361.636,99,22460.7,2685,65,measure
2026-09-10T22:21:10.822+00:00,954.001,337,99,22460.7,2685,66,measure
2026-09-10T22:21:11.821+00:00,955.001,326.872,99,22460.7,2685,62,measure
2026-09-10T22:21:12.820+00:00,956.001,358.109,99,22460.7,2685,66,measure
2026-09-10T22:21:13.822+00:00,957.002,360.696,99,22460.7,2685,66,measure
2026-09-10T22:21:14.821+00:00,958.001,363.94,99,22460.7,2685,65,measure
2026-09-10T22:21:15.822+00:00,959.000,351.299,99,22460.7,2685,63,measure
2026-09-10T22:21:16.821+00:00,960.000,327.737,99,22460.7,2685,65,measure
2026-09-10T22:21:17.832+00:00,961.000,322.714,99,22460.7,2685,63,measure
2026-09-10T22:21:18.823+00:00,962.001,321.836,99,22460.7,2685,63,measure
2026-09-10T22:21:19.821+00:00,963.000,328.985,99,22460.7,2685,65,measure
2026-09-10T22:21:20.821+00:00,964.001,317.663,99,22460.7,2685,64,measure
2026-09-10T22:21:21.825+00:00,965.000,326.913,99,22460.7,2685,64,measure
2026-09-10T22:21:22.821+00:00,966.000,325.22,99,22460.7,2685,62,measure
2026-09-10T22:21:23.820+00:00,967.000,331.237,99,22460.7,2685,65,measure
2026-09-10T22:21:24.820+00:00,968.000,369.508,99,22460.7,2685,66,measure
2026-09-10T22:21:25.821+00:00,969.001,356.603,99,22460.7,2685,67,measure
2026-09-10T22:21:24.337+00:00,970.001,344.567,99,22460.7,2685,62,measure
2026-09-10T22:21:25.338+00:00,971.000,334.625,99,22460.7,2685,62,measure
2026-09-10T22:21:26.338+00:00,972.002,312.363,99,22460.7,2685,61,measure
2026-09-10T22:21:27.341+00:00,973.005,316.53,99,22460.7,2685,65,measure
2026-09-10T22:21:28.339+00:00,974.003,317.258,99,22460.7,2685,62,measure
2026-09-10T22:21:29.379+00:00,975.002,326.394,99,22460.7,2685,67,measure
2026-09-10T22:21:30.340+00:00,976.002,331.433,99,22460.7,2685,64,measure
2026-09-10T22:21:31.338+00:00,977.000,348.781,99,22460.7,2685,66,measure
2026-09-10T22:21:32.338+00:00,978.002,354.174,99,22460.7,2685,62,measure
2026-09-10T22:21:33.337+00:00,979.001,365.23,99,22460.7,2685,64,measure
2026-09-10T22:21:34.339+00:00,980.002,364.923,99,22460.7,2685,66,measure
2026-09-10T22:21:35.337+00:00,981.001,373.289,99,22460.7,2685,66,measure
2026-09-10T22:21:36.338+00:00,982.001,373.225,99,22460.7,2685,67,measure
2026-09-10T22:21:37.340+00:00,983.003,385.269,99,22460.7,2685,69,measure
2026-09-10T22:21:38.337+00:00,984.001,387.116,99,22460.7,2685,67,measure
2026-09-10T22:21:39.338+00:00,985.002,384.872,99,22460.7,2685,66,measure
2026-09-10T22:21:40.337+00:00,986.000,375,99,22460.7,2685,68,measure
2026-09-10T22:21:41.337+00:00,987.001,358.861,99,22460.7,2685,66,measure
2026-09-10T22:21:42.338+00:00,988.001,349.011,99,22460.7,2685,66,measure
2026-09-10T22:21:43.339+00:00,989.001,329.289,99,22460.7,2685,66,measure
2026-09-10T22:21:44.337+00:00,990.000,330.395,99,22460.7,2685,66,measure
2026-09-10T22:21:45.337+00:00,991.001,336.83,99,22460.7,2685,63,measure
2026-09-10T22:21:46.361+00:00,992.000,331.406,99,22460.7,2685,64,measure
2026-09-10T22:21:47.337+00:00,993.001,337.602,99,22460.7,2685,65,measure
2026-09-10T22:21:48.339+00:00,994.001,327.322,99,22460.7,2685,64,measure
2026-09-10T22:21:49.340+00:00,995.001,317.058,99,22460.7,2685,62,measure
2026-09-10T22:21:50.367+00:00,996.031,315.537,99,22460.7,2685,66,measure
2026-09-10T22:21:51.336+00:00,997.000,320.178,99,22460.7,2685,62,measure
2026-09-10T22:21:52.336+00:00,998.000,330.095,99,22460.7,2685,63,measure
2026-09-10T22:21:53.338+00:00,999.002,337.311,99,22460.7,2685,62,measure
2026-09-10T22:21:54.342+00:00,1000.002,365.688,99,22460.7,2685,65,measure
2026-09-10T22:21:55.340+00:00,1001.002,362.529,99,22460.7,2685,65,measure
2026-09-10T22:21:53.839+00:00,1002.000,362.877,99,22460.7,2685,65,measure
2026-09-10T22:21:54.839+00:00,1003.001,363.465,99,22460.7,2685,65,measure
2026-09-10T22:21:55.839+00:00,1004.000,337.112,99,22460.7,2685,64,measure
2026-09-10T22:21:56.839+00:00,1005.001,314.975,99,22460.7,2685,61,measure
2026-09-10T22:21:57.840+00:00,1006.000,321.375,99,22460.7,2685,62,measure
2026-09-10T22:21:58.840+00:00,1007.000,337.743,99,22460.7,2685,65,measure
2026-09-10T22:21:59.870+00:00,1008.031,363.501,99,22460.7,2685,66,measure
2026-09-10T22:22:00.853+00:00,1009.012,354.452,99,22460.7,2685,66,measure
2026-09-10T22:22:01.842+00:00,1010.003,344.704,99,22460.7,2685,66,measure
2026-09-10T22:22:02.849+00:00,1011.008,349.273,99,22460.7,2685,66,measure
2026-09-10T22:22:03.846+00:00,1012.001,366.466,99,22460.7,2685,66,measure
2026-09-10T22:22:04.842+00:00,1013.001,373.966,99,22460.7,2685,66,measure
2026-09-10T22:22:05.842+00:00,1014.003,388.274,99,22460.7,2685,68,measure
2026-09-10T22:22:06.845+00:00,1015.006,386.334,99,22460.7,2685,67,measure
2026-09-10T22:22:07.871+00:00,1016.031,384.115,99,22460.7,2685,68,measure
2026-09-10T22:22:08.867+00:00,1017.027,366.798,99,22460.7,2685,68,measure
2026-09-10T22:22:09.843+00:00,1018.003,366.279,99,22460.7,2685,65,measure
2026-09-10T22:22:10.848+00:00,1019.009,356.631,99,22460.7,2685,66,measure
2026-09-10T22:22:11.867+00:00,1020.028,335.194,99,22460.7,2685,65,measure
2026-09-10T22:22:12.890+00:00,1021.008,342.522,99,22460.7,2685,66,measure
2026-09-10T22:22:13.842+00:00,1022.003,341.223,99,22460.7,2685,67,measure
2026-09-10T22:22:14.840+00:00,1023.002,366.712,99,22460.7,2685,66,measure
2026-09-10T22:22:15.840+00:00,1024.001,363.336,99,22460.7,2685,66,measure
2026-09-10T22:22:16.842+00:00,1025.001,361.904,99,22460.7,2685,67,measure
2026-09-10T22:22:17.839+00:00,1026.000,360.604,99,22460.7,2685,65,measure
2026-09-10T22:22:18.839+00:00,1027.001,363.939,99,22460.7,2685,65,measure
2026-09-10T22:22:19.839+00:00,1028.001,364.275,99,22460.7,2685,65,measure
2026-09-10T22:22:20.859+00:00,1029.001,362.659,99,22460.7,2685,65,measure
2026-09-10T22:22:21.843+00:00,1030.003,339.429,99,22460.7,2685,65,measure
2026-09-10T22:22:22.841+00:00,1031.001,334.103,99,22460.7,2685,63,measure
2026-09-10T22:22:23.840+00:00,1032.001,362.633,99,22460.7,2685,66,measure
2026-09-10T22:22:24.841+00:00,1033.002,360.827,99,22460.7,2685,66,measure
2026-09-10T22:22:25.840+00:00,1034.002,364.075,99,22460.7,2685,66,measure
2026-09-10T22:22:24.341+00:00,1035.000,363.373,99,22460.7,2685,66,measure
2026-09-10T22:22:25.343+00:00,1036.001,364.199,99,22460.7,2685,65,measure
2026-09-10T22:22:26.343+00:00,1037.000,373.005,99,22460.7,2685,66,measure
2026-09-10T22:22:27.342+00:00,1038.001,362.964,99,22460.7,2685,66,measure
2026-09-10T22:22:28.345+00:00,1039.002,369.793,99,22460.7,2685,66,measure
2026-09-10T22:22:29.345+00:00,1040.004,376.235,99,22460.7,2685,67,measure
2026-09-10T22:22:30.347+00:00,1041.005,365.661,99,22460.7,2685,67,measure
2026-09-10T22:22:31.347+00:00,1042.002,361.85,99,22460.7,2685,66,measure
2026-09-10T22:22:32.345+00:00,1043.005,366.828,99,22460.7,2685,67,measure
2026-09-10T22:22:33.342+00:00,1044.001,371.596,99,22460.7,2685,66,measure
2026-09-10T22:22:34.342+00:00,1045.001,365.174,99,22460.7,2685,65,measure
2026-09-10T22:22:35.345+00:00,1046.003,360.918,99,22460.7,2685,67,measure
2026-09-10T22:22:36.346+00:00,1047.004,370.242,99,22460.7,2685,65,measure
2026-09-10T22:22:37.347+00:00,1048.003,370.758,99,22460.7,2685,68,measure
2026-09-10T22:22:38.343+00:00,1049.001,373.088,99,22460.7,2685,65,measure
2026-09-10T22:22:39.341+00:00,1050.000,354.837,99,22460.7,2685,65,measure
2026-09-10T22:22:40.343+00:00,1051.002,339.318,99,22460.7,2685,65,measure
2026-09-10T22:22:41.342+00:00,1052.001,320.128,99,22460.7,2685,62,measure
2026-09-10T22:22:42.342+00:00,1053.001,322.413,99,22460.7,2685,64,measure
2026-09-10T22:22:43.343+00:00,1054.000,337.859,99,22460.7,2685,63,measure
2026-09-10T22:22:44.345+00:00,1055.004,329.742,99,22460.7,2685,63,measure
2026-09-10T22:22:45.351+00:00,1056.001,329.774,99,22460.7,2685,64,measure
2026-09-10T22:22:46.343+00:00,1057.001,328.218,99,22460.7,2685,67,measure
2026-09-10T22:22:47.342+00:00,1058.001,324.875,99,22460.7,2685,63,measure
2026-09-10T22:22:48.391+00:00,1059.000,333.728,99,22460.7,2685,62,measure
2026-09-10T22:22:49.357+00:00,1060.000,360.519,99,22460.7,2685,65,measure
2026-09-10T22:22:50.341+00:00,1061.000,368.139,99,22460.7,2685,66,measure
2026-09-10T22:22:51.342+00:00,1062.001,361.257,99,22460.7,2685,66,measure
2026-09-10T22:22:52.341+00:00,1063.000,348.739,99,22460.7,2685,67,measure
2026-09-10T22:22:53.341+00:00,1064.000,318.98,99,22460.7,2685,62,measure
2026-09-10T22:22:54.343+00:00,1065.002,297.304,99,22460.7,2685,61,measure
2026-09-10T22:22:55.343+00:00,1066.001,318.096,99,22460.7,2685,65,measure
2026-09-10T22:22:53.841+00:00,1067.001,304.313,99,22460.7,2685,62,measure
2026-09-10T22:22:54.840+00:00,1068.000,334.864,99,22460.7,2685,65,measure
2026-09-10T22:22:55.843+00:00,1069.001,327.897,99,22460.7,2685,63,measure
2026-09-10T22:22:56.865+00:00,1070.000,318.997,99,22460.7,2685,62,measure
2026-09-10T22:22:57.858+00:00,1071.001,324.173,99,22460.7,2685,63,measure
2026-09-10T22:22:58.845+00:00,1072.000,316.315,99,22460.7,2685,63,measure
2026-09-10T22:22:59.840+00:00,1073.000,313.162,99,22460.7,2685,65,measure
2026-09-10T22:23:00.840+00:00,1074.001,311.201,99,22460.7,2685,64,measure
2026-09-10T22:23:01.869+00:00,1075.001,327.464,99,22460.7,2685,64,measure
2026-09-10T22:23:02.840+00:00,1076.001,316.803,99,22460.7,2685,63,measure
2026-09-10T22:23:03.840+00:00,1077.000,318.234,99,22460.7,2685,64,measure
2026-09-10T22:23:04.841+00:00,1078.001,320.786,99,22460.7,2685,61,measure
2026-09-10T22:23:05.844+00:00,1079.004,316.314,99,22460.7,2685,65,measure
2026-09-10T22:23:06.872+00:00,1080.002,310.601,99,22460.7,2685,61,measure
2026-09-10T22:23:07.840+00:00,1081.001,318.035,99,22460.7,2685,62,measure
2026-09-10T22:23:08.840+00:00,1082.001,314.283,99,22460.7,2685,63,measure
2026-09-10T22:23:09.841+00:00,1083.000,318.401,99,22460.7,2685,61,measure
2026-09-10T22:23:10.844+00:00,1084.000,340.627,99,22460.7,2685,64,measure
2026-09-10T22:23:11.841+00:00,1085.001,351.539,99,22460.7,2685,68,measure
2026-09-10T22:23:12.842+00:00,1086.003,360.282,99,22460.7,2685,65,measure
2026-09-10T22:23:13.840+00:00,1087.001,367.753,99,22460.7,2685,66,measure
2026-09-10T22:23:14.840+00:00,1088.000,360.798,99,22460.7,2685,65,measure
2026-09-10T22:23:15.840+00:00,1089.000,363.123,99,22460.7,2685,65,measure
2026-09-10T22:23:16.841+00:00,1090.000,367.065,99,22460.7,2685,67,measure
2026-09-10T22:23:17.840+00:00,1091.001,368.652,99,22460.7,2685,67,measure
2026-09-10T22:23:18.840+00:00,1092.001,365.371,99,22460.7,2685,67,measure
2026-09-10T22:23:19.840+00:00,1093.000,369.546,99,22460.7,2685,65,measure
2026-09-10T22:23:20.840+00:00,1094.001,368.164,99,22460.7,2685,65,measure
2026-09-10T22:23:21.840+00:00,1095.001,369.366,99,22460.7,2685,68,measure
2026-09-10T22:23:22.844+00:00,1096.001,368.644,99,22460.7,2685,68,measure
2026-09-10T22:23:23.848+00:00,1097.008,366.952,99,22460.7,2685,68,measure
2026-09-10T22:23:24.842+00:00,1098.003,367.319,99,22460.7,2685,66,measure
2026-09-10T22:23:25.842+00:00,1099.000,342.967,99,22460.7,2685,62,measure
2026-09-10T22:23:24.343+00:00,1100.002,330.729,99,22460.7,2685,62,measure
2026-09-10T22:23:25.381+00:00,1101.001,333.824,99,22460.7,2685,63,measure
2026-09-10T22:23:26.343+00:00,1102.001,317.239,99,22460.7,2685,63,measure
2026-09-10T22:23:27.343+00:00,1103.002,357.285,99,22460.7,2685,66,measure
2026-09-10T22:23:28.341+00:00,1104.000,367.929,99,22460.7,2685,66,measure
2026-09-10T22:23:29.341+00:00,1105.001,353.066,99,22460.7,2685,66,measure
2026-09-10T22:23:30.341+00:00,1106.000,360.101,99,22460.7,2685,66,measure
2026-09-10T22:23:31.360+00:00,1107.001,340.777,99,22460.7,2685,64,measure
2026-09-10T22:23:32.343+00:00,1108.001,352.979,99,22460.7,2685,65,measure
2026-09-10T22:23:33.341+00:00,1109.000,355.587,99,22460.7,2685,65,measure
2026-09-10T22:23:34.343+00:00,1110.002,335.706,99,22460.7,2685,63,measure
2026-09-10T22:23:35.387+00:00,1111.000,349.037,99,22460.7,2685,65,measure
2026-09-10T22:23:36.341+00:00,1112.000,330.481,99,22460.7,2685,62,measure
2026-09-10T22:23:37.343+00:00,1113.001,325.531,99,22460.7,2685,66,measure
2026-09-10T22:23:38.343+00:00,1114.001,329.009,99,22460.7,2685,63,measure
2026-09-10T22:23:39.341+00:00,1115.001,309.026,99,22460.7,2685,62,measure
2026-09-10T22:23:40.341+00:00,1116.001,318.006,99,22460.7,2685,65,measure
2026-09-10T22:23:41.341+00:00,1117.000,315.381,99,22460.7,2685,65,measure
2026-09-10T22:23:42.341+00:00,1118.001,322.395,99,22460.7,2685,62,measure
2026-09-10T22:23:43.348+00:00,1119.002,335.687,99,22460.7,2685,63,measure
2026-09-10T22:23:44.343+00:00,1120.001,328.993,99,22460.7,2685,64,measure
2026-09-10T22:23:45.341+00:00,1121.001,335.71,99,22460.7,2685,62,measure
2026-09-10T22:23:46.342+00:00,1122.001,330.794,99,22460.7,2685,66,measure
2026-09-10T22:23:47.341+00:00,1123.001,311.968,99,22460.7,2685,61,measure
2026-09-10T22:23:48.344+00:00,1124.003,321.765,99,22460.7,2685,62,measure
2026-09-10T22:23:49.342+00:00,1125.000,335.5,99,22460.7,2685,66,measure
2026-09-10T22:23:50.342+00:00,1126.000,335.187,99,22460.7,2685,64,measure
2026-09-10T22:23:51.341+00:00,1127.001,354.677,99,22460.7,2685,66,measure
2026-09-10T22:23:52.341+00:00,1128.000,345.754,99,22460.7,2685,62,measure
2026-09-10T22:23:53.352+00:00,1129.001,319.754,99,22460.7,2685,62,measure
2026-09-10T22:23:54.341+00:00,1130.000,322.837,99,22460.7,2685,62,measure
2026-09-10T22:23:55.342+00:00,1131.000,297.25,99,22460.7,2685,60,measure
2026-09-10T22:23:53.877+00:00,1132.001,320.586,99,22460.7,2685,64,measure
2026-09-10T22:23:54.840+00:00,1133.000,323.812,99,22460.7,2685,62,measure
2026-09-10T22:23:55.841+00:00,1134.001,343.906,99,22460.7,2685,66,measure
2026-09-10T22:23:56.841+00:00,1135.001,363.051,99,22460.7,2685,66,measure
2026-09-10T22:23:57.842+00:00,1136.002,370.341,99,22460.7,2685,66,measure
2026-09-10T22:23:58.844+00:00,1137.002,358.661,99,22460.7,2685,65,measure
2026-09-10T22:23:59.843+00:00,1138.000,361.714,99,22460.7,2685,65,measure
2026-09-10T22:24:00.841+00:00,1139.000,364.248,99,22460.7,2685,65,measure
2026-09-10T22:24:01.845+00:00,1140.005,327.83,99,22460.7,2685,64,measure
2026-09-10T22:24:02.840+00:00,1141.000,355.533,99,22460.7,2685,66,measure
2026-09-10T22:24:03.840+00:00,1142.000,367.21,99,22460.7,2685,66,measure
2026-09-10T22:24:04.842+00:00,1143.000,364.684,99,22460.7,2685,66,measure
2026-09-10T22:24:05.842+00:00,1144.000,370.301,99,22460.7,2685,67,measure
2026-09-10T22:24:06.842+00:00,1145.002,359.626,99,22460.7,2685,65,measure
2026-09-10T22:24:07.845+00:00,1146.003,354.316,99,22460.7,2685,65,measure
2026-09-10T22:24:08.840+00:00,1147.001,326.041,99,22460.7,2685,63,measure
2026-09-10T22:24:09.841+00:00,1148.001,321.19,99,22460.7,2685,66,measure
2026-09-10T22:24:10.846+00:00,1149.006,336.265,99,22460.7,2685,66,measure
2026-09-10T22:24:11.843+00:00,1150.002,332.253,99,22460.7,2685,64,measure
2026-09-10T22:24:12.841+00:00,1151.001,329.026,99,22460.7,2685,65,measure
2026-09-10T22:24:13.841+00:00,1152.001,346.587,99,22460.7,2685,65,measure
2026-09-10T22:24:14.840+00:00,1153.000,363.109,99,22460.7,2685,67,measure
2026-09-10T22:24:15.842+00:00,1154.002,360.468,99,22460.7,2685,66,measure
2026-09-10T22:24:16.843+00:00,1155.001,372.325,99,22460.7,2685,68,measure
2026-09-10T22:24:17.842+00:00,1156.001,372.016,99,22460.7,2685,66,measure
2026-09-10T22:24:18.841+00:00,1157.001,371.134,99,22460.7,2685,67,measure
2026-09-10T22:24:19.840+00:00,1158.000,379.092,99,22460.7,2685,68,measure
2026-09-10T22:24:20.841+00:00,1159.000,375.764,99,22460.7,2685,66,measure
2026-09-10T22:24:21.840+00:00,1160.000,368.267,99,22460.7,2685,67,measure
2026-09-10T22:24:22.842+00:00,1161.000,364.633,99,22460.7,2685,65,measure
2026-09-10T22:24:23.842+00:00,1162.000,364.858,99,22460.7,2685,67,measure
2026-09-10T22:24:24.840+00:00,1163.000,361.295,99,22460.7,2685,65,measure
2026-09-10T22:24:25.841+00:00,1164.001,369.39,99,22460.7,2685,67,measure
2026-09-10T22:24:24.341+00:00,1165.001,361.974,99,22460.7,2685,65,measure
2026-09-10T22:24:25.341+00:00,1166.001,364.659,99,22460.7,2685,66,measure
2026-09-10T22:24:26.343+00:00,1167.000,368.051,99,22460.7,2685,67,measure
2026-09-10T22:24:27.342+00:00,1168.000,364.119,99,22460.7,2685,67,measure
2026-09-10T22:24:28.344+00:00,1169.003,359.097,99,22460.7,2685,66,measure
2026-09-10T22:24:29.341+00:00,1170.001,366.473,99,22460.7,2685,67,measure
2026-09-10T22:24:30.341+00:00,1171.001,365.643,99,22460.7,2685,65,measure
2026-09-10T22:24:31.341+00:00,1172.000,360.785,99,22460.7,2685,65,measure
2026-09-10T22:24:32.346+00:00,1173.000,361.557,99,22460.7,2685,67,measure
2026-09-10T22:24:33.342+00:00,1174.000,347.701,99,22460.7,2685,65,measure
2026-09-10T22:24:34.341+00:00,1175.001,334.287,99,22460.7,2685,67,measure
2026-09-10T22:24:35.344+00:00,1176.002,365.408,99,22460.7,2685,65,measure
2026-09-10T22:24:36.341+00:00,1177.000,366.403,99,22460.7,2685,66,measure
2026-09-10T22:24:37.341+00:00,1178.001,367.806,99,22460.7,2685,65,measure
2026-09-10T22:24:38.346+00:00,1179.000,377.187,99,22460.7,2685,67,measure
2026-09-10T22:24:39.342+00:00,1180.001,394.412,99,22460.7,2685,68,measure
2026-09-10T22:24:40.341+00:00,1181.001,376.404,99,22460.7,2685,66,measure
2026-09-10T22:24:41.341+00:00,1182.000,380.73,99,22460.7,2685,66,measure
2026-09-10T22:24:42.341+00:00,1183.001,363.164,99,22460.7,2685,68,measure
2026-09-10T22:24:43.341+00:00,1184.000,332.768,99,22460.7,2685,66,measure
2026-09-10T22:24:44.342+00:00,1185.000,324.253,99,22460.7,2685,63,measure
2026-09-10T22:24:45.341+00:00,1186.000,324.651,99,22460.7,2685,66,measure
2026-09-10T22:24:46.342+00:00,1187.001,316.21,99,22460.7,2685,62,measure
2026-09-10T22:24:47.341+00:00,1188.000,322.801,99,22460.7,2685,64,measure
2026-09-10T22:24:48.370+00:00,1189.028,323.729,99,22460.7,2685,63,measure
2026-09-10T22:24:49.345+00:00,1190.003,345.199,99,22460.7,2685,66,measure
2026-09-10T22:24:50.342+00:00,1191.000,357.923,99,22460.7,2685,66,measure
2026-09-10T22:24:51.342+00:00,1192.000,357.021,99,22460.7,2685,65,measure
2026-09-10T22:24:52.341+00:00,1193.000,364.035,99,22460.7,2685,65,measure
2026-09-10T22:24:53.341+00:00,1194.000,352.137,99,22460.7,2685,65,measure
2026-09-10T22:24:54.341+00:00,1195.000,346.911,99,22460.7,2685,63,measure
2026-09-10T22:24:55.342+00:00,1196.001,338.152,99,22460.7,2685,62,measure
2026-09-10T22:24:53.843+00:00,1197.001,314.374,99,22460.7,2685,62,measure
2026-09-10T22:24:54.844+00:00,1198.003,323.86,99,22460.7,2685,65,measure
2026-09-10T22:24:55.841+00:00,1199.000,315.925,99,22460.7,2685,65,measure
2026-09-10T22:24:56.841+00:00,1200.000,323.967,99,22460.7,2685,65,measure
2026-09-10T22:24:57.841+00:00,1201.000,338.953,99,22460.7,2685,64,measure
2026-09-10T22:24:58.845+00:00,1202.002,366.454,99,22460.7,2685,66,measure
2026-09-10T22:24:59.843+00:00,1203.001,361.996,99,22460.7,2685,66,measure
2026-09-10T22:25:00.842+00:00,1204.001,359.553,99,22460.7,2685,65,measure
2026-09-10T22:25:01.842+00:00,1205.001,362.217,99,22460.7,2685,66,measure
2026-09-10T22:25:02.844+00:00,1206.001,362.382,99,22460.7,2685,67,measure
2026-09-10T22:25:03.843+00:00,1207.002,357.606,99,22460.7,2685,65,measure
2026-09-10T22:25:04.843+00:00,1208.001,356.542,99,22460.7,2685,67,measure
2026-09-10T22:25:05.843+00:00,1209.001,323.207,99,22460.7,2685,66,measure
2026-09-10T22:25:06.894+00:00,1210.000,321.673,99,22460.7,2685,64,measure
2026-09-10T22:25:07.879+00:00,1211.000,324.962,99,22460.7,2685,65,measure
2026-09-10T22:25:08.842+00:00,1212.001,340.577,99,22460.7,2685,67,measure
2026-09-10T22:25:09.844+00:00,1213.000,358.043,99,22460.7,2685,67,measure
2026-09-10T22:25:10.844+00:00,1214.001,325.277,99,22460.7,2685,62,measure
2026-09-10T22:25:11.845+00:00,1215.001,322.717,99,22460.7,2685,62,measure
2026-09-10T22:25:12.841+00:00,1216.000,330.762,99,22460.7,2685,66,measure
2026-09-10T22:25:13.842+00:00,1217.000,356.558,99,22460.7,2685,67,measure
2026-09-10T22:25:14.856+00:00,1218.000,370.371,99,22460.7,2685,65,measure
2026-09-10T22:25:15.841+00:00,1219.000,359.822,99,22460.7,2685,65,measure
2026-09-10T22:25:16.844+00:00,1220.002,358.313,99,22460.7,2685,67,measure
2026-09-10T22:25:17.845+00:00,1221.001,334.623,99,22460.7,2685,62,measure
2026-09-10T22:25:18.841+00:00,1222.000,366.704,99,22460.7,2685,67,measure
2026-09-10T22:25:19.841+00:00,1223.000,364.959,99,22460.7,2685,66,measure
2026-09-10T22:25:20.841+00:00,1224.000,374.42,99,22460.7,2685,67,measure
2026-09-10T22:25:21.841+00:00,1225.000,371.133,99,22460.7,2685,65,measure
2026-09-10T22:25:22.844+00:00,1226.001,360.285,99,22460.7,2685,67,measure
2026-09-10T22:25:23.844+00:00,1227.000,372.113,99,22460.7,2685,66,measure
2026-09-10T22:25:24.842+00:00,1228.001,363.502,99,22460.7,2685,65,measure
2026-09-10T22:25:25.841+00:00,1229.000,365.231,99,22460.7,2685,69,measure
2026-09-10T22:25:24.341+00:00,1230.000,352.567,99,22460.7,2685,65,measure
2026-09-10T22:25:25.384+00:00,1231.001,328.966,99,22460.7,2685,66,measure
2026-09-10T22:25:26.342+00:00,1232.000,308.65,99,22460.7,2685,63,measure
2026-09-10T22:25:27.343+00:00,1233.001,328.213,99,22460.7,2685,62,measure
2026-09-10T22:25:28.340+00:00,1234.000,331.51,99,22460.7,2685,62,measure
2026-09-10T22:25:29.340+00:00,1235.000,333.857,99,22460.7,2685,63,measure
2026-09-10T22:25:30.343+00:00,1236.001,353.663,99,22460.7,2685,66,measure
2026-09-10T22:25:31.341+00:00,1237.001,315.573,99,22460.7,2685,65,measure
2026-09-10T22:25:32.342+00:00,1238.000,323.014,99,22460.7,2685,64,measure
2026-09-10T22:25:33.342+00:00,1239.000,352.309,99,22460.7,2685,65,measure
2026-09-10T22:25:34.341+00:00,1240.001,364.182,99,22460.7,2685,66,measure
2026-09-10T22:25:35.341+00:00,1241.001,347.163,99,22460.7,2685,66,measure
2026-09-10T22:25:36.340+00:00,1242.000,329.702,99,22460.7,2685,67,measure
2026-09-10T22:25:37.341+00:00,1243.001,327.772,99,22460.7,2685,66,measure
2026-09-10T22:25:38.341+00:00,1244.000,328.916,99,22460.7,2685,62,measure
2026-09-10T22:25:39.341+00:00,1245.001,330.99,99,22460.7,2685,62,measure
2026-09-10T22:25:40.341+00:00,1246.001,331.592,99,22460.7,2685,65,measure
2026-09-10T22:25:41.340+00:00,1247.000,314.267,99,22460.7,2685,66,measure
2026-09-10T22:25:42.341+00:00,1248.001,327.289,99,22460.7,2685,63,measure
2026-09-10T22:25:43.360+00:00,1249.001,341.554,99,22460.7,2685,63,measure
2026-09-10T22:25:44.342+00:00,1250.000,369.795,99,22460.7,2685,67,measure
2026-09-10T22:25:45.341+00:00,1251.000,358.722,99,22460.7,2685,66,measure
2026-09-10T22:25:46.340+00:00,1252.000,373.659,99,22460.7,2685,68,measure
2026-09-10T22:25:47.341+00:00,1253.001,372.683,99,22460.7,2685,66,measure
2026-09-10T22:25:48.340+00:00,1254.000,359.263,99,22460.7,2685,66,measure
2026-09-10T22:25:49.340+00:00,1255.000,369.34,99,22460.7,2685,67,measure
2026-09-10T22:25:50.342+00:00,1256.000,343.604,99,22460.7,2685,66,measure
2026-09-10T22:25:51.393+00:00,1257.000,321.383,99,22460.7,2685,65,measure
2026-09-10T22:25:52.342+00:00,1258.002,333.496,99,22460.7,2685,62,measure
2026-09-10T22:25:53.341+00:00,1259.001,350.988,99,22460.7,2685,67,measure
2026-09-10T22:25:54.341+00:00,1260.001,365.051,99,22460.7,2685,65,measure
2026-09-10T22:25:55.340+00:00,1261.000,365.101,99,22460.7,2685,67,measure
2026-09-10T22:25:53.844+00:00,1262.000,366.182,99,22460.7,2685,65,measure
2026-09-10T22:25:54.841+00:00,1263.001,365.423,99,22460.7,2685,67,measure
2026-09-10T22:25:55.839+00:00,1264.000,364.388,99,22460.7,2685,65,measure
2026-09-10T22:25:56.855+00:00,1265.000,348.422,99,22460.7,2685,67,measure
2026-09-10T22:25:57.840+00:00,1266.000,336.911,99,22460.7,2685,64,measure
2026-09-10T22:25:58.840+00:00,1267.001,352.75,99,22460.7,2685,66,measure
2026-09-10T22:25:59.842+00:00,1268.001,360.946,99,22460.7,2685,67,measure
2026-09-10T22:26:00.841+00:00,1269.000,367.049,99,22460.7,2685,66,measure
2026-09-10T22:26:01.851+00:00,1270.000,367.849,99,22460.7,2685,68,measure
2026-09-10T22:26:02.841+00:00,1271.002,375.201,99,22460.7,2685,68,measure
2026-09-10T22:26:03.839+00:00,1272.000,369.66,99,22460.7,2685,65,measure
2026-09-10T22:26:04.840+00:00,1273.001,364.961,99,22460.7,2685,65,measure
2026-09-10T22:26:05.875+00:00,1274.000,365.807,99,22460.7,2685,66,measure
2026-09-10T22:26:06.841+00:00,1275.001,366.145,99,22460.7,2685,66,measure
2026-09-10T22:26:07.839+00:00,1276.000,367,99,22460.7,2685,67,measure
2026-09-10T22:26:08.839+00:00,1277.000,359.601,99,22460.7,2685,66,measure
2026-09-10T22:26:09.839+00:00,1278.000,358.378,99,22460.7,2685,65,measure
2026-09-10T22:26:10.839+00:00,1279.000,346.384,99,22460.7,2685,66,measure
2026-09-10T22:26:11.841+00:00,1280.000,320.684,99,22460.7,2685,63,measure
2026-09-10T22:26:12.849+00:00,1281.001,315.647,99,22460.7,2685,62,measure
2026-09-10T22:26:13.840+00:00,1282.001,329.173,99,22460.7,2685,64,measure
2026-09-10T22:26:14.842+00:00,1283.001,335.443,99,22460.7,2685,64,measure
2026-09-10T22:26:15.840+00:00,1284.000,358.5,99,22460.7,2685,68,measure
2026-09-10T22:26:16.845+00:00,1285.004,364.929,99,22460.7,2685,66,measure
2026-09-10T22:26:17.845+00:00,1286.000,360.564,99,22460.7,2685,65,measure
2026-09-10T22:26:18.840+00:00,1287.000,360.586,99,22460.7,2685,68,measure
2026-09-10T22:26:19.845+00:00,1288.005,330.577,99,22460.7,2685,65,measure
2026-09-10T22:26:20.839+00:00,1289.000,324.391,99,22460.7,2685,66,measure
2026-09-10T22:26:21.841+00:00,1290.001,323.407,99,22460.7,2685,63,measure
2026-09-10T22:26:22.840+00:00,1291.000,312.157,99,22460.7,2685,64,measure
2026-09-10T22:26:23.843+00:00,1292.003,305.917,99,22460.7,2685,64,measure
2026-09-10T22:26:24.841+00:00,1293.002,331.856,99,22460.7,2685,63,measure
2026-09-10T22:26:25.840+00:00,1294.000,358.211,99,22460.7,2685,65,measure
2026-09-10T22:26:24.361+00:00,1295.001,362.35,99,22460.7,2685,66,measure
2026-09-10T22:26:25.364+00:00,1296.004,374.33,99,22460.7,2685,67,measure
2026-09-10T22:26:26.361+00:00,1297.000,362.952,99,22460.7,2685,67,measure
2026-09-10T22:26:27.362+00:00,1298.001,348.19,99,22460.7,2685,67,measure
2026-09-10T22:26:28.362+00:00,1299.000,352.204,99,22460.7,2685,63,measure
2026-09-10T22:26:29.361+00:00,1300.000,355.174,99,22460.7,2685,65,measure
2026-09-10T22:26:30.363+00:00,1301.002,361.918,99,22460.7,2685,66,measure
2026-09-10T22:26:31.364+00:00,1302.003,357.926,99,22460.7,2685,64,measure
2026-09-10T22:26:32.362+00:00,1303.000,358.636,99,22460.7,2685,65,measure
2026-09-10T22:26:33.365+00:00,1304.002,363.064,99,22460.7,2685,66,measure
2026-09-10T22:26:34.396+00:00,1305.003,347.683,99,22460.7,2685,65,measure
2026-09-10T22:26:35.363+00:00,1306.002,333.541,99,22460.7,2685,65,measure
2026-09-10T22:26:36.363+00:00,1307.002,335.656,99,22460.7,2685,67,measure
2026-09-10T22:26:37.384+00:00,1308.024,339.747,99,22460.7,2685,66,measure
2026-09-10T22:26:38.421+00:00,1309.060,368.669,99,22460.7,2685,67,measure
2026-09-10T22:26:39.402+00:00,1310.040,360.935,99,22460.7,2685,66,measure
2026-09-10T22:26:40.361+00:00,1311.001,361.566,99,22460.7,2685,66,measure
2026-09-10T22:26:41.362+00:00,1312.001,363.524,99,22460.7,2685,66,measure
2026-09-10T22:26:42.366+00:00,1313.003,357.213,99,22460.7,2685,65,measure
2026-09-10T22:26:43.361+00:00,1314.000,366.946,99,22460.7,2685,68,measure
2026-09-10T22:26:44.362+00:00,1315.001,361.278,99,22460.7,2685,66,measure
2026-09-10T22:26:45.365+00:00,1316.004,364.679,99,22460.7,2685,67,measure
2026-09-10T22:26:46.362+00:00,1317.002,363.041,99,22460.7,2685,65,measure
2026-09-10T22:26:47.361+00:00,1318.001,363.884,99,22460.7,2685,67,measure
2026-09-10T22:26:48.361+00:00,1319.001,372.576,99,22460.7,2685,66,measure
2026-09-10T22:26:49.361+00:00,1320.000,371.581,99,22460.7,2685,66,measure
2026-09-10T22:26:50.444+00:00,1321.083,368.578,99,22460.7,2685,67,measure
2026-09-10T22:26:51.399+00:00,1322.039,362.911,99,22460.7,2685,67,measure
2026-09-10T22:26:52.370+00:00,1323.001,346.239,99,22460.7,2685,68,measure
2026-09-10T22:26:53.362+00:00,1324.002,349.178,99,22460.7,2685,66,measure
2026-09-10T22:26:54.361+00:00,1325.000,355.986,99,22460.7,2685,65,measure
2026-09-10T22:26:55.401+00:00,1326.040,349.893,99,22460.7,2685,66,measure
2026-09-10T22:26:53.862+00:00,1327.002,348.769,99,22460.7,2685,67,measure
2026-09-10T22:26:54.863+00:00,1328.001,321.54,99,22460.7,2685,63,measure
2026-09-10T22:26:55.861+00:00,1329.002,339.137,99,22460.7,2685,67,measure
2026-09-10T22:26:56.861+00:00,1330.002,368.622,99,22460.7,2685,67,measure
2026-09-10T22:26:57.860+00:00,1331.000,369.497,99,22460.7,2685,67,measure
2026-09-10T22:26:58.943+00:00,1332.083,376.177,99,22460.7,2685,66,measure
2026-09-10T22:26:59.867+00:00,1333.004,373.656,99,22460.7,2685,67,measure
2026-09-10T22:27:00.863+00:00,1334.002,358.659,99,22460.7,2685,65,measure
2026-09-10T22:27:01.944+00:00,1335.081,366.634,99,22460.7,2685,65,measure
2026-09-10T22:27:02.918+00:00,1336.058,339.888,99,22460.7,2685,65,measure
2026-09-10T22:27:03.938+00:00,1337.078,323.95,99,22460.7,2685,66,measure
2026-09-10T22:27:04.898+00:00,1338.039,336.996,99,22460.7,2685,65,measure
2026-09-10T22:27:05.861+00:00,1339.000,315.569,99,22460.7,2685,65,measure
2026-09-10T22:27:06.863+00:00,1340.001,328.316,99,22460.7,2685,67,measure
2026-09-10T22:27:07.860+00:00,1341.000,331.982,99,22460.7,2685,65,measure
2026-09-10T22:27:08.860+00:00,1342.001,312.634,99,22460.7,2685,63,measure
2026-09-10T22:27:09.862+00:00,1343.000,327.512,99,22460.7,2685,66,measure
2026-09-10T22:27:10.859+00:00,1344.000,307.838,99,22460.7,2685,64,measure
2026-09-10T22:27:11.861+00:00,1345.000,317.868,99,22460.7,2685,62,measure
2026-09-10T22:27:12.863+00:00,1346.000,315.218,99,22460.7,2685,62,measure
2026-09-10T22:27:13.860+00:00,1347.001,336.44,99,22460.7,2685,62,measure
2026-09-10T22:27:14.860+00:00,1348.000,348.003,99,22460.7,2685,65,measure
2026-09-10T22:27:15.860+00:00,1349.000,356.495,99,22460.7,2685,65,measure
2026-09-10T22:27:16.905+00:00,1350.045,340.032,99,22460.7,2685,67,measure
2026-09-10T22:27:17.861+00:00,1351.001,313.583,99,22460.7,2685,62,measure
2026-09-10T22:27:18.899+00:00,1352.000,314.173,99,22460.7,2685,62,measure
2026-09-10T22:27:19.891+00:00,1353.001,309.749,99,22460.7,2685,63,measure
2026-09-10T22:27:20.859+00:00,1354.000,314.16,99,22460.7,2685,63,measure
2026-09-10T22:27:21.860+00:00,1355.000,323.036,99,22460.7,2685,64,measure
2026-09-10T22:27:22.859+00:00,1356.000,314.702,99,22460.7,2685,63,measure
2026-09-10T22:27:23.861+00:00,1357.000,325.608,99,22460.7,2685,63,measure
2026-09-10T22:27:24.893+00:00,1358.001,333.633,99,22460.7,2685,66,measure
2026-09-10T22:27:25.860+00:00,1359.000,310.008,99,22460.7,2685,62,measure
2026-09-10T22:27:24.366+00:00,1360.000,321.398,99,22460.7,2685,62,measure
2026-09-10T22:27:25.359+00:00,1361.000,334.339,99,22460.7,2685,65,measure
2026-09-10T22:27:26.359+00:00,1362.001,355.972,99,22460.7,2685,68,measure
2026-09-10T22:27:27.361+00:00,1363.001,363.809,99,22460.7,2685,67,measure
2026-09-10T22:27:28.361+00:00,1364.001,356.823,99,22460.7,2685,65,measure
2026-09-10T22:27:29.359+00:00,1365.000,338.549,99,22460.7,2685,64,measure
2026-09-10T22:27:30.359+00:00,1366.000,332.933,99,22460.7,2685,66,measure
2026-09-10T22:27:31.414+00:00,1367.001,320.092,99,22460.7,2685,61,measure
2026-09-10T22:27:32.359+00:00,1368.001,354.152,99,22460.7,2685,64,measure
2026-09-10T22:27:33.360+00:00,1369.000,335.654,99,22460.7,2685,65,measure
2026-09-10T22:27:34.361+00:00,1370.000,312.747,99,22460.7,2685,62,measure
2026-09-10T22:27:35.359+00:00,1371.000,320.046,99,22460.7,2685,63,measure
2026-09-10T22:27:36.360+00:00,1372.001,302.581,99,22460.7,2685,61,measure
2026-09-10T22:27:37.360+00:00,1373.000,304.457,99,22460.7,2685,63,measure
2026-09-10T22:27:38.359+00:00,1374.000,307.914,99,22460.7,2685,64,measure
2026-09-10T22:27:39.361+00:00,1375.001,318.937,99,22460.7,2685,62,measure
2026-09-10T22:27:40.361+00:00,1376.001,319.751,99,22460.7,2685,64,measure
2026-09-10T22:27:41.422+00:00,1377.061,341.636,99,22460.7,2685,65,measure
2026-09-10T22:27:42.399+00:00,1378.040,334.736,99,22460.7,2685,66,measure
2026-09-10T22:27:43.359+00:00,1379.000,320.85,99,22460.7,2685,62,measure
2026-09-10T22:27:44.360+00:00,1380.001,317.777,99,22460.7,2685,62,measure
2026-09-10T22:27:45.361+00:00,1381.001,322.24,99,22460.7,2685,64,measure
2026-09-10T22:27:46.360+00:00,1382.001,329.186,99,22460.7,2685,64,measure
2026-09-10T22:27:47.359+00:00,1383.001,326.786,99,22460.7,2685,61,measure
2026-09-10T22:27:48.359+00:00,1384.000,350.865,99,22460.7,2685,64,measure
2026-09-10T22:27:49.359+00:00,1385.000,360.317,99,22460.7,2685,64,measure
2026-09-10T22:27:50.405+00:00,1386.045,359.237,99,22460.7,2685,65,measure
2026-09-10T22:27:51.361+00:00,1387.001,333.629,99,22460.7,2685,66,measure
2026-09-10T22:27:52.360+00:00,1388.000,330.138,99,22460.7,2685,62,measure
2026-09-10T22:27:53.359+00:00,1389.000,329.068,99,22460.7,2685,63,measure
2026-09-10T22:27:54.386+00:00,1390.000,357.476,99,22460.7,2685,65,measure
2026-09-10T22:27:55.359+00:00,1391.001,352.938,99,22460.7,2685,66,measure
2026-09-10T22:27:53.859+00:00,1392.000,349.6,99,22460.7,2685,66,measure
2026-09-10T22:27:54.942+00:00,1393.083,361.385,99,22460.7,2685,65,measure
2026-09-10T22:27:55.899+00:00,1394.039,344.143,99,22460.7,2685,63,measure
2026-09-10T22:27:56.859+00:00,1395.000,334.805,99,22460.7,2685,65,measure
2026-09-10T22:27:57.859+00:00,1396.000,326.119,99,22460.7,2685,63,measure
2026-09-10T22:27:58.860+00:00,1397.001,318.524,99,22460.7,2685,63,measure
2026-09-10T22:27:59.859+00:00,1398.000,314.424,99,22460.7,2685,61,measure
2026-09-10T22:28:00.861+00:00,1399.001,314.916,99,22460.7,2685,62,measure
2026-09-10T22:28:01.860+00:00,1400.001,318.773,99,22460.7,2685,65,measure
2026-09-10T22:28:02.859+00:00,1401.000,327.579,99,22460.7,2685,66,measure
2026-09-10T22:28:03.859+00:00,1402.001,359.752,99,22460.7,2685,65,measure
2026-09-10T22:28:04.859+00:00,1403.000,364.137,99,22460.7,2685,65,measure
2026-09-10T22:28:05.942+00:00,1404.083,356.193,99,22460.7,2685,65,measure
2026-09-10T22:28:06.935+00:00,1405.076,361.814,99,22460.7,2685,66,measure
2026-09-10T22:28:07.883+00:00,1406.014,347.97,99,22460.7,2685,65,measure
2026-09-10T22:28:08.859+00:00,1407.001,313.748,99,22460.7,2685,62,measure
2026-09-10T22:28:09.859+00:00,1408.000,317.168,99,22460.7,2685,65,measure
2026-09-10T22:28:10.859+00:00,1409.000,320.758,99,22460.7,2685,66,measure
2026-09-10T22:28:11.859+00:00,1410.000,333.154,99,22460.7,2685,63,measure
2026-09-10T22:28:12.861+00:00,1411.001,318.83,99,22460.7,2685,61,measure
2026-09-10T22:28:13.859+00:00,1412.000,312.692,99,22460.7,2685,62,measure
2026-09-10T22:28:14.859+00:00,1413.000,339.94,99,22460.7,2685,66,measure
2026-09-10T22:28:15.859+00:00,1414.000,362.13,99,22460.7,2685,65,measure
2026-09-10T22:28:16.901+00:00,1415.000,369.838,99,22460.7,2685,65,measure
2026-09-10T22:28:17.879+00:00,1416.000,378.135,99,22460.7,2685,67,measure
2026-09-10T22:28:18.861+00:00,1417.001,374.546,99,22460.7,2685,66,measure
2026-09-10T22:28:19.859+00:00,1418.000,375.821,99,22460.7,2685,67,measure
2026-09-10T22:28:20.859+00:00,1419.001,359.556,99,22460.7,2685,65,measure
2026-09-10T22:28:21.861+00:00,1420.001,341.745,99,22460.7,2685,62,measure
2026-09-10T22:28:22.860+00:00,1421.001,312.545,99,22460.7,2685,61,measure
2026-09-10T22:28:23.863+00:00,1422.003,321.283,99,22460.7,2685,64,measure
2026-09-10T22:28:24.861+00:00,1423.001,323.632,99,22460.7,2685,65,measure
2026-09-10T22:28:25.860+00:00,1424.002,328.842,99,22460.7,2685,64,measure
2026-09-10T22:28:24.373+00:00,1425.020,352.55,99,22460.7,2685,66,measure
2026-09-10T22:28:25.357+00:00,1426.003,361.094,99,22460.7,2685,65,measure
2026-09-10T22:28:26.365+00:00,1427.006,362.609,99,22460.7,2685,65,measure
2026-09-10T22:28:27.358+00:00,1428.003,350.865,99,22460.7,2685,65,measure
2026-09-10T22:28:28.355+00:00,1429.000,327.992,99,22460.7,2685,65,measure
2026-09-10T22:28:29.354+00:00,1430.001,328.324,99,22460.7,2685,64,measure
2026-09-10T22:28:30.354+00:00,1431.000,320.723,99,22460.7,2685,61,measure
2026-09-10T22:28:31.354+00:00,1432.001,333.716,99,22460.7,2685,62,measure
2026-09-10T22:28:32.354+00:00,1433.000,311.66,99,22460.7,2685,61,measure
2026-09-10T22:28:33.356+00:00,1434.001,316.338,99,22460.7,2685,62,measure
2026-09-10T22:28:34.358+00:00,1435.000,333.347,99,22460.7,2685,65,measure
2026-09-10T22:28:35.354+00:00,1436.000,319.142,99,22460.7,2685,65,measure
2026-09-10T22:28:36.355+00:00,1437.001,325.531,99,22460.7,2685,63,measure
2026-09-10T22:28:37.354+00:00,1438.001,334.77,99,22460.7,2685,63,measure
2026-09-10T22:28:38.354+00:00,1439.001,348.738,99,22460.7,2685,66,measure
2026-09-10T22:28:39.355+00:00,1440.000,363.173,99,22460.7,2685,67,measure
2026-09-10T22:28:40.355+00:00,1441.001,360.811,99,22460.7,2685,67,measure
2026-09-10T22:28:41.355+00:00,1442.000,364.458,99,22460.7,2685,67,measure
2026-09-10T22:28:42.354+00:00,1443.001,360.598,99,22460.7,2685,67,measure
2026-09-10T22:28:43.354+00:00,1444.000,364.209,99,22460.7,2685,65,measure
2026-09-10T22:28:44.359+00:00,1445.004,361.691,99,22460.7,2685,65,measure
2026-09-10T22:28:45.356+00:00,1446.001,364.18,99,22460.7,2685,65,measure
2026-09-10T22:28:46.357+00:00,1447.001,361.642,99,22460.7,2685,66,measure
2026-09-10T22:28:47.355+00:00,1448.001,361.356,99,22460.7,2685,67,measure
2026-09-10T22:28:48.354+00:00,1449.000,347.472,99,22460.7,2685,67,measure
2026-09-10T22:28:49.356+00:00,1450.000,330.424,99,22460.7,2685,65,measure
2026-09-10T22:28:50.356+00:00,1451.003,364.899,99,22460.7,2685,67,measure
2026-09-10T22:28:51.360+00:00,1452.004,368.634,99,22460.7,2685,66,measure
2026-09-10T22:28:52.357+00:00,1453.002,375.033,99,22460.7,2685,69,measure
2026-09-10T22:28:53.357+00:00,1454.003,371.415,99,22460.7,2685,66,measure
2026-09-10T22:28:54.356+00:00,1455.002,367.773,99,22460.7,2685,66,measure
2026-09-10T22:28:55.354+00:00,1456.000,383.421,99,22460.7,2685,67,measure
2026-09-10T22:28:53.849+00:00,1457.001,373.801,99,22460.7,2685,68,measure
2026-09-10T22:28:54.851+00:00,1458.001,376.197,99,22460.7,2685,66,measure
2026-09-10T22:28:55.851+00:00,1459.001,359.984,99,22460.7,2685,67,measure
2026-09-10T22:28:56.850+00:00,1460.001,357.734,99,22460.7,2685,66,measure
2026-09-10T22:28:57.852+00:00,1461.003,344.772,99,22460.7,2685,66,measure
2026-09-10T22:28:58.849+00:00,1462.000,337.801,99,22460.7,2685,63,measure
2026-09-10T22:28:59.849+00:00,1463.000,316.899,99,22460.7,2685,63,measure
2026-09-10T22:29:00.851+00:00,1464.001,333.054,99,22460.7,2685,67,measure
2026-09-10T22:29:01.850+00:00,1465.001,332.835,99,22460.7,2685,67,measure
2026-09-10T22:29:02.851+00:00,1466.001,351.317,99,22460.7,2685,67,measure
2026-09-10T22:29:03.849+00:00,1467.000,354.81,99,22460.7,2685,63,measure
2026-09-10T22:29:04.876+00:00,1468.000,328.046,99,22460.7,2685,62,measure
2026-09-10T22:29:05.849+00:00,1469.000,326.803,99,22460.7,2685,64,measure
2026-09-10T22:29:06.851+00:00,1470.001,322.383,99,22460.7,2685,64,measure
2026-09-10T22:29:07.851+00:00,1471.000,332.648,99,22460.7,2685,63,measure
2026-09-10T22:29:08.849+00:00,1472.001,361.006,99,22460.7,2685,65,measure
2026-09-10T22:29:09.848+00:00,1473.000,361.384,99,22460.7,2685,67,measure
2026-09-10T22:29:10.849+00:00,1474.001,376.084,99,22460.7,2685,68,measure
2026-09-10T22:29:11.849+00:00,1475.000,368.299,99,22460.7,2685,66,measure
2026-09-10T22:29:12.850+00:00,1476.001,361.393,99,22460.7,2685,66,measure
2026-09-10T22:29:13.851+00:00,1477.001,361.146,99,22460.7,2685,68,measure
2026-09-10T22:29:14.850+00:00,1478.002,328.329,99,22460.7,2685,64,measure
2026-09-10T22:29:15.849+00:00,1479.001,350.576,99,22460.7,2685,68,measure
2026-09-10T22:29:16.850+00:00,1480.001,363.111,99,22460.7,2685,66,measure
2026-09-10T22:29:17.849+00:00,1481.000,360.781,99,22460.7,2685,67,measure
2026-09-10T22:29:18.850+00:00,1482.000,365.372,99,22460.7,2685,68,measure
2026-09-10T22:29:19.850+00:00,1483.001,352.096,99,22460.7,2685,66,measure
2026-09-10T22:29:20.849+00:00,1484.000,359.884,99,22460.7,2685,67,measure
2026-09-10T22:29:21.849+00:00,1485.001,364.023,99,22460.7,2685,68,measure
2026-09-10T22:29:22.849+00:00,1486.000,364.321,99,22460.7,2685,67,measure
2026-09-10T22:29:23.849+00:00,1487.000,329.594,99,22460.7,2685,62,measure
2026-09-10T22:29:24.850+00:00,1488.000,360.116,99,22460.7,2685,66,measure
2026-09-10T22:29:25.850+00:00,1489.000,361.79,99,22460.7,2685,66,measure
2026-09-10T22:29:24.346+00:00,1490.000,366.416,99,22460.7,2685,67,measure
2026-09-10T22:29:25.346+00:00,1491.000,340.403,99,22460.7,2685,62,measure
2026-09-10T22:29:26.346+00:00,1492.000,327.124,99,22460.7,2685,65,measure
2026-09-10T22:29:27.345+00:00,1493.000,333.682,99,22460.7,2685,64,measure
2026-09-10T22:29:28.347+00:00,1494.000,335.976,99,22460.7,2685,65,measure
2026-09-10T22:29:29.361+00:00,1495.004,350.532,99,22460.7,2685,66,measure
2026-09-10T22:29:30.346+00:00,1496.000,364.688,99,22460.7,2685,66,measure
2026-09-10T22:29:31.346+00:00,1497.000,364.418,99,22460.7,2685,67,measure
2026-09-10T22:29:32.345+00:00,1498.000,365.391,99,22460.7,2685,68,measure
2026-09-10T22:29:33.346+00:00,1499.000,361.968,99,22460.7,2685,66,measure
2026-09-10T22:29:34.351+00:00,1500.000,364.204,99,22460.7,2685,67,measure
2026-09-10T22:29:35.347+00:00,1501.000,339.243,99,22460.7,2685,66,measure
2026-09-10T22:29:36.347+00:00,1502.002,338.444,99,22460.7,2685,66,measure
2026-09-10T22:29:37.347+00:00,1503.001,356.941,99,22460.7,2685,69,measure
2026-09-10T22:29:38.345+00:00,1504.000,360.816,99,22460.7,2685,66,measure
2026-09-10T22:29:39.347+00:00,1505.001,365.724,99,22460.7,2685,65,measure
2026-09-10T22:29:40.348+00:00,1506.003,300.466,99,22460.7,2685,62,measure
2026-09-10T22:29:41.346+00:00,1507.001,270.739,99,22460.7,2685,61,measure
2026-09-10T22:29:42.348+00:00,1508.003,135.16,0,22460.7,2700,54,measure
2026-09-10T22:29:43.352+00:00,1509.006,74.82,0,22460.7,2700,53,measure
2026-09-10T22:29:44.348+00:00,1510.002,72.655,0,22460.7,405,52,measure
2026-09-10T22:29:45.350+00:00,1511.004,38.854,0,22460.7,300,51,measure
2026-09-10T22:29:46.347+00:00,1512.001,36.738,0,22460.7,240,50,measure
2026-09-10T22:29:47.349+00:00,1513.003,35.508,0,22460.7,210,50,measure
2026-09-10T22:29:48.346+00:00,1514.000,30.307,0,22460.7,210,50,measure
2026-09-10T22:29:49.346+00:00,1515.000,24.615,0,22460.7,210,49,measure
2026-09-10T22:29:50.348+00:00,1516.002,20.818,0,22460.7,210,49,measure
2026-09-10T22:29:51.347+00:00,1517.001,17.626,0,22460.7,210,49,measure
2026-09-10T22:29:52.346+00:00,1518.001,17.37,0,22460.7,210,48,measure
2026-09-10T22:29:53.346+00:00,1519.000,17.302,0,22460.7,210,48,measure
2026-09-10T22:29:54.350+00:00,1520.004,17.302,0,22460.7,210,48,measure
2026-09-10T22:29:55.347+00:00,1521.001,17.012,0,22460.7,210,48,measure
2026-09-10T22:29:53.876+00:00,1522.000,16.634,0,22460.7,210,47,measure
2026-09-10T22:29:54.919+00:00,1523.042,16.432,0,22460.7,210,47,measure
2026-09-10T22:29:55.877+00:00,1524.000,16.186,0,22460.7,210,47,measure
2026-09-10T22:29:56.877+00:00,1525.001,15.956,0,22460.7,210,47,measure
2026-09-10T22:29:57.877+00:00,1526.001,15.942,0,22460.7,210,47,measure
2026-09-10T22:29:58.877+00:00,1527.001,15.563,0,22460.7,210,46,measure
2026-09-10T22:29:59.878+00:00,1528.001,15.454,0,22460.7,210,46,measure
2026-09-10T22:30:00.881+00:00,1529.005,15.454,0,22460.7,210,46,measure
2026-09-10T22:30:01.879+00:00,1530.003,15.504,0,22460.7,210,46,measure
2026-09-10T22:30:02.877+00:00,1531.000,15.361,0,22460.7,210,46,measure
2026-09-10T22:30:03.880+00:00,1532.003,15.327,0,22460.7,210,46,measure
2026-09-10T22:30:04.878+00:00,1533.002,15.642,0,22460.7,210,45,measure
2026-09-10T22:30:05.880+00:00,1534.003,15.938,0,22460.7,210,45,measure
2026-09-10T22:30:06.878+00:00,1535.001,16.031,0,22460.7,210,45,measure
2026-09-10T22:30:07.880+00:00,1536.001,15.856,0,22460.7,210,45,measure
2026-09-10T22:30:08.877+00:00,1537.001,15.501,0,22460.7,210,45,measure
2026-09-10T22:30:09.877+00:00,1538.001,15.456,0,22460.7,210,45,measure
2026-09-10T22:30:10.880+00:00,1539.003,15.518,0,22460.7,210,45,measure
2026-09-10T22:30:11.877+00:00,1540.001,15.396,0,22460.7,210,45,measure
2026-09-10T22:30:12.878+00:00,1541.002,15.521,0,22460.7,210,44,measure
2026-09-10T22:30:13.877+00:00,1542.001,15.521,0,22460.7,210,44,measure
2026-09-10T22:30:14.877+00:00,1543.001,15.646,0,22460.7,210,44,measure
2026-09-10T22:30:15.877+00:00,1544.001,15.455,0,22460.7,210,44,measure
2026-09-10T22:30:16.877+00:00,1545.001,15.649,0,22460.7,210,44,measure
2026-09-10T22:30:17.877+00:00,1546.001,15.639,0,22460.7,210,44,measure
2026-09-10T22:30:18.877+00:00,1547.000,15.543,0,22460.7,210,44,measure
2026-09-10T22:30:19.877+00:00,1548.000,15.412,0,22460.7,210,44,measure
2026-09-10T22:30:20.877+00:00,1549.000,15.228,0,22460.7,210,44,measure
2026-09-10T22:30:21.879+00:00,1550.003,15.247,0,22460.7,210,43,measure
2026-09-10T22:30:22.878+00:00,1551.001,15.28,0,22460.7,210,43,measure
2026-09-10T22:30:23.877+00:00,1552.000,15.243,0,22460.7,210,43,measure
2026-09-10T22:30:24.879+00:00,1553.003,15.245,0,22460.7,210,43,measure
2026-09-10T22:30:23.396+00:00,1554.000,15.238,0,22460.7,210,43,measure
2026-09-10T22:30:24.398+00:00,1555.003,15.238,0,22460.7,210,43,measure
2026-09-10T22:30:25.396+00:00,1556.001,15.202,0,22460.7,210,43,measure
2026-09-10T22:30:26.398+00:00,1557.004,15.135,0,22460.7,210,43,measure
2026-09-10T22:30:27.398+00:00,1558.003,15.2,0,22460.7,210,43,measure
2026-09-10T22:30:28.400+00:00,1559.006,15.168,0,22460.7,210,43,measure
2026-09-10T22:30:29.395+00:00,1560.000,14.909,0,22460.7,210,42,measure
2026-09-10T22:30:30.395+00:00,1561.000,14.68,0,22460.7,210,42,measure
2026-09-10T22:30:31.395+00:00,1562.000,14.602,0,22460.7,210,42,measure
2026-09-10T22:30:32.395+00:00,1563.000,14.607,0,22460.7,210,42,measure
2026-09-10T22:30:33.396+00:00,1564.001,14.553,0,22460.7,210,42,measure
2026-09-10T22:30:34.395+00:00,1565.001,14.515,0,22460.7,210,42,measure
2026-09-10T22:30:35.395+00:00,1566.001,14.431,0,22460.7,210,42,measure
2026-09-10T22:30:36.396+00:00,1567.002,14.383,0,22460.7,210,42,measure
2026-09-10T22:30:37.396+00:00,1568.001,14.383,0,22460.7,210,42,measure
2026-09-10T22:30:38.400+00:00,1569.005,14.459,0,22460.7,210,42,measure
2026-09-10T22:30:39.396+00:00,1570.001,14.556,0,22460.7,210,42,measure
2026-09-10T22:30:40.396+00:00,1571.001,14.62,0,22460.7,210,41,measure
2026-09-10T22:30:41.396+00:00,1572.001,14.633,0,22460.7,210,41,measure
2026-09-10T22:30:42.396+00:00,1573.001,14.765,0,22460.7,210,41,measure
2026-09-10T22:30:43.395+00:00,1574.000,14.89,0,22460.7,210,41,measure
2026-09-10T22:30:44.395+00:00,1575.000,14.782,0,22460.7,210,41,measure
2026-09-10T22:30:45.395+00:00,1576.000,14.402,0,22460.7,210,41,measure
2026-09-10T22:30:46.396+00:00,1577.001,14.26,0,22460.7,210,41,measure
2026-09-10T22:30:47.395+00:00,1578.000,13.955,0,22460.7,210,41,measure
2026-09-10T22:30:48.395+00:00,1579.000,13.789,0,22460.7,210,41,measure
2026-09-10T22:30:49.395+00:00,1580.000,13.737,0,22460.7,210,41,measure
2026-09-10T22:30:50.395+00:00,1581.000,13.524,0,22460.7,210,41,measure
2026-09-10T22:30:51.395+00:00,1582.000,13.403,0,22460.7,210,41,measure
2026-09-10T22:30:52.395+00:00,1583.001,13.596,0,22460.7,210,41,measure
2026-09-10T22:30:53.396+00:00,1584.001,13.646,0,22460.7,210,41,measure
2026-09-10T22:30:54.395+00:00,1585.001,13.646,0,22460.7,210,41,measure
2026-09-10T22:30:55.395+00:00,1586.000,13.586,0,22460.7,210,41,measure
2026-09-10T22:30:53.900+00:00,1587.001,13.639,0,22460.7,210,41,measure
2026-09-10T22:30:54.900+00:00,1588.001,13.814,0,22460.7,210,41,measure
2026-09-10T22:30:55.902+00:00,1589.003,13.767,0,22460.7,210,41,measure
2026-09-10T22:30:56.900+00:00,1590.001,13.535,0,22460.7,210,41,measure
2026-09-10T22:30:57.900+00:00,1591.001,13.539,0,22460.7,210,41,measure
2026-09-10T22:30:58.900+00:00,1592.001,13.793,0,22460.7,210,41,measure
2026-09-10T22:30:59.899+00:00,1593.000,13.999,0,22460.7,210,41,measure
2026-09-10T22:31:00.899+00:00,1594.000,13.999,0,22460.7,210,41,measure
2026-09-10T22:31:01.899+00:00,1595.000,13.765,0,22460.7,210,41,measure
2026-09-10T22:31:02.900+00:00,1596.000,13.833,0,22460.7,210,41,measure
2026-09-10T22:31:03.900+00:00,1597.000,13.9,0,22460.7,210,41,measure
2026-09-10T22:31:04.899+00:00,1598.000,13.925,0,22460.7,210,41,measure
2026-09-10T22:31:05.904+00:00,1599.005,13.899,0,22460.7,210,41,measure
2026-09-10T22:31:06.899+00:00,1600.000,13.813,0,22460.7,210,41,measure
2026-09-10T22:31:07.901+00:00,1601.002,13.805,0,22460.7,210,41,measure
2026-09-10T22:31:08.899+00:00,1602.000,13.807,0,22460.7,210,41,measure
2026-09-10T22:31:09.903+00:00,1603.004,13.726,0,22460.7,210,41,measure
2026-09-10T22:31:10.902+00:00,1604.003,13.65,0,22460.7,210,41,measure
2026-09-10T22:31:11.900+00:00,1605.001,13.765,0,22460.7,210,41,measure
2026-09-10T22:31:12.905+00:00,1606.003,14.002,0,22460.7,210,41,measure
2026-09-10T22:31:13.903+00:00,1607.004,13.969,0,22460.7,210,41,measure
2026-09-10T22:31:14.901+00:00,1608.002,13.969,0,22460.7,210,41,measure
2026-09-10T22:31:15.899+00:00,1609.000,13.922,0,22460.7,210,41,measure
2026-09-10T22:31:16.899+00:00,1610.000,14.015,0,22460.7,210,41,measure
2026-09-10T22:31:17.902+00:00,1611.003,14.034,0,22460.7,210,41,measure
2026-09-10T22:31:18.900+00:00,1612.001,13.985,0,22460.7,210,41,measure
2026-09-10T22:31:19.902+00:00,1613.003,13.95,0,22460.7,210,41,measure
2026-09-10T22:31:20.903+00:00,1614.003,13.909,0,22460.7,210,41,measure
2026-09-10T22:31:21.901+00:00,1615.002,13.862,0,22460.7,210,41,measure
2026-09-10T22:31:22.905+00:00,1616.006,13.814,0,22460.7,210,41,measure
2026-09-10T22:31:23.904+00:00,1617.005,13.731,0,22460.7,210,41,measure
2026-09-10T22:31:24.902+00:00,1618.003,13.673,0,22460.7,210,42,measure
2026-09-10T22:31:23.479+00:00,1619.060,13.792,0,22460.7,210,42,measure
2026-09-10T22:31:24.491+00:00,1620.072,13.986,0,22460.7,210,42,measure
2026-09-10T22:31:25.420+00:00,1621.001,13.986,0,22460.7,210,42,measure
2026-09-10T22:31:26.419+00:00,1622.000,13.902,0,22460.7,210,42,measure
2026-09-10T22:31:27.424+00:00,1623.005,13.721,0,22460.7,210,42,measure
2026-09-10T22:31:28.421+00:00,1624.002,13.728,0,22460.7,210,42,measure
2026-09-10T22:31:29.419+00:00,1625.000,13.653,0,22460.7,210,42,measure
2026-09-10T22:31:30.422+00:00,1626.003,13.708,0,22460.7,210,42,measure
2026-09-10T22:31:31.419+00:00,1627.000,14.005,0,22460.7,210,42,measure
2026-09-10T22:31:32.419+00:00,1628.000,14.206,0,22460.7,210,42,measure
2026-09-10T22:31:33.419+00:00,1629.000,14,0,22460.7,210,42,measure
2026-09-10T22:31:34.422+00:00,1630.003,13.928,0,22460.7,210,42,measure
2026-09-10T22:31:35.419+00:00,1631.000,14.141,0,22460.7,210,42,measure
2026-09-10T22:31:36.421+00:00,1632.000,14.03,0,22460.7,210,42,measure
2026-09-10T22:31:37.420+00:00,1633.001,13.934,0,22460.7,210,42,measure
2026-09-10T22:31:38.419+00:00,1634.000,13.934,0,22460.7,210,42,measure
2026-09-10T22:31:39.419+00:00,1635.000,13.994,0,22460.7,210,42,measure
2026-09-10T22:31:40.420+00:00,1636.001,13.977,0,22460.7,210,42,measure
2026-09-10T22:31:41.419+00:00,1637.001,13.777,0,22460.7,210,42,measure
2026-09-10T22:31:42.419+00:00,1638.001,13.709,0,22460.7,210,42,measure
2026-09-10T22:31:43.420+00:00,1639.001,13.799,0,22460.7,210,42,measure
2026-09-10T22:31:44.420+00:00,1640.000,13.831,0,22460.7,210,42,measure
2026-09-10T22:31:45.419+00:00,1641.001,13.84,0,22460.7,210,42,measure
2026-09-10T22:31:46.419+00:00,1642.000,13.924,0,22460.7,210,42,measure
2026-09-10T22:31:47.419+00:00,1643.001,13.972,0,22460.7,210,42,measure
2026-09-10T22:31:48.420+00:00,1644.001,14.01,0,22460.7,210,42,measure
2026-09-10T22:31:49.419+00:00,1645.000,14.095,0,22460.7,210,42,measure
2026-09-10T22:31:50.420+00:00,1646.002,14.167,0,22460.7,210,42,measure
2026-09-10T22:31:51.419+00:00,1647.000,14.088,0,22460.7,210,42,measure
2026-09-10T22:31:52.419+00:00,1648.001,13.944,0,22460.7,210,42,measure
2026-09-10T22:31:53.419+00:00,1649.000,13.879,0,22460.7,210,42,measure
2026-09-10T22:31:54.419+00:00,1650.001,13.855,0,22460.7,210,42,measure
2026-09-10T22:31:52.937+00:00,1651.019,13.855,0,22460.7,210,42,measure
2026-09-10T22:31:53.979+00:00,1652.061,13.898,0,22460.7,210,42,measure
2026-09-10T22:31:54.937+00:00,1653.019,13.957,0,22460.7,210,42,measure
2026-09-10T22:31:55.921+00:00,1654.002,14.06,0,22460.7,210,42,measure
2026-09-10T22:31:56.924+00:00,1655.005,14.15,0,22460.7,210,42,measure
2026-09-10T22:31:57.922+00:00,1656.004,14.107,0,22460.7,210,42,measure
2026-09-10T22:31:58.924+00:00,1657.006,14.156,0,22460.7,210,42,measure
2026-09-10T22:31:59.922+00:00,1658.003,14.128,0,22460.7,210,42,measure
2026-09-10T22:32:00.921+00:00,1659.003,14.122,0,22460.7,210,42,measure
2026-09-10T22:32:01.923+00:00,1660.005,14.178,0,22460.7,210,42,measure
2026-09-10T22:32:02.926+00:00,1661.008,14.174,0,22460.7,210,42,measure
2026-09-10T22:32:03.922+00:00,1662.003,14.049,0,22460.7,210,42,measure
2026-09-10T22:32:04.920+00:00,1663.001,13.86,0,22460.7,210,42,measure
2026-09-10T22:32:05.924+00:00,1664.006,13.779,0,22460.7,210,42,measure
2026-09-10T22:32:06.919+00:00,1665.001,13.691,0,22460.7,210,42,measure
2026-09-10T22:32:07.920+00:00,1666.001,13.648,0,22460.7,210,42,measure
2026-09-10T22:32:08.922+00:00,1667.004,13.664,0,22460.7,210,42,measure
2026-09-10T22:32:09.920+00:00,1668.002,13.567,0,22460.7,210,42,measure
2026-09-10T22:32:10.921+00:00,1669.002,13.507,0,22460.7,210,42,measure
2026-09-10T22:32:11.919+00:00,1670.001,13.518,0,22460.7,210,42,measure
2026-09-10T22:32:12.923+00:00,1671.005,13.548,0,22460.7,210,42,measure
2026-09-10T22:32:13.921+00:00,1672.002,13.548,0,22460.7,210,42,measure
2026-09-10T22:32:14.919+00:00,1673.001,13.505,0,22460.7,210,42,measure
2026-09-10T22:32:15.921+00:00,1674.003,13.5,0,22460.7,210,42,measure
2026-09-10T22:32:16.922+00:00,1675.003,13.628,0,22460.7,210,42,measure
2026-09-10T22:32:17.925+00:00,1676.006,13.677,0,22460.7,210,42,measure
2026-09-10T22:32:18.921+00:00,1677.003,13.634,0,22460.7,210,42,measure
2026-09-10T22:32:19.919+00:00,1678.001,13.604,0,22460.7,210,42,measure
2026-09-10T22:32:20.926+00:00,1679.007,13.619,0,22460.7,210,42,measure
2026-09-10T22:32:21.922+00:00,1680.004,13.612,0,22460.7,210,42,measure
2026-09-10T22:32:22.919+00:00,1681.000,13.619,0,22460.7,210,42,measure
2026-09-10T22:32:23.921+00:00,1682.002,13.687,0,22460.7,210,42,measure
2026-09-10T22:32:24.919+00:00,1683.000,13.782,0,22460.7,210,42,measure
2026-09-10T22:32:23.463+00:00,1684.045,13.737,0,22460.7,210,42,measure
2026-09-10T22:32:24.463+00:00,1685.044,13.737,0,22460.7,210,42,measure
2026-09-10T22:32:25.422+00:00,1686.003,13.608,0,22460.7,210,42,measure
2026-09-10T22:32:26.419+00:00,1687.001,13.549,0,22460.7,210,42,measure
2026-09-10T22:32:27.420+00:00,1688.002,13.565,0,22460.7,210,42,measure
2026-09-10T22:32:28.423+00:00,1689.004,13.635,0,22460.7,210,42,measure
2026-09-10T22:32:29.421+00:00,1690.003,13.691,0,22460.7,210,42,measure
2026-09-10T22:32:30.419+00:00,1691.000,13.674,0,22460.7,210,42,measure
2026-09-10T22:32:31.425+00:00,1692.007,13.646,0,22460.7,210,42,measure
2026-09-10T22:32:32.422+00:00,1693.003,13.558,0,22460.7,210,42,measure
2026-09-10T22:32:33.422+00:00,1694.002,13.522,0,22460.7,210,42,measure
2026-09-10T22:32:34.427+00:00,1695.007,13.555,0,22460.7,210,42,measure
2026-09-10T22:32:35.423+00:00,1696.004,13.563,0,22460.7,210,42,measure
2026-09-10T22:32:36.422+00:00,1697.002,13.656,0,22460.7,210,42,measure
2026-09-10T22:32:37.420+00:00,1698.001,13.656,0,22460.7,210,42,measure
2026-09-10T22:32:38.422+00:00,1699.002,13.616,0,22460.7,210,42,measure
2026-09-10T22:32:39.427+00:00,1700.006,13.42,0,22460.7,210,42,measure
2026-09-10T22:32:40.422+00:00,1701.001,13.39,0,22460.7,210,42,measure
2026-09-10T22:32:41.424+00:00,1702.003,13.426,0,22460.7,210,42,measure
2026-09-10T22:32:42.435+00:00,1703.013,13.57,0,22460.7,210,42,measure
2026-09-10T22:32:43.425+00:00,1704.005,13.706,0,22460.7,210,42,measure
2026-09-10T22:32:44.422+00:00,1705.001,13.675,0,22460.7,210,42,measure
2026-09-10T22:32:45.420+00:00,1706.002,13.619,0,22460.7,210,42,measure
2026-09-10T22:32:46.424+00:00,1707.001,13.64,0,22460.7,210,42,measure
2026-09-10T22:32:47.422+00:00,1708.001,13.488,0,22460.7,210,42,measure
