timestamp_iso,t_s,power_w,util_gpu_pct,mem_used_mib,clocks_sm_mhz,temp_c,phase
2026-09-10T23:37:00.665+00:00,0.000,158.541,0,22343.7,2700,52,measure
2026-09-10T23:37:01.667+00:00,1.003,87.566,0,22343.7,2700,51,measure
2026-09-10T23:37:02.667+00:00,2.006,65.136,0,22343.7,465,50,measure
2026-09-10T23:37:03.663+00:00,3.001,48.751,0,22343.7,330,50,measure
2026-09-10T23:37:04.664+00:00,4.002,33.115,0,22343.7,240,49,measure
2026-09-10T23:37:05.667+00:00,5.005,33.117,0,22343.7,210,49,measure
2026-09-10T23:37:06.669+00:00,6.008,32.988,0,22343.7,210,48,measure
2026-09-10T23:37:07.667+00:00,7.003,30.116,0,22343.7,210,48,measure
2026-09-10T23:37:08.662+00:00,8.000,30.116,0,22343.7,210,48,measure
2026-09-10T23:37:09.700+00:00,9.000,72.53,99,22343.7,2700,56,measure
2026-09-10T23:37:10.662+00:00,10.000,291.896,99,22343.7,2700,57,measure
2026-09-10T23:37:11.662+00:00,11.001,307.522,99,22343.7,2700,62,measure
2026-09-10T23:37:12.662+00:00,12.001,301.169,99,22343.7,2700,60,measure
2026-09-10T23:37:13.662+00:00,13.001,308.07,99,22343.7,2685,58,measure
2026-09-10T23:37:14.664+00:00,14.001,307.132,99,22343.7,2685,61,measure
2026-09-10T23:37:15.663+00:00,15.001,327.317,99,22343.7,2685,62,measure
2026-09-10T23:37:16.663+00:00,16.002,347.031,99,22343.7,2685,63,measure
2026-09-10T23:37:17.664+00:00,17.002,362.612,99,22343.7,2685,63,measure
2026-09-10T23:37:18.662+00:00,18.001,353.943,99,22343.7,2685,62,measure
2026-09-10T23:37:17.224+00:00,19.001,358.314,99,22343.7,2685,65,measure
2026-09-10T23:37:18.182+00:00,20.001,337.523,99,22343.7,2685,60,measure
2026-09-10T23:37:19.182+00:00,21.001,353.241,99,22343.7,2685,64,measure
2026-09-10T23:37:20.180+00:00,22.001,361.31,99,22343.7,2685,64,measure
2026-09-10T23:37:21.180+00:00,23.002,361.682,99,22343.7,2685,66,measure
2026-09-10T23:37:22.180+00:00,24.001,363.145,99,22343.7,2685,65,measure
2026-09-10T23:37:23.179+00:00,25.000,363.264,99,22343.7,2685,64,measure
2026-09-10T23:37:24.181+00:00,26.001,363.248,99,22343.7,2685,65,measure
2026-09-10T23:37:25.198+00:00,27.018,358.334,99,22343.7,2685,65,measure
2026-09-10T23:37:26.180+00:00,28.002,363.091,99,22343.7,2685,66,measure
2026-09-10T23:37:27.180+00:00,29.001,348.995,99,22343.7,2685,65,measure
2026-09-10T23:37:28.181+00:00,30.002,358.368,99,22343.7,2685,65,measure
2026-09-10T23:37:29.180+00:00,31.001,369.123,99,22343.7,2685,67,measure
2026-09-10T23:37:30.182+00:00,32.001,361.378,99,22343.7,2685,64,measure
2026-09-10T23:37:31.183+00:00,33.004,362.949,99,22343.7,2685,63,measure
2026-09-10T23:37:32.181+00:00,34.003,358.217,99,22343.7,2685,64,measure
2026-09-10T23:37:33.226+00:00,35.000,365.649,99,22343.7,2685,68,measure
2026-09-10T23:37:34.179+00:00,36.001,384.594,99,22343.7,2685,67,measure
2026-09-10T23:37:35.179+00:00,37.000,373.198,99,22343.7,2685,65,measure
2026-09-10T23:37:36.180+00:00,38.000,376.36,99,22343.7,2685,66,measure
2026-09-10T23:37:37.182+00:00,39.000,376.561,99,22343.7,2685,65,measure
2026-09-10T23:37:38.179+00:00,40.001,368.745,99,22343.7,2685,65,measure
2026-09-10T23:37:39.179+00:00,41.000,362.815,99,22343.7,2685,65,measure
2026-09-10T23:37:40.179+00:00,42.000,366.999,99,22343.7,2685,64,measure
2026-09-10T23:37:41.179+00:00,43.000,334.936,99,22343.7,2685,62,measure
2026-09-10T23:37:42.181+00:00,44.001,324.523,99,22340,2685,64,measure
2026-09-10T23:37:43.182+00:00,45.000,321.803,99,22339.6,2685,61,measure
2026-09-10T23:37:44.182+00:00,46.001,338.48,99,22339.6,2685,66,measure
2026-09-10T23:37:45.179+00:00,47.001,358.938,99,22339.6,2685,64,measure
2026-09-10T23:37:46.179+00:00,48.000,357.596,99,22339.6,2685,65,measure
2026-09-10T23:37:47.179+00:00,49.000,350.561,99,22339.6,2685,65,measure
2026-09-10T23:37:48.180+00:00,50.000,324.396,99,22339.6,2685,61,measure
2026-09-10T23:37:49.181+00:00,51.001,323.175,99,22339.6,2685,60,measure
2026-09-10T23:37:47.661+00:00,52.001,322.315,99,22339.6,2685,63,measure
2026-09-10T23:37:48.663+00:00,53.003,316.594,99,22339.6,2685,64,measure
2026-09-10T23:37:49.664+00:00,54.004,317.783,99,22339.6,2685,62,measure
2026-09-10T23:37:50.660+00:00,55.000,313.459,99,22339.6,2685,63,measure
2026-09-10T23:37:51.661+00:00,56.000,310.512,99,22339.6,2685,61,measure
2026-09-10T23:37:52.660+00:00,57.001,312.223,99,22339.6,2685,63,measure
2026-09-10T23:37:53.660+00:00,58.001,325.903,99,22339.6,2685,63,measure
2026-09-10T23:37:54.660+00:00,59.001,342.519,99,22339.6,2685,64,measure
2026-09-10T23:37:55.661+00:00,60.000,357.426,99,22339.6,2685,64,measure
2026-09-10T23:37:56.660+00:00,61.001,359.989,99,22339.6,2685,65,measure
2026-09-10T23:37:57.661+00:00,62.000,364.006,99,22339.6,2685,65,measure
2026-09-10T23:37:58.662+00:00,63.000,368.854,99,22339.6,2685,65,measure
2026-09-10T23:37:59.660+00:00,64.000,357.853,99,22339.6,2685,65,measure
2026-09-10T23:38:00.660+00:00,65.000,359.021,99,22339.6,2685,64,measure
2026-09-10T23:38:01.661+00:00,66.002,367.696,99,22339.6,2685,65,measure
2026-09-10T23:38:02.661+00:00,67.000,359.377,99,22339.6,2685,65,measure
2026-09-10T23:38:03.665+00:00,68.006,364.953,99,22339.6,2685,64,measure
2026-09-10T23:38:04.660+00:00,69.001,349.686,99,22339.6,2685,65,measure
2026-09-10T23:38:05.662+00:00,70.003,346.71,99,22339.6,2685,66,measure
2026-09-10T23:38:06.663+00:00,71.003,371.1,99,22339.6,2685,66,measure
2026-09-10T23:38:07.661+00:00,72.001,355.063,99,22339.6,2685,64,measure
2026-09-10T23:38:08.661+00:00,73.001,360.029,99,22339.6,2685,64,measure
2026-09-10T23:38:09.665+00:00,74.003,359.507,99,22339.6,2685,64,measure
2026-09-10T23:38:10.661+00:00,75.000,360.009,99,22339.6,2685,67,measure
2026-09-10T23:38:11.665+00:00,76.006,370.334,99,22339.6,2685,65,measure
2026-09-10T23:38:12.664+00:00,77.003,358.522,99,22339.6,2685,66,measure
2026-09-10T23:38:13.660+00:00,78.001,360.539,99,22339.6,2685,67,measure
2026-09-10T23:38:14.662+00:00,79.002,334.779,99,22339.6,2685,62,measure
2026-09-10T23:38:15.665+00:00,80.003,352.831,99,22339.6,2685,65,measure
2026-09-10T23:38:16.661+00:00,81.001,364.554,99,22339.6,2685,65,measure
2026-09-10T23:38:17.665+00:00,82.005,354.438,99,22339.6,2685,64,measure
2026-09-10T23:38:18.688+00:00,83.001,362.164,99,22339.6,2685,65,measure
2026-09-10T23:38:17.182+00:00,84.002,337.499,99,22339.6,2685,64,measure
2026-09-10T23:38:18.167+00:00,85.008,337.288,99,22339.6,2685,64,measure
2026-09-10T23:38:19.163+00:00,86.005,368.015,99,22339.6,2685,66,measure
2026-09-10T23:38:20.160+00:00,87.002,370.043,99,22339.6,2685,67,measure
2026-09-10T23:38:21.159+00:00,88.001,357.014,99,22339.6,2685,65,measure
2026-09-10T23:38:22.159+00:00,89.001,362.228,99,22339.6,2685,65,measure
2026-09-10T23:38:23.159+00:00,90.000,345.55,99,22339.6,2685,63,measure
2026-09-10T23:38:24.159+00:00,91.001,318.962,99,22339.6,2685,64,measure
2026-09-10T23:38:25.163+00:00,92.001,323.627,99,22339.6,2685,64,measure
2026-09-10T23:38:26.160+00:00,93.001,317.671,99,22339.6,2685,62,measure
2026-09-10T23:38:27.158+00:00,94.000,324.828,99,22339.6,2685,62,measure
2026-09-10T23:38:28.164+00:00,95.001,318.57,99,22339.6,2685,64,measure
2026-09-10T23:38:29.160+00:00,96.002,323.677,99,22339.6,2685,63,measure
2026-09-10T23:38:30.159+00:00,97.001,333.109,99,22339.6,2685,63,measure
2026-09-10T23:38:31.161+00:00,98.001,329.542,99,22339.6,2685,64,measure
2026-09-10T23:38:32.190+00:00,99.001,339.826,99,22339.6,2685,64,measure
2026-09-10T23:38:33.159+00:00,100.001,325.215,99,22339.6,2685,61,measure
2026-09-10T23:38:34.159+00:00,101.001,326.657,99,22339.6,2685,61,measure
2026-09-10T23:38:35.165+00:00,102.006,322.063,99,22339.6,2685,62,measure
2026-09-10T23:38:36.159+00:00,103.001,317.358,99,22339.6,2685,62,measure
2026-09-10T23:38:37.159+00:00,104.000,332.603,99,22339.6,2685,62,measure
2026-09-10T23:38:38.160+00:00,105.001,331.259,99,22339.6,2685,61,measure
2026-09-10T23:38:39.159+00:00,106.001,352.142,99,22339.6,2685,66,measure
2026-09-10T23:38:40.161+00:00,107.000,364.122,99,22339.6,2685,63,measure
2026-09-10T23:38:41.159+00:00,108.001,358.149,99,22339.6,2685,66,measure
2026-09-10T23:38:42.161+00:00,109.001,348.578,99,22339.3,2685,66,measure
2026-09-10T23:38:43.160+00:00,110.001,320.361,99,22335.7,2685,64,measure
2026-09-10T23:38:44.160+00:00,111.002,326.238,99,22335.7,2685,61,measure
2026-09-10T23:38:45.160+00:00,112.001,358.915,99,22335.7,2685,66,measure
2026-09-10T23:38:46.159+00:00,113.001,362.81,99,22335.7,2685,67,measure
2026-09-10T23:38:47.159+00:00,114.001,371.382,99,22335.7,2685,66,measure
2026-09-10T23:38:48.168+00:00,115.010,363.686,99,22335.7,2685,64,measure
2026-09-10T23:38:49.160+00:00,116.001,351.494,99,22335.7,2685,69,measure
2026-09-10T23:38:47.664+00:00,117.003,363.319,99,22335.7,2685,66,measure
2026-09-10T23:38:48.664+00:00,118.004,368.172,99,22335.7,2685,65,measure
2026-09-10T23:38:49.661+00:00,119.000,373.364,99,22335.7,2685,67,measure
2026-09-10T23:38:50.685+00:00,120.000,351.146,99,22335.7,2685,66,measure
2026-09-10T23:38:51.663+00:00,121.001,327.491,99,22335.7,2685,62,measure
2026-09-10T23:38:52.664+00:00,122.001,337.905,99,22335.7,2685,65,measure
2026-09-10T23:38:53.661+00:00,123.001,316.615,99,22335.7,2685,64,measure
2026-09-10T23:38:54.663+00:00,124.002,334.69,99,22335.7,2685,65,measure
2026-09-10T23:38:55.661+00:00,125.000,318.279,99,22335.7,2685,61,measure
2026-09-10T23:38:56.661+00:00,126.000,304.746,99,22335.7,2685,61,measure
2026-09-10T23:38:57.662+00:00,127.000,316.603,99,22335.7,2685,61,measure
2026-09-10T23:38:58.662+00:00,128.000,315.509,99,22335.7,2685,64,measure
2026-09-10T23:38:59.714+00:00,129.000,329.709,99,22335.7,2685,65,measure
2026-09-10T23:39:00.692+00:00,130.000,326.265,99,22335.7,2685,65,measure
2026-09-10T23:39:01.662+00:00,131.001,342.069,99,22335.7,2685,63,measure
2026-09-10T23:39:02.661+00:00,132.001,328.673,99,22335.7,2685,67,measure
2026-09-10T23:39:03.665+00:00,133.002,338.745,99,22335.7,2685,64,measure
2026-09-10T23:39:04.665+00:00,134.001,339.421,99,22335.7,2685,63,measure
2026-09-10T23:39:05.661+00:00,135.001,356.35,99,22335.7,2685,67,measure
2026-09-10T23:39:06.662+00:00,136.001,358.076,99,22335.7,2685,66,measure
2026-09-10T23:39:07.663+00:00,137.001,351.725,99,22335.7,2685,65,measure
2026-09-10T23:39:08.661+00:00,138.000,352.13,99,22335.7,2685,64,measure
2026-09-10T23:39:09.662+00:00,139.000,324.416,99,22335.7,2685,62,measure
2026-09-10T23:39:10.664+00:00,140.000,350.789,99,22335.7,2685,65,measure
2026-09-10T23:39:11.661+00:00,141.000,343.992,99,22335.7,2685,64,measure
2026-09-10T23:39:12.661+00:00,142.001,366.225,99,22335.7,2685,65,measure
2026-09-10T23:39:13.662+00:00,143.001,366.99,99,22335.7,2685,65,measure
2026-09-10T23:39:14.663+00:00,144.002,360.885,99,22335.7,2685,65,measure
2026-09-10T23:39:15.663+00:00,145.001,359.412,99,22335.7,2685,65,measure
2026-09-10T23:39:16.664+00:00,146.001,362.904,99,22335.7,2685,66,measure
2026-09-10T23:39:17.663+00:00,147.002,362.79,99,22335.7,2685,65,measure
2026-09-10T23:39:18.661+00:00,148.001,358.908,99,22335.7,2685,66,measure
2026-09-10T23:39:17.159+00:00,149.001,366.145,99,22335.7,2685,65,measure
2026-09-10T23:39:18.160+00:00,150.002,369.507,99,22335.7,2685,66,measure
2026-09-10T23:39:19.160+00:00,151.001,367.884,99,22335.7,2685,66,measure
2026-09-10T23:39:20.161+00:00,152.002,372.527,99,22335.7,2685,65,measure
2026-09-10T23:39:21.161+00:00,153.002,363.665,99,22335.7,2685,68,measure
2026-09-10T23:39:22.159+00:00,154.000,360.521,99,22335.7,2685,67,measure
2026-09-10T23:39:23.207+00:00,155.002,365.853,99,22335.7,2685,67,measure
2026-09-10T23:39:24.203+00:00,156.002,355.386,99,22335.7,2685,64,measure
2026-09-10T23:39:25.161+00:00,157.001,357.641,99,22335.7,2685,66,measure
2026-09-10T23:39:26.161+00:00,158.003,363.193,99,22335.7,2685,65,measure
2026-09-10T23:39:27.166+00:00,159.008,356.223,99,22335.7,2685,65,measure
2026-09-10T23:39:28.159+00:00,160.000,360.085,99,22335.7,2685,65,measure
2026-09-10T23:39:29.160+00:00,161.002,364.528,99,22335.7,2685,65,measure
2026-09-10T23:39:30.159+00:00,162.001,371.923,99,22335.7,2685,66,measure
2026-09-10T23:39:31.162+00:00,163.002,360.683,99,22335.7,2685,65,measure
2026-09-10T23:39:32.162+00:00,164.004,362.794,99,22335.7,2685,65,measure
2026-09-10T23:39:33.159+00:00,165.000,371.549,99,22335.7,2685,66,measure
2026-09-10T23:39:34.159+00:00,166.000,374.878,99,22335.7,2685,67,measure
2026-09-10T23:39:35.160+00:00,167.001,374.991,99,22335.7,2685,65,measure
2026-09-10T23:39:36.159+00:00,168.001,372.202,99,22335.7,2685,65,measure
2026-09-10T23:39:37.161+00:00,169.001,363.766,99,22335.7,2685,67,measure
2026-09-10T23:39:38.161+00:00,170.000,367.412,99,22335.7,2685,67,measure
2026-09-10T23:39:39.209+00:00,171.000,365.574,99,22335.7,2685,66,measure
2026-09-10T23:39:40.159+00:00,172.000,363.347,99,22335.7,2685,65,measure
2026-09-10T23:39:41.159+00:00,173.001,366.107,99,22335.7,2685,67,measure
2026-09-10T23:39:42.159+00:00,174.001,361.586,99,22335.7,2685,65,measure
2026-09-10T23:39:43.160+00:00,175.000,365.064,99,22335.3,2685,67,measure
2026-09-10T23:39:44.161+00:00,176.000,343.537,99,22335.3,2685,62,measure
2026-09-10T23:39:45.159+00:00,177.001,325.684,99,22335.3,2685,65,measure
2026-09-10T23:39:46.165+00:00,178.006,371.637,99,22335.3,2685,66,measure
2026-09-10T23:39:47.159+00:00,179.000,364.172,99,22335.3,2685,65,measure
2026-09-10T23:39:48.159+00:00,180.001,369.311,99,22335.3,2685,67,measure
2026-09-10T23:39:49.160+00:00,181.000,364.828,99,22335.3,2685,65,measure
2026-09-10T23:39:47.660+00:00,182.001,363.532,99,22335.3,2685,65,measure
2026-09-10T23:39:48.659+00:00,183.000,345.688,99,22335.3,2685,65,measure
2026-09-10T23:39:49.667+00:00,184.001,337.694,99,22335.3,2685,63,measure
2026-09-10T23:39:50.659+00:00,185.001,319.272,99,22335.3,2685,63,measure
2026-09-10T23:39:51.659+00:00,186.001,327.592,99,22335.3,2685,62,measure
2026-09-10T23:39:52.664+00:00,187.000,322.319,99,22335.3,2685,65,measure
2026-09-10T23:39:53.660+00:00,188.000,320.845,99,22335.3,2685,63,measure
2026-09-10T23:39:54.661+00:00,189.002,310.322,99,22335.3,2685,62,measure
2026-09-10T23:39:55.659+00:00,190.001,314.526,99,22335.3,2685,61,measure
2026-09-10T23:39:56.659+00:00,191.000,320.664,99,22335.3,2685,65,measure
2026-09-10T23:39:57.661+00:00,192.001,334.316,99,22335.3,2685,61,measure
2026-09-10T23:39:58.661+00:00,193.000,335.803,99,22335.3,2685,63,measure
2026-09-10T23:39:59.660+00:00,194.001,360.66,99,22335.3,2685,67,measure
2026-09-10T23:40:00.659+00:00,195.001,365.748,99,22335.3,2685,66,measure
2026-09-10T23:40:01.659+00:00,196.001,371.222,99,22335.3,2685,65,measure
2026-09-10T23:40:02.659+00:00,197.000,362.696,99,22335.3,2685,65,measure
2026-09-10T23:40:03.659+00:00,198.001,357.335,99,22335.3,2685,64,measure
2026-09-10T23:40:04.661+00:00,199.001,344.997,99,22335.3,2685,63,measure
2026-09-10T23:40:05.660+00:00,200.000,314.237,99,22335.3,2685,62,measure
2026-09-10T23:40:06.659+00:00,201.000,318.225,99,22335.3,2685,65,measure
2026-09-10T23:40:07.659+00:00,202.000,333.508,99,22335.3,2685,64,measure
2026-09-10T23:40:08.659+00:00,203.001,324.146,99,22335.3,2685,63,measure
2026-09-10T23:40:09.661+00:00,204.000,311.783,99,22335.3,2685,62,measure
2026-09-10T23:40:10.661+00:00,205.001,316.587,99,22335.3,2685,62,measure
2026-09-10T23:40:11.662+00:00,206.003,330.857,99,22335.3,2685,66,measure
2026-09-10T23:40:12.659+00:00,207.001,344.523,99,22335.3,2685,67,measure
2026-09-10T23:40:13.661+00:00,208.002,361.51,99,22335.3,2685,65,measure
2026-09-10T23:40:14.659+00:00,209.001,367.376,99,22335.3,2685,65,measure
2026-09-10T23:40:15.679+00:00,210.001,344.505,99,22335.3,2685,64,measure
2026-09-10T23:40:16.661+00:00,211.001,333.053,99,22335.3,2685,63,measure
2026-09-10T23:40:17.660+00:00,212.001,332.589,99,22335.3,2685,64,measure
2026-09-10T23:40:18.659+00:00,213.001,324.177,99,22335.3,2685,64,measure
2026-09-10T23:40:17.189+00:00,214.001,352.049,99,22335.3,2685,65,measure
2026-09-10T23:40:18.179+00:00,215.002,326.847,99,22335.3,2685,63,measure
2026-09-10T23:40:19.161+00:00,216.000,328.364,99,22335.3,2685,65,measure
2026-09-10T23:40:20.161+00:00,217.001,328.628,99,22335.3,2685,64,measure
2026-09-10T23:40:21.160+00:00,218.000,347.131,99,22335.3,2685,65,measure
2026-09-10T23:40:22.160+00:00,219.000,354.439,99,22335.3,2685,65,measure
2026-09-10T23:40:23.160+00:00,220.001,365.468,99,22335.3,2685,65,measure
2026-09-10T23:40:24.161+00:00,221.001,360.746,99,22335.3,2685,66,measure
2026-09-10T23:40:25.160+00:00,222.000,363.903,99,22335.3,2685,66,measure
2026-09-10T23:40:26.164+00:00,223.001,364.958,99,22335.3,2685,64,measure
2026-09-10T23:40:27.165+00:00,224.005,347.941,99,22335.3,2685,66,measure
2026-09-10T23:40:28.160+00:00,225.000,363.549,99,22335.3,2685,66,measure
2026-09-10T23:40:29.179+00:00,226.020,340.813,99,22335.3,2685,66,measure
2026-09-10T23:40:30.162+00:00,227.002,345.502,99,22335.3,2685,66,measure
2026-09-10T23:40:31.161+00:00,228.001,351.914,99,22335.3,2685,66,measure
2026-09-10T23:40:32.162+00:00,229.001,373.492,99,22335.3,2685,65,measure
2026-09-10T23:40:33.160+00:00,230.001,372.362,99,22335.3,2685,67,measure
2026-09-10T23:40:34.160+00:00,231.000,379.717,99,22335.3,2685,67,measure
2026-09-10T23:40:35.160+00:00,232.000,380.764,99,22335.3,2685,65,measure
2026-09-10T23:40:36.160+00:00,233.000,370.158,99,22335.3,2685,65,measure
2026-09-10T23:40:37.200+00:00,234.000,379.409,99,22335.3,2685,68,measure
2026-09-10T23:40:38.161+00:00,235.000,370.027,99,22335.3,2685,65,measure
2026-09-10T23:40:39.160+00:00,236.000,356.958,99,22335.3,2685,65,measure
2026-09-10T23:40:40.165+00:00,237.005,355.824,99,22335.3,2685,65,measure
2026-09-10T23:40:41.160+00:00,238.000,331.113,99,22335.3,2685,65,measure
2026-09-10T23:40:42.160+00:00,239.000,347.104,99,22335.3,2685,67,measure
2026-09-10T23:40:43.161+00:00,240.000,354.685,99,22335.2,2685,65,measure
2026-09-10T23:40:44.163+00:00,241.001,354.059,99,22335.2,2685,66,measure
2026-09-10T23:40:45.165+00:00,242.005,361.478,99,22335.2,2685,65,measure
2026-09-10T23:40:46.162+00:00,243.003,352.475,99,22335.2,2685,63,measure
2026-09-10T23:40:47.162+00:00,244.000,349.447,99,22335.2,2685,66,measure
2026-09-10T23:40:48.160+00:00,245.001,346.735,99,22335.2,2685,65,measure
2026-09-10T23:40:49.161+00:00,246.000,348.497,99,22335.2,2685,63,measure
2026-09-10T23:40:47.666+00:00,247.000,364.724,99,22335.2,2685,66,measure
2026-09-10T23:40:48.664+00:00,248.002,362.146,99,22335.2,2685,65,measure
2026-09-10T23:40:49.662+00:00,249.000,368.187,99,22335.2,2685,65,measure
2026-09-10T23:40:50.663+00:00,250.001,368.209,99,22335.2,2685,66,measure
2026-09-10T23:40:51.669+00:00,251.004,360.101,99,22335.2,2685,66,measure
2026-09-10T23:40:52.666+00:00,252.002,351.941,99,22335.2,2685,66,measure
2026-09-10T23:40:53.665+00:00,253.001,335.112,99,22335.2,2685,66,measure
2026-09-10T23:40:54.663+00:00,254.001,339.258,99,22335.2,2685,62,measure
2026-09-10T23:40:55.664+00:00,255.001,342.08,99,22335.2,2685,65,measure
2026-09-10T23:40:56.663+00:00,256.000,365.422,99,22335.2,2685,65,measure
2026-09-10T23:40:57.670+00:00,257.007,364.698,99,22335.2,2685,67,measure
2026-09-10T23:40:58.664+00:00,258.001,361.371,99,22335.2,2685,65,measure
2026-09-10T23:40:59.669+00:00,259.007,363.435,99,22335.2,2685,65,measure
2026-09-10T23:41:00.670+00:00,260.008,349.229,99,22335.2,2685,65,measure
2026-09-10T23:41:01.672+00:00,261.010,341.034,99,22335.2,2685,65,measure
2026-09-10T23:41:02.664+00:00,262.002,337.954,99,22335.2,2685,64,measure
2026-09-10T23:41:03.662+00:00,263.000,339.075,99,22335.2,2685,66,measure
2026-09-10T23:41:04.664+00:00,264.000,364.472,99,22335.2,2685,67,measure
2026-09-10T23:41:05.665+00:00,265.002,355.967,99,22335.2,2685,65,measure
2026-09-10T23:41:06.663+00:00,266.001,353.37,99,22335.2,2685,66,measure
2026-09-10T23:41:07.663+00:00,267.001,350.423,99,22335.2,2685,64,measure
2026-09-10T23:41:08.663+00:00,268.001,356.525,99,22335.2,2685,65,measure
2026-09-10T23:41:09.663+00:00,269.001,359.502,99,22335.2,2685,65,measure
2026-09-10T23:41:10.667+00:00,270.001,355.55,99,22335.2,2685,66,measure
2026-09-10T23:41:11.665+00:00,271.002,366.897,99,22335.2,2685,67,measure
2026-09-10T23:41:12.663+00:00,272.001,366.208,99,22335.2,2685,67,measure
2026-09-10T23:41:13.663+00:00,273.001,359.81,99,22335.2,2685,66,measure
2026-09-10T23:41:14.666+00:00,274.002,368.009,99,22335.2,2685,66,measure
2026-09-10T23:41:15.664+00:00,275.002,364.119,99,22335.2,2685,67,measure
2026-09-10T23:41:16.664+00:00,276.001,361.939,99,22335.2,2685,67,measure
2026-09-10T23:41:17.699+00:00,277.001,354.574,99,22335.2,2685,66,measure
2026-09-10T23:41:18.662+00:00,278.000,314.5,99,22335.2,2685,62,measure
2026-09-10T23:41:17.166+00:00,279.000,316.357,99,22335.2,2685,66,measure
2026-09-10T23:41:18.165+00:00,280.003,324.719,99,22335.2,2685,63,measure
2026-09-10T23:41:19.172+00:00,281.010,323.77,99,22335.2,2685,65,measure
2026-09-10T23:41:20.177+00:00,282.013,315.561,99,22335.2,2685,61,measure
2026-09-10T23:41:21.186+00:00,283.023,326.838,99,22335.2,2685,62,measure
2026-09-10T23:41:22.181+00:00,284.018,326.394,99,22335.2,2685,66,measure
2026-09-10T23:41:23.177+00:00,285.013,369.37,99,22335.2,2685,66,measure
2026-09-10T23:41:24.169+00:00,286.006,363.873,99,22335.2,2685,65,measure
2026-09-10T23:41:25.168+00:00,287.005,364.202,99,22335.2,2685,67,measure
2026-09-10T23:41:26.168+00:00,288.007,380.443,99,22335.2,2685,65,measure
2026-09-10T23:41:27.163+00:00,289.001,369.834,99,22335.2,2685,66,measure
2026-09-10T23:41:28.195+00:00,290.034,381.538,99,22335.2,2685,68,measure
2026-09-10T23:41:29.162+00:00,291.000,380.692,99,22335.2,2685,68,measure
2026-09-10T23:41:30.162+00:00,292.001,372.454,99,22335.2,2685,65,measure
2026-09-10T23:41:31.163+00:00,293.001,360.061,99,22335.2,2685,66,measure
2026-09-10T23:41:32.166+00:00,294.000,357.552,99,22335.2,2685,64,measure
2026-09-10T23:41:33.163+00:00,295.000,346.477,99,22335.2,2685,65,measure
2026-09-10T23:41:34.164+00:00,296.002,358.778,99,22335.2,2685,66,measure
2026-09-10T23:41:35.210+00:00,297.000,365.998,99,22335.2,2685,67,measure
2026-09-10T23:41:36.162+00:00,298.000,359.935,99,22335.2,2685,65,measure
2026-09-10T23:41:37.167+00:00,299.004,359.936,99,22335.2,2685,65,measure
2026-09-10T23:41:38.167+00:00,300.002,364.569,99,22335.2,2685,66,measure
2026-09-10T23:41:39.163+00:00,301.001,362.434,99,22335.2,2685,66,measure
2026-09-10T23:41:40.163+00:00,302.001,369.253,99,22335.2,2685,66,measure
2026-09-10T23:41:41.162+00:00,303.000,366.876,99,22335.2,2685,65,measure
2026-09-10T23:41:42.229+00:00,304.067,364.724,99,22335.2,2685,66,measure
2026-09-10T23:41:43.239+00:00,305.077,366.603,99,22331.2,2685,66,measure
2026-09-10T23:41:44.238+00:00,306.076,355.901,99,22331.2,2685,65,measure
2026-09-10T23:41:45.184+00:00,307.021,322.299,99,22331.2,2685,66,measure
2026-09-10T23:41:46.280+00:00,308.081,327.799,99,22331.2,2685,65,measure
2026-09-10T23:41:47.237+00:00,309.073,370.353,99,22331.2,2685,66,measure
2026-09-10T23:41:48.172+00:00,310.009,421.898,100,22435.2,2685,71,measure
2026-09-10T23:41:49.162+00:00,311.000,417.732,100,22435.2,2685,69,measure
2026-09-10T23:41:47.667+00:00,312.000,406.048,99,22435.2,2685,69,measure
2026-09-10T23:41:48.663+00:00,313.000,407.887,100,22435.2,2685,69,measure
2026-09-10T23:41:49.666+00:00,314.004,409.492,100,22435.2,2685,69,measure
2026-09-10T23:41:50.663+00:00,315.001,407.148,100,22435.2,2685,70,measure
2026-09-10T23:41:51.663+00:00,316.001,408.531,100,22435.2,2685,70,measure
2026-09-10T23:41:52.662+00:00,317.000,411.632,100,22435.2,2685,71,measure
2026-09-10T23:41:53.663+00:00,318.000,417.558,100,22435.2,2685,71,measure
2026-09-10T23:41:54.664+00:00,319.002,410.957,100,22435.2,2685,71,measure
2026-09-10T23:41:55.663+00:00,320.001,407.99,100,22435.2,2685,70,measure
2026-09-10T23:41:56.664+00:00,321.000,408.533,100,22435.2,2685,69,measure
2026-09-10T23:41:57.666+00:00,322.004,409.143,100,22435.2,2685,69,measure
2026-09-10T23:41:58.662+00:00,323.000,410.57,100,22435.2,2685,69,measure
2026-09-10T23:41:59.663+00:00,324.000,410.107,100,22435.2,2685,70,measure
2026-09-10T23:42:00.663+00:00,325.000,417.204,100,22435.2,2685,71,measure
2026-09-10T23:42:01.663+00:00,326.001,415.999,100,22435.2,2685,71,measure
2026-09-10T23:42:02.663+00:00,327.001,408.139,100,22435.2,2685,70,measure
2026-09-10T23:42:03.663+00:00,328.001,408.902,100,22435.2,2685,70,measure
2026-09-10T23:42:04.663+00:00,329.001,408.768,100,22435.2,2685,69,measure
2026-09-10T23:42:05.664+00:00,330.000,408.536,100,22435.2,2685,70,measure
2026-09-10T23:42:06.663+00:00,331.001,408.966,99,22435.2,2685,70,measure
2026-09-10T23:42:07.662+00:00,332.000,412.387,100,22435.2,2685,72,measure
2026-09-10T23:42:08.664+00:00,333.002,418.481,100,22435.2,2685,71,measure
2026-09-10T23:42:09.663+00:00,334.001,410.246,100,22435.2,2685,70,measure
2026-09-10T23:42:10.666+00:00,335.002,407.808,100,22435.2,2685,70,measure
2026-09-10T23:42:11.664+00:00,336.001,408.996,100,22435.2,2685,70,measure
2026-09-10T23:42:12.746+00:00,337.083,410.43,100,22435.2,2685,69,measure
2026-09-10T23:42:13.676+00:00,338.013,410.505,100,22435.2,2685,71,measure
2026-09-10T23:42:14.663+00:00,339.001,410.81,99,22435.2,2685,70,measure
2026-09-10T23:42:15.671+00:00,340.008,418.007,100,22435.2,2685,71,measure
2026-09-10T23:42:16.669+00:00,341.007,414.915,100,22435.2,2685,70,measure
2026-09-10T23:42:17.664+00:00,342.000,408.434,100,22435.2,2685,70,measure
2026-09-10T23:42:18.662+00:00,343.000,408.018,100,22435.2,2685,70,measure
2026-09-10T23:42:17.172+00:00,344.010,408.655,100,22435.2,2685,70,measure
2026-09-10T23:42:18.180+00:00,345.018,409.247,99,22435.2,2685,70,measure
2026-09-10T23:42:19.175+00:00,346.014,409.703,100,22435.2,2685,70,measure
2026-09-10T23:42:20.177+00:00,347.015,414.857,100,22435.2,2685,71,measure
2026-09-10T23:42:21.187+00:00,348.024,419.427,100,22435.2,2685,71,measure
2026-09-10T23:42:22.193+00:00,349.031,408.538,100,22435.2,2685,71,measure
2026-09-10T23:42:23.177+00:00,350.014,406.969,100,22435.2,2685,70,measure
2026-09-10T23:42:24.165+00:00,351.002,408.701,100,22435.2,2685,69,measure
2026-09-10T23:42:25.168+00:00,352.005,410.984,100,22435.2,2685,70,measure
2026-09-10T23:42:26.176+00:00,353.014,410.72,100,22435.2,2685,71,measure
2026-09-10T23:42:27.166+00:00,354.000,411.047,100,22435.2,2685,70,measure
2026-09-10T23:42:28.167+00:00,355.006,417.771,100,22435.2,2685,71,measure
2026-09-10T23:42:29.162+00:00,356.000,415.021,100,22435.2,2685,71,measure
2026-09-10T23:42:30.162+00:00,357.001,408.244,100,22435.2,2685,70,measure
2026-09-10T23:42:31.162+00:00,358.000,406.746,100,22435.2,2685,70,measure
2026-09-10T23:42:32.167+00:00,359.002,408.908,100,22435.2,2685,70,measure
2026-09-10T23:42:33.192+00:00,360.030,409.829,100,22435.2,2685,70,measure
2026-09-10T23:42:34.237+00:00,361.074,409.534,100,22435.2,2685,71,measure
2026-09-10T23:42:35.162+00:00,362.000,414.708,100,22435.2,2685,71,measure
2026-09-10T23:42:36.162+00:00,363.001,417.502,100,22435.2,2685,71,measure
2026-09-10T23:42:37.162+00:00,364.000,408.606,100,22435.2,2685,71,measure
2026-09-10T23:42:38.164+00:00,365.000,407.148,100,22435.2,2685,70,measure
2026-09-10T23:42:39.165+00:00,366.000,409.225,100,22435.2,2685,70,measure
2026-09-10T23:42:40.162+00:00,367.000,410.582,100,22435.2,2685,70,measure
2026-09-10T23:42:41.162+00:00,368.001,411.351,99,22435.2,2685,71,measure
2026-09-10T23:42:42.162+00:00,369.000,411.061,99,22435.2,2685,71,measure
2026-09-10T23:42:43.164+00:00,370.002,417.65,100,22435.2,2685,72,measure
2026-09-10T23:42:44.163+00:00,371.000,413.245,100,22435.2,2685,71,measure
2026-09-10T23:42:45.164+00:00,372.001,408.508,100,22435.2,2685,71,measure
2026-09-10T23:42:46.162+00:00,373.000,410.015,99,22435.2,2685,70,measure
2026-09-10T23:42:47.162+00:00,374.000,415.057,100,22435.2,2685,70,measure
2026-09-10T23:42:48.162+00:00,375.000,411.904,100,22435.2,2685,71,measure
2026-09-10T23:42:49.162+00:00,376.000,410.909,100,22435.2,2685,71,measure
2026-09-10T23:42:47.663+00:00,377.001,414.947,100,22435.2,2685,70,measure
2026-09-10T23:42:48.662+00:00,378.000,416.703,100,22435.2,2685,70,measure
2026-09-10T23:42:49.662+00:00,379.000,408.119,100,22435.2,2685,71,measure
2026-09-10T23:42:50.662+00:00,380.001,411.074,100,22435.2,2685,71,measure
2026-09-10T23:42:51.663+00:00,381.002,414.198,100,22435.2,2685,70,measure
2026-09-10T23:42:52.661+00:00,382.000,416.352,100,22435.2,2685,70,measure
2026-09-10T23:42:53.665+00:00,383.003,410.4,100,22435.2,2685,71,measure
2026-09-10T23:42:54.663+00:00,384.001,413.272,100,22435.2,2685,72,measure
2026-09-10T23:42:55.663+00:00,385.002,419.939,99,22435.2,2685,71,measure
2026-09-10T23:42:56.661+00:00,386.000,411.613,100,22435.2,2685,71,measure
2026-09-10T23:42:57.662+00:00,387.001,408.656,99,22435.2,2685,71,measure
2026-09-10T23:42:58.662+00:00,388.001,409.494,100,22435.2,2685,70,measure
2026-09-10T23:42:59.663+00:00,389.001,417.147,99,22435.2,2685,70,measure
2026-09-10T23:43:00.663+00:00,390.000,413.407,100,22435.2,2685,71,measure
2026-09-10T23:43:01.662+00:00,391.001,411.516,100,22435.2,2685,71,measure
2026-09-10T23:43:02.663+00:00,392.002,418.889,100,22435.2,2685,71,measure
2026-09-10T23:43:03.661+00:00,393.001,415.258,100,22435.2,2685,70,measure
2026-09-10T23:43:04.667+00:00,394.004,409.439,100,22435.2,2685,71,measure
2026-09-10T23:43:05.663+00:00,395.001,409.772,100,22435.2,2685,70,measure
2026-09-10T23:43:06.662+00:00,396.001,414.408,100,22435.2,2685,70,measure
2026-09-10T23:43:07.661+00:00,397.000,412.918,100,22435.2,2685,70,measure
2026-09-10T23:43:08.662+00:00,398.001,410.77,100,22435.2,2685,71,measure
2026-09-10T23:43:09.665+00:00,399.004,413.963,100,22435.2,2685,71,measure
2026-09-10T23:43:10.661+00:00,400.000,418.2,100,22435.2,2685,71,measure
2026-09-10T23:43:11.666+00:00,401.000,409.333,99,22435.2,2685,71,measure
2026-09-10T23:43:12.663+00:00,402.002,409.786,100,22435.2,2685,70,measure
2026-09-10T23:43:13.662+00:00,403.001,412.362,100,22435.2,2685,71,measure
2026-09-10T23:43:14.661+00:00,404.000,416.2,100,22435.2,2685,71,measure
2026-09-10T23:43:15.661+00:00,405.000,410.779,100,22435.2,2685,71,measure
2026-09-10T23:43:16.670+00:00,406.004,413.291,100,22435.2,2685,72,measure
2026-09-10T23:43:17.664+00:00,407.002,418.734,100,22435.2,2685,72,measure
2026-09-10T23:43:18.664+00:00,408.004,412.732,100,22435.2,2685,71,measure
2026-09-10T23:43:17.183+00:00,409.001,409.352,99,22435.2,2685,70,measure
2026-09-10T23:43:18.183+00:00,410.000,409.199,100,22435.2,2685,70,measure
2026-09-10T23:43:19.184+00:00,411.002,415.333,100,22435.2,2685,70,measure
2026-09-10T23:43:20.185+00:00,412.002,412.359,100,22435.2,2685,70,measure
2026-09-10T23:43:21.184+00:00,413.000,412.168,99,22435.2,2685,70,measure
2026-09-10T23:43:22.184+00:00,414.000,418.221,100,22435.2,2685,70,measure
2026-09-10T23:43:23.183+00:00,415.001,415.339,99,22435.2,2685,70,measure
2026-09-10T23:43:24.182+00:00,416.000,409.26,100,22435.2,2685,71,measure
2026-09-10T23:43:25.183+00:00,417.001,408.805,99,22435.2,2685,70,measure
2026-09-10T23:43:26.185+00:00,418.002,414.327,99,22435.2,2685,70,measure
2026-09-10T23:43:27.184+00:00,419.001,413.39,100,22435.2,2685,70,measure
2026-09-10T23:43:28.183+00:00,420.001,410.378,99,22435.2,2685,70,measure
2026-09-10T23:43:29.186+00:00,421.004,413.833,99,22435.2,2685,72,measure
2026-09-10T23:43:30.184+00:00,422.002,417.211,99,22435.2,2685,71,measure
2026-09-10T23:43:31.182+00:00,423.000,408.644,100,22435.2,2685,71,measure
2026-09-10T23:43:32.183+00:00,424.000,407.852,99,22435.2,2685,70,measure
2026-09-10T23:43:33.184+00:00,425.001,411.576,99,22435.2,2685,71,measure
2026-09-10T23:43:34.183+00:00,426.000,418.007,100,22435.2,2685,70,measure
2026-09-10T23:43:35.182+00:00,427.000,410.787,100,22435.2,2685,71,measure
2026-09-10T23:43:36.185+00:00,428.003,411.982,100,22435.2,2685,71,measure
2026-09-10T23:43:37.182+00:00,429.001,419.704,100,22435.2,2685,71,measure
2026-09-10T23:43:38.186+00:00,430.002,413.202,100,22435.2,2685,71,measure
2026-09-10T23:43:39.184+00:00,431.001,409.617,99,22435.2,2685,71,measure
2026-09-10T23:43:40.183+00:00,432.000,408.267,99,22435.2,2685,70,measure
2026-09-10T23:43:41.182+00:00,433.001,414.822,100,22435.2,2685,70,measure
2026-09-10T23:43:42.183+00:00,434.001,412.483,100,22435.2,2685,70,measure
2026-09-10T23:43:43.183+00:00,435.001,412.366,100,22435.2,2685,71,measure
2026-09-10T23:43:44.184+00:00,436.001,419.045,100,22435.2,2685,72,measure
2026-09-10T23:43:45.265+00:00,437.083,416.028,100,22435.2,2685,71,measure
2026-09-10T23:43:46.258+00:00,438.076,409.321,99,22435.2,2685,70,measure
2026-09-10T23:43:47.201+00:00,439.019,408.402,100,22435.2,2685,70,measure
2026-09-10T23:43:48.263+00:00,440.082,414.312,100,22435.2,2685,70,measure
2026-09-10T23:43:46.757+00:00,441.076,413.055,99,22435.2,2685,71,measure
2026-09-10T23:43:47.696+00:00,442.015,411.357,100,22435.2,2685,71,measure
2026-09-10T23:43:48.685+00:00,443.000,414.832,100,22435.2,2685,71,measure
2026-09-10T23:43:49.681+00:00,444.001,417.979,100,22435.2,2685,72,measure
2026-09-10T23:43:50.682+00:00,445.002,410.227,100,22435.2,2685,71,measure
2026-09-10T23:43:51.681+00:00,446.001,407.724,100,22435.2,2685,70,measure
2026-09-10T23:43:52.681+00:00,447.001,409.592,100,22435.2,2685,70,measure
2026-09-10T23:43:53.684+00:00,448.001,417.915,100,22435.2,2685,70,measure
2026-09-10T23:43:54.684+00:00,449.001,413.317,100,22435.2,2685,72,measure
2026-09-10T23:43:55.684+00:00,450.004,413.25,99,22435.2,2685,72,measure
2026-09-10T23:43:56.684+00:00,451.003,419.247,100,22435.2,2685,71,measure
2026-09-10T23:43:57.682+00:00,452.001,414.574,100,22435.2,2685,71,measure
2026-09-10T23:43:58.681+00:00,453.001,409.711,100,22435.2,2685,70,measure
2026-09-10T23:43:59.682+00:00,454.000,410.355,100,22435.2,2685,70,measure
2026-09-10T23:44:00.683+00:00,455.000,416.225,99,22435.2,2685,70,measure
2026-09-10T23:44:01.681+00:00,456.001,412.753,100,22435.2,2685,70,measure
2026-09-10T23:44:02.681+00:00,457.000,413.806,100,22435.2,2685,70,measure
2026-09-10T23:44:03.683+00:00,458.000,417.683,100,22435.2,2685,72,measure
2026-09-10T23:44:04.681+00:00,459.000,419.474,100,22435.2,2685,71,measure
2026-09-10T23:44:05.684+00:00,460.002,409.987,100,22435.2,2685,71,measure
2026-09-10T23:44:06.685+00:00,461.001,410.36,100,22435.2,2685,70,measure
2026-09-10T23:44:07.681+00:00,462.001,414.07,100,22435.2,2685,70,measure
2026-09-10T23:44:08.682+00:00,463.001,416.162,100,22435.2,2685,71,measure
2026-09-10T23:44:09.682+00:00,464.000,410.314,100,22435.2,2685,71,measure
2026-09-10T23:44:10.682+00:00,465.001,414.285,100,22435.2,2685,71,measure
2026-09-10T23:44:11.684+00:00,466.002,420.032,100,22435.2,2685,71,measure
2026-09-10T23:44:12.683+00:00,467.002,412.539,100,22435.2,2685,71,measure
2026-09-10T23:44:13.682+00:00,468.002,409.006,99,22435.2,2685,71,measure
2026-09-10T23:44:14.681+00:00,469.000,409.493,100,22435.2,2685,70,measure
2026-09-10T23:44:15.681+00:00,470.000,418.375,100,22435.2,2685,70,measure
2026-09-10T23:44:16.681+00:00,471.000,414.253,100,22435.2,2685,70,measure
2026-09-10T23:44:17.682+00:00,472.000,412.102,100,22435.2,2685,71,measure
2026-09-10T23:44:18.685+00:00,473.005,418.656,100,22435.2,2685,72,measure
2026-09-10T23:44:17.203+00:00,474.003,413.942,100,22435.2,2685,71,measure
2026-09-10T23:44:18.201+00:00,475.001,408.976,100,22435.2,2685,71,measure
2026-09-10T23:44:19.201+00:00,476.001,410.903,100,22435.2,2685,70,measure
2026-09-10T23:44:20.201+00:00,477.001,416.335,100,22435.2,2685,70,measure
2026-09-10T23:44:21.202+00:00,478.000,413.623,99,22435.2,2685,71,measure
2026-09-10T23:44:22.203+00:00,479.002,411.733,100,22435.2,2685,71,measure
2026-09-10T23:44:23.201+00:00,480.001,416.385,100,22435.2,2685,71,measure
2026-09-10T23:44:24.201+00:00,481.001,417.889,100,22435.2,2685,71,measure
2026-09-10T23:44:25.201+00:00,482.000,408.414,99,22435.2,2685,71,measure
2026-09-10T23:44:26.201+00:00,483.001,411.35,100,22435.2,2685,70,measure
2026-09-10T23:44:27.202+00:00,484.000,414.604,100,22435.2,2685,70,measure
2026-09-10T23:44:28.203+00:00,485.001,416.225,99,22435.2,2685,72,measure
2026-09-10T23:44:29.202+00:00,486.002,410.803,100,22435.2,2685,71,measure
2026-09-10T23:44:30.201+00:00,487.001,413.66,99,22435.2,2685,72,measure
2026-09-10T23:44:31.202+00:00,488.001,420.468,100,22435.2,2685,72,measure
2026-09-10T23:44:32.200+00:00,489.000,412.798,100,22435.2,2685,72,measure
2026-09-10T23:44:33.202+00:00,490.000,409.485,99,22435.2,2685,70,measure
2026-09-10T23:44:34.203+00:00,491.000,409.975,99,22435.2,2685,70,measure
2026-09-10T23:44:35.201+00:00,492.001,418.326,100,22435.2,2685,70,measure
2026-09-10T23:44:36.200+00:00,493.000,414.704,100,22435.2,2685,71,measure
2026-09-10T23:44:37.200+00:00,494.000,411.865,99,22435.2,2685,72,measure
2026-09-10T23:44:38.201+00:00,495.001,419.51,100,22435.2,2685,72,measure
2026-09-10T23:44:39.202+00:00,496.001,416.002,99,22435.2,2685,72,measure
2026-09-10T23:44:40.202+00:00,497.002,409.61,100,22435.2,2685,70,measure
2026-09-10T23:44:41.200+00:00,498.000,409.3,99,22435.2,2685,71,measure
2026-09-10T23:44:42.201+00:00,499.000,413.975,100,22435.2,2685,70,measure
2026-09-10T23:44:43.201+00:00,500.001,413.331,100,22435.2,2685,71,measure
2026-09-10T23:44:44.200+00:00,501.001,411.331,100,22435.2,2685,70,measure
2026-09-10T23:44:45.202+00:00,502.001,414.578,100,22435.2,2685,71,measure
2026-09-10T23:44:46.202+00:00,503.000,418.564,100,22435.2,2685,71,measure
2026-09-10T23:44:47.200+00:00,504.000,409.882,100,22435.2,2685,71,measure
2026-09-10T23:44:48.203+00:00,505.001,410.133,100,22435.2,2685,71,measure
2026-09-10T23:44:46.738+00:00,506.000,413.103,100,22435.2,2685,70,measure
2026-09-10T23:44:47.738+00:00,507.001,417.322,100,22435.2,2685,71,measure
2026-09-10T23:44:48.743+00:00,508.001,411.971,99,22435.2,2685,71,measure
2026-09-10T23:44:49.739+00:00,509.001,414,100,22435.2,2685,71,measure
2026-09-10T23:44:50.738+00:00,510.001,419.882,100,22435.2,2685,72,measure
2026-09-10T23:44:51.738+00:00,511.000,413.075,100,22435.2,2685,71,measure
2026-09-10T23:44:52.738+00:00,512.001,410.129,100,22435.2,2685,70,measure
2026-09-10T23:44:53.737+00:00,513.000,410.626,100,22435.2,2685,71,measure
2026-09-10T23:44:54.739+00:00,514.000,415.669,100,22435.2,2685,70,measure
2026-09-10T23:44:55.739+00:00,515.000,413.383,100,22435.2,2685,71,measure
2026-09-10T23:44:56.738+00:00,516.000,413.426,100,22435.2,2685,70,measure
2026-09-10T23:44:57.738+00:00,517.000,418.999,100,22435.2,2685,71,measure
2026-09-10T23:44:58.738+00:00,518.000,416.541,100,22435.2,2685,71,measure
2026-09-10T23:44:59.738+00:00,519.001,409.513,99,22435.2,2685,71,measure
2026-09-10T23:45:00.739+00:00,520.000,408.717,100,22435.2,2685,70,measure
2026-09-10T23:45:01.741+00:00,521.001,414.858,99,22435.2,2685,70,measure
2026-09-10T23:45:02.740+00:00,522.002,412.966,99,22435.2,2685,72,measure
2026-09-10T23:45:03.739+00:00,523.001,410.236,100,22435.2,2685,71,measure
2026-09-10T23:45:04.738+00:00,524.000,414.016,100,22435.2,2685,71,measure
2026-09-10T23:45:05.739+00:00,525.001,417.837,100,22435.2,2685,72,measure
2026-09-10T23:45:06.740+00:00,526.001,409.014,100,22435.2,2685,71,measure
2026-09-10T23:45:07.741+00:00,527.003,408.613,99,22435.2,2685,70,measure
2026-09-10T23:45:08.741+00:00,528.003,411.933,99,22435.2,2685,70,measure
2026-09-10T23:45:09.739+00:00,529.002,417.94,100,22435.2,2685,70,measure
2026-09-10T23:45:10.740+00:00,530.002,410.628,99,22435.2,2685,72,measure
2026-09-10T23:45:11.739+00:00,531.000,411.952,100,22435.2,2685,71,measure
2026-09-10T23:45:12.742+00:00,532.000,427.74,100,22435.2,2670,73,measure
2026-09-10T23:45:13.738+00:00,533.001,427.915,100,22435.2,2670,71,measure
2026-09-10T23:45:14.738+00:00,534.001,410.945,100,22435.2,2670,70,measure
2026-09-10T23:45:15.740+00:00,535.000,413.43,100,22435.2,2670,71,measure
2026-09-10T23:45:16.738+00:00,536.001,415.82,100,22435.2,2670,70,measure
2026-09-10T23:45:17.738+00:00,537.000,409.015,100,22435.2,2670,72,measure
2026-09-10T23:45:16.242+00:00,538.000,413.754,100,22435.2,2670,70,measure
2026-09-10T23:45:17.242+00:00,539.000,432.257,100,22435.2,2670,73,measure
2026-09-10T23:45:18.241+00:00,540.001,428.236,100,22435.2,2670,71,measure
2026-09-10T23:45:19.241+00:00,541.000,409.26,99,22435.2,2670,70,measure
2026-09-10T23:45:20.242+00:00,542.001,412.154,100,22435.2,2670,71,measure
2026-09-10T23:45:21.242+00:00,543.001,417.15,100,22435.2,2670,70,measure
2026-09-10T23:45:22.244+00:00,544.003,409.472,100,22435.2,2670,71,measure
2026-09-10T23:45:23.242+00:00,545.002,412.663,100,22435.2,2670,70,measure
2026-09-10T23:45:24.242+00:00,546.001,429.972,100,22435.2,2670,73,measure
2026-09-10T23:45:25.243+00:00,547.003,427.896,99,22435.2,2670,72,measure
2026-09-10T23:45:26.251+00:00,548.010,412.904,99,22435.2,2670,71,measure
2026-09-10T23:45:27.245+00:00,549.003,412.087,100,22435.2,2670,71,measure
2026-09-10T23:45:28.247+00:00,550.006,417.603,100,22435.2,2670,70,measure
2026-09-10T23:45:29.241+00:00,551.000,409.609,100,22435.2,2670,72,measure
2026-09-10T23:45:30.241+00:00,552.001,412.651,100,22435.2,2670,70,measure
2026-09-10T23:45:31.242+00:00,553.001,429.297,100,22435.2,2670,73,measure
2026-09-10T23:45:32.241+00:00,554.000,428.743,100,22435.2,2670,72,measure
2026-09-10T23:45:33.248+00:00,555.002,412.663,100,22435.2,2670,71,measure
2026-09-10T23:45:34.244+00:00,556.003,411.438,100,22435.2,2670,71,measure
2026-09-10T23:45:35.241+00:00,557.000,417.675,100,22435.2,2670,71,measure
2026-09-10T23:45:36.241+00:00,558.000,412.875,100,22435.2,2670,72,measure
2026-09-10T23:45:37.242+00:00,559.001,412.256,100,22435.2,2670,70,measure
2026-09-10T23:45:38.241+00:00,560.000,428.871,100,22435.2,2670,73,measure
2026-09-10T23:45:39.245+00:00,561.003,428.294,100,22435.2,2670,72,measure
2026-09-10T23:45:40.244+00:00,562.001,411.878,99,22435.2,2670,71,measure
2026-09-10T23:45:41.241+00:00,563.001,409.32,100,22435.2,2670,71,measure
2026-09-10T23:45:42.242+00:00,564.001,417.562,100,22435.2,2670,70,measure
2026-09-10T23:45:43.243+00:00,565.001,413.621,100,22435.2,2670,72,measure
2026-09-10T23:45:44.241+00:00,566.001,412.385,100,22435.2,2670,70,measure
2026-09-10T23:45:45.243+00:00,567.001,425.611,100,22435.2,2670,73,measure
2026-09-10T23:45:46.243+00:00,568.001,429.878,100,22435.2,2670,72,measure
2026-09-10T23:45:47.243+00:00,569.002,413.662,100,22435.2,2670,71,measure
2026-09-10T23:45:48.244+00:00,570.003,410.203,100,22435.2,2670,72,measure
2026-09-10T23:45:46.741+00:00,571.000,416.872,100,22435.2,2670,71,measure
2026-09-10T23:45:47.741+00:00,572.001,413.097,99,22435.2,2670,71,measure
2026-09-10T23:45:48.742+00:00,573.000,411.839,100,22435.2,2670,71,measure
2026-09-10T23:45:49.747+00:00,574.006,424.813,99,22435.2,2670,71,measure
2026-09-10T23:45:50.745+00:00,575.005,432.66,100,22435.2,2670,72,measure
2026-09-10T23:45:51.742+00:00,576.002,416.176,100,22435.2,2670,72,measure
2026-09-10T23:45:52.741+00:00,577.001,410.174,99,22435.2,2670,71,measure
2026-09-10T23:45:53.750+00:00,578.008,415.821,100,22435.2,2670,70,measure
2026-09-10T23:45:54.745+00:00,579.004,412.798,99,22435.2,2670,71,measure
2026-09-10T23:45:55.745+00:00,580.004,412.421,100,22435.2,2670,70,measure
2026-09-10T23:45:56.769+00:00,581.002,421.943,100,22435.2,2670,70,measure
2026-09-10T23:45:57.741+00:00,582.001,433.07,100,22435.2,2670,72,measure
2026-09-10T23:45:58.741+00:00,583.000,415.632,100,22435.2,2670,71,measure
2026-09-10T23:45:59.740+00:00,584.000,410.53,99,22435.2,2670,70,measure
2026-09-10T23:46:00.742+00:00,585.001,415.132,100,22435.2,2670,70,measure
2026-09-10T23:46:01.742+00:00,586.000,412.702,99,22435.2,2670,72,measure
2026-09-10T23:46:02.742+00:00,587.002,413.29,100,22435.2,2670,72,measure
2026-09-10T23:46:03.743+00:00,588.003,419.029,100,22435.2,2670,70,measure
2026-09-10T23:46:04.741+00:00,589.001,434.414,100,22435.2,2670,73,measure
2026-09-10T23:46:05.781+00:00,590.000,415.817,100,22435.2,2670,71,measure
2026-09-10T23:46:06.742+00:00,591.001,411.563,100,22435.2,2670,70,measure
2026-09-10T23:46:07.743+00:00,592.000,417.067,100,22435.2,2670,70,measure
2026-09-10T23:46:08.741+00:00,593.001,412.062,100,22435.2,2670,72,measure
2026-09-10T23:46:09.742+00:00,594.001,412.549,100,22435.2,2670,71,measure
2026-09-10T23:46:10.742+00:00,595.001,417.928,100,22435.2,2670,70,measure
2026-09-10T23:46:11.740+00:00,596.000,434.495,100,22435.2,2670,73,measure
2026-09-10T23:46:12.742+00:00,597.001,416.437,100,22435.2,2670,71,measure
2026-09-10T23:46:13.742+00:00,598.001,411.424,100,22435.2,2670,71,measure
2026-09-10T23:46:14.741+00:00,599.001,415.969,100,22435.2,2670,70,measure
2026-09-10T23:46:15.741+00:00,600.001,410.514,100,22559.4,2670,71,measure
2026-09-10T23:46:16.740+00:00,601.000,409.258,100,22559.4,2670,71,measure
2026-09-10T23:46:17.743+00:00,602.002,416.487,100,22559.4,2670,70,measure
2026-09-10T23:46:16.245+00:00,603.005,433.657,100,22559.7,2670,73,measure
2026-09-10T23:46:17.241+00:00,604.001,416.12,99,22425.6,2670,71,measure
2026-09-10T23:46:18.240+00:00,605.001,408.377,99,22425.6,2670,71,measure
2026-09-10T23:46:19.240+00:00,606.001,414.322,100,22425.6,2670,70,measure
2026-09-10T23:46:20.241+00:00,607.001,412.833,100,22425.6,2670,71,measure
2026-09-10T23:46:21.240+00:00,608.000,410.504,100,22425.6,2670,71,measure
2026-09-10T23:46:22.242+00:00,609.001,414.208,100,22425.6,2670,70,measure
2026-09-10T23:46:23.241+00:00,610.002,414.214,100,22425.6,2670,71,measure
2026-09-10T23:46:24.240+00:00,611.000,391.371,99,22425.6,2670,70,measure
2026-09-10T23:46:25.241+00:00,612.001,391.982,100,22425.6,2670,69,measure
2026-09-10T23:46:26.240+00:00,613.000,393.895,99,22425.6,2670,69,measure
2026-09-10T23:46:27.240+00:00,614.000,395.447,99,22425.6,2670,70,measure
2026-09-10T23:46:28.245+00:00,615.001,390.829,99,22425.6,2685,71,measure
2026-09-10T23:46:29.241+00:00,616.001,387.077,99,22425.6,2685,70,measure
2026-09-10T23:46:30.240+00:00,617.000,384.446,99,22425.6,2685,67,measure
2026-09-10T23:46:31.240+00:00,618.001,375.429,99,22425.6,2685,67,measure
2026-09-10T23:46:32.240+00:00,619.000,363.651,99,22425.6,2685,67,measure
2026-09-10T23:46:33.240+00:00,620.000,363.504,99,22425.6,2685,67,measure
2026-09-10T23:46:34.243+00:00,621.000,369.526,99,22425.6,2685,68,measure
2026-09-10T23:46:35.242+00:00,622.001,364.247,99,22425.6,2685,67,measure
2026-09-10T23:46:36.240+00:00,623.001,371.918,99,22425.6,2685,69,measure
2026-09-10T23:46:37.240+00:00,624.000,366.314,99,22425.6,2685,67,measure
2026-09-10T23:46:38.240+00:00,625.001,359.362,99,22425.6,2685,66,measure
2026-09-10T23:46:39.241+00:00,626.001,334.35,99,22425.6,2685,65,measure
2026-09-10T23:46:40.242+00:00,627.001,317.14,99,22425.6,2685,63,measure
2026-09-10T23:46:41.241+00:00,628.000,315.653,99,22425.6,2685,65,measure
2026-09-10T23:46:42.240+00:00,629.001,313.207,99,22425.6,2685,66,measure
2026-09-10T23:46:43.240+00:00,630.001,317.566,99,22425.6,2685,64,measure
2026-09-10T23:46:44.240+00:00,631.000,317.185,99,22425.6,2685,65,measure
2026-09-10T23:46:45.240+00:00,632.000,317.542,99,22425.6,2685,66,measure
2026-09-10T23:46:46.276+00:00,633.000,326.54,99,22425.6,2685,66,measure
2026-09-10T23:46:47.240+00:00,634.000,318.445,99,22425.6,2685,64,measure
2026-09-10T23:46:48.241+00:00,635.001,324.136,99,22425.6,2685,67,measure
2026-09-10T23:46:46.741+00:00,636.001,327.299,99,22425.6,2685,65,measure
2026-09-10T23:46:47.741+00:00,637.001,339.584,99,22425.6,2685,66,measure
2026-09-10T23:46:48.742+00:00,638.001,323.039,99,22425.6,2685,64,measure
2026-09-10T23:46:49.742+00:00,639.001,324.231,99,22425.6,2685,63,measure
2026-09-10T23:46:50.741+00:00,640.000,316.283,99,22425.6,2685,64,measure
2026-09-10T23:46:51.741+00:00,641.001,326.861,99,22425.6,2685,63,measure
2026-09-10T23:46:52.788+00:00,642.001,330.009,99,22425.6,2685,62,measure
2026-09-10T23:46:53.783+00:00,643.001,324.787,99,22425.6,2685,63,measure
2026-09-10T23:46:54.740+00:00,644.000,358.105,99,22425.6,2685,65,measure
2026-09-10T23:46:55.743+00:00,645.001,345.845,99,22425.6,2685,65,measure
2026-09-10T23:46:56.741+00:00,646.000,325.242,99,22425.6,2685,61,measure
2026-09-10T23:46:57.740+00:00,647.000,325.961,99,22425.6,2685,65,measure
2026-09-10T23:46:58.742+00:00,648.002,327.316,99,22425.6,2685,64,measure
2026-09-10T23:46:59.740+00:00,649.000,338.693,99,22425.6,2685,66,measure
2026-09-10T23:47:00.741+00:00,650.001,366.669,99,22425.6,2685,66,measure
2026-09-10T23:47:01.741+00:00,651.000,360.976,99,22425.6,2685,65,measure
2026-09-10T23:47:02.740+00:00,652.001,331.11,99,22425.6,2685,64,measure
2026-09-10T23:47:03.740+00:00,653.000,325.931,99,22425.6,2685,64,measure
2026-09-10T23:47:04.741+00:00,654.001,329.662,99,22425.6,2685,65,measure
2026-09-10T23:47:05.740+00:00,655.000,349.869,99,22425.6,2685,65,measure
2026-09-10T23:47:06.741+00:00,656.000,355.044,99,22425.6,2685,66,measure
2026-09-10T23:47:07.747+00:00,657.007,329.485,99,22425.6,2685,64,measure
2026-09-10T23:47:08.741+00:00,658.001,319.743,99,22425.6,2685,62,measure
2026-09-10T23:47:09.770+00:00,659.000,322.586,99,22425.6,2685,61,measure
2026-09-10T23:47:10.740+00:00,660.000,323.099,99,22425.6,2685,63,measure
2026-09-10T23:47:11.741+00:00,661.001,327.749,99,22425.6,2685,65,measure
2026-09-10T23:47:12.743+00:00,662.001,341.76,99,22425.6,2685,64,measure
2026-09-10T23:47:13.742+00:00,663.001,368.93,99,22425.6,2685,64,measure
2026-09-10T23:47:14.740+00:00,664.000,356.301,99,22425.6,2685,64,measure
2026-09-10T23:47:15.741+00:00,665.001,359.571,99,22425.6,2685,66,measure
2026-09-10T23:47:16.741+00:00,666.001,333.362,99,22425.6,2685,64,measure
2026-09-10T23:47:17.740+00:00,667.001,317.258,99,22425.6,2685,61,measure
2026-09-10T23:47:16.243+00:00,668.002,327.733,99,22425.6,2685,63,measure
2026-09-10T23:47:17.243+00:00,669.001,320.395,99,22425.6,2685,62,measure
2026-09-10T23:47:18.240+00:00,670.000,345.917,99,22425.6,2685,67,measure
2026-09-10T23:47:19.240+00:00,671.000,362.33,99,22425.6,2685,65,measure
2026-09-10T23:47:20.242+00:00,672.001,364.111,99,22425.6,2685,67,measure
2026-09-10T23:47:21.240+00:00,673.000,359.679,99,22425.6,2685,65,measure
2026-09-10T23:47:22.242+00:00,674.001,335.608,99,22425.6,2685,62,measure
2026-09-10T23:47:23.243+00:00,675.001,337.681,99,22425.6,2685,62,measure
2026-09-10T23:47:24.240+00:00,676.001,317.761,99,22425.6,2685,65,measure
2026-09-10T23:47:25.240+00:00,677.000,330.148,99,22425.6,2685,64,measure
2026-09-10T23:47:26.240+00:00,678.000,321.811,99,22425.6,2685,62,measure
2026-09-10T23:47:27.240+00:00,679.001,332.22,99,22425.6,2685,63,measure
2026-09-10T23:47:28.248+00:00,680.008,345.142,99,22425.6,2685,68,measure
2026-09-10T23:47:29.261+00:00,681.020,366.793,99,22425.6,2685,65,measure
2026-09-10T23:47:30.244+00:00,682.005,363.542,99,22425.6,2685,64,measure
2026-09-10T23:47:31.242+00:00,683.003,350.519,99,22425.6,2685,63,measure
2026-09-10T23:47:32.245+00:00,684.005,338.508,99,22425.6,2685,64,measure
2026-09-10T23:47:33.240+00:00,685.001,323.667,99,22425.6,2685,63,measure
2026-09-10T23:47:34.244+00:00,686.003,313.69,99,22425.6,2685,61,measure
2026-09-10T23:47:35.242+00:00,687.002,320.754,99,22425.6,2685,62,measure
2026-09-10T23:47:36.241+00:00,688.001,323.949,99,22425.6,2685,61,measure
2026-09-10T23:47:37.242+00:00,689.002,325.021,99,22425.6,2685,62,measure
2026-09-10T23:47:38.239+00:00,690.000,348.693,99,22425.6,2685,65,measure
2026-09-10T23:47:39.247+00:00,691.007,362.441,99,22425.6,2685,63,measure
2026-09-10T23:47:40.242+00:00,692.002,361.462,99,22425.6,2685,66,measure
2026-09-10T23:47:41.242+00:00,693.001,364.531,99,22425.6,2685,65,measure
2026-09-10T23:47:42.240+00:00,694.000,346.56,99,22425.6,2685,65,measure
2026-09-10T23:47:43.240+00:00,695.000,316.959,99,22425.6,2685,61,measure
2026-09-10T23:47:44.240+00:00,696.000,327.051,99,22425.6,2685,65,measure
2026-09-10T23:47:45.271+00:00,697.031,347.176,99,22425.6,2685,64,measure
2026-09-10T23:47:46.244+00:00,698.003,359.55,99,22425.6,2685,65,measure
2026-09-10T23:47:47.245+00:00,699.006,326.834,99,22425.6,2685,61,measure
2026-09-10T23:47:48.247+00:00,700.008,306.24,99,22425.6,2685,62,measure
2026-09-10T23:47:46.800+00:00,701.041,319.563,99,22425.6,2685,61,measure
2026-09-10T23:47:47.760+00:00,702.000,322.673,99,22425.6,2685,65,measure
2026-09-10T23:47:48.764+00:00,703.004,335.888,99,22425.6,2685,61,measure
2026-09-10T23:47:49.762+00:00,704.001,337.72,99,22425.6,2685,64,measure
2026-09-10T23:47:50.761+00:00,705.001,349.624,99,22425.6,2685,64,measure
2026-09-10T23:47:51.760+00:00,706.001,324.611,99,22425.6,2685,63,measure
2026-09-10T23:47:52.759+00:00,707.001,321.741,99,22425.6,2685,61,measure
2026-09-10T23:47:53.762+00:00,708.003,298.613,100,22425.6,2685,60,measure
2026-09-10T23:47:54.759+00:00,709.001,380.75,99,22425.6,2685,67,measure
2026-09-10T23:47:55.813+00:00,710.001,375.161,99,22425.6,2685,67,measure
2026-09-10T23:47:56.761+00:00,711.002,384.331,99,22425.6,2685,66,measure
2026-09-10T23:47:57.759+00:00,712.001,385.309,99,22425.6,2685,66,measure
2026-09-10T23:47:58.768+00:00,713.001,378.405,99,22425.6,2685,66,measure
2026-09-10T23:47:59.759+00:00,714.001,380.37,99,22425.6,2685,67,measure
2026-09-10T23:48:00.762+00:00,715.002,375.134,99,22425.6,2685,65,measure
2026-09-10T23:48:01.760+00:00,716.000,365.625,99,22425.6,2685,66,measure
2026-09-10T23:48:02.760+00:00,717.001,363.863,99,22425.6,2685,66,measure
2026-09-10T23:48:03.760+00:00,718.001,361.596,99,22425.6,2685,65,measure
2026-09-10T23:48:04.760+00:00,719.000,362.582,99,22425.6,2685,65,measure
2026-09-10T23:48:05.759+00:00,720.001,362.446,99,22425.6,2685,66,measure
2026-09-10T23:48:06.761+00:00,721.002,359.357,99,22425.6,2685,64,measure
2026-09-10T23:48:07.765+00:00,722.001,330.63,99,22425.6,2685,62,measure
2026-09-10T23:48:08.761+00:00,723.002,308.663,99,22425.6,2685,61,measure
2026-09-10T23:48:09.764+00:00,724.006,328.136,99,22425.6,2685,64,measure
2026-09-10T23:48:10.761+00:00,725.002,325.686,99,22425.6,2685,64,measure
2026-09-10T23:48:11.760+00:00,726.001,349.376,99,22425.6,2685,65,measure
2026-09-10T23:48:12.759+00:00,727.000,372.907,99,22425.6,2685,64,measure
2026-09-10T23:48:13.760+00:00,728.000,366.073,99,22425.6,2685,65,measure
2026-09-10T23:48:14.766+00:00,729.008,355.165,99,22425.6,2685,65,measure
2026-09-10T23:48:15.760+00:00,730.000,345.652,99,22425.6,2685,62,measure
2026-09-10T23:48:16.760+00:00,731.001,323.501,99,22425.6,2685,63,measure
2026-09-10T23:48:17.759+00:00,732.000,323.136,99,22425.6,2685,64,measure
2026-09-10T23:48:16.283+00:00,733.000,332.98,99,22425.6,2685,64,measure
2026-09-10T23:48:17.262+00:00,734.001,324.951,99,22425.6,2685,65,measure
2026-09-10T23:48:18.262+00:00,735.001,340.879,99,22425.6,2685,65,measure
2026-09-10T23:48:19.262+00:00,736.002,338.449,99,22425.6,2685,63,measure
2026-09-10T23:48:20.262+00:00,737.001,327.969,99,22425.6,2685,63,measure
2026-09-10T23:48:21.261+00:00,738.000,364.368,99,22425.6,2685,65,measure
2026-09-10T23:48:22.261+00:00,739.000,353.728,99,22425.6,2685,64,measure
2026-09-10T23:48:23.263+00:00,740.002,342.347,99,22425.6,2685,64,measure
2026-09-10T23:48:24.261+00:00,741.000,315.888,99,22425.6,2685,61,measure
2026-09-10T23:48:25.261+00:00,742.001,326,99,22425.6,2685,61,measure
2026-09-10T23:48:26.261+00:00,743.000,322.734,99,22425.6,2685,62,measure
2026-09-10T23:48:27.261+00:00,744.000,320.287,99,22425.6,2685,62,measure
2026-09-10T23:48:28.261+00:00,745.000,308.27,99,22425.6,2685,61,measure
2026-09-10T23:48:29.262+00:00,746.000,312.816,99,22425.6,2685,60,measure
2026-09-10T23:48:30.261+00:00,747.001,332.458,99,22425.6,2685,64,measure
2026-09-10T23:48:31.261+00:00,748.000,325.42,99,22425.6,2685,64,measure
2026-09-10T23:48:32.263+00:00,749.001,333.36,99,22425.6,2685,65,measure
2026-09-10T23:48:33.261+00:00,750.000,322.937,99,22425.6,2685,61,measure
2026-09-10T23:48:34.262+00:00,751.001,309.77,99,22425.6,2685,60,measure
2026-09-10T23:48:35.265+00:00,752.001,333.878,99,22425.6,2685,63,measure
2026-09-10T23:48:36.294+00:00,753.004,336.665,99,22425.6,2685,62,measure
2026-09-10T23:48:37.261+00:00,754.000,355.821,99,22425.6,2685,65,measure
2026-09-10T23:48:38.261+00:00,755.000,353.824,99,22425.6,2685,66,measure
2026-09-10T23:48:39.261+00:00,756.000,348.378,99,22425.6,2685,65,measure
2026-09-10T23:48:40.263+00:00,757.001,367.728,99,22425.6,2685,66,measure
2026-09-10T23:48:41.300+00:00,758.000,361.266,99,22425.6,2685,65,measure
2026-09-10T23:48:42.261+00:00,759.000,363.556,99,22425.6,2685,65,measure
2026-09-10T23:48:43.261+00:00,760.000,363.354,99,22425.6,2685,65,measure
2026-09-10T23:48:44.260+00:00,761.000,360.363,99,22425.6,2685,64,measure
2026-09-10T23:48:45.261+00:00,762.001,352.671,99,22425.6,2685,62,measure
2026-09-10T23:48:46.263+00:00,763.001,350.481,99,22425.6,2685,64,measure
2026-09-10T23:48:47.262+00:00,764.001,351.235,99,22425.6,2685,62,measure
2026-09-10T23:48:45.930+00:00,765.002,320.444,55,22425.6,2700,64,measure
2026-09-10T23:48:46.765+00:00,766.004,339.086,99,22425.6,2685,64,measure
2026-09-10T23:48:47.760+00:00,767.001,355.495,99,22425.6,2685,65,measure
2026-09-10T23:48:48.760+00:00,768.002,360.144,99,22425.6,2685,66,measure
2026-09-10T23:48:49.798+00:00,769.002,368.676,99,22425.6,2685,64,measure
2026-09-10T23:48:50.761+00:00,770.000,356.689,99,22425.6,2685,65,measure
2026-09-10T23:48:51.759+00:00,771.000,362.679,99,22425.6,2685,65,measure
2026-09-10T23:48:52.766+00:00,772.007,372.402,99,22425.6,2685,67,measure
2026-09-10T23:48:53.760+00:00,773.001,359.243,99,22425.6,2685,66,measure
2026-09-10T23:48:54.759+00:00,774.001,361.273,99,22425.6,2685,65,measure
2026-09-10T23:48:55.778+00:00,775.001,357.431,99,22425.6,2685,65,measure
2026-09-10T23:48:56.760+00:00,776.000,361.577,99,22425.6,2685,66,measure
2026-09-10T23:48:57.760+00:00,777.001,366.485,99,22425.6,2685,67,measure
2026-09-10T23:48:58.759+00:00,778.000,360.503,99,22425.6,2685,64,measure
2026-09-10T23:48:59.761+00:00,779.001,364.817,99,22425.6,2685,66,measure
2026-09-10T23:49:00.759+00:00,780.000,362.263,99,22425.6,2685,65,measure
2026-09-10T23:49:01.761+00:00,781.001,365.25,99,22425.6,2685,65,measure
2026-09-10T23:49:02.761+00:00,782.000,359.028,99,22425.6,2685,66,measure
2026-09-10T23:49:03.759+00:00,783.000,358.324,99,22425.6,2685,64,measure
2026-09-10T23:49:04.759+00:00,784.000,360.539,99,22418.4,2685,65,measure
2026-09-10T23:49:05.760+00:00,785.001,339.395,99,22418.4,2685,64,measure
2026-09-10T23:49:06.760+00:00,786.001,343.469,99,22418.4,2685,65,measure
2026-09-10T23:49:07.761+00:00,787.001,331.529,99,22418.4,2685,62,measure
2026-09-10T23:49:08.762+00:00,788.000,325.025,99,22418.4,2685,65,measure
2026-09-10T23:49:09.813+00:00,789.001,325.13,99,22418.4,2685,62,measure
2026-09-10T23:49:10.796+00:00,790.001,325.267,99,22418.4,2685,63,measure
2026-09-10T23:49:11.759+00:00,791.000,332.925,99,22418.4,2685,61,measure
2026-09-10T23:49:12.759+00:00,792.000,352.367,99,22418.4,2685,64,measure
2026-09-10T23:49:13.761+00:00,793.001,358.814,99,22418.4,2685,67,measure
2026-09-10T23:49:14.762+00:00,794.003,359.536,99,22418.4,2685,65,measure
2026-09-10T23:49:15.759+00:00,795.000,339.134,99,22418.4,2685,65,measure
2026-09-10T23:49:16.760+00:00,796.001,328.331,99,22418.4,2685,63,measure
2026-09-10T23:49:17.759+00:00,797.000,325.01,99,22418.4,2685,64,measure
2026-09-10T23:49:16.276+00:00,798.001,333.677,99,22418.4,2685,65,measure
2026-09-10T23:49:17.277+00:00,799.000,360.305,99,22418.4,2685,64,measure
2026-09-10T23:49:18.278+00:00,800.000,366.527,99,22418.4,2685,65,measure
2026-09-10T23:49:19.276+00:00,801.001,373.255,99,22418.4,2685,68,measure
2026-09-10T23:49:20.276+00:00,802.001,371.288,99,22418.4,2685,67,measure
2026-09-10T23:49:21.276+00:00,803.000,359.247,99,22418.4,2685,65,measure
2026-09-10T23:49:22.276+00:00,804.001,363.325,99,22418.4,2685,65,measure
2026-09-10T23:49:23.277+00:00,805.000,345.702,99,22418.4,2685,65,measure
2026-09-10T23:49:24.278+00:00,806.000,350.531,99,22418.4,2685,67,measure
2026-09-10T23:49:25.276+00:00,807.001,368.476,99,22418.4,2685,65,measure
2026-09-10T23:49:26.275+00:00,808.000,358.23,99,22418.4,2685,65,measure
2026-09-10T23:49:27.277+00:00,809.000,365.556,99,22418.4,2685,66,measure
2026-09-10T23:49:28.276+00:00,810.001,368.266,99,22418.4,2685,67,measure
2026-09-10T23:49:29.277+00:00,811.001,368.195,99,22418.4,2685,68,measure
2026-09-10T23:49:30.277+00:00,812.000,371.481,99,22418.4,2685,67,measure
2026-09-10T23:49:31.276+00:00,813.001,367.099,99,22418.4,2685,66,measure
2026-09-10T23:49:32.276+00:00,814.000,366.171,99,22418.4,2685,65,measure
2026-09-10T23:49:33.276+00:00,815.001,357.494,99,22418.4,2685,65,measure
2026-09-10T23:49:34.276+00:00,816.001,362.939,99,22418.4,2685,66,measure
2026-09-10T23:49:35.277+00:00,817.000,334.637,99,22418.4,2685,63,measure
2026-09-10T23:49:36.277+00:00,818.000,325.264,99,22418.4,2685,65,measure
2026-09-10T23:49:37.276+00:00,819.000,327.742,99,22418.4,2685,64,measure
2026-09-10T23:49:38.275+00:00,820.000,313.618,99,22418.4,2685,65,measure
2026-09-10T23:49:39.275+00:00,821.000,323.11,99,22418.4,2685,63,measure
2026-09-10T23:49:40.277+00:00,822.002,316.557,99,22418.4,2685,62,measure
2026-09-10T23:49:41.277+00:00,823.001,318.829,99,22418.4,2685,62,measure
2026-09-10T23:49:42.277+00:00,824.001,316.068,99,22424,2685,61,measure
2026-09-10T23:49:43.275+00:00,825.000,312.958,99,22424,2685,61,measure
2026-09-10T23:49:44.276+00:00,826.001,318.952,99,22424,2685,62,measure
2026-09-10T23:49:45.276+00:00,827.001,324.359,99,22424,2685,62,measure
2026-09-10T23:49:46.276+00:00,828.000,315.505,99,22424,2685,61,measure
2026-09-10T23:49:47.282+00:00,829.000,330.428,99,22424,2685,63,measure
2026-09-10T23:49:45.781+00:00,830.001,322.317,99,22424,2685,64,measure
2026-09-10T23:49:46.781+00:00,831.001,317.772,99,22424,2685,61,measure
2026-09-10T23:49:47.781+00:00,832.001,326.863,99,22424,2685,62,measure
2026-09-10T23:49:48.780+00:00,833.001,336.122,99,22424,2685,65,measure
2026-09-10T23:49:49.780+00:00,834.000,342.235,99,22424,2685,62,measure
2026-09-10T23:49:50.781+00:00,835.000,366.623,99,22424,2685,65,measure
2026-09-10T23:49:51.782+00:00,836.001,359.322,99,22424,2685,65,measure
2026-09-10T23:49:52.802+00:00,837.023,360.218,99,22424,2685,66,measure
2026-09-10T23:49:53.780+00:00,838.001,362.821,99,22424,2685,66,measure
2026-09-10T23:49:54.781+00:00,839.000,333.381,99,22424,2685,64,measure
2026-09-10T23:49:55.782+00:00,840.001,359.462,99,22424,2685,64,measure
2026-09-10T23:49:56.785+00:00,841.000,357.265,99,22424,2685,64,measure
2026-09-10T23:49:57.781+00:00,842.000,368.535,99,22424,2685,65,measure
2026-09-10T23:49:58.780+00:00,843.001,376.522,99,22424,2685,67,measure
2026-09-10T23:49:59.781+00:00,844.001,368.93,99,22424,2685,65,measure
2026-09-10T23:50:00.787+00:00,845.006,377.733,99,22424,2685,68,measure
2026-09-10T23:50:01.787+00:00,846.004,369.283,99,22424,2685,66,measure
2026-09-10T23:50:02.782+00:00,847.001,363.725,99,22424,2685,65,measure
2026-09-10T23:50:03.781+00:00,848.001,356.388,99,22424,2685,66,measure
2026-09-10T23:50:04.781+00:00,849.001,317.513,99,22424,2685,62,measure
2026-09-10T23:50:05.781+00:00,850.001,322.469,99,22424,2685,62,measure
2026-09-10T23:50:06.783+00:00,851.003,320.82,99,22424,2685,65,measure
2026-09-10T23:50:07.823+00:00,852.001,358.104,99,22424,2685,65,measure
2026-09-10T23:50:08.782+00:00,853.001,360.129,99,22424,2685,67,measure
2026-09-10T23:50:09.793+00:00,854.000,371.522,99,22424,2685,64,measure
2026-09-10T23:50:10.782+00:00,855.002,377.214,99,22424,2685,67,measure
2026-09-10T23:50:11.783+00:00,856.002,358.15,99,22424,2685,64,measure
2026-09-10T23:50:12.782+00:00,857.002,369.966,99,22424,2685,68,measure
2026-09-10T23:50:13.780+00:00,858.000,362.649,99,22424,2685,65,measure
2026-09-10T23:50:14.782+00:00,859.001,355.857,99,22424,2685,67,measure
2026-09-10T23:50:15.780+00:00,860.001,360.329,99,22424,2685,65,measure
2026-09-10T23:50:16.780+00:00,861.000,332.449,99,22424,2685,62,measure
2026-09-10T23:50:17.781+00:00,862.001,370.226,99,22424,2685,65,measure
2026-09-10T23:50:16.281+00:00,863.002,363.805,99,22424,2685,66,measure
2026-09-10T23:50:17.281+00:00,864.001,365.338,99,22424,2685,65,measure
2026-09-10T23:50:18.282+00:00,865.002,362.132,99,22424,2685,65,measure
2026-09-10T23:50:19.280+00:00,866.002,362.209,99,22424,2685,65,measure
2026-09-10T23:50:20.279+00:00,867.001,363.725,99,22424,2685,66,measure
2026-09-10T23:50:21.279+00:00,868.000,349.601,99,22424,2685,67,measure
2026-09-10T23:50:22.280+00:00,869.001,337.295,99,22424,2685,64,measure
2026-09-10T23:50:23.280+00:00,870.001,331.153,99,22424,2685,62,measure
2026-09-10T23:50:24.282+00:00,871.002,343.057,99,22424,2685,67,measure
2026-09-10T23:50:25.279+00:00,872.001,361.299,99,22424,2685,67,measure
2026-09-10T23:50:26.279+00:00,873.000,361.305,99,22424,2685,65,measure
2026-09-10T23:50:27.307+00:00,874.000,361.829,99,22424,2685,66,measure
2026-09-10T23:50:28.279+00:00,875.000,339.681,99,22424,2685,65,measure
2026-09-10T23:50:29.281+00:00,876.001,365.914,99,22424,2685,66,measure
2026-09-10T23:50:30.282+00:00,877.001,355.542,99,22424,2685,66,measure
2026-09-10T23:50:31.279+00:00,878.000,357.908,99,22424,2685,66,measure
2026-09-10T23:50:32.279+00:00,879.000,372.138,99,22424,2685,66,measure
2026-09-10T23:50:33.279+00:00,880.001,361.995,99,22424,2685,65,measure
2026-09-10T23:50:34.279+00:00,881.001,361.438,99,22424,2685,66,measure
2026-09-10T23:50:35.280+00:00,882.001,337.326,99,22424,2685,62,measure
2026-09-10T23:50:36.282+00:00,883.002,324.632,99,22424,2685,64,measure
2026-09-10T23:50:37.320+00:00,884.001,331.226,99,22424,2685,65,measure
2026-09-10T23:50:38.279+00:00,885.001,316.859,99,22424,2685,62,measure
2026-09-10T23:50:39.285+00:00,886.001,323.967,99,22424,2685,63,measure
2026-09-10T23:50:40.281+00:00,887.001,321.369,99,22424,2685,61,measure
2026-09-10T23:50:41.282+00:00,888.001,314.856,99,22424,2685,65,measure
2026-09-10T23:50:42.282+00:00,889.001,305.871,99,22425.6,2685,62,measure
2026-09-10T23:50:43.280+00:00,890.001,311.288,99,22425.6,2685,62,measure
2026-09-10T23:50:44.280+00:00,891.001,318.075,99,22425.6,2685,65,measure
2026-09-10T23:50:45.280+00:00,892.001,341.254,99,22425.6,2685,66,measure
2026-09-10T23:50:46.280+00:00,893.001,362.321,99,22425.6,2685,66,measure
2026-09-10T23:50:47.281+00:00,894.001,358.716,99,22425.6,2685,65,measure
2026-09-10T23:50:45.818+00:00,895.002,367.692,99,22425.6,2685,65,measure
2026-09-10T23:50:46.818+00:00,896.004,364.382,99,22425.6,2685,65,measure
2026-09-10T23:50:47.818+00:00,897.004,356.407,99,22425.6,2685,65,measure
2026-09-10T23:50:48.817+00:00,898.002,362.831,99,22425.6,2685,66,measure
2026-09-10T23:50:49.815+00:00,899.001,361.453,99,22425.6,2685,65,measure
2026-09-10T23:50:50.817+00:00,900.001,362.991,99,22425.6,2685,65,measure
2026-09-10T23:50:51.815+00:00,901.001,366.868,99,22425.6,2685,65,measure
2026-09-10T23:50:52.815+00:00,902.000,356.44,99,22425.6,2685,65,measure
2026-09-10T23:50:53.816+00:00,903.002,358.745,99,22425.6,2685,66,measure
2026-09-10T23:50:54.815+00:00,904.001,333.658,99,22425.6,2685,65,measure
2026-09-10T23:50:55.815+00:00,905.001,333.201,99,22425.6,2685,64,measure
2026-09-10T23:50:56.817+00:00,906.001,335.247,99,22425.6,2685,65,measure
2026-09-10T23:50:57.817+00:00,907.002,361.493,99,22425.6,2685,66,measure
2026-09-10T23:50:58.815+00:00,908.000,366.003,99,22425.6,2685,66,measure
2026-09-10T23:50:59.815+00:00,909.000,364.698,99,22425.6,2685,67,measure
2026-09-10T23:51:00.814+00:00,910.000,369.005,99,22425.6,2685,66,measure
2026-09-10T23:51:01.815+00:00,911.000,356.355,99,22425.6,2685,67,measure
2026-09-10T23:51:02.816+00:00,912.000,359.42,99,22425.6,2685,67,measure
2026-09-10T23:51:03.817+00:00,913.000,315.4,99,22425.6,2685,62,measure
2026-09-10T23:51:04.816+00:00,914.002,311.896,99,22425.6,2685,62,measure
2026-09-10T23:51:05.815+00:00,915.001,327.18,99,22425.6,2685,64,measure
2026-09-10T23:51:06.816+00:00,916.000,338.107,99,22425.6,2685,66,measure
2026-09-10T23:51:07.816+00:00,917.001,362.64,99,22425.6,2685,66,measure
2026-09-10T23:51:08.816+00:00,918.000,360.21,99,22425.6,2685,67,measure
2026-09-10T23:51:09.817+00:00,919.001,373.626,99,22425.6,2685,67,measure
2026-09-10T23:51:10.865+00:00,920.001,363.797,99,22425.6,2685,65,measure
2026-09-10T23:51:11.815+00:00,921.000,366.438,99,22425.6,2685,66,measure
2026-09-10T23:51:12.840+00:00,922.000,360.906,99,22425.6,2685,66,measure
2026-09-10T23:51:13.815+00:00,923.001,339.077,99,22425.6,2685,63,measure
2026-09-10T23:51:14.817+00:00,924.001,336.307,99,22425.6,2685,64,measure
2026-09-10T23:51:15.869+00:00,925.000,319.633,99,22425.6,2685,66,measure
2026-09-10T23:51:16.815+00:00,926.000,331.6,99,22425.6,2685,63,measure
2026-09-10T23:51:15.318+00:00,927.001,321.476,99,22425.6,2685,66,measure
2026-09-10T23:51:16.318+00:00,928.001,313.062,99,22425.6,2685,62,measure
2026-09-10T23:51:17.319+00:00,929.001,318.665,99,22425.6,2685,65,measure
2026-09-10T23:51:18.319+00:00,930.000,314.654,99,22425.6,2685,65,measure
2026-09-10T23:51:19.322+00:00,931.005,322.495,99,22425.6,2685,66,measure
2026-09-10T23:51:20.318+00:00,932.001,323.565,99,22425.6,2685,62,measure
2026-09-10T23:51:21.321+00:00,933.002,318.658,99,22425.6,2685,62,measure
2026-09-10T23:51:22.318+00:00,934.001,317.283,99,22425.6,2685,61,measure
2026-09-10T23:51:23.318+00:00,935.001,332.137,99,22425.6,2685,67,measure
2026-09-10T23:51:24.323+00:00,936.001,349.564,99,22425.6,2685,65,measure
2026-09-10T23:51:25.329+00:00,937.012,358.993,99,22425.6,2685,65,measure
2026-09-10T23:51:26.319+00:00,938.002,363.182,99,22425.6,2685,65,measure
2026-09-10T23:51:27.317+00:00,939.000,365.196,99,22425.6,2685,65,measure
2026-09-10T23:51:28.318+00:00,940.001,356.746,99,22425.6,2685,65,measure
2026-09-10T23:51:29.321+00:00,941.002,345.445,99,22425.6,2685,67,measure
2026-09-10T23:51:30.320+00:00,942.002,346.396,99,22425.6,2685,63,measure
2026-09-10T23:51:31.319+00:00,943.002,325.107,99,22425.6,2685,65,measure
2026-09-10T23:51:32.319+00:00,944.001,359.46,99,22425.6,2685,66,measure
2026-09-10T23:51:33.319+00:00,945.001,313.947,99,22425.6,2685,62,measure
2026-09-10T23:51:34.318+00:00,946.001,322.603,99,22425.6,2685,65,measure
2026-09-10T23:51:35.320+00:00,947.001,337.27,99,22425.6,2685,63,measure
2026-09-10T23:51:36.320+00:00,948.002,323.135,99,22425.6,2685,62,measure
2026-09-10T23:51:37.319+00:00,949.002,340.019,99,22425.6,2685,63,measure
2026-09-10T23:51:38.319+00:00,950.001,329.22,99,22425.6,2685,64,measure
2026-09-10T23:51:39.318+00:00,951.000,340.243,99,22425.6,2685,63,measure
2026-09-10T23:51:40.319+00:00,952.002,347.824,99,22425.6,2685,66,measure
2026-09-10T23:51:41.319+00:00,953.001,321.56,99,22425.6,2685,64,measure
2026-09-10T23:51:42.322+00:00,954.002,318.326,99,22425.6,2685,61,measure
2026-09-10T23:51:43.324+00:00,955.007,332.798,99,22425.6,2685,66,measure
2026-09-10T23:51:44.318+00:00,956.001,358.794,99,22425.6,2685,66,measure
2026-09-10T23:51:45.319+00:00,957.002,357.132,99,22425.6,2685,66,measure
2026-09-10T23:51:46.319+00:00,958.001,344.173,99,22425.6,2685,65,measure
2026-09-10T23:51:47.320+00:00,959.002,336.18,99,22425.6,2685,63,measure
2026-09-10T23:51:45.824+00:00,960.005,342.451,99,22425.6,2685,66,measure
2026-09-10T23:51:46.821+00:00,961.003,354.765,99,22425.6,2685,65,measure
2026-09-10T23:51:47.819+00:00,962.001,355.842,99,22425.6,2685,66,measure
2026-09-10T23:51:48.822+00:00,963.002,332.277,99,22425.6,2685,65,measure
2026-09-10T23:51:49.819+00:00,964.001,351.241,99,22425.6,2685,63,measure
2026-09-10T23:51:50.820+00:00,965.001,362.071,99,22425.6,2685,65,measure
2026-09-10T23:51:51.820+00:00,966.001,374.208,99,22425.6,2685,67,measure
2026-09-10T23:51:52.820+00:00,967.001,372.834,99,22425.6,2685,66,measure
2026-09-10T23:51:53.819+00:00,968.001,374.848,99,22425.6,2685,66,measure
2026-09-10T23:51:54.820+00:00,969.002,362.023,99,22425.6,2685,65,measure
2026-09-10T23:51:55.821+00:00,970.001,359.315,99,22425.6,2685,63,measure
2026-09-10T23:51:56.820+00:00,971.001,316.95,99,22425.6,2685,61,measure
2026-09-10T23:51:57.823+00:00,972.002,319.684,99,22425.6,2685,62,measure
2026-09-10T23:51:58.819+00:00,973.001,323.958,99,22425.6,2685,64,measure
2026-09-10T23:51:59.820+00:00,974.002,346.392,99,22425.6,2685,68,measure
2026-09-10T23:52:00.819+00:00,975.001,365.953,99,22425.6,2685,66,measure
2026-09-10T23:52:01.820+00:00,976.002,359.367,99,22425.6,2685,66,measure
2026-09-10T23:52:02.819+00:00,977.000,361.203,99,22425.6,2685,67,measure
2026-09-10T23:52:03.820+00:00,978.000,343.075,99,22425.6,2685,64,measure
2026-09-10T23:52:04.819+00:00,979.001,306.64,99,22425.6,2685,63,measure
2026-09-10T23:52:05.819+00:00,980.001,319.059,99,22425.6,2685,66,measure
2026-09-10T23:52:06.819+00:00,981.001,315.558,99,22425.6,2685,66,measure
2026-09-10T23:52:07.818+00:00,982.000,328.53,99,22425.6,2685,65,measure
2026-09-10T23:52:08.821+00:00,983.001,338.397,99,22425.6,2685,64,measure
2026-09-10T23:52:09.822+00:00,984.001,354.135,99,22425.6,2685,66,measure
2026-09-10T23:52:10.818+00:00,985.000,357.947,99,22425.6,2685,67,measure
2026-09-10T23:52:11.819+00:00,986.001,359.998,99,22425.6,2685,66,measure
2026-09-10T23:52:12.820+00:00,987.001,361.289,99,22425.6,2685,66,measure
2026-09-10T23:52:13.818+00:00,988.000,366.163,99,22425.6,2685,67,measure
2026-09-10T23:52:14.819+00:00,989.000,366.103,99,22425.6,2685,65,measure
2026-09-10T23:52:15.822+00:00,990.001,357.76,99,22425.6,2685,66,measure
2026-09-10T23:52:16.819+00:00,991.000,359.344,99,22425.6,2685,66,measure
2026-09-10T23:52:15.353+00:00,992.018,324.491,99,22425.6,2685,62,measure
2026-09-10T23:52:16.338+00:00,993.000,321.743,99,22425.6,2685,62,measure
2026-09-10T23:52:17.335+00:00,994.000,330.724,99,22425.6,2685,63,measure
2026-09-10T23:52:18.336+00:00,995.000,317.172,99,22425.6,2685,63,measure
2026-09-10T23:52:19.338+00:00,996.001,357.357,99,22425.6,2685,65,measure
2026-09-10T23:52:20.335+00:00,997.001,333.07,99,22425.6,2685,62,measure
2026-09-10T23:52:21.335+00:00,998.001,327.518,99,22425.6,2685,63,measure
2026-09-10T23:52:22.335+00:00,999.001,344.644,99,22425.6,2685,66,measure
2026-09-10T23:52:23.336+00:00,1000.001,344.909,99,22425.6,2685,65,measure
2026-09-10T23:52:24.336+00:00,1001.000,363.568,99,22425.6,2685,66,measure
2026-09-10T23:52:25.340+00:00,1002.005,369.617,99,22425.6,2685,66,measure
2026-09-10T23:52:26.335+00:00,1003.001,365.825,99,22425.6,2685,68,measure
2026-09-10T23:52:27.339+00:00,1004.004,363.104,99,22425.6,2685,67,measure
2026-09-10T23:52:28.335+00:00,1005.001,364.975,99,22425.6,2685,66,measure
2026-09-10T23:52:29.335+00:00,1006.000,370.041,99,22425.6,2685,65,measure
2026-09-10T23:52:30.338+00:00,1007.002,363.546,99,22425.6,2685,66,measure
2026-09-10T23:52:31.338+00:00,1008.003,360.419,99,22425.6,2685,68,measure
2026-09-10T23:52:32.336+00:00,1009.001,362.779,99,22425.6,2685,65,measure
2026-09-10T23:52:33.335+00:00,1010.000,335.145,99,22425.6,2685,64,measure
2026-09-10T23:52:34.335+00:00,1011.000,326.483,99,22425.6,2685,63,measure
2026-09-10T23:52:35.339+00:00,1012.003,331.168,99,22425.6,2685,63,measure
2026-09-10T23:52:36.337+00:00,1013.001,340.173,99,22425.6,2685,67,measure
2026-09-10T23:52:37.338+00:00,1014.001,368.846,99,22425.6,2685,66,measure
2026-09-10T23:52:38.337+00:00,1015.002,361.259,99,22425.6,2685,66,measure
2026-09-10T23:52:39.335+00:00,1016.000,363.465,99,22425.6,2685,65,measure
2026-09-10T23:52:40.336+00:00,1017.001,364.629,99,22425.6,2685,66,measure
2026-09-10T23:52:41.336+00:00,1018.001,353.971,99,22425.6,2685,63,measure
2026-09-10T23:52:42.337+00:00,1019.000,361.658,99,22425.6,2685,65,measure
2026-09-10T23:52:43.337+00:00,1020.001,369.508,99,22425.6,2685,65,measure
2026-09-10T23:52:44.336+00:00,1021.001,356.677,99,22425.6,2685,65,measure
2026-09-10T23:52:45.335+00:00,1022.000,364.295,99,22425.6,2685,66,measure
2026-09-10T23:52:46.336+00:00,1023.001,348.272,99,22425.6,2685,66,measure
2026-09-10T23:52:47.337+00:00,1024.002,339.981,99,22425.6,2685,64,measure
2026-09-10T23:52:45.840+00:00,1025.001,363.674,99,22425.6,2685,67,measure
2026-09-10T23:52:46.840+00:00,1026.000,358.848,99,22425.6,2685,65,measure
2026-09-10T23:52:47.838+00:00,1027.000,343.122,99,22425.6,2685,66,measure
2026-09-10T23:52:48.838+00:00,1028.001,335.248,99,22425.6,2685,64,measure
2026-09-10T23:52:49.838+00:00,1029.001,362.568,99,22425.6,2685,66,measure
2026-09-10T23:52:50.838+00:00,1030.001,361.971,99,22425.6,2685,65,measure
2026-09-10T23:52:51.840+00:00,1031.001,357.418,99,22425.6,2685,66,measure
2026-09-10T23:52:52.838+00:00,1032.001,341.3,99,22425.6,2685,64,measure
2026-09-10T23:52:53.838+00:00,1033.001,326.249,99,22425.6,2685,62,measure
2026-09-10T23:52:54.838+00:00,1034.001,339.854,99,22425.6,2685,67,measure
2026-09-10T23:52:55.839+00:00,1035.002,352.471,99,22425.6,2685,65,measure
2026-09-10T23:52:56.841+00:00,1036.002,361.033,99,22425.6,2685,66,measure
2026-09-10T23:52:57.840+00:00,1037.001,342.611,99,22425.6,2685,64,measure
2026-09-10T23:52:58.839+00:00,1038.001,338.87,99,22425.6,2685,67,measure
2026-09-10T23:52:59.838+00:00,1039.001,358.493,99,22425.6,2685,67,measure
2026-09-10T23:53:00.839+00:00,1040.001,365.773,99,22425.6,2685,67,measure
2026-09-10T23:53:01.839+00:00,1041.001,368.102,99,22425.6,2685,65,measure
2026-09-10T23:53:02.838+00:00,1042.000,362.944,99,22425.6,2685,65,measure
2026-09-10T23:53:03.843+00:00,1043.001,370.563,99,22425.6,2685,65,measure
2026-09-10T23:53:04.839+00:00,1044.001,383.638,99,22425.6,2685,69,measure
2026-09-10T23:53:05.838+00:00,1045.000,371.864,99,22425.6,2685,66,measure
2026-09-10T23:53:06.839+00:00,1046.002,366.254,99,22425.6,2685,66,measure
2026-09-10T23:53:07.838+00:00,1047.001,361.482,99,22425.6,2685,64,measure
2026-09-10T23:53:08.866+00:00,1048.001,342.787,99,22425.6,2685,67,measure
2026-09-10T23:53:09.841+00:00,1049.002,365.637,99,22425.6,2685,67,measure
2026-09-10T23:53:10.839+00:00,1050.000,358.043,99,22425.6,2685,65,measure
2026-09-10T23:53:11.838+00:00,1051.001,356.754,99,22425.6,2685,66,measure
2026-09-10T23:53:12.838+00:00,1052.001,326.167,99,22425.6,2685,65,measure
2026-09-10T23:53:13.860+00:00,1053.009,324.956,99,22425.6,2685,64,measure
2026-09-10T23:53:14.839+00:00,1054.001,328.201,99,22425.6,2685,66,measure
2026-09-10T23:53:15.843+00:00,1055.006,324.839,99,22425.6,2685,63,measure
2026-09-10T23:53:16.840+00:00,1056.001,305.151,99,22425.6,2685,63,measure
2026-09-10T23:53:15.340+00:00,1057.001,321.162,99,22425.6,2685,64,measure
2026-09-10T23:53:16.340+00:00,1058.001,321.895,99,22425.6,2685,66,measure
2026-09-10T23:53:17.342+00:00,1059.002,322.306,99,22425.6,2685,63,measure
2026-09-10T23:53:18.343+00:00,1060.002,317.248,99,22425.6,2685,63,measure
2026-09-10T23:53:19.397+00:00,1061.001,320.98,99,22425.6,2685,65,measure
2026-09-10T23:53:20.376+00:00,1062.000,324.117,99,22425.6,2685,62,measure
2026-09-10T23:53:21.341+00:00,1063.002,324.935,99,22425.6,2685,64,measure
2026-09-10T23:53:22.341+00:00,1064.001,335.3,99,22425.6,2685,65,measure
2026-09-10T23:53:23.340+00:00,1065.001,361.314,99,22425.6,2685,65,measure
2026-09-10T23:53:24.343+00:00,1066.002,366.045,99,22425.6,2685,66,measure
2026-09-10T23:53:25.342+00:00,1067.002,363.646,99,22425.6,2685,68,measure
2026-09-10T23:53:26.342+00:00,1068.003,362.716,99,22425.6,2685,65,measure
2026-09-10T23:53:27.341+00:00,1069.002,377.528,99,22425.6,2685,67,measure
2026-09-10T23:53:28.343+00:00,1070.002,385.266,99,22425.6,2685,68,measure
2026-09-10T23:53:29.340+00:00,1071.000,370.394,99,22425.6,2685,65,measure
2026-09-10T23:53:30.340+00:00,1072.000,371.619,99,22425.6,2685,66,measure
2026-09-10T23:53:31.342+00:00,1073.001,372.428,99,22425.6,2685,67,measure
2026-09-10T23:53:32.341+00:00,1074.002,365.291,99,22425.6,2685,67,measure
2026-09-10T23:53:33.341+00:00,1075.002,366.934,99,22425.6,2685,65,measure
2026-09-10T23:53:34.343+00:00,1076.003,370.444,99,22425.6,2685,66,measure
2026-09-10T23:53:35.346+00:00,1077.005,360.169,99,22425.6,2685,67,measure
2026-09-10T23:53:36.345+00:00,1078.004,355.32,99,22425.6,2685,66,measure
2026-09-10T23:53:37.341+00:00,1079.000,354.772,99,22425.6,2685,67,measure
2026-09-10T23:53:38.340+00:00,1080.001,364.014,99,22425.6,2685,66,measure
2026-09-10T23:53:39.340+00:00,1081.000,341.634,99,22425.6,2685,65,measure
2026-09-10T23:53:40.340+00:00,1082.001,328.359,99,22425.6,2685,65,measure
2026-09-10T23:53:41.340+00:00,1083.000,336.562,99,22425.6,2685,63,measure
2026-09-10T23:53:42.341+00:00,1084.001,349.103,99,22425.6,2685,65,measure
2026-09-10T23:53:43.343+00:00,1085.002,361.838,99,22425.6,2685,66,measure
2026-09-10T23:53:44.341+00:00,1086.001,369.11,99,22425.6,2685,65,measure
2026-09-10T23:53:45.340+00:00,1087.000,363.829,99,22425.6,2685,66,measure
2026-09-10T23:53:46.340+00:00,1088.000,367.582,99,22425.6,2685,68,measure
2026-09-10T23:53:47.342+00:00,1089.002,381.497,99,22425.6,2685,67,measure
2026-09-10T23:53:45.854+00:00,1090.017,374.489,99,22425.6,2685,66,measure
2026-09-10T23:53:46.841+00:00,1091.003,359.882,99,22425.6,2685,66,measure
2026-09-10T23:53:47.848+00:00,1092.011,349.171,99,22425.6,2685,65,measure
2026-09-10T23:53:48.842+00:00,1093.006,357.564,99,22425.6,2685,67,measure
2026-09-10T23:53:49.838+00:00,1094.001,368.976,99,22425.6,2685,67,measure
2026-09-10T23:53:50.843+00:00,1095.005,381.544,99,22425.6,2685,66,measure
2026-09-10T23:53:51.840+00:00,1096.002,369.74,99,22425.6,2685,66,measure
2026-09-10T23:53:52.840+00:00,1097.001,364.478,99,22425.6,2685,66,measure
2026-09-10T23:53:53.838+00:00,1098.001,333.817,99,22425.6,2685,66,measure
2026-09-10T23:53:54.837+00:00,1099.001,317.677,99,22425.6,2685,62,measure
2026-09-10T23:53:55.860+00:00,1100.000,314.202,99,22425.6,2685,66,measure
2026-09-10T23:53:56.837+00:00,1101.000,331.716,99,22425.6,2685,63,measure
2026-09-10T23:53:57.838+00:00,1102.000,316.683,99,22425.6,2685,64,measure
2026-09-10T23:53:58.841+00:00,1103.000,326.032,99,22425.6,2685,66,measure
2026-09-10T23:53:59.837+00:00,1104.001,328.109,99,22425.6,2685,65,measure
2026-09-10T23:54:00.837+00:00,1105.001,319.233,99,22425.6,2685,62,measure
2026-09-10T23:54:01.837+00:00,1106.001,326.543,99,22425.6,2685,65,measure
2026-09-10T23:54:02.838+00:00,1107.000,331.957,99,22425.6,2685,63,measure
2026-09-10T23:54:03.838+00:00,1108.000,354.506,99,22425.6,2685,65,measure
2026-09-10T23:54:04.876+00:00,1109.000,333.003,99,22425.6,2685,63,measure
2026-09-10T23:54:05.837+00:00,1110.000,364.59,99,22425.6,2685,67,measure
2026-09-10T23:54:06.837+00:00,1111.001,363.708,99,22425.6,2685,67,measure
2026-09-10T23:54:07.837+00:00,1112.001,359.589,99,22425.6,2685,65,measure
2026-09-10T23:54:08.838+00:00,1113.001,328.092,99,22425.6,2685,62,measure
2026-09-10T23:54:09.838+00:00,1114.000,312.29,99,22425.6,2685,62,measure
2026-09-10T23:54:10.873+00:00,1115.000,323.381,99,22425.6,2685,65,measure
2026-09-10T23:54:11.837+00:00,1116.000,320.187,99,22425.6,2685,62,measure
2026-09-10T23:54:12.837+00:00,1117.000,324.789,99,22425.6,2685,62,measure
2026-09-10T23:54:13.837+00:00,1118.000,358.98,99,22425.6,2685,67,measure
2026-09-10T23:54:14.890+00:00,1119.001,354.08,99,22425.6,2685,68,measure
2026-09-10T23:54:15.839+00:00,1120.000,364.733,99,22425.6,2685,66,measure
2026-09-10T23:54:16.839+00:00,1121.000,345.578,99,22425.6,2685,65,measure
2026-09-10T23:54:15.339+00:00,1122.000,340.947,99,22425.6,2685,66,measure
2026-09-10T23:54:16.338+00:00,1123.000,317.079,99,22425.6,2685,61,measure
2026-09-10T23:54:17.387+00:00,1124.000,326.984,99,22425.6,2685,66,measure
2026-09-10T23:54:18.338+00:00,1125.000,326.825,99,22425.6,2685,64,measure
2026-09-10T23:54:19.340+00:00,1126.000,338.174,99,22425.6,2685,65,measure
2026-09-10T23:54:20.341+00:00,1127.001,331.993,99,22425.6,2685,63,measure
2026-09-10T23:54:21.339+00:00,1128.001,326.709,99,22425.6,2685,66,measure
2026-09-10T23:54:22.339+00:00,1129.001,317.779,99,22425.6,2685,63,measure
2026-09-10T23:54:23.340+00:00,1130.000,309.825,99,22425.6,2685,66,measure
2026-09-10T23:54:24.338+00:00,1131.000,323.471,99,22425.6,2685,66,measure
2026-09-10T23:54:25.340+00:00,1132.000,332.944,99,22425.6,2685,65,measure
2026-09-10T23:54:26.341+00:00,1133.000,357.042,99,22425.6,2685,66,measure
2026-09-10T23:54:27.339+00:00,1134.001,366.242,99,22425.6,2685,65,measure
2026-09-10T23:54:28.339+00:00,1135.001,363.284,99,22425.6,2685,67,measure
2026-09-10T23:54:29.340+00:00,1136.002,364.01,99,22425.6,2685,65,measure
2026-09-10T23:54:30.340+00:00,1137.002,363.325,99,22425.6,2685,65,measure
2026-09-10T23:54:31.340+00:00,1138.001,364.278,99,22425.6,2685,67,measure
2026-09-10T23:54:32.340+00:00,1139.002,363.837,99,22425.6,2685,67,measure
2026-09-10T23:54:33.339+00:00,1140.001,360.191,99,22425.6,2685,66,measure
2026-09-10T23:54:34.339+00:00,1141.001,357.755,99,22425.6,2685,67,measure
2026-09-10T23:54:35.338+00:00,1142.000,339.022,99,22425.6,2685,65,measure
2026-09-10T23:54:36.341+00:00,1143.000,364.825,99,22425.6,2685,65,measure
2026-09-10T23:54:37.340+00:00,1144.001,367.207,99,22425.6,2685,65,measure
2026-09-10T23:54:38.340+00:00,1145.000,361.938,99,22425.6,2685,65,measure
2026-09-10T23:54:39.339+00:00,1146.001,361.456,99,22425.6,2685,65,measure
2026-09-10T23:54:40.341+00:00,1147.001,349.492,99,22425.6,2685,65,measure
2026-09-10T23:54:41.338+00:00,1148.000,334.006,99,22425.6,2685,65,measure
2026-09-10T23:54:42.339+00:00,1149.001,302.805,99,22425.6,2685,62,measure
2026-09-10T23:54:43.345+00:00,1150.001,342.181,99,22425.6,2685,66,measure
2026-09-10T23:54:44.374+00:00,1151.001,330.613,99,22425.6,2685,63,measure
2026-09-10T23:54:45.339+00:00,1152.000,351.901,99,22425.6,2685,65,measure
2026-09-10T23:54:46.339+00:00,1153.001,339.61,99,22425.6,2685,66,measure
2026-09-10T23:54:47.338+00:00,1154.000,333.985,99,22425.6,2685,63,measure
2026-09-10T23:54:45.838+00:00,1155.000,365.692,99,22425.6,2685,68,measure
2026-09-10T23:54:46.840+00:00,1156.001,354.049,99,22425.6,2685,65,measure
2026-09-10T23:54:47.839+00:00,1157.000,352.9,99,22425.6,2685,67,measure
2026-09-10T23:54:48.858+00:00,1158.017,331.474,99,22425.6,2685,65,measure
2026-09-10T23:54:49.840+00:00,1159.002,315.87,99,22425.6,2685,64,measure
2026-09-10T23:54:50.841+00:00,1160.003,334.886,99,22425.6,2685,65,measure
2026-09-10T23:54:51.838+00:00,1161.000,323.876,99,22425.6,2685,63,measure
2026-09-10T23:54:52.839+00:00,1162.000,338.469,99,22425.6,2685,66,measure
2026-09-10T23:54:53.843+00:00,1163.002,337.91,99,22425.6,2685,67,measure
2026-09-10T23:54:54.839+00:00,1164.001,370.229,99,22425.6,2685,66,measure
2026-09-10T23:54:55.839+00:00,1165.002,363.456,99,22425.6,2685,65,measure
2026-09-10T23:54:56.840+00:00,1166.002,362.552,99,22425.6,2685,68,measure
2026-09-10T23:54:57.839+00:00,1167.001,364.64,99,22425.6,2685,66,measure
2026-09-10T23:54:58.840+00:00,1168.000,364.607,99,22425.6,2685,65,measure
2026-09-10T23:54:59.846+00:00,1169.000,353.935,99,22425.6,2685,64,measure
2026-09-10T23:55:00.838+00:00,1170.000,362.196,99,22425.6,2685,66,measure
2026-09-10T23:55:01.839+00:00,1171.001,367.978,99,22425.6,2685,66,measure
2026-09-10T23:55:02.883+00:00,1172.003,370.339,99,22425.6,2685,65,measure
2026-09-10T23:55:03.839+00:00,1173.001,366.576,99,22425.6,2685,66,measure
2026-09-10T23:55:04.839+00:00,1174.000,365.204,99,22425.6,2685,66,measure
2026-09-10T23:55:05.839+00:00,1175.000,361.647,99,22425.6,2685,67,measure
2026-09-10T23:55:06.838+00:00,1176.000,370.187,99,22425.6,2685,68,measure
2026-09-10T23:55:07.840+00:00,1177.001,368.827,99,22425.6,2685,66,measure
2026-09-10T23:55:08.838+00:00,1178.000,369.821,99,22425.6,2685,68,measure
2026-09-10T23:55:09.838+00:00,1179.000,356.89,99,22425.6,2685,65,measure
2026-09-10T23:55:10.840+00:00,1180.001,373.904,99,22425.6,2685,67,measure
2026-09-10T23:55:11.838+00:00,1181.000,370.181,99,22425.6,2685,66,measure
2026-09-10T23:55:12.838+00:00,1182.000,378.523,99,22425.6,2685,69,measure
2026-09-10T23:55:13.838+00:00,1183.000,386.199,99,22425.6,2685,66,measure
2026-09-10T23:55:14.838+00:00,1184.000,383.625,99,22425.6,2685,66,measure
2026-09-10T23:55:15.838+00:00,1185.000,371.604,99,22425.6,2685,66,measure
2026-09-10T23:55:16.839+00:00,1186.000,373.375,99,22425.6,2685,67,measure
2026-09-10T23:55:15.357+00:00,1187.000,364.244,99,22425.6,2685,67,measure
2026-09-10T23:55:16.359+00:00,1188.002,365.297,99,22425.6,2685,67,measure
2026-09-10T23:55:17.357+00:00,1189.000,360.84,99,22425.6,2685,65,measure
2026-09-10T23:55:18.358+00:00,1190.001,367.228,99,22425.6,2685,65,measure
2026-09-10T23:55:19.357+00:00,1191.000,356.756,99,22425.6,2685,66,measure
2026-09-10T23:55:20.361+00:00,1192.001,349.605,99,22425.6,2685,63,measure
2026-09-10T23:55:21.391+00:00,1193.034,323.451,99,22425.6,2685,66,measure
2026-09-10T23:55:22.387+00:00,1194.001,326.252,99,22425.6,2685,63,measure
2026-09-10T23:55:23.357+00:00,1195.000,320.777,99,22425.6,2685,65,measure
2026-09-10T23:55:24.358+00:00,1196.002,315.209,99,22425.6,2685,63,measure
2026-09-10T23:55:25.358+00:00,1197.000,328.231,99,22425.6,2685,63,measure
2026-09-10T23:55:26.395+00:00,1198.000,339.334,99,22425.6,2685,65,measure
2026-09-10T23:55:27.357+00:00,1199.000,356.026,99,22425.6,2685,67,measure
2026-09-10T23:55:28.373+00:00,1200.000,325.346,99,22425.6,2685,65,measure
2026-09-10T23:55:29.357+00:00,1201.000,323.297,99,22425.6,2685,65,measure
2026-09-10T23:55:30.357+00:00,1202.000,318.434,99,22425.6,2685,62,measure
2026-09-10T23:55:31.400+00:00,1203.000,323.023,99,22425.6,2685,66,measure
2026-09-10T23:55:32.361+00:00,1204.000,323.847,99,22425.6,2685,65,measure
2026-09-10T23:55:33.357+00:00,1205.001,315.051,99,22425.6,2685,62,measure
2026-09-10T23:55:34.357+00:00,1206.000,322.733,99,22425.6,2685,63,measure
2026-09-10T23:55:35.360+00:00,1207.001,332.275,99,22425.6,2685,62,measure
2026-09-10T23:55:36.358+00:00,1208.001,358.952,99,22425.6,2685,67,measure
2026-09-10T23:55:37.359+00:00,1209.000,372.833,99,22425.6,2685,67,measure
2026-09-10T23:55:38.361+00:00,1210.001,387.541,99,22425.6,2685,68,measure
2026-09-10T23:55:39.357+00:00,1211.001,372.71,99,22425.6,2685,68,measure
2026-09-10T23:55:40.358+00:00,1212.001,362.037,99,22425.6,2685,65,measure
2026-09-10T23:55:41.358+00:00,1213.000,364.302,99,22425.6,2685,68,measure
2026-09-10T23:55:42.358+00:00,1214.001,324.245,99,22425.6,2685,63,measure
2026-09-10T23:55:43.358+00:00,1215.000,304.074,99,22425.6,2685,64,measure
2026-09-10T23:55:44.360+00:00,1216.000,318.63,99,22425.6,2685,62,measure
2026-09-10T23:55:45.357+00:00,1217.000,309.587,99,22425.6,2685,62,measure
2026-09-10T23:55:46.357+00:00,1218.000,316.618,99,22425.6,2685,66,measure
2026-09-10T23:55:44.856+00:00,1219.001,318.306,99,22425.6,2685,63,measure
2026-09-10T23:55:45.858+00:00,1220.002,328.896,99,22425.6,2685,64,measure
2026-09-10T23:55:46.858+00:00,1221.001,350.711,99,22425.6,2685,65,measure
2026-09-10T23:55:47.863+00:00,1222.007,357.547,99,22425.6,2685,65,measure
2026-09-10T23:55:48.857+00:00,1223.002,358.193,99,22425.6,2685,67,measure
2026-09-10T23:55:49.856+00:00,1224.001,330.429,99,22425.6,2685,62,measure
2026-09-10T23:55:50.856+00:00,1225.000,330.735,99,22425.6,2685,66,measure
2026-09-10T23:55:51.856+00:00,1226.001,325.775,99,22425.6,2685,63,measure
2026-09-10T23:55:52.857+00:00,1227.000,343.145,99,22425.6,2685,65,measure
2026-09-10T23:55:53.858+00:00,1228.001,354.624,99,22425.6,2685,65,measure
2026-09-10T23:55:54.855+00:00,1229.000,356.374,99,22425.6,2685,66,measure
2026-09-10T23:55:55.855+00:00,1230.000,366.5,99,22425.6,2685,68,measure
2026-09-10T23:55:56.856+00:00,1231.000,369.552,99,22425.6,2685,68,measure
2026-09-10T23:55:57.855+00:00,1232.000,378.652,99,22425.6,2685,66,measure
2026-09-10T23:55:58.857+00:00,1233.000,373.167,99,22425.6,2685,66,measure
2026-09-10T23:55:59.858+00:00,1234.000,376.557,99,22425.6,2685,67,measure
2026-09-10T23:56:00.856+00:00,1235.000,370.504,99,22425.6,2685,68,measure
2026-09-10T23:56:01.856+00:00,1236.000,366.19,99,22425.6,2685,66,measure
2026-09-10T23:56:02.857+00:00,1237.001,357.464,99,22425.6,2685,65,measure
2026-09-10T23:56:03.856+00:00,1238.000,338.93,99,22425.6,2685,63,measure
2026-09-10T23:56:04.858+00:00,1239.001,314.238,99,22425.6,2685,66,measure
2026-09-10T23:56:05.858+00:00,1240.001,322.591,99,22425.6,2685,62,measure
2026-09-10T23:56:06.886+00:00,1241.000,328.98,99,22425.6,2685,64,measure
2026-09-10T23:56:07.856+00:00,1242.001,343.997,99,22425.6,2685,65,measure
2026-09-10T23:56:08.856+00:00,1243.001,361.973,99,22425.6,2685,66,measure
2026-09-10T23:56:09.856+00:00,1244.000,350.863,99,22425.6,2685,66,measure
2026-09-10T23:56:10.857+00:00,1245.000,338.469,99,22425.6,2685,66,measure
2026-09-10T23:56:11.858+00:00,1246.001,321.059,99,22425.6,2685,63,measure
2026-09-10T23:56:12.856+00:00,1247.000,322.511,99,22425.6,2685,63,measure
2026-09-10T23:56:13.858+00:00,1248.000,318.835,99,22425.6,2685,62,measure
2026-09-10T23:56:14.856+00:00,1249.000,322.215,99,22425.6,2685,65,measure
2026-09-10T23:56:15.856+00:00,1250.000,327.968,99,22425.6,2685,65,measure
2026-09-10T23:56:16.857+00:00,1251.000,337.428,99,22425.6,2685,62,measure
2026-09-10T23:56:15.377+00:00,1252.000,363.072,99,22425.6,2685,65,measure
2026-09-10T23:56:16.377+00:00,1253.001,353.496,99,22425.6,2685,65,measure
2026-09-10T23:56:17.376+00:00,1254.000,351.994,99,22425.6,2685,65,measure
2026-09-10T23:56:18.382+00:00,1255.006,344.875,99,22425.6,2685,67,measure
2026-09-10T23:56:19.376+00:00,1256.000,368.964,99,22425.6,2685,67,measure
2026-09-10T23:56:20.381+00:00,1257.000,364.599,99,22425.6,2685,66,measure
2026-09-10T23:56:21.377+00:00,1258.001,360.627,99,22425.6,2685,67,measure
2026-09-10T23:56:22.376+00:00,1259.001,337.163,99,22425.6,2685,63,measure
2026-09-10T23:56:23.375+00:00,1260.000,308.662,99,22425.6,2685,65,measure
2026-09-10T23:56:24.376+00:00,1261.000,322.198,99,22425.6,2685,62,measure
2026-09-10T23:56:25.376+00:00,1262.001,323.316,99,22425.6,2685,63,measure
2026-09-10T23:56:26.378+00:00,1263.001,358.629,99,22425.6,2685,67,measure
2026-09-10T23:56:27.377+00:00,1264.001,365.339,99,22425.6,2685,65,measure
2026-09-10T23:56:28.377+00:00,1265.001,369.351,99,22425.6,2685,67,measure
2026-09-10T23:56:29.376+00:00,1266.001,363.784,99,22425.6,2685,65,measure
2026-09-10T23:56:30.378+00:00,1267.003,366.611,99,22425.6,2685,65,measure
2026-09-10T23:56:31.376+00:00,1268.000,367.308,99,22425.6,2685,65,measure
2026-09-10T23:56:32.378+00:00,1269.001,364.27,99,22425.6,2685,66,measure
2026-09-10T23:56:33.377+00:00,1270.001,367.461,99,22425.6,2685,65,measure
2026-09-10T23:56:34.376+00:00,1271.000,367.541,99,22425.6,2685,66,measure
2026-09-10T23:56:35.376+00:00,1272.000,361.683,99,22425.6,2685,65,measure
2026-09-10T23:56:36.376+00:00,1273.000,362.002,99,22425.6,2685,66,measure
2026-09-10T23:56:37.376+00:00,1274.001,361.554,99,22425.6,2685,67,measure
2026-09-10T23:56:38.378+00:00,1275.001,365.406,99,22425.6,2685,65,measure
2026-09-10T23:56:39.377+00:00,1276.001,361.701,99,22425.6,2685,66,measure
2026-09-10T23:56:40.376+00:00,1277.001,361.79,99,22425.6,2685,65,measure
2026-09-10T23:56:41.377+00:00,1278.002,337.73,99,22425.6,2685,66,measure
2026-09-10T23:56:42.377+00:00,1279.002,335.85,99,22425.6,2685,66,measure
2026-09-10T23:56:43.377+00:00,1280.001,325.538,99,22425.6,2685,65,measure
2026-09-10T23:56:44.380+00:00,1281.000,359.117,99,22425.6,2685,66,measure
2026-09-10T23:56:45.377+00:00,1282.002,359.599,99,22425.6,2685,66,measure
2026-09-10T23:56:46.378+00:00,1283.002,360.62,99,22425.6,2685,65,measure
2026-09-10T23:56:44.878+00:00,1284.000,365.944,99,22425.6,2685,68,measure
2026-09-10T23:56:45.876+00:00,1285.001,336.806,99,22425.6,2685,63,measure
2026-09-10T23:56:46.876+00:00,1286.000,320.389,99,22425.6,2685,63,measure
2026-09-10T23:56:47.914+00:00,1287.004,338.892,99,22425.6,2685,64,measure
2026-09-10T23:56:48.877+00:00,1288.002,345.682,99,22425.6,2685,66,measure
2026-09-10T23:56:49.876+00:00,1289.001,365.495,99,22425.6,2685,66,measure
2026-09-10T23:56:50.877+00:00,1290.002,363.481,99,22425.6,2685,66,measure
2026-09-10T23:56:51.876+00:00,1291.000,369.576,99,22425.6,2685,67,measure
2026-09-10T23:56:52.880+00:00,1292.004,357.187,99,22425.6,2685,65,measure
2026-09-10T23:56:53.877+00:00,1293.001,360.493,99,22425.6,2685,66,measure
2026-09-10T23:56:54.877+00:00,1294.002,324.78,99,22425.6,2685,62,measure
2026-09-10T23:56:55.876+00:00,1295.001,320.111,99,22425.6,2685,63,measure
2026-09-10T23:56:56.876+00:00,1296.001,334.349,99,22425.6,2685,66,measure
2026-09-10T23:56:57.928+00:00,1297.000,340.448,99,22425.6,2685,65,measure
2026-09-10T23:56:58.879+00:00,1298.002,358.007,99,22425.6,2685,65,measure
2026-09-10T23:56:59.878+00:00,1299.001,335.623,99,22425.6,2685,66,measure
2026-09-10T23:57:00.876+00:00,1300.000,319.048,99,22425.6,2685,64,measure
2026-09-10T23:57:01.876+00:00,1301.001,316.329,99,22425.6,2685,64,measure
2026-09-10T23:57:02.883+00:00,1302.007,337.944,99,22425.6,2685,65,measure
2026-09-10T23:57:03.919+00:00,1303.005,332.108,99,22425.6,2685,63,measure
2026-09-10T23:57:04.878+00:00,1304.001,364.79,99,22425.6,2685,65,measure
2026-09-10T23:57:05.879+00:00,1305.002,363.33,99,22425.6,2685,65,measure
2026-09-10T23:57:06.876+00:00,1306.001,367.107,99,22425.6,2685,65,measure
2026-09-10T23:57:07.876+00:00,1307.000,362.065,99,22425.6,2685,67,measure
2026-09-10T23:57:08.881+00:00,1308.005,372.763,99,22425.6,2685,66,measure
2026-09-10T23:57:09.877+00:00,1309.001,364.775,99,22425.6,2685,65,measure
2026-09-10T23:57:10.883+00:00,1310.006,357.228,99,22425.6,2685,65,measure
2026-09-10T23:57:11.879+00:00,1311.003,365.982,99,22425.6,2685,66,measure
2026-09-10T23:57:12.876+00:00,1312.000,361.637,99,22425.6,2685,67,measure
2026-09-10T23:57:13.880+00:00,1313.004,357.812,99,22425.6,2685,66,measure
2026-09-10T23:57:14.879+00:00,1314.000,329.249,99,22425.6,2685,64,measure
2026-09-10T23:57:15.882+00:00,1315.005,318.562,99,22425.6,2685,65,measure
2026-09-10T23:57:16.878+00:00,1316.001,320.672,99,22425.6,2685,66,measure
2026-09-10T23:57:15.380+00:00,1317.003,306.843,99,22425.6,2685,64,measure
2026-09-10T23:57:16.380+00:00,1318.004,316.406,99,22425.6,2685,66,measure
2026-09-10T23:57:17.382+00:00,1319.006,321.218,99,22425.6,2685,65,measure
2026-09-10T23:57:18.378+00:00,1320.002,329.656,99,22425.6,2685,63,measure
2026-09-10T23:57:19.383+00:00,1321.005,330.991,99,22425.6,2685,62,measure
2026-09-10T23:57:20.382+00:00,1322.005,351.378,99,22425.6,2685,67,measure
2026-09-10T23:57:21.379+00:00,1323.000,348.528,99,22425.6,2685,66,measure
2026-09-10T23:57:22.376+00:00,1324.000,360.331,99,22425.6,2685,65,measure
2026-09-10T23:57:23.376+00:00,1325.001,330.178,99,22425.6,2685,63,measure
2026-09-10T23:57:24.377+00:00,1326.001,317.403,99,22425.6,2685,63,measure
2026-09-10T23:57:25.386+00:00,1327.008,327.672,99,22425.6,2685,63,measure
2026-09-10T23:57:26.378+00:00,1328.000,331.589,99,22425.6,2685,62,measure
2026-09-10T23:57:27.379+00:00,1329.001,348.616,99,22425.6,2685,66,measure
2026-09-10T23:57:28.377+00:00,1330.001,360.336,99,22425.6,2685,66,measure
2026-09-10T23:57:29.377+00:00,1331.001,330.186,99,22425.6,2685,64,measure
2026-09-10T23:57:30.379+00:00,1332.001,323.808,99,22425.6,2685,65,measure
2026-09-10T23:57:31.441+00:00,1333.029,322.247,99,22425.6,2685,61,measure
2026-09-10T23:57:32.378+00:00,1334.001,321.493,99,22425.6,2685,66,measure
2026-09-10T23:57:33.378+00:00,1335.001,330.143,99,22425.6,2685,64,measure
2026-09-10T23:57:34.376+00:00,1336.001,361.71,99,22425.6,2685,66,measure
2026-09-10T23:57:35.376+00:00,1337.000,363.818,99,22425.6,2685,65,measure
2026-09-10T23:57:36.376+00:00,1338.000,363.237,99,22425.6,2685,65,measure
2026-09-10T23:57:37.376+00:00,1339.000,366.995,99,22425.6,2685,65,measure
2026-09-10T23:57:38.378+00:00,1340.001,362.222,99,22425.6,2685,66,measure
2026-09-10T23:57:39.379+00:00,1341.000,359.614,99,22425.6,2685,65,measure
2026-09-10T23:57:40.384+00:00,1342.000,332.939,99,22425.6,2685,65,measure
2026-09-10T23:57:41.376+00:00,1343.000,314.008,99,22425.6,2685,62,measure
2026-09-10T23:57:42.378+00:00,1344.000,306.109,99,22425.6,2685,64,measure
2026-09-10T23:57:43.376+00:00,1345.000,323.029,99,22425.6,2685,65,measure
2026-09-10T23:57:44.377+00:00,1346.000,307.747,99,22425.6,2685,61,measure
2026-09-10T23:57:45.378+00:00,1347.000,320.22,99,22425.6,2685,64,measure
2026-09-10T23:57:46.376+00:00,1348.000,327.757,99,22425.6,2685,62,measure
2026-09-10T23:57:44.878+00:00,1349.000,328.776,99,22425.6,2685,64,measure
2026-09-10T23:57:45.878+00:00,1350.000,331.318,99,22425.6,2685,64,measure
2026-09-10T23:57:46.888+00:00,1351.004,363.369,99,22425.6,2685,66,measure
2026-09-10T23:57:47.880+00:00,1352.001,379.27,99,22425.6,2685,68,measure
2026-09-10T23:57:48.880+00:00,1353.001,384.669,99,22425.6,2685,65,measure
2026-09-10T23:57:49.879+00:00,1354.001,380.3,99,22425.6,2685,67,measure
2026-09-10T23:57:50.878+00:00,1355.000,372.052,99,22425.6,2685,68,measure
2026-09-10T23:57:51.878+00:00,1356.000,362.854,99,22425.6,2685,65,measure
2026-09-10T23:57:52.896+00:00,1357.000,336.493,99,22425.6,2685,63,measure
2026-09-10T23:57:53.879+00:00,1358.000,311.918,99,22425.6,2685,62,measure
2026-09-10T23:57:54.880+00:00,1359.001,310.105,99,22425.6,2685,64,measure
2026-09-10T23:57:55.878+00:00,1360.000,328.127,99,22425.6,2685,62,measure
2026-09-10T23:57:56.878+00:00,1361.001,349.008,99,22425.6,2685,62,measure
2026-09-10T23:57:57.878+00:00,1362.001,363.174,99,22425.6,2685,67,measure
2026-09-10T23:57:58.878+00:00,1363.001,364.299,99,22425.6,2685,67,measure
2026-09-10T23:57:59.884+00:00,1364.000,364.682,99,22425.6,2685,67,measure
2026-09-10T23:58:00.880+00:00,1365.000,359.304,99,22425.6,2685,67,measure
2026-09-10T23:58:01.878+00:00,1366.000,343.16,99,22425.6,2685,63,measure
2026-09-10T23:58:02.878+00:00,1367.000,336.644,99,22425.6,2685,67,measure
2026-09-10T23:58:03.879+00:00,1368.001,354.455,99,22425.6,2685,67,measure
2026-09-10T23:58:04.879+00:00,1369.001,357.747,99,22425.6,2685,66,measure
2026-09-10T23:58:05.882+00:00,1370.000,368.05,99,22425.6,2685,66,measure
2026-09-10T23:58:06.914+00:00,1371.000,358.116,99,22425.6,2685,66,measure
2026-09-10T23:58:07.879+00:00,1372.001,365.782,99,22425.6,2685,66,measure
2026-09-10T23:58:08.878+00:00,1373.000,365.501,99,22425.6,2685,65,measure
2026-09-10T23:58:09.878+00:00,1374.001,358.387,99,22425.6,2685,65,measure
2026-09-10T23:58:10.878+00:00,1375.000,331.938,99,22425.6,2685,62,measure
2026-09-10T23:58:11.916+00:00,1376.000,337.809,99,22425.6,2685,66,measure
2026-09-10T23:58:12.879+00:00,1377.000,361.722,99,22425.6,2685,67,measure
2026-09-10T23:58:13.878+00:00,1378.000,356.576,99,22425.6,2685,65,measure
2026-09-10T23:58:14.878+00:00,1379.000,353.328,99,22425.6,2685,66,measure
2026-09-10T23:58:15.878+00:00,1380.000,344.508,99,22425.6,2685,63,measure
2026-09-10T23:58:16.878+00:00,1381.000,314.737,99,22425.6,2685,64,measure
2026-09-10T23:58:15.380+00:00,1382.000,319.849,99,22425.6,2685,64,measure
2026-09-10T23:58:16.379+00:00,1383.001,323.932,99,22425.6,2685,62,measure
2026-09-10T23:58:17.379+00:00,1384.001,315.175,99,22425.6,2685,65,measure
2026-09-10T23:58:18.378+00:00,1385.000,334.148,99,22425.6,2685,62,measure
2026-09-10T23:58:19.423+00:00,1386.000,341.136,99,22425.6,2685,64,measure
2026-09-10T23:58:20.379+00:00,1387.001,327.931,99,22425.6,2685,63,measure
2026-09-10T23:58:21.396+00:00,1388.001,326.323,99,22425.6,2685,62,measure
2026-09-10T23:58:22.390+00:00,1389.000,323.002,99,22425.6,2685,61,measure
2026-09-10T23:58:23.379+00:00,1390.001,333.014,99,22425.6,2685,66,measure
2026-09-10T23:58:24.378+00:00,1391.000,315.741,99,22425.6,2685,61,measure
2026-09-10T23:58:25.379+00:00,1392.001,311.448,99,22425.6,2685,62,measure
2026-09-10T23:58:26.378+00:00,1393.000,333.867,99,22425.6,2685,65,measure
2026-09-10T23:58:27.380+00:00,1394.001,335.245,99,22425.6,2685,64,measure
2026-09-10T23:58:28.379+00:00,1395.000,357.002,99,22425.6,2685,64,measure
2026-09-10T23:58:29.379+00:00,1396.001,347.311,99,22425.6,2685,65,measure
2026-09-10T23:58:30.378+00:00,1397.000,357.927,99,22425.6,2685,67,measure
2026-09-10T23:58:31.379+00:00,1398.000,356.867,99,22425.6,2685,66,measure
2026-09-10T23:58:32.379+00:00,1399.000,365.926,99,22425.6,2685,66,measure
2026-09-10T23:58:33.381+00:00,1400.001,368.613,99,22425.6,2685,68,measure
2026-09-10T23:58:34.378+00:00,1401.000,362.805,99,22425.6,2685,66,measure
2026-09-10T23:58:35.380+00:00,1402.002,361.956,99,22425.6,2685,66,measure
2026-09-10T23:58:36.379+00:00,1403.001,359.433,99,22425.6,2685,66,measure
2026-09-10T23:58:37.378+00:00,1404.000,354.789,99,22425.6,2685,66,measure
2026-09-10T23:58:38.381+00:00,1405.001,352.107,99,22425.6,2685,66,measure
2026-09-10T23:58:39.384+00:00,1406.006,359.038,99,22425.6,2685,66,measure
2026-09-10T23:58:40.382+00:00,1407.003,325.233,99,22425.6,2685,62,measure
2026-09-10T23:58:41.379+00:00,1408.000,329.123,99,22425.6,2685,63,measure
2026-09-10T23:58:42.378+00:00,1409.000,331.112,99,22425.6,2685,65,measure
2026-09-10T23:58:43.382+00:00,1410.001,346.388,99,22425.6,2685,65,measure
2026-09-10T23:58:44.380+00:00,1411.001,321.699,99,22425.6,2685,64,measure
2026-09-10T23:58:45.382+00:00,1412.000,318.323,99,22425.6,2685,65,measure
2026-09-10T23:58:46.379+00:00,1413.001,310.11,99,22425.6,2685,62,measure
2026-09-10T23:58:44.905+00:00,1414.006,315.227,99,22425.6,2685,63,measure
2026-09-10T23:58:45.878+00:00,1415.001,315.684,99,22425.6,2685,61,measure
2026-09-10T23:58:46.882+00:00,1416.003,330.301,99,22425.6,2685,64,measure
2026-09-10T23:58:47.881+00:00,1417.001,324.894,99,22425.6,2685,63,measure
2026-09-10T23:58:48.916+00:00,1418.001,313.618,99,22425.6,2685,65,measure
2026-09-10T23:58:49.880+00:00,1419.002,319.482,99,22425.6,2685,66,measure
2026-09-10T23:58:50.879+00:00,1420.001,312.47,99,22425.6,2685,63,measure
2026-09-10T23:58:51.881+00:00,1421.001,320.429,99,22425.6,2685,65,measure
2026-09-10T23:58:52.878+00:00,1422.000,325.783,99,22425.6,2685,66,measure
2026-09-10T23:58:53.880+00:00,1423.001,324.492,99,22425.6,2685,64,measure
2026-09-10T23:58:54.882+00:00,1424.000,333.694,99,22425.6,2685,65,measure
2026-09-10T23:58:55.878+00:00,1425.000,333.622,99,22425.6,2685,65,measure
2026-09-10T23:58:56.878+00:00,1426.000,368.287,99,22425.6,2685,65,measure
2026-09-10T23:58:57.878+00:00,1427.000,375.578,99,22425.6,2685,66,measure
2026-09-10T23:58:58.878+00:00,1428.000,373.337,99,22425.6,2685,67,measure
2026-09-10T23:58:59.880+00:00,1429.000,363.846,99,22425.6,2685,65,measure
2026-09-10T23:59:00.881+00:00,1430.001,368.465,99,22425.6,2685,66,measure
2026-09-10T23:59:01.878+00:00,1431.000,361.437,99,22425.6,2685,66,measure
2026-09-10T23:59:02.879+00:00,1432.001,364.941,99,22425.6,2685,65,measure
2026-09-10T23:59:03.879+00:00,1433.001,356.787,99,22425.6,2685,65,measure
2026-09-10T23:59:04.879+00:00,1434.001,317.439,99,22425.6,2685,62,measure
2026-09-10T23:59:05.880+00:00,1435.001,318.387,99,22425.6,2685,64,measure
2026-09-10T23:59:06.881+00:00,1436.002,330.363,99,22425.6,2685,64,measure
2026-09-10T23:59:07.878+00:00,1437.000,328.122,99,22425.6,2685,65,measure
2026-09-10T23:59:08.878+00:00,1438.000,330.58,99,22425.6,2685,65,measure
2026-09-10T23:59:09.922+00:00,1439.000,326.688,99,22425.6,2685,65,measure
2026-09-10T23:59:10.878+00:00,1440.001,328.851,99,22425.6,2685,62,measure
2026-09-10T23:59:11.880+00:00,1441.001,322.182,99,22425.6,2685,66,measure
2026-09-10T23:59:12.880+00:00,1442.001,344.048,99,22425.6,2685,62,measure
2026-09-10T23:59:13.879+00:00,1443.001,344.17,99,22425.6,2685,65,measure
2026-09-10T23:59:14.879+00:00,1444.001,365.678,99,22425.6,2685,65,measure
2026-09-10T23:59:15.878+00:00,1445.000,364.537,99,22425.6,2685,66,measure
2026-09-10T23:59:16.878+00:00,1446.000,364.695,99,22425.6,2685,67,measure
2026-09-10T23:59:15.382+00:00,1447.002,381.966,99,22425.6,2685,68,measure
2026-09-10T23:59:16.382+00:00,1448.000,379.136,99,22425.6,2685,65,measure
2026-09-10T23:59:17.380+00:00,1449.001,361.419,99,22425.6,2685,65,measure
2026-09-10T23:59:18.379+00:00,1450.000,367.551,99,22425.6,2685,65,measure
2026-09-10T23:59:19.381+00:00,1451.000,343.385,99,22425.6,2685,65,measure
2026-09-10T23:59:20.380+00:00,1452.001,348.331,99,22425.6,2685,65,measure
2026-09-10T23:59:21.381+00:00,1453.001,334.137,99,22425.6,2685,63,measure
2026-09-10T23:59:22.382+00:00,1454.000,318.226,99,22425.6,2685,64,measure
2026-09-10T23:59:23.379+00:00,1455.000,311.63,99,22425.6,2685,63,measure
2026-09-10T23:59:24.380+00:00,1456.000,319.14,99,22425.6,2685,62,measure
2026-09-10T23:59:25.380+00:00,1457.001,310.815,99,22425.6,2685,64,measure
2026-09-10T23:59:26.382+00:00,1458.002,327.552,99,22425.6,2685,63,measure
2026-09-10T23:59:27.383+00:00,1459.002,333.031,99,22425.6,2685,63,measure
2026-09-10T23:59:28.381+00:00,1460.001,365.323,99,22425.6,2685,67,measure
2026-09-10T23:59:29.379+00:00,1461.000,367.999,99,22425.6,2685,66,measure
2026-09-10T23:59:30.379+00:00,1462.000,372.6,99,22425.6,2685,67,measure
2026-09-10T23:59:31.379+00:00,1463.000,374.88,99,22425.6,2685,65,measure
2026-09-10T23:59:32.379+00:00,1464.000,365.643,99,22425.6,2685,66,measure
2026-09-10T23:59:33.381+00:00,1465.001,357.973,99,22425.6,2685,65,measure
2026-09-10T23:59:34.416+00:00,1466.000,353.456,99,22425.6,2685,65,measure
2026-09-10T23:59:35.390+00:00,1467.001,327.262,99,22425.6,2685,62,measure
2026-09-10T23:59:36.379+00:00,1468.000,322.178,99,22425.6,2685,64,measure
2026-09-10T23:59:37.380+00:00,1469.001,338.166,99,22425.6,2685,66,measure
2026-09-10T23:59:38.400+00:00,1470.020,359.197,99,22425.6,2685,65,measure
2026-09-10T23:59:39.385+00:00,1471.001,359.179,99,22425.6,2685,63,measure
2026-09-10T23:59:40.395+00:00,1472.001,348.823,99,22425.6,2685,66,measure
2026-09-10T23:59:41.395+00:00,1473.015,330.34,99,22425.6,2685,65,measure
2026-09-10T23:59:42.402+00:00,1474.023,350.022,99,22425.6,2685,66,measure
2026-09-10T23:59:43.381+00:00,1475.002,354.6,99,22425.6,2685,65,measure
2026-09-10T23:59:44.379+00:00,1476.000,355.94,99,22425.6,2685,67,measure
2026-09-10T23:59:45.397+00:00,1477.001,345.629,99,22425.6,2685,62,measure
2026-09-10T23:59:46.381+00:00,1478.001,327.061,99,22425.6,2685,64,measure
2026-09-10T23:59:44.879+00:00,1479.001,361.265,99,22425.6,2685,67,measure
2026-09-10T23:59:45.880+00:00,1480.002,342.452,100,22425.6,2685,66,measure
2026-09-10T23:59:46.880+00:00,1481.001,335.811,99,22425.6,2685,62,measure
2026-09-10T23:59:47.902+00:00,1482.001,338.72,99,22425.6,2685,62,measure
2026-09-10T23:59:48.892+00:00,1483.001,321.296,99,22425.6,2685,67,measure
2026-09-10T23:59:49.881+00:00,1484.001,357,99,22425.6,2685,65,measure
2026-09-10T23:59:50.879+00:00,1485.000,363.676,99,22425.6,2685,66,measure
2026-09-10T23:59:51.879+00:00,1486.001,362.188,99,22425.6,2685,65,measure
2026-09-10T23:59:52.879+00:00,1487.000,367.922,99,22425.6,2685,67,measure
2026-09-10T23:59:53.880+00:00,1488.001,364.169,99,22425.6,2685,67,measure
2026-09-10T23:59:54.881+00:00,1489.001,364.021,99,22425.6,2685,66,measure
2026-09-10T23:59:55.880+00:00,1490.000,363.253,99,22425.6,2685,65,measure
2026-09-10T23:59:56.879+00:00,1491.001,358.21,99,22425.6,2685,66,measure
2026-09-10T23:59:57.908+00:00,1492.000,334.738,99,22425.6,2685,65,measure
2026-09-10T23:59:58.879+00:00,1493.001,326.98,99,22425.6,2685,62,measure
2026-09-10T23:59:59.880+00:00,1494.001,330.38,99,22425.6,2685,64,measure
2026-09-11T00:00:00.883+00:00,1495.003,320.561,99,22425.6,2685,66,measure
2026-09-11T00:00:01.879+00:00,1496.001,330.755,99,22425.6,2685,62,measure
2026-09-11T00:00:02.911+00:00,1497.001,330.746,99,22425.6,2685,64,measure
2026-09-11T00:00:03.882+00:00,1498.001,324.744,99,22425.6,2685,62,measure
2026-09-11T00:00:04.879+00:00,1499.000,347.854,99,22425.6,2685,64,measure
2026-09-11T00:00:05.879+00:00,1500.000,340.674,99,22425.6,2685,63,measure
2026-09-11T00:00:06.883+00:00,1501.000,333.194,99,22425.6,2685,67,measure
2026-09-11T00:00:07.879+00:00,1502.000,350.86,99,22425.6,2685,66,measure
2026-09-11T00:00:08.879+00:00,1503.001,361.288,99,22425.6,2685,65,measure
2026-09-11T00:00:09.880+00:00,1504.002,366.03,99,22425.6,2685,66,measure
2026-09-11T00:00:10.881+00:00,1505.001,362.311,99,22425.6,2685,67,measure
2026-09-11T00:00:11.880+00:00,1506.000,362.417,99,22425.6,2685,67,measure
2026-09-11T00:00:12.924+00:00,1507.001,366.127,99,22425.6,2685,66,measure
2026-09-11T00:00:13.884+00:00,1508.005,361.908,99,22425.6,2685,65,measure
2026-09-11T00:00:14.880+00:00,1509.002,331.281,99,22425.6,2685,61,measure
2026-09-11T00:00:15.880+00:00,1510.001,272.303,99,22425.6,2685,61,measure
2026-09-11T00:00:16.892+00:00,1511.008,217.161,21,22425.6,2700,60,measure
2026-09-11T00:00:15.385+00:00,1512.007,97.544,0,22425.6,2700,53,measure
2026-09-11T00:00:16.383+00:00,1513.005,68.975,0,22425.6,615,52,measure
2026-09-11T00:00:17.379+00:00,1514.001,51.644,0,22425.6,405,51,measure
2026-09-11T00:00:18.393+00:00,1515.013,29.89,0,22425.6,285,50,measure
2026-09-11T00:00:19.379+00:00,1516.001,29.89,0,22425.6,240,50,measure
2026-09-11T00:00:20.384+00:00,1517.005,22.151,0,22425.6,210,50,measure
2026-09-11T00:00:21.387+00:00,1518.008,18.367,0,22425.6,210,49,measure
2026-09-11T00:00:22.382+00:00,1519.003,17.38,0,22425.6,210,49,measure
2026-09-11T00:00:23.379+00:00,1520.001,17.281,0,22425.6,210,49,measure
2026-09-11T00:00:24.379+00:00,1521.000,16.995,0,22425.6,210,48,measure
2026-09-11T00:00:25.383+00:00,1522.004,16.58,0,22425.6,210,48,measure
2026-09-11T00:00:26.386+00:00,1523.007,16.368,0,22425.6,210,48,measure
2026-09-11T00:00:27.381+00:00,1524.002,16.474,0,22425.6,210,48,measure
2026-09-11T00:00:28.381+00:00,1525.003,16.378,0,22425.6,210,47,measure
2026-09-11T00:00:29.412+00:00,1526.033,16.444,0,22425.6,210,47,measure
2026-09-11T00:00:30.402+00:00,1527.023,16.47,0,22425.6,210,47,measure
2026-09-11T00:00:31.409+00:00,1528.030,16.03,0,22425.6,210,47,measure
2026-09-11T00:00:32.407+00:00,1529.028,16.03,0,22425.6,210,46,measure
2026-09-11T00:00:33.403+00:00,1530.025,15.678,0,22425.6,210,46,measure
2026-09-11T00:00:34.402+00:00,1531.023,15.573,0,22425.6,210,46,measure
2026-09-11T00:00:35.406+00:00,1532.027,15.434,0,22425.6,210,46,measure
2026-09-11T00:00:36.404+00:00,1533.025,15.132,0,22425.6,210,46,measure
2026-09-11T00:00:37.384+00:00,1534.005,15.031,0,22425.6,210,46,measure
2026-09-11T00:00:38.387+00:00,1535.008,15.028,0,22425.6,210,46,measure
2026-09-11T00:00:39.384+00:00,1536.005,14.973,0,22425.6,210,45,measure
2026-09-11T00:00:40.387+00:00,1537.008,14.825,0,22425.6,210,45,measure
2026-09-11T00:00:41.404+00:00,1538.025,14.762,0,22425.6,210,45,measure
2026-09-11T00:00:42.383+00:00,1539.004,15.167,1,22425.6,210,45,measure
2026-09-11T00:00:43.389+00:00,1540.008,14.829,0,22425.6,210,45,measure
2026-09-11T00:00:44.385+00:00,1541.006,15.099,0,22425.6,210,45,measure
2026-09-11T00:00:45.398+00:00,1542.019,14.994,0,22425.6,210,45,measure
2026-09-11T00:00:46.385+00:00,1543.007,14.994,0,22425.6,210,45,measure
2026-09-11T00:00:44.895+00:00,1544.017,14.845,0,22425.6,210,44,measure
2026-09-11T00:00:45.880+00:00,1545.003,14.856,0,22425.6,210,44,measure
2026-09-11T00:00:46.888+00:00,1546.011,14.796,0,22425.6,210,44,measure
2026-09-11T00:00:47.884+00:00,1547.007,14.773,0,22425.6,210,44,measure
2026-09-11T00:00:48.879+00:00,1548.001,14.904,0,22425.6,210,44,measure
2026-09-11T00:00:49.881+00:00,1549.004,14.734,0,22425.6,210,44,measure
2026-09-11T00:00:50.882+00:00,1550.004,14.464,0,22425.6,210,44,measure
2026-09-11T00:00:51.879+00:00,1551.002,14.406,0,22425.6,210,44,measure
2026-09-11T00:00:52.882+00:00,1552.005,14.47,0,22425.6,210,43,measure
2026-09-11T00:00:53.885+00:00,1553.008,14.443,0,22425.6,210,43,measure
2026-09-11T00:00:54.879+00:00,1554.002,14.51,0,22425.6,210,43,measure
2026-09-11T00:00:55.883+00:00,1555.006,14.504,0,22425.6,210,43,measure
2026-09-11T00:00:56.878+00:00,1556.001,14.504,0,22425.6,210,43,measure
2026-09-11T00:00:57.883+00:00,1557.005,14.338,0,22425.6,210,43,measure
2026-09-11T00:00:58.881+00:00,1558.004,14.216,0,22425.6,210,43,measure
2026-09-11T00:00:59.883+00:00,1559.006,14.246,0,22425.6,210,43,measure
2026-09-11T00:01:00.881+00:00,1560.002,14.129,0,22425.6,210,43,measure
2026-09-11T00:01:01.882+00:00,1561.005,14.138,0,22425.6,210,43,measure
2026-09-11T00:01:02.881+00:00,1562.004,14.045,0,22425.6,210,42,measure
2026-09-11T00:01:03.879+00:00,1563.002,14.072,0,22425.6,210,42,measure
2026-09-11T00:01:04.879+00:00,1564.001,14.113,0,22425.6,210,42,measure
2026-09-11T00:01:05.880+00:00,1565.003,14.126,0,22425.6,210,42,measure
2026-09-11T00:01:06.879+00:00,1566.002,14.178,0,22425.6,210,42,measure
2026-09-11T00:01:07.878+00:00,1567.001,14.171,0,22425.6,210,42,measure
2026-09-11T00:01:08.879+00:00,1568.002,14.124,0,22425.6,210,42,measure
2026-09-11T00:01:09.878+00:00,1569.000,14.148,0,22425.6,210,42,measure
2026-09-11T00:01:10.878+00:00,1570.001,14.158,0,22425.6,210,42,measure
2026-09-11T00:01:11.882+00:00,1571.004,14.069,0,22425.6,210,42,measure
2026-09-11T00:01:12.879+00:00,1572.000,13.907,0,22425.6,210,42,measure
2026-09-11T00:01:13.878+00:00,1573.001,13.907,0,22425.6,210,42,measure
2026-09-11T00:01:14.878+00:00,1574.000,13.741,0,22425.6,210,41,measure
2026-09-11T00:01:15.881+00:00,1575.003,13.685,0,22425.6,210,41,measure
2026-09-11T00:01:16.883+00:00,1576.006,13.676,0,22425.6,210,41,measure
2026-09-11T00:01:15.388+00:00,1577.010,13.655,0,22425.6,210,41,measure
2026-09-11T00:01:16.381+00:00,1578.004,13.625,0,22425.6,210,41,measure
2026-09-11T00:01:17.381+00:00,1579.003,13.406,0,22425.6,210,41,measure
2026-09-11T00:01:18.381+00:00,1580.003,13.175,0,22425.6,210,41,measure
2026-09-11T00:01:19.380+00:00,1581.002,13.182,0,22425.6,210,41,measure
2026-09-11T00:01:20.381+00:00,1582.002,13.206,0,22425.6,210,41,measure
2026-09-11T00:01:21.380+00:00,1583.002,13.142,0,22425.6,210,41,measure
2026-09-11T00:01:22.379+00:00,1584.001,13.168,0,22425.6,210,41,measure
2026-09-11T00:01:23.380+00:00,1585.001,13.259,0,22425.6,210,41,measure
2026-09-11T00:01:24.379+00:00,1586.000,13.259,0,22425.6,210,41,measure
2026-09-11T00:01:25.378+00:00,1587.000,13.423,0,22425.6,210,41,measure
2026-09-11T00:01:26.387+00:00,1588.010,13.56,0,22425.6,210,41,measure
2026-09-11T00:01:27.386+00:00,1589.008,13.381,0,22425.6,210,41,measure
2026-09-11T00:01:28.389+00:00,1590.011,13.136,0,22425.6,210,41,measure
2026-09-11T00:01:29.378+00:00,1591.001,13.083,0,22425.6,210,41,measure
2026-09-11T00:01:30.378+00:00,1592.001,13.039,0,22425.6,210,41,measure
2026-09-11T00:01:31.378+00:00,1593.000,13.004,0,22425.6,210,41,measure
2026-09-11T00:01:32.378+00:00,1594.000,12.975,0,22425.6,210,41,measure
2026-09-11T00:01:33.378+00:00,1595.000,12.971,0,22425.6,210,41,measure
2026-09-11T00:01:34.417+00:00,1596.039,13.039,0,22425.6,210,41,measure
2026-09-11T00:01:35.391+00:00,1597.013,13.194,0,22425.6,210,41,measure
2026-09-11T00:01:36.378+00:00,1598.000,13.269,0,22425.6,210,41,measure
2026-09-11T00:01:37.378+00:00,1599.000,13.269,0,22425.6,210,41,measure
2026-09-11T00:01:38.379+00:00,1600.001,13.234,0,22425.6,210,41,measure
2026-09-11T00:01:39.386+00:00,1601.008,13.336,0,22425.6,210,41,measure
2026-09-11T00:01:40.381+00:00,1602.003,13.322,0,22425.6,210,41,measure
2026-09-11T00:01:41.379+00:00,1603.001,13.256,0,22425.6,210,41,measure
2026-09-11T00:01:42.382+00:00,1604.004,13.254,1,22425.6,210,41,measure
2026-09-11T00:01:43.379+00:00,1605.000,13.108,0,22425.6,210,41,measure
2026-09-11T00:01:44.380+00:00,1606.002,13.089,0,22425.6,210,41,measure
2026-09-11T00:01:45.384+00:00,1607.005,13.089,0,22425.6,210,41,measure
2026-09-11T00:01:46.379+00:00,1608.000,13.056,0,22425.6,210,41,measure
2026-09-11T00:01:44.881+00:00,1609.004,13.068,0,22425.6,210,41,measure
2026-09-11T00:01:45.884+00:00,1610.007,13.191,0,22425.6,210,41,measure
2026-09-11T00:01:46.877+00:00,1611.001,13.264,0,22425.6,210,41,measure
2026-09-11T00:01:47.879+00:00,1612.002,13.262,0,22425.6,210,41,measure
2026-09-11T00:01:48.882+00:00,1613.005,13.254,0,22425.6,210,41,measure
2026-09-11T00:01:49.882+00:00,1614.005,13.189,0,22425.6,210,41,measure
2026-09-11T00:01:50.878+00:00,1615.001,13.241,0,22425.6,210,41,measure
2026-09-11T00:01:51.889+00:00,1616.012,13.32,0,22425.6,210,41,measure
2026-09-11T00:01:52.877+00:00,1617.001,13.274,0,22425.6,210,41,measure
2026-09-11T00:01:53.878+00:00,1618.001,13.259,0,22425.6,210,41,measure
2026-09-11T00:01:54.881+00:00,1619.004,13.364,0,22425.6,210,41,measure
2026-09-11T00:01:55.884+00:00,1620.007,13.364,0,22425.6,210,41,measure
2026-09-11T00:01:56.878+00:00,1621.002,13.37,0,22425.6,210,41,measure
2026-09-11T00:01:57.881+00:00,1622.004,13.254,0,22425.6,210,42,measure
2026-09-11T00:01:58.879+00:00,1623.002,13.283,0,22425.6,210,42,measure
2026-09-11T00:01:59.877+00:00,1624.000,13.243,0,22425.6,210,42,measure
2026-09-11T00:02:00.878+00:00,1625.001,13.165,0,22425.6,210,42,measure
2026-09-11T00:02:01.877+00:00,1626.000,13.165,0,22425.6,210,42,measure
2026-09-11T00:02:02.877+00:00,1627.000,13.207,0,22425.6,210,42,measure
2026-09-11T00:02:03.877+00:00,1628.000,13.232,0,22425.6,210,42,measure
2026-09-11T00:02:04.877+00:00,1629.000,13.278,0,22425.6,210,42,measure
2026-09-11T00:02:05.877+00:00,1630.000,13.314,0,22425.6,210,42,measure
2026-09-11T00:02:06.877+00:00,1631.000,13.274,0,22425.6,210,42,measure
2026-09-11T00:02:07.880+00:00,1632.003,13.269,0,22425.6,210,42,measure
2026-09-11T00:02:08.877+00:00,1633.001,13.271,0,22425.6,210,42,measure
2026-09-11T00:02:09.877+00:00,1634.001,13.215,0,22425.6,210,42,measure
2026-09-11T00:02:10.879+00:00,1635.003,13.16,0,22425.6,210,42,measure
2026-09-11T00:02:11.884+00:00,1636.007,13.13,0,22425.6,210,42,measure
2026-09-11T00:02:12.881+00:00,1637.004,13.205,0,22425.6,210,42,measure
2026-09-11T00:02:13.882+00:00,1638.005,13.38,0,22425.6,210,42,measure
2026-09-11T00:02:14.880+00:00,1639.003,13.38,0,22425.6,210,42,measure
2026-09-11T00:02:15.883+00:00,1640.006,13.384,0,22425.6,210,42,measure
2026-09-11T00:02:16.881+00:00,1641.004,13.11,0,22425.6,210,42,measure
2026-09-11T00:02:15.385+00:00,1642.008,13.124,0,22425.6,210,42,measure
2026-09-11T00:02:16.379+00:00,1643.002,13.138,0,22425.6,210,42,measure
2026-09-11T00:02:17.384+00:00,1644.006,13.119,0,22425.6,210,42,measure
2026-09-11T00:02:18.380+00:00,1645.003,13.056,0,22425.6,210,42,measure
2026-09-11T00:02:19.379+00:00,1646.001,13.029,0,22425.6,210,42,measure
2026-09-11T00:02:20.384+00:00,1647.006,13.032,0,22425.6,210,42,measure
2026-09-11T00:02:21.380+00:00,1648.003,13.048,0,22425.6,210,42,measure
2026-09-11T00:02:22.382+00:00,1649.005,13.071,0,22425.6,210,42,measure
2026-09-11T00:02:23.441+00:00,1650.064,13.175,0,22425.6,210,42,measure
2026-09-11T00:02:24.397+00:00,1651.020,13.284,0,22425.6,210,42,measure
2026-09-11T00:02:25.417+00:00,1652.040,13.284,0,22425.6,210,42,measure
2026-09-11T00:02:26.428+00:00,1653.051,13.259,0,22425.6,210,42,measure
2026-09-11T00:02:27.432+00:00,1654.055,13.255,0,22425.6,210,42,measure
2026-09-11T00:02:28.399+00:00,1655.021,13.353,0,22425.6,210,42,measure
2026-09-11T00:02:29.428+00:00,1656.051,13.424,0,22425.6,210,42,measure
2026-09-11T00:02:30.421+00:00,1657.044,13.368,0,22425.6,210,42,measure
2026-09-11T00:02:31.421+00:00,1658.044,13.287,0,22425.6,210,42,measure
2026-09-11T00:02:32.399+00:00,1659.022,13.258,0,22425.6,210,42,measure
2026-09-11T00:02:33.414+00:00,1660.037,13.268,0,22425.6,210,42,measure
2026-09-11T00:02:34.408+00:00,1661.032,13.339,0,22425.6,210,42,measure
2026-09-11T00:02:35.407+00:00,1662.030,13.405,0,22425.6,210,42,measure
2026-09-11T00:02:36.400+00:00,1663.023,13.35,0,22425.6,210,42,measure
2026-09-11T00:02:37.399+00:00,1664.022,13.334,0,22425.6,210,42,measure
2026-09-11T00:02:38.396+00:00,1665.019,13.334,0,22425.6,210,42,measure
2026-09-11T00:02:39.389+00:00,1666.012,13.391,0,22425.6,210,42,measure
2026-09-11T00:02:40.386+00:00,1667.009,13.35,0,22425.6,210,42,measure
2026-09-11T00:02:41.379+00:00,1668.002,13.305,0,22425.6,210,42,measure
2026-09-11T00:02:42.448+00:00,1669.071,13.27,1,22425.6,210,42,measure
2026-09-11T00:02:43.456+00:00,1670.077,13.321,0,22425.6,210,42,measure
2026-09-11T00:02:44.396+00:00,1671.019,13.3,0,22425.6,210,42,measure
2026-09-11T00:02:45.410+00:00,1672.033,13.252,0,22425.6,210,42,measure
2026-09-11T00:02:46.388+00:00,1673.011,13.252,0,22425.6,210,42,measure
2026-09-11T00:02:44.914+00:00,1674.038,13.246,0,22425.6,210,42,measure
2026-09-11T00:02:45.897+00:00,1675.020,13.295,0,22425.6,210,42,measure
2026-09-11T00:02:46.912+00:00,1676.036,13.258,0,22425.6,210,42,measure
2026-09-11T00:02:47.908+00:00,1677.031,13.197,0,22425.6,210,42,measure
2026-09-11T00:02:48.938+00:00,1678.061,13.24,0,22425.6,210,42,measure
2026-09-11T00:02:49.897+00:00,1679.021,13.282,0,22425.6,210,42,measure
2026-09-11T00:02:50.933+00:00,1680.057,13.309,0,22425.6,210,42,measure
2026-09-11T00:02:51.931+00:00,1681.055,13.331,0,22425.6,210,42,measure
2026-09-11T00:02:52.906+00:00,1682.029,13.282,0,22425.6,210,42,measure
2026-09-11T00:02:53.898+00:00,1683.021,13.186,0,22425.6,210,42,measure
2026-09-11T00:02:54.925+00:00,1684.049,13.154,0,22425.6,210,42,measure
2026-09-11T00:02:55.923+00:00,1685.046,13.113,0,22425.6,210,42,measure
2026-09-11T00:02:56.917+00:00,1686.041,13.113,0,22425.6,210,42,measure
2026-09-11T00:02:57.896+00:00,1687.020,13.234,0,22425.6,210,42,measure
2026-09-11T00:02:58.909+00:00,1688.031,13.289,0,22425.6,210,42,measure
2026-09-11T00:02:59.902+00:00,1689.026,13.364,0,22425.6,210,42,measure
2026-09-11T00:03:00.897+00:00,1690.021,13.193,0,22425.6,210,42,measure
2026-09-11T00:03:01.895+00:00,1691.018,13.193,0,22425.6,210,42,measure
2026-09-11T00:03:02.893+00:00,1692.016,13.129,0,22425.6,210,42,measure
2026-09-11T00:03:03.885+00:00,1693.009,13.027,0,22425.6,210,42,measure
2026-09-11T00:03:04.881+00:00,1694.004,13.139,0,22425.6,210,42,measure
2026-09-11T00:03:05.876+00:00,1695.000,13.279,0,22425.6,210,42,measure
2026-09-11T00:03:06.880+00:00,1696.004,13.235,0,22425.6,210,42,measure
2026-09-11T00:03:07.899+00:00,1697.023,13.195,0,22425.6,210,42,measure
2026-09-11T00:03:08.959+00:00,1698.081,13.228,0,22425.6,210,42,measure
2026-09-11T00:03:09.897+00:00,1699.019,13.298,0,22425.6,210,42,measure
2026-09-11T00:03:10.910+00:00,1700.032,13.187,0,22425.6,210,42,measure
2026-09-11T00:03:11.904+00:00,1701.025,13.086,0,22425.6,210,42,measure
2026-09-11T00:03:12.898+00:00,1702.021,13.047,0,22425.6,210,42,measure
2026-09-11T00:03:13.892+00:00,1703.013,12.967,0,22425.6,210,42,measure
2026-09-11T00:03:14.909+00:00,1704.031,12.967,0,22425.6,210,42,measure
2026-09-11T00:03:15.958+00:00,1705.081,13,0,22425.6,210,42,measure
2026-09-11T00:03:14.397+00:00,1706.000,13.173,0,22425.6,210,42,measure
2026-09-11T00:03:15.399+00:00,1707.000,13.161,0,22425.6,210,42,measure
2026-09-11T00:03:16.399+00:00,1708.001,13.061,0,22425.6,210,42,measure
2026-09-11T00:03:17.405+00:00,1709.007,13.04,0,22425.6,210,42,measure
2026-09-11T00:03:18.398+00:00,1710.002,13.041,0,22425.6,210,42,measure
2026-09-11T00:03:19.420+00:00,1711.023,12.984,0,22425.6,210,42,measure
2026-09-11T00:03:20.404+00:00,1712.006,12.932,0,22425.6,210,42,measure
2026-09-11T00:03:21.398+00:00,1713.001,12.993,0,22425.6,210,42,measure
2026-09-11T00:03:22.406+00:00,1714.009,13.009,0,22425.6,210,42,measure
2026-09-11T00:03:23.402+00:00,1715.004,12.997,0,22425.6,210,42,measure
2026-09-11T00:03:24.425+00:00,1716.028,12.992,0,22425.6,210,42,measure
2026-09-11T00:03:25.405+00:00,1717.009,12.992,0,22425.6,210,42,measure
2026-09-11T00:03:26.420+00:00,1718.024,12.984,0,22425.6,210,42,measure
2026-09-11T00:03:27.416+00:00,1719.020,13.05,0,22425.6,210,42,measure
2026-09-11T00:03:28.461+00:00,1720.064,13.192,0,22425.6,210,42,measure
2026-09-11T00:03:29.474+00:00,1721.078,13.129,0,22425.6,210,42,measure
2026-09-11T00:03:30.408+00:00,1722.010,13.076,0,22425.6,210,42,measure
2026-09-11T00:03:31.409+00:00,1723.012,13.104,0,22425.6,210,42,measure
2026-09-11T00:03:32.401+00:00,1724.005,13.102,0,22425.6,210,42,measure
2026-09-11T00:03:33.420+00:00,1725.021,13.151,0,22425.6,210,42,measure
2026-09-11T00:03:34.477+00:00,1726.081,13.021,0,22425.6,210,42,measure
2026-09-11T00:03:35.403+00:00,1727.004,12.933,0,22425.6,210,42,measure
2026-09-11T00:03:36.423+00:00,1728.027,12.898,0,22425.6,210,42,measure
2026-09-11T00:03:37.426+00:00,1729.027,12.886,0,22425.6,210,42,measure
2026-09-11T00:03:38.477+00:00,1730.081,13.05,0,22425.6,210,42,measure
2026-09-11T00:03:39.418+00:00,1731.019,13.05,0,22425.6,210,42,measure
2026-09-11T00:03:40.401+00:00,1732.004,13.13,0,22425.6,210,42,measure
2026-09-11T00:03:41.477+00:00,1733.079,13.094,0,22425.6,210,42,measure
2026-09-11T00:03:42.473+00:00,1734.077,13.014,0,22425.6,210,42,measure
