timestamp_iso,t_s,power_w,util_gpu_pct,mem_used_mib,clocks_sm_mhz,temp_c,phase
2026-09-10T22:34:12.830+00:00,0.000,196.863,0,22477.7,2700,51,measure
2026-09-10T22:34:13.914+00:00,1.082,98.889,0,22477.7,2700,49,measure
2026-09-10T22:34:14.830+00:00,2.000,68.142,0,22477.7,495,49,measure
2026-09-10T22:34:15.839+00:00,3.007,49.416,0,22477.7,345,47,measure
2026-09-10T22:34:16.834+00:00,4.001,30.766,0,22477.7,270,47,measure
2026-09-10T22:34:17.835+00:00,5.004,30.766,0,22477.7,210,46,measure
2026-09-10T22:34:18.834+00:00,6.001,30.628,0,22477.7,210,46,measure
2026-09-10T22:34:19.832+00:00,7.000,30.79,0,22477.7,210,46,measure
2026-09-10T22:34:20.831+00:00,8.000,28.867,0,22477.7,210,46,measure
2026-09-10T22:34:21.830+00:00,9.000,24.685,0,22477.7,210,46,measure
2026-09-10T22:34:22.830+00:00,10.000,19.835,0,22477.7,210,45,measure
2026-09-10T22:34:23.841+00:00,11.000,44.278,99,22477.7,2700,45,measure
2026-09-10T22:34:24.830+00:00,12.000,275.752,99,22477.7,2700,54,measure
2026-09-10T22:34:23.360+00:00,13.001,304.666,99,22477.7,2700,55,measure
2026-09-10T22:34:24.359+00:00,14.000,301.417,99,22477.7,2700,58,measure
2026-09-10T22:34:25.360+00:00,15.001,308.428,99,22477.7,2700,57,measure
2026-09-10T22:34:26.360+00:00,16.001,319.062,99,22477.7,2700,58,measure
2026-09-10T22:34:27.360+00:00,17.000,332.76,99,22477.7,2700,58,measure
2026-09-10T22:34:28.413+00:00,18.000,355.458,99,22477.7,2685,61,measure
2026-09-10T22:34:29.359+00:00,19.000,355.005,99,22477.7,2685,62,measure
2026-09-10T22:34:30.359+00:00,20.000,367.219,99,22477.7,2685,63,measure
2026-09-10T22:34:31.361+00:00,21.002,366.51,99,22477.7,2685,61,measure
2026-09-10T22:34:32.361+00:00,22.001,368.714,99,22477.7,2685,61,measure
2026-09-10T22:34:33.363+00:00,23.001,358.316,99,22477.7,2685,61,measure
2026-09-10T22:34:34.359+00:00,24.000,357.963,99,22477.7,2685,62,measure
2026-09-10T22:34:35.362+00:00,25.003,323.671,99,22477.7,2685,62,measure
2026-09-10T22:34:36.360+00:00,26.001,313.344,99,22477.7,2685,61,measure
2026-09-10T22:34:37.359+00:00,27.001,316.819,99,22477.7,2685,62,measure
2026-09-10T22:34:38.361+00:00,28.001,332.214,99,22477.7,2685,61,measure
2026-09-10T22:34:39.361+00:00,29.001,340.949,99,22477.7,2685,62,measure
2026-09-10T22:34:40.359+00:00,30.000,361.316,99,22477.7,2685,62,measure
2026-09-10T22:34:41.373+00:00,31.013,360.622,99,22477.7,2685,63,measure
2026-09-10T22:34:42.374+00:00,32.009,333.733,99,22479,2685,62,measure
2026-09-10T22:34:43.370+00:00,33.011,324.498,99,22478.5,2685,61,measure
2026-09-10T22:34:44.363+00:00,34.002,332.709,99,22478.5,2685,61,measure
2026-09-10T22:34:45.362+00:00,35.001,319.23,99,22478.5,2685,61,measure
2026-09-10T22:34:46.361+00:00,36.002,320.47,99,22478.5,2685,61,measure
2026-09-10T22:34:47.360+00:00,37.001,326.535,99,22478.5,2685,64,measure
2026-09-10T22:34:48.368+00:00,38.008,341.021,99,22478.5,2685,62,measure
2026-09-10T22:34:49.366+00:00,39.006,360.708,99,22478.5,2685,63,measure
2026-09-10T22:34:50.361+00:00,40.000,357.542,99,22478.5,2685,64,measure
2026-09-10T22:34:51.362+00:00,41.002,365.315,99,22478.5,2685,65,measure
2026-09-10T22:34:52.359+00:00,42.001,365.45,99,22478.5,2685,65,measure
2026-09-10T22:34:53.359+00:00,43.000,359.329,99,22478.5,2685,65,measure
2026-09-10T22:34:54.407+00:00,44.001,367.656,99,22478.5,2685,65,measure
2026-09-10T22:34:52.853+00:00,45.001,368.011,99,22478.5,2685,63,measure
2026-09-10T22:34:53.853+00:00,46.000,353.678,99,22478.5,2685,64,measure
2026-09-10T22:34:54.855+00:00,47.001,345.431,99,22478.5,2685,63,measure
2026-09-10T22:34:55.852+00:00,48.000,330.59,99,22478.5,2685,63,measure
2026-09-10T22:34:56.852+00:00,49.000,341.943,99,22478.5,2685,63,measure
2026-09-10T22:34:57.897+00:00,50.001,354.365,99,22478.5,2685,64,measure
2026-09-10T22:34:58.875+00:00,51.001,323.068,99,22478.5,2685,62,measure
2026-09-10T22:34:59.853+00:00,52.000,317.808,99,22478.5,2685,62,measure
2026-09-10T22:35:00.855+00:00,53.001,327.738,99,22478.5,2685,62,measure
2026-09-10T22:35:01.852+00:00,54.001,325.073,99,22478.5,2685,61,measure
2026-09-10T22:35:02.852+00:00,55.000,358.169,99,22478.5,2685,63,measure
2026-09-10T22:35:03.852+00:00,56.000,361.812,99,22478.5,2685,64,measure
2026-09-10T22:35:04.853+00:00,57.001,363.013,99,22478.5,2685,63,measure
2026-09-10T22:35:05.854+00:00,58.000,355.295,99,22478.5,2685,64,measure
2026-09-10T22:35:06.855+00:00,59.000,338.963,99,22478.5,2685,66,measure
2026-09-10T22:35:07.852+00:00,60.000,331.607,99,22478.5,2685,61,measure
2026-09-10T22:35:08.852+00:00,61.000,353.073,99,22478.5,2685,66,measure
2026-09-10T22:35:09.854+00:00,62.002,370.333,99,22478.5,2685,65,measure
2026-09-10T22:35:10.852+00:00,63.000,363.142,99,22478.5,2685,64,measure
2026-09-10T22:35:11.853+00:00,64.000,358.603,99,22478.5,2685,65,measure
2026-09-10T22:35:12.854+00:00,65.001,335.826,99,22478.5,2685,64,measure
2026-09-10T22:35:13.852+00:00,66.000,328.998,99,22478.5,2685,62,measure
2026-09-10T22:35:14.852+00:00,67.000,315.888,99,22478.5,2685,62,measure
2026-09-10T22:35:15.854+00:00,68.000,329.454,99,22478.5,2685,64,measure
2026-09-10T22:35:16.852+00:00,69.001,336.274,99,22478.5,2685,64,measure
2026-09-10T22:35:17.854+00:00,70.000,326.169,99,22478.5,2685,62,measure
2026-09-10T22:35:18.854+00:00,71.001,346.11,99,22478.5,2685,67,measure
2026-09-10T22:35:19.853+00:00,72.001,350.397,99,22478.5,2685,64,measure
2026-09-10T22:35:20.855+00:00,73.004,343.959,99,22478.5,2685,66,measure
2026-09-10T22:35:21.852+00:00,74.000,343.11,99,22478.5,2685,64,measure
2026-09-10T22:35:22.852+00:00,75.000,322.627,99,22478.5,2685,61,measure
2026-09-10T22:35:23.855+00:00,76.002,317.461,99,22478.5,2685,61,measure
2026-09-10T22:35:22.362+00:00,77.000,335.062,99,22478.5,2685,62,measure
2026-09-10T22:35:23.366+00:00,78.006,335.379,99,22478.5,2685,64,measure
2026-09-10T22:35:24.367+00:00,79.007,363.304,99,22478.5,2685,66,measure
2026-09-10T22:35:25.364+00:00,80.003,361.449,99,22478.5,2685,65,measure
2026-09-10T22:35:26.363+00:00,81.002,361.051,99,22478.5,2685,66,measure
2026-09-10T22:35:27.362+00:00,82.001,362.146,99,22478.5,2685,66,measure
2026-09-10T22:35:28.364+00:00,83.003,340.987,99,22478.5,2685,65,measure
2026-09-10T22:35:29.363+00:00,84.003,363.147,99,22478.5,2685,64,measure
2026-09-10T22:35:30.360+00:00,85.000,354.849,99,22478.5,2685,66,measure
2026-09-10T22:35:31.360+00:00,86.000,358.448,99,22478.5,2685,64,measure
2026-09-10T22:35:32.363+00:00,87.002,364.054,99,22478.5,2685,66,measure
2026-09-10T22:35:33.363+00:00,88.001,361.312,99,22478.5,2685,65,measure
2026-09-10T22:35:34.362+00:00,89.002,371.744,99,22478.5,2685,66,measure
2026-09-10T22:35:35.361+00:00,90.001,368.802,99,22478.5,2685,64,measure
2026-09-10T22:35:36.362+00:00,91.002,359.502,99,22478.5,2685,65,measure
2026-09-10T22:35:37.361+00:00,92.000,359.752,99,22478.5,2685,67,measure
2026-09-10T22:35:38.361+00:00,93.001,371.272,99,22478.5,2685,65,measure
2026-09-10T22:35:39.362+00:00,94.000,366.434,99,22478.5,2685,64,measure
2026-09-10T22:35:40.362+00:00,95.001,374.378,99,22478.5,2685,68,measure
2026-09-10T22:35:41.361+00:00,96.001,373.425,99,22478.5,2685,66,measure
2026-09-10T22:35:42.360+00:00,97.000,380.536,99,22477.9,2685,65,measure
2026-09-10T22:35:43.362+00:00,98.002,382.047,99,22477.6,2685,67,measure
2026-09-10T22:35:44.361+00:00,99.000,366.951,99,22477.6,2685,65,measure
2026-09-10T22:35:45.362+00:00,100.000,367.292,99,22477.6,2685,67,measure
2026-09-10T22:35:46.361+00:00,101.001,363.577,99,22477.6,2685,65,measure
2026-09-10T22:35:47.361+00:00,102.000,358.841,99,22477.6,2685,64,measure
2026-09-10T22:35:48.365+00:00,103.004,332.027,99,22477.6,2685,62,measure
2026-09-10T22:35:49.364+00:00,104.003,313.879,99,22477.6,2685,62,measure
2026-09-10T22:35:50.361+00:00,105.000,321.546,99,22477.6,2685,63,measure
2026-09-10T22:35:51.362+00:00,106.000,333.834,99,22477.6,2685,62,measure
2026-09-10T22:35:52.362+00:00,107.001,343.491,99,22477.6,2685,61,measure
2026-09-10T22:35:53.392+00:00,108.001,349.153,99,22477.6,2685,64,measure
2026-09-10T22:35:54.361+00:00,109.000,333.649,99,22477.6,2685,64,measure
2026-09-10T22:35:52.862+00:00,110.001,307.882,99,22477.6,2685,62,measure
2026-09-10T22:35:53.863+00:00,111.001,336.961,99,22477.6,2685,66,measure
2026-09-10T22:35:54.867+00:00,112.002,324.62,99,22477.6,2685,66,measure
2026-09-10T22:35:55.862+00:00,113.000,355.447,99,22477.6,2685,66,measure
2026-09-10T22:35:56.862+00:00,114.000,349.077,99,22477.6,2685,65,measure
2026-09-10T22:35:57.864+00:00,115.001,318.664,99,22477.6,2685,61,measure
2026-09-10T22:35:58.863+00:00,116.001,314.595,99,22477.6,2685,61,measure
2026-09-10T22:35:59.868+00:00,117.003,320.823,99,22477.6,2685,64,measure
2026-09-10T22:36:00.867+00:00,118.003,313.336,99,22477.6,2685,63,measure
2026-09-10T22:36:01.862+00:00,119.001,331.599,99,22477.6,2685,62,measure
2026-09-10T22:36:02.862+00:00,120.001,326.544,99,22477.6,2685,64,measure
2026-09-10T22:36:03.862+00:00,121.000,328.631,99,22477.6,2685,64,measure
2026-09-10T22:36:04.862+00:00,122.001,333.981,99,22477.6,2685,62,measure
2026-09-10T22:36:05.863+00:00,123.001,321.215,99,22477.6,2685,65,measure
2026-09-10T22:36:06.863+00:00,124.001,326.842,99,22477.6,2685,63,measure
2026-09-10T22:36:07.862+00:00,125.000,323.711,99,22477.6,2685,64,measure
2026-09-10T22:36:08.865+00:00,126.003,326.904,99,22477.6,2685,65,measure
2026-09-10T22:36:09.862+00:00,127.000,342.42,99,22477.6,2685,63,measure
2026-09-10T22:36:10.862+00:00,128.001,343.823,99,22477.6,2685,65,measure
2026-09-10T22:36:11.863+00:00,129.001,370.233,99,22477.6,2685,66,measure
2026-09-10T22:36:12.863+00:00,130.000,366.543,99,22477.6,2685,65,measure
2026-09-10T22:36:13.876+00:00,131.001,374.428,99,22477.6,2685,67,measure
2026-09-10T22:36:14.862+00:00,132.000,373.731,99,22477.6,2685,65,measure
2026-09-10T22:36:15.862+00:00,133.000,363.739,99,22477.6,2685,64,measure
2026-09-10T22:36:16.862+00:00,134.000,359.037,99,22477.6,2685,65,measure
2026-09-10T22:36:17.865+00:00,135.001,360.342,99,22477.6,2685,66,measure
2026-09-10T22:36:18.878+00:00,136.001,339.964,99,22477.6,2685,61,measure
2026-09-10T22:36:19.862+00:00,137.001,341.159,99,22477.6,2685,62,measure
2026-09-10T22:36:20.863+00:00,138.001,314.264,99,22477.6,2685,61,measure
2026-09-10T22:36:21.862+00:00,139.000,321.67,99,22477.6,2685,64,measure
2026-09-10T22:36:22.862+00:00,140.001,345.303,99,22477.6,2685,64,measure
2026-09-10T22:36:23.863+00:00,141.000,370.729,99,22477.6,2685,64,measure
2026-09-10T22:36:22.364+00:00,142.001,371.803,99,22477.6,2685,66,measure
2026-09-10T22:36:23.362+00:00,143.000,377.015,99,22477.6,2685,65,measure
2026-09-10T22:36:24.362+00:00,144.001,363.168,99,22477.6,2685,66,measure
2026-09-10T22:36:25.365+00:00,145.001,365.631,99,22477.6,2685,67,measure
2026-09-10T22:36:26.362+00:00,146.000,361.188,99,22477.6,2685,65,measure
2026-09-10T22:36:27.364+00:00,147.000,361.16,99,22477.6,2685,66,measure
2026-09-10T22:36:28.365+00:00,148.001,342.321,99,22477.6,2685,62,measure
2026-09-10T22:36:29.413+00:00,149.000,334.192,99,22477.6,2685,64,measure
2026-09-10T22:36:30.362+00:00,150.000,358.772,99,22477.6,2685,65,measure
2026-09-10T22:36:31.363+00:00,151.001,340.058,99,22477.6,2685,62,measure
2026-09-10T22:36:32.363+00:00,152.000,363.337,99,22477.6,2685,66,measure
2026-09-10T22:36:33.364+00:00,153.001,338.381,99,22477.6,2685,64,measure
2026-09-10T22:36:34.366+00:00,154.000,352.92,99,22477.6,2685,65,measure
2026-09-10T22:36:35.363+00:00,155.001,349.736,99,22477.6,2685,62,measure
2026-09-10T22:36:36.363+00:00,156.001,341.286,99,22477.6,2685,64,measure
2026-09-10T22:36:37.362+00:00,157.000,364.384,99,22477.6,2685,67,measure
2026-09-10T22:36:38.363+00:00,158.001,344.69,99,22477.6,2685,64,measure
2026-09-10T22:36:39.364+00:00,159.000,370.77,99,22477.6,2685,65,measure
2026-09-10T22:36:40.406+00:00,160.000,371.736,99,22477.6,2685,66,measure
2026-09-10T22:36:41.362+00:00,161.000,358.303,99,22477.6,2685,65,measure
2026-09-10T22:36:42.362+00:00,162.000,362.114,99,22478.7,2685,65,measure
2026-09-10T22:36:43.363+00:00,163.001,328.948,99,22476.6,2685,65,measure
2026-09-10T22:36:44.363+00:00,164.001,326.71,99,22476.6,2685,66,measure
2026-09-10T22:36:45.364+00:00,165.001,342.693,99,22476.6,2685,64,measure
2026-09-10T22:36:46.365+00:00,166.000,358.101,99,22476.6,2685,65,measure
2026-09-10T22:36:47.362+00:00,167.000,366.218,99,22476.6,2685,67,measure
2026-09-10T22:36:48.363+00:00,168.001,366.872,99,22476.6,2685,65,measure
2026-09-10T22:36:49.363+00:00,169.001,361.359,99,22476.6,2685,64,measure
2026-09-10T22:36:50.362+00:00,170.000,369.162,99,22476.6,2685,67,measure
2026-09-10T22:36:51.364+00:00,171.000,361.736,99,22476.6,2685,66,measure
2026-09-10T22:36:52.364+00:00,172.001,355.733,99,22476.6,2685,65,measure
2026-09-10T22:36:53.362+00:00,173.000,356.111,99,22476.6,2685,66,measure
2026-09-10T22:36:54.362+00:00,174.000,312.887,99,22476.6,2685,61,measure
2026-09-10T22:36:52.859+00:00,175.000,317.425,99,22476.6,2685,62,measure
2026-09-10T22:36:53.857+00:00,176.000,319.332,99,22476.6,2685,62,measure
2026-09-10T22:36:54.859+00:00,177.000,314.787,99,22476.6,2685,62,measure
2026-09-10T22:36:55.861+00:00,178.000,322.021,99,22476.6,2685,64,measure
2026-09-10T22:36:56.858+00:00,179.001,326.972,99,22476.6,2685,65,measure
2026-09-10T22:36:57.857+00:00,180.000,347.404,99,22476.6,2685,64,measure
2026-09-10T22:36:58.858+00:00,181.000,369.511,99,22476.6,2685,66,measure
2026-09-10T22:36:59.858+00:00,182.000,367.485,99,22476.6,2685,65,measure
2026-09-10T22:37:00.859+00:00,183.000,369.83,99,22476.6,2685,65,measure
2026-09-10T22:37:01.859+00:00,184.000,365.725,99,22476.6,2685,65,measure
2026-09-10T22:37:02.857+00:00,185.000,365.82,99,22476.6,2685,67,measure
2026-09-10T22:37:03.858+00:00,186.001,354.004,99,22476.6,2685,65,measure
2026-09-10T22:37:04.857+00:00,187.000,358.468,99,22476.6,2685,67,measure
2026-09-10T22:37:05.858+00:00,188.001,366.269,99,22476.6,2685,66,measure
2026-09-10T22:37:06.861+00:00,189.002,374.982,99,22476.6,2685,66,measure
2026-09-10T22:37:07.859+00:00,190.000,369.929,99,22476.6,2685,65,measure
2026-09-10T22:37:08.857+00:00,191.000,387.175,99,22476.6,2685,67,measure
2026-09-10T22:37:09.857+00:00,192.000,374.81,99,22476.6,2685,67,measure
2026-09-10T22:37:10.858+00:00,193.001,370.126,99,22476.6,2685,67,measure
2026-09-10T22:37:11.857+00:00,194.000,368.868,99,22476.6,2685,68,measure
2026-09-10T22:37:12.859+00:00,195.001,377.04,99,22476.6,2685,66,measure
2026-09-10T22:37:13.859+00:00,196.001,372.284,99,22476.6,2685,66,measure
2026-09-10T22:37:14.857+00:00,197.000,368.989,99,22476.6,2685,66,measure
2026-09-10T22:37:15.857+00:00,198.000,363.015,99,22476.6,2685,65,measure
2026-09-10T22:37:16.858+00:00,199.001,367.378,99,22476.6,2685,66,measure
2026-09-10T22:37:17.858+00:00,200.001,356.504,99,22476.6,2685,66,measure
2026-09-10T22:37:18.861+00:00,201.000,340.612,99,22476.6,2685,65,measure
2026-09-10T22:37:19.859+00:00,202.001,343.856,99,22476.6,2685,68,measure
2026-09-10T22:37:20.858+00:00,203.000,333.204,99,22476.6,2685,64,measure
2026-09-10T22:37:21.858+00:00,204.001,319.68,99,22476.6,2685,65,measure
2026-09-10T22:37:22.858+00:00,205.001,347.366,99,22476.6,2685,67,measure
2026-09-10T22:37:23.857+00:00,206.001,324.989,99,22476.6,2685,65,measure
2026-09-10T22:37:22.360+00:00,207.002,356.421,99,22476.6,2685,66,measure
2026-09-10T22:37:23.356+00:00,208.001,366.792,99,22476.6,2685,65,measure
2026-09-10T22:37:24.355+00:00,209.000,361.506,99,22476.6,2685,66,measure
2026-09-10T22:37:25.356+00:00,210.001,362.05,99,22476.6,2685,66,measure
2026-09-10T22:37:26.355+00:00,211.000,353.332,99,22476.6,2685,66,measure
2026-09-10T22:37:27.355+00:00,212.000,355.067,99,22476.6,2685,67,measure
2026-09-10T22:37:28.357+00:00,213.000,366.585,99,22476.6,2685,66,measure
2026-09-10T22:37:29.356+00:00,214.001,364.21,99,22476.6,2685,66,measure
2026-09-10T22:37:30.356+00:00,215.001,366.871,99,22476.6,2685,65,measure
2026-09-10T22:37:31.357+00:00,216.002,335.645,99,22476.6,2685,63,measure
2026-09-10T22:37:32.401+00:00,217.001,328.267,99,22476.6,2685,62,measure
2026-09-10T22:37:33.356+00:00,218.000,333.362,99,22476.6,2685,63,measure
2026-09-10T22:37:34.356+00:00,219.000,357.962,99,22476.6,2685,65,measure
2026-09-10T22:37:35.356+00:00,220.000,375.785,99,22476.6,2685,68,measure
2026-09-10T22:37:36.356+00:00,221.000,369.036,99,22476.6,2685,67,measure
2026-09-10T22:37:37.358+00:00,222.000,365.011,99,22476.6,2685,65,measure
2026-09-10T22:37:38.355+00:00,223.000,358.24,99,22476.6,2685,65,measure
2026-09-10T22:37:39.357+00:00,224.001,337.425,99,22476.6,2685,64,measure
2026-09-10T22:37:40.368+00:00,225.001,329.051,99,22476.6,2685,63,measure
2026-09-10T22:37:41.356+00:00,226.001,353.397,99,22476.6,2685,63,measure
2026-09-10T22:37:42.356+00:00,227.001,334.849,99,22474.9,2685,66,measure
2026-09-10T22:37:43.355+00:00,228.000,355.744,99,22472.8,2685,65,measure
2026-09-10T22:37:44.356+00:00,229.001,348.886,99,22472.8,2685,65,measure
2026-09-10T22:37:45.356+00:00,230.001,339.609,99,22472.8,2685,65,measure
2026-09-10T22:37:46.360+00:00,231.005,304.77,99,22472.8,2685,61,measure
2026-09-10T22:37:47.356+00:00,232.001,336.588,99,22472.8,2685,65,measure
2026-09-10T22:37:48.356+00:00,233.001,334.173,99,22472.8,2685,61,measure
2026-09-10T22:37:49.355+00:00,234.000,350.899,99,22472.8,2685,65,measure
2026-09-10T22:37:50.378+00:00,235.001,354.57,99,22472.8,2685,64,measure
2026-09-10T22:37:51.357+00:00,236.000,327.068,99,22472.8,2685,64,measure
2026-09-10T22:37:52.357+00:00,237.000,320.297,99,22472.8,2685,63,measure
2026-09-10T22:37:53.408+00:00,238.000,317.195,99,22472.8,2685,61,measure
2026-09-10T22:37:54.386+00:00,239.001,327.973,99,22472.8,2685,65,measure
2026-09-10T22:37:52.866+00:00,240.001,349.851,99,22472.8,2685,66,measure
2026-09-10T22:37:53.867+00:00,241.001,360.457,99,22472.8,2685,67,measure
2026-09-10T22:37:54.867+00:00,242.000,373.552,99,22472.8,2685,67,measure
2026-09-10T22:37:55.868+00:00,243.001,360.388,99,22472.8,2685,65,measure
2026-09-10T22:37:56.866+00:00,244.000,370.439,99,22472.8,2685,67,measure
2026-09-10T22:37:57.866+00:00,245.000,368.391,99,22472.8,2685,67,measure
2026-09-10T22:37:58.866+00:00,246.001,366.548,99,22472.8,2685,67,measure
2026-09-10T22:37:59.866+00:00,247.000,371.188,99,22472.8,2685,65,measure
2026-09-10T22:38:00.868+00:00,248.001,368.222,99,22472.8,2685,67,measure
2026-09-10T22:38:01.870+00:00,249.003,366.646,99,22472.8,2685,66,measure
2026-09-10T22:38:02.868+00:00,250.002,373.462,99,22472.8,2685,68,measure
2026-09-10T22:38:03.868+00:00,251.002,366.132,99,22472.8,2685,67,measure
2026-09-10T22:38:04.868+00:00,252.001,367.699,99,22472.8,2685,65,measure
2026-09-10T22:38:05.867+00:00,253.001,363.526,99,22472.8,2685,66,measure
2026-09-10T22:38:06.868+00:00,254.001,356.984,99,22472.8,2685,65,measure
2026-09-10T22:38:07.902+00:00,255.000,327.359,99,22472.8,2685,62,measure
2026-09-10T22:38:08.868+00:00,256.002,315.508,99,22472.8,2685,63,measure
2026-09-10T22:38:09.866+00:00,257.000,309.41,99,22472.8,2685,62,measure
2026-09-10T22:38:10.866+00:00,258.001,317.891,99,22472.8,2685,62,measure
2026-09-10T22:38:11.867+00:00,259.001,325.035,99,22472.8,2685,64,measure
2026-09-10T22:38:12.868+00:00,260.001,323.62,99,22472.8,2685,63,measure
2026-09-10T22:38:13.882+00:00,261.000,324.231,99,22472.8,2685,63,measure
2026-09-10T22:38:14.866+00:00,262.001,305.638,99,22472.8,2685,65,measure
2026-09-10T22:38:15.866+00:00,263.000,330.294,99,22472.8,2685,65,measure
2026-09-10T22:38:16.866+00:00,264.001,318.736,99,22472.8,2685,62,measure
2026-09-10T22:38:17.866+00:00,265.000,328.426,99,22472.8,2685,65,measure
2026-09-10T22:38:18.868+00:00,266.001,331.733,99,22472.8,2685,65,measure
2026-09-10T22:38:19.869+00:00,267.001,332.096,99,22472.8,2685,63,measure
2026-09-10T22:38:20.870+00:00,268.005,349.754,99,22472.8,2685,66,measure
2026-09-10T22:38:21.871+00:00,269.003,370.748,99,22472.8,2685,65,measure
2026-09-10T22:38:22.868+00:00,270.002,365.086,99,22472.8,2685,69,measure
2026-09-10T22:38:23.866+00:00,271.000,365.732,99,22472.8,2685,66,measure
2026-09-10T22:38:22.372+00:00,272.001,365.487,99,22472.8,2685,65,measure
2026-09-10T22:38:23.369+00:00,273.000,343.707,99,22472.8,2685,62,measure
2026-09-10T22:38:24.366+00:00,274.000,316.377,99,22472.8,2685,61,measure
2026-09-10T22:38:25.366+00:00,275.000,316.915,99,22472.8,2685,65,measure
2026-09-10T22:38:26.367+00:00,276.002,320.519,99,22472.8,2685,64,measure
2026-09-10T22:38:27.366+00:00,277.000,327.203,99,22472.8,2685,63,measure
2026-09-10T22:38:28.372+00:00,278.005,327.932,99,22472.8,2685,66,measure
2026-09-10T22:38:29.368+00:00,279.001,328.342,99,22472.8,2685,63,measure
2026-09-10T22:38:30.367+00:00,280.001,354.793,99,22472.8,2685,66,measure
2026-09-10T22:38:31.366+00:00,281.000,363.644,99,22472.8,2685,66,measure
2026-09-10T22:38:32.367+00:00,282.000,366.831,99,22472.8,2685,67,measure
2026-09-10T22:38:33.372+00:00,283.005,357.348,99,22472.8,2685,65,measure
2026-09-10T22:38:34.372+00:00,284.004,347.826,99,22472.8,2685,63,measure
2026-09-10T22:38:35.421+00:00,285.002,347.708,99,22472.8,2685,66,measure
2026-09-10T22:38:36.374+00:00,286.008,349.009,99,22472.8,2685,65,measure
2026-09-10T22:38:37.367+00:00,287.002,376.2,99,22472.8,2685,66,measure
2026-09-10T22:38:38.366+00:00,288.000,366.032,99,22472.8,2685,66,measure
2026-09-10T22:38:39.366+00:00,289.000,365.484,99,22472.8,2685,66,measure
2026-09-10T22:38:40.370+00:00,290.001,375.585,99,22472.8,2685,66,measure
2026-09-10T22:38:41.367+00:00,291.000,362.588,99,22472.8,2685,65,measure
2026-09-10T22:38:42.367+00:00,292.002,339.718,99,22469.1,2685,67,measure
2026-09-10T22:38:43.366+00:00,293.001,322.37,99,22468.9,2685,62,measure
2026-09-10T22:38:44.366+00:00,294.000,327.84,99,22468.9,2685,62,measure
2026-09-10T22:38:45.366+00:00,295.001,330.637,99,22468.9,2685,64,measure
2026-09-10T22:38:46.367+00:00,296.000,330.225,99,22468.9,2685,64,measure
2026-09-10T22:38:47.367+00:00,297.001,350.788,99,22468.9,2685,65,measure
2026-09-10T22:38:48.370+00:00,298.005,343.307,99,22468.9,2685,66,measure
2026-09-10T22:38:49.369+00:00,299.002,364.219,99,22468.9,2685,67,measure
2026-09-10T22:38:50.366+00:00,300.001,366.144,99,22468.9,2685,65,measure
2026-09-10T22:38:51.366+00:00,301.000,368.147,99,22468.9,2685,66,measure
2026-09-10T22:38:52.368+00:00,302.001,370.845,99,22468.9,2685,67,measure
2026-09-10T22:38:53.367+00:00,303.001,367.642,99,22468.9,2685,66,measure
2026-09-10T22:38:54.366+00:00,304.000,365.355,99,22468.9,2685,65,measure
2026-09-10T22:38:52.848+00:00,305.000,359.624,99,22468.9,2685,65,measure
2026-09-10T22:38:53.849+00:00,306.000,337.013,99,22468.9,2685,62,measure
2026-09-10T22:38:54.849+00:00,307.000,353.488,99,22468.9,2685,68,measure
2026-09-10T22:38:55.850+00:00,308.000,353.637,99,22468.9,2685,62,measure
2026-09-10T22:38:56.850+00:00,309.001,367.01,99,22468.9,2685,66,measure
2026-09-10T22:38:57.849+00:00,310.001,367.204,99,22468.9,2685,66,measure
2026-09-10T22:38:58.849+00:00,311.000,375.741,99,22468.9,2685,68,measure
2026-09-10T22:38:59.849+00:00,312.001,396.55,99,22468.9,2685,68,measure
2026-09-10T22:39:00.848+00:00,313.000,409.935,100,22468.9,2685,70,measure
2026-09-10T22:39:01.850+00:00,314.001,415.441,100,22468.9,2685,70,measure
2026-09-10T22:39:02.850+00:00,315.000,418.787,99,22468.9,2685,71,measure
2026-09-10T22:39:03.848+00:00,316.000,407.214,100,22468.9,2685,69,measure
2026-09-10T22:39:04.849+00:00,317.000,405.756,99,22468.9,2685,69,measure
2026-09-10T22:39:05.849+00:00,318.001,408.121,99,22468.9,2685,70,measure
2026-09-10T22:39:06.849+00:00,319.001,406.007,99,22468.9,2685,70,measure
2026-09-10T22:39:07.850+00:00,320.001,408.081,99,22468.9,2685,70,measure
2026-09-10T22:39:08.850+00:00,321.000,408.824,99,22468.9,2685,71,measure
2026-09-10T22:39:09.848+00:00,322.000,412.755,100,22468.9,2685,71,measure
2026-09-10T22:39:10.849+00:00,323.001,415.347,100,22468.9,2685,69,measure
2026-09-10T22:39:11.849+00:00,324.001,404.883,100,22468.9,2685,70,measure
2026-09-10T22:39:12.849+00:00,325.000,407.475,99,22468.9,2685,70,measure
2026-09-10T22:39:13.850+00:00,326.000,407.781,99,22468.9,2685,70,measure
2026-09-10T22:39:14.850+00:00,327.001,408.159,99,22468.9,2685,70,measure
2026-09-10T22:39:15.849+00:00,328.001,409.759,100,22468.9,2685,70,measure
2026-09-10T22:39:16.851+00:00,329.000,408.135,100,22468.9,2685,69,measure
2026-09-10T22:39:17.850+00:00,330.001,417.481,100,22468.9,2685,71,measure
2026-09-10T22:39:18.849+00:00,331.000,412.31,99,22468.9,2685,70,measure
2026-09-10T22:39:19.853+00:00,332.001,407.122,100,22468.9,2685,69,measure
2026-09-10T22:39:20.849+00:00,333.001,409.268,100,22468.9,2685,70,measure
2026-09-10T22:39:21.849+00:00,334.001,409.135,100,22468.9,2685,69,measure
2026-09-10T22:39:22.849+00:00,335.000,409.886,99,22468.9,2685,70,measure
2026-09-10T22:39:23.849+00:00,336.000,410.762,99,22468.9,2685,70,measure
2026-09-10T22:39:22.363+00:00,337.000,409.631,99,22468.9,2685,70,measure
2026-09-10T22:39:23.364+00:00,338.001,420.334,100,22468.9,2685,71,measure
2026-09-10T22:39:24.363+00:00,339.000,410.531,99,22468.9,2685,70,measure
2026-09-10T22:39:25.363+00:00,340.000,408.324,99,22468.9,2685,70,measure
2026-09-10T22:39:26.362+00:00,341.000,410.25,100,22468.9,2685,70,measure
2026-09-10T22:39:27.362+00:00,342.000,408.755,100,22468.9,2685,70,measure
2026-09-10T22:39:28.364+00:00,343.001,411.334,100,22468.9,2685,71,measure
2026-09-10T22:39:29.366+00:00,344.003,411.939,100,22468.9,2685,70,measure
2026-09-10T22:39:30.366+00:00,345.003,412.029,100,22468.9,2685,72,measure
2026-09-10T22:39:31.363+00:00,346.001,419.557,100,22468.9,2685,71,measure
2026-09-10T22:39:32.363+00:00,347.000,409.3,100,22468.9,2685,70,measure
2026-09-10T22:39:33.364+00:00,348.001,415.782,100,22468.9,2685,70,measure
2026-09-10T22:39:34.364+00:00,349.000,409.191,100,22468.9,2685,71,measure
2026-09-10T22:39:35.364+00:00,350.000,407.585,99,22468.9,2685,71,measure
2026-09-10T22:39:36.363+00:00,351.001,410.346,100,22468.9,2685,71,measure
2026-09-10T22:39:37.362+00:00,352.000,409.391,100,22468.9,2685,70,measure
2026-09-10T22:39:38.363+00:00,353.000,414.365,100,22468.9,2685,71,measure
2026-09-10T22:39:39.363+00:00,354.000,413.663,100,22468.9,2685,70,measure
2026-09-10T22:39:40.364+00:00,355.000,409.188,100,22468.9,2685,70,measure
2026-09-10T22:39:41.364+00:00,356.000,414.872,100,22468.9,2685,71,measure
2026-09-10T22:39:42.363+00:00,357.000,407.885,100,22468.6,2685,70,measure
2026-09-10T22:39:43.363+00:00,358.000,410.206,100,22468.2,2685,70,measure
2026-09-10T22:39:44.365+00:00,359.001,411.23,100,22468.2,2685,71,measure
2026-09-10T22:39:45.362+00:00,360.000,409.111,99,22468.2,2685,71,measure
2026-09-10T22:39:46.364+00:00,361.001,419.672,99,22468.2,2685,71,measure
2026-09-10T22:39:47.366+00:00,362.001,409.592,100,22468.2,2685,70,measure
2026-09-10T22:39:48.363+00:00,363.001,414.314,99,22468.2,2685,70,measure
2026-09-10T22:39:49.363+00:00,364.000,412.519,100,22468.2,2685,71,measure
2026-09-10T22:39:50.362+00:00,365.000,409.694,100,22468.2,2685,70,measure
2026-09-10T22:39:51.364+00:00,366.001,411.54,100,22468.2,2685,71,measure
2026-09-10T22:39:52.364+00:00,367.000,411.221,100,22468.2,2685,71,measure
2026-09-10T22:39:53.364+00:00,368.000,411.448,100,22468.2,2685,72,measure
2026-09-10T22:39:54.363+00:00,369.001,418.699,100,22468.2,2685,70,measure
2026-09-10T22:39:52.863+00:00,370.001,409.429,100,22468.2,2685,70,measure
2026-09-10T22:39:53.862+00:00,371.000,415.171,100,22468.2,2685,71,measure
2026-09-10T22:39:54.862+00:00,372.000,408.752,100,22468.2,2685,71,measure
2026-09-10T22:39:55.864+00:00,373.000,407.748,99,22468.2,2685,71,measure
2026-09-10T22:39:56.865+00:00,374.000,408.742,99,22468.2,2685,71,measure
2026-09-10T22:39:57.862+00:00,375.001,408.024,99,22468.2,2685,70,measure
2026-09-10T22:39:58.863+00:00,376.001,415.708,100,22468.2,2685,72,measure
2026-09-10T22:39:59.862+00:00,377.000,412.781,99,22468.2,2685,70,measure
2026-09-10T22:40:00.863+00:00,378.001,408.965,100,22468.2,2685,70,measure
2026-09-10T22:40:01.864+00:00,379.000,413.516,100,22468.2,2685,70,measure
2026-09-10T22:40:02.865+00:00,380.000,407.919,100,22468.2,2685,70,measure
2026-09-10T22:40:03.862+00:00,381.000,408.568,100,22468.2,2685,71,measure
2026-09-10T22:40:04.862+00:00,382.000,410.927,100,22468.2,2685,71,measure
2026-09-10T22:40:05.866+00:00,383.004,408.984,100,22468.2,2685,71,measure
2026-09-10T22:40:06.865+00:00,384.003,419.783,99,22468.2,2685,71,measure
2026-09-10T22:40:07.865+00:00,385.001,409.828,99,22468.2,2685,70,measure
2026-09-10T22:40:08.865+00:00,386.001,414.764,100,22468.2,2685,70,measure
2026-09-10T22:40:09.862+00:00,387.000,412.201,100,22468.2,2685,70,measure
2026-09-10T22:40:10.863+00:00,388.001,410.871,100,22468.2,2685,71,measure
2026-09-10T22:40:11.864+00:00,389.002,411.133,100,22468.2,2685,69,measure
2026-09-10T22:40:12.867+00:00,390.004,442.934,100,22468.2,2640,73,measure
2026-09-10T22:40:13.865+00:00,391.001,429.103,100,22468.2,2670,70,measure
2026-09-10T22:40:14.863+00:00,392.001,409.209,100,22468.2,2670,70,measure
2026-09-10T22:40:15.866+00:00,393.004,415.642,100,22468.2,2670,70,measure
2026-09-10T22:40:16.862+00:00,394.000,409.644,100,22468.2,2670,70,measure
2026-09-10T22:40:17.862+00:00,395.000,411.087,100,22468.2,2670,70,measure
2026-09-10T22:40:18.863+00:00,396.001,416.036,100,22468.2,2670,70,measure
2026-09-10T22:40:19.866+00:00,397.002,441.234,100,22468.2,2670,73,measure
2026-09-10T22:40:20.864+00:00,398.002,426.736,100,22468.2,2670,72,measure
2026-09-10T22:40:21.862+00:00,399.000,409.604,100,22468.2,2670,70,measure
2026-09-10T22:40:22.863+00:00,400.001,415.21,100,22468.2,2670,71,measure
2026-09-10T22:40:23.865+00:00,401.003,409.985,100,22468.2,2670,71,measure
2026-09-10T22:40:22.362+00:00,402.000,411.235,100,22468.2,2670,70,measure
2026-09-10T22:40:23.364+00:00,403.001,415.554,100,22468.2,2670,70,measure
2026-09-10T22:40:24.364+00:00,404.001,435.622,100,22468.2,2670,73,measure
2026-09-10T22:40:25.364+00:00,405.000,426.013,100,22468.2,2670,72,measure
2026-09-10T22:40:26.362+00:00,406.000,410.183,100,22468.2,2670,70,measure
2026-09-10T22:40:27.362+00:00,407.000,414.979,100,22468.2,2670,70,measure
2026-09-10T22:40:28.363+00:00,408.001,412.737,100,22468.2,2670,71,measure
2026-09-10T22:40:29.364+00:00,409.000,411.656,100,22468.2,2670,70,measure
2026-09-10T22:40:30.364+00:00,410.001,416.689,99,22468.2,2670,70,measure
2026-09-10T22:40:31.363+00:00,411.000,435.841,100,22468.2,2670,73,measure
2026-09-10T22:40:32.363+00:00,412.001,428.222,100,22468.2,2670,72,measure
2026-09-10T22:40:33.363+00:00,413.001,411.914,100,22468.2,2670,70,measure
2026-09-10T22:40:34.362+00:00,414.001,415.912,99,22468.2,2670,70,measure
2026-09-10T22:40:35.364+00:00,415.000,411.811,100,22468.2,2670,71,measure
2026-09-10T22:40:36.364+00:00,416.001,410.994,100,22468.2,2670,70,measure
2026-09-10T22:40:37.362+00:00,417.001,419.071,100,22468.2,2670,70,measure
2026-09-10T22:40:38.363+00:00,418.001,435.833,100,22468.2,2670,73,measure
2026-09-10T22:40:39.363+00:00,419.001,429.154,100,22468.2,2670,72,measure
2026-09-10T22:40:40.363+00:00,420.001,412.717,100,22468.2,2670,70,measure
2026-09-10T22:40:41.365+00:00,421.000,415.587,100,22468.2,2670,70,measure
2026-09-10T22:40:42.364+00:00,422.000,412.391,100,22464.7,2670,71,measure
2026-09-10T22:40:43.363+00:00,423.001,410.387,100,22464.6,2670,70,measure
2026-09-10T22:40:44.362+00:00,424.000,419.563,100,22464.6,2670,70,measure
2026-09-10T22:40:45.363+00:00,425.001,431.652,100,22464.6,2670,73,measure
2026-09-10T22:40:46.364+00:00,426.001,429.687,100,22464.6,2670,72,measure
2026-09-10T22:40:47.367+00:00,427.002,413.861,100,22464.6,2670,70,measure
2026-09-10T22:40:48.363+00:00,428.001,414.958,100,22464.6,2670,70,measure
2026-09-10T22:40:49.363+00:00,429.000,413.805,100,22464.6,2670,71,measure
2026-09-10T22:40:50.363+00:00,430.001,409.396,100,22464.6,2670,70,measure
2026-09-10T22:40:51.362+00:00,431.000,420.429,99,22464.6,2670,70,measure
2026-09-10T22:40:52.363+00:00,432.001,430.487,100,22464.6,2670,73,measure
2026-09-10T22:40:53.367+00:00,433.004,432.702,100,22464.6,2670,72,measure
2026-09-10T22:40:54.363+00:00,434.001,413.228,100,22464.6,2670,70,measure
2026-09-10T22:40:52.864+00:00,435.000,414.581,100,22464.6,2670,70,measure
2026-09-10T22:40:53.866+00:00,436.000,413.911,100,22464.6,2670,70,measure
2026-09-10T22:40:54.864+00:00,437.000,408.874,100,22464.6,2670,70,measure
2026-09-10T22:40:55.865+00:00,438.000,420.22,100,22464.6,2670,70,measure
2026-09-10T22:40:56.869+00:00,439.000,429.875,100,22464.6,2670,73,measure
2026-09-10T22:40:57.864+00:00,440.001,434.276,100,22464.6,2670,72,measure
2026-09-10T22:40:58.864+00:00,441.000,414.562,100,22464.6,2670,71,measure
2026-09-10T22:40:59.864+00:00,442.000,411.164,100,22464.6,2670,70,measure
2026-09-10T22:41:00.865+00:00,443.001,415.467,100,22464.6,2670,71,measure
2026-09-10T22:41:01.865+00:00,444.000,408.494,99,22464.6,2670,70,measure
2026-09-10T22:41:02.866+00:00,445.001,419.814,100,22464.6,2670,70,measure
2026-09-10T22:41:03.865+00:00,446.001,426.327,100,22464.6,2670,73,measure
2026-09-10T22:41:04.864+00:00,447.000,437.127,99,22464.6,2670,71,measure
2026-09-10T22:41:05.864+00:00,448.001,415.361,99,22464.6,2670,71,measure
2026-09-10T22:41:06.865+00:00,449.001,410.389,99,22464.6,2670,71,measure
2026-09-10T22:41:07.865+00:00,450.000,415.938,99,22464.6,2670,71,measure
2026-09-10T22:41:08.868+00:00,451.001,407.921,99,22464.6,2670,71,measure
2026-09-10T22:41:09.865+00:00,452.000,419.908,100,22464.6,2670,70,measure
2026-09-10T22:41:10.866+00:00,453.002,425.9,100,22464.6,2670,73,measure
2026-09-10T22:41:11.864+00:00,454.000,438.329,99,22464.6,2670,71,measure
2026-09-10T22:41:12.865+00:00,455.001,418.252,100,22464.6,2670,71,measure
2026-09-10T22:41:13.865+00:00,456.000,409.803,99,22464.6,2670,70,measure
2026-09-10T22:41:14.865+00:00,457.000,415.878,100,22464.6,2670,71,measure
2026-09-10T22:41:15.865+00:00,458.001,408.173,100,22464.6,2670,70,measure
2026-09-10T22:41:16.865+00:00,459.000,418.146,100,22464.6,2670,70,measure
2026-09-10T22:41:17.869+00:00,460.005,422.62,100,22464.6,2670,73,measure
2026-09-10T22:41:18.864+00:00,461.000,439.134,99,22464.6,2670,72,measure
2026-09-10T22:41:19.866+00:00,462.001,418.537,100,22464.6,2670,71,measure
2026-09-10T22:41:20.866+00:00,463.000,409.25,100,22464.6,2670,71,measure
2026-09-10T22:41:21.866+00:00,464.002,415.452,99,22464.6,2670,71,measure
2026-09-10T22:41:22.864+00:00,465.000,407.562,99,22464.6,2670,70,measure
2026-09-10T22:41:23.866+00:00,466.000,416.974,100,22464.6,2670,70,measure
2026-09-10T22:41:22.364+00:00,467.000,422.018,100,22464.6,2670,72,measure
2026-09-10T22:41:23.365+00:00,468.000,443.287,100,22464.6,2670,72,measure
2026-09-10T22:41:24.367+00:00,469.003,420.359,100,22464.6,2670,71,measure
2026-09-10T22:41:25.364+00:00,470.000,408.562,100,22464.6,2670,70,measure
2026-09-10T22:41:26.364+00:00,471.000,416.542,99,22464.6,2670,72,measure
2026-09-10T22:41:27.364+00:00,472.001,408.12,99,22464.6,2670,71,measure
2026-09-10T22:41:28.365+00:00,473.001,414.743,100,22464.6,2670,70,measure
2026-09-10T22:41:29.366+00:00,474.001,420.731,100,22464.6,2670,72,measure
2026-09-10T22:41:30.367+00:00,475.001,444.032,100,22464.6,2670,73,measure
2026-09-10T22:41:31.364+00:00,476.000,423.079,100,22464.6,2670,72,measure
2026-09-10T22:41:32.364+00:00,477.001,409.771,100,22464.6,2670,71,measure
2026-09-10T22:41:33.364+00:00,478.001,416.358,100,22464.6,2670,72,measure
2026-09-10T22:41:34.368+00:00,479.003,408.731,100,22464.6,2670,71,measure
2026-09-10T22:41:35.365+00:00,480.000,413.78,100,22464.6,2670,70,measure
2026-09-10T22:41:36.365+00:00,481.000,417.809,100,22464.6,2670,72,measure
2026-09-10T22:41:37.365+00:00,482.001,444.173,100,22464.6,2670,73,measure
2026-09-10T22:41:38.364+00:00,483.000,423.386,100,22464.6,2670,72,measure
2026-09-10T22:41:39.364+00:00,484.000,410.367,100,22464.6,2670,71,measure
2026-09-10T22:41:40.364+00:00,485.001,417.527,100,22464.6,2670,71,measure
2026-09-10T22:41:41.369+00:00,486.001,409.319,100,22464.6,2670,72,measure
2026-09-10T22:41:42.365+00:00,487.000,414.648,100,22464.6,2670,70,measure
2026-09-10T22:41:43.364+00:00,488.000,417.449,100,22460.6,2670,72,measure
2026-09-10T22:41:44.364+00:00,489.000,441.452,100,22460.6,2670,74,measure
2026-09-10T22:41:45.364+00:00,490.001,427.138,99,22460.6,2670,73,measure
2026-09-10T22:41:46.364+00:00,491.000,409.557,100,22460.6,2670,71,measure
2026-09-10T22:41:47.366+00:00,492.001,417.257,100,22460.6,2670,70,measure
2026-09-10T22:41:48.366+00:00,493.000,410.77,100,22460.6,2670,71,measure
2026-09-10T22:41:49.364+00:00,494.000,412.73,100,22460.6,2670,70,measure
2026-09-10T22:41:50.364+00:00,495.000,417.955,100,22460.6,2670,72,measure
2026-09-10T22:41:51.367+00:00,496.004,439.175,100,22460.6,2670,74,measure
2026-09-10T22:41:52.365+00:00,497.001,415.457,100,22460.6,2670,69,measure
2026-09-10T22:41:53.365+00:00,498.000,437.506,100,22460.6,2670,71,measure
2026-09-10T22:41:54.366+00:00,499.000,416.236,100,22460.6,2670,71,measure
2026-09-10T22:41:52.879+00:00,500.001,408.755,100,22460.6,2670,71,measure
2026-09-10T22:41:53.879+00:00,501.000,419.108,100,22460.6,2670,70,measure
2026-09-10T22:41:54.879+00:00,502.000,424.592,100,22460.6,2670,71,measure
2026-09-10T22:41:55.879+00:00,503.000,439.23,100,22460.6,2670,71,measure
2026-09-10T22:41:56.881+00:00,504.001,431.461,100,22460.6,2670,73,measure
2026-09-10T22:41:57.881+00:00,505.001,432.84,100,22460.6,2670,71,measure
2026-09-10T22:41:58.879+00:00,506.000,414.195,100,22460.6,2670,71,measure
2026-09-10T22:41:59.879+00:00,507.001,409.418,100,22460.6,2670,71,measure
2026-09-10T22:42:00.879+00:00,508.001,420.241,100,22460.6,2670,70,measure
2026-09-10T22:42:01.879+00:00,509.001,430.601,100,22460.6,2670,73,measure
2026-09-10T22:42:02.883+00:00,510.001,433.421,100,22460.6,2670,71,measure
2026-09-10T22:42:03.880+00:00,511.001,434.498,100,22460.6,2670,74,measure
2026-09-10T22:42:04.879+00:00,512.000,426.427,100,22460.6,2670,71,measure
2026-09-10T22:42:05.879+00:00,513.000,413.222,100,22460.6,2670,72,measure
2026-09-10T22:42:06.879+00:00,514.001,411.791,100,22460.6,2670,71,measure
2026-09-10T22:42:07.879+00:00,515.001,420.116,100,22460.6,2670,70,measure
2026-09-10T22:42:08.881+00:00,516.001,436.889,100,22460.6,2670,74,measure
2026-09-10T22:42:09.880+00:00,517.001,426.287,100,22460.6,2670,71,measure
2026-09-10T22:42:10.880+00:00,518.001,437.304,100,22460.6,2670,74,measure
2026-09-10T22:42:11.879+00:00,519.000,420.991,99,22460.6,2670,73,measure
2026-09-10T22:42:12.879+00:00,520.000,411.133,100,22460.6,2670,71,measure
2026-09-10T22:42:13.880+00:00,521.001,413.188,99,22460.6,2670,70,measure
2026-09-10T22:42:14.881+00:00,522.001,417.024,99,22460.6,2670,70,measure
2026-09-10T22:42:15.880+00:00,523.000,438.483,100,22460.6,2670,74,measure
2026-09-10T22:42:16.879+00:00,524.001,423.237,99,22460.6,2670,71,measure
2026-09-10T22:42:17.880+00:00,525.001,436.038,100,22460.6,2670,72,measure
2026-09-10T22:42:18.880+00:00,526.001,416.294,99,22460.6,2670,72,measure
2026-09-10T22:42:19.883+00:00,527.003,408.56,100,22460.6,2670,71,measure
2026-09-10T22:42:20.881+00:00,528.001,415.826,99,22460.6,2670,71,measure
2026-09-10T22:42:21.881+00:00,529.000,423.019,100,22460.6,2670,70,measure
2026-09-10T22:42:22.879+00:00,530.001,439.433,100,22460.6,2670,73,measure
2026-09-10T22:42:23.886+00:00,531.007,426.533,100,22460.6,2670,72,measure
2026-09-10T22:42:22.380+00:00,532.000,436.849,100,22460.6,2670,71,measure
2026-09-10T22:42:23.380+00:00,533.000,415.855,100,22460.6,2670,71,measure
2026-09-10T22:42:24.384+00:00,534.002,409.232,100,22460.6,2670,72,measure
2026-09-10T22:42:25.381+00:00,535.001,419.809,100,22460.6,2670,71,measure
2026-09-10T22:42:26.382+00:00,536.003,425.371,100,22460.6,2670,72,measure
2026-09-10T22:42:27.380+00:00,537.000,436.737,100,22460.6,2670,71,measure
2026-09-10T22:42:28.381+00:00,538.001,432.096,100,22460.6,2670,74,measure
2026-09-10T22:42:29.381+00:00,539.001,431.984,100,22460.6,2670,71,measure
2026-09-10T22:42:30.381+00:00,540.000,414.7,99,22460.6,2670,71,measure
2026-09-10T22:42:31.380+00:00,541.000,410.014,100,22460.6,2670,71,measure
2026-09-10T22:42:32.380+00:00,542.000,421.121,100,22460.6,2670,71,measure
2026-09-10T22:42:33.382+00:00,543.000,431.338,100,22460.6,2670,74,measure
2026-09-10T22:42:34.380+00:00,544.000,431.56,100,22460.6,2670,71,measure
2026-09-10T22:42:35.380+00:00,545.000,435.327,100,22460.6,2670,74,measure
2026-09-10T22:42:36.384+00:00,546.000,425.992,100,22460.6,2670,71,measure
2026-09-10T22:42:37.380+00:00,547.000,413.941,100,22460.6,2670,72,measure
2026-09-10T22:42:38.380+00:00,548.001,412.778,100,22460.6,2670,71,measure
2026-09-10T22:42:39.380+00:00,549.000,421.099,100,22460.6,2670,70,measure
2026-09-10T22:42:40.382+00:00,550.002,433.83,100,22460.6,2670,74,measure
2026-09-10T22:42:41.380+00:00,551.000,424.379,100,22460.6,2670,71,measure
2026-09-10T22:42:42.384+00:00,552.000,437.455,100,22460.6,2670,73,measure
2026-09-10T22:42:43.380+00:00,553.000,421.894,100,22460.6,2670,72,measure
2026-09-10T22:42:44.380+00:00,554.001,412.343,100,22460.6,2670,71,measure
2026-09-10T22:42:45.380+00:00,555.000,413.936,100,22460.6,2670,72,measure
2026-09-10T22:42:46.380+00:00,556.001,417.951,100,22460.6,2670,71,measure
2026-09-10T22:42:47.387+00:00,557.004,437.357,100,22460.6,2670,73,measure
2026-09-10T22:42:48.381+00:00,558.001,423.728,100,22460.6,2670,72,measure
2026-09-10T22:42:49.381+00:00,559.002,437.556,100,22460.6,2670,71,measure
2026-09-10T22:42:50.380+00:00,560.000,418.094,100,22460.6,2670,71,measure
2026-09-10T22:42:51.380+00:00,561.000,409.555,100,22460.6,2670,71,measure
2026-09-10T22:42:52.380+00:00,562.000,416.725,100,22460.6,2670,71,measure
2026-09-10T22:42:53.383+00:00,563.001,423.205,100,22460.6,2670,71,measure
2026-09-10T22:42:54.383+00:00,564.001,440.183,99,22460.6,2670,71,measure
2026-09-10T22:42:52.885+00:00,565.000,413.685,100,22460.6,2670,70,measure
2026-09-10T22:42:53.888+00:00,566.003,429.774,100,22460.6,2670,74,measure
2026-09-10T22:42:54.885+00:00,567.000,425.653,100,22460.6,2670,72,measure
2026-09-10T22:42:55.886+00:00,568.002,412.027,100,22460.6,2670,71,measure
2026-09-10T22:42:56.885+00:00,569.000,422.802,99,22460.6,2670,71,measure
2026-09-10T22:42:57.888+00:00,570.000,432.215,100,22460.6,2670,74,measure
2026-09-10T22:42:58.886+00:00,571.001,432.857,100,22460.6,2670,71,measure
2026-09-10T22:42:59.885+00:00,572.001,421.088,100,22460.6,2670,71,measure
2026-09-10T22:43:00.887+00:00,573.000,441.419,100,22460.6,2670,73,measure
2026-09-10T22:43:01.884+00:00,574.000,416.201,100,22460.6,2670,72,measure
2026-09-10T22:43:02.886+00:00,575.001,414.314,100,22460.6,2670,71,measure
2026-09-10T22:43:03.886+00:00,576.001,420.004,99,22460.6,2670,70,measure
2026-09-10T22:43:04.885+00:00,577.001,438.533,100,22460.6,2670,74,measure
2026-09-10T22:43:05.885+00:00,578.001,426.398,100,22460.6,2670,71,measure
2026-09-10T22:43:06.884+00:00,579.000,426.851,100,22460.6,2670,74,measure
2026-09-10T22:43:07.886+00:00,580.002,441.78,100,22460.6,2670,74,measure
2026-09-10T22:43:08.886+00:00,581.000,410.155,99,22460.6,2670,72,measure
2026-09-10T22:43:09.889+00:00,582.005,417.53,99,22460.6,2670,71,measure
2026-09-10T22:43:10.890+00:00,583.006,422.257,99,22460.6,2670,71,measure
2026-09-10T22:43:11.885+00:00,584.001,441.076,99,22460.6,2670,71,measure
2026-09-10T22:43:12.888+00:00,585.003,424.324,100,22460.6,2670,71,measure
2026-09-10T22:43:13.885+00:00,586.001,433.268,100,22460.6,2670,74,measure
2026-09-10T22:43:14.890+00:00,587.005,429.815,99,22460.6,2670,72,measure
2026-09-10T22:43:15.887+00:00,588.000,411,100,22460.6,2670,71,measure
2026-09-10T22:43:16.885+00:00,589.000,422.941,100,22460.6,2670,71,measure
2026-09-10T22:43:17.886+00:00,590.002,428.99,100,22460.6,2670,74,measure
2026-09-10T22:43:18.884+00:00,591.000,436.733,100,22460.6,2670,71,measure
2026-09-10T22:43:19.890+00:00,592.005,422.906,100,22460.6,2670,71,measure
2026-09-10T22:43:20.891+00:00,593.001,439.089,100,22460.6,2670,74,measure
2026-09-10T22:43:21.888+00:00,594.001,421.209,100,22460.6,2670,72,measure
2026-09-10T22:43:22.885+00:00,595.001,412.094,99,22460.6,2670,71,measure
2026-09-10T22:43:23.885+00:00,596.001,422.893,100,22460.6,2670,71,measure
2026-09-10T22:43:22.380+00:00,597.011,433.849,100,22460.6,2670,74,measure
2026-09-10T22:43:23.368+00:00,598.001,427.707,100,22460.6,2670,71,measure
2026-09-10T22:43:24.371+00:00,599.003,420.646,99,22460.6,2670,73,measure
2026-09-10T22:43:25.374+00:00,600.008,438.957,100,22460.6,2670,74,measure
2026-09-10T22:43:26.368+00:00,601.001,414.339,99,22460.6,2670,71,measure
2026-09-10T22:43:27.369+00:00,602.002,414.243,99,22460.6,2670,71,measure
2026-09-10T22:43:28.368+00:00,603.001,418.879,99,22460.6,2670,71,measure
2026-09-10T22:43:29.405+00:00,604.038,436.444,100,22460.6,2670,73,measure
2026-09-10T22:43:30.372+00:00,605.003,424.348,100,22460.6,2670,71,measure
2026-09-10T22:43:31.370+00:00,606.004,429.456,100,22460.6,2670,71,measure
2026-09-10T22:43:32.379+00:00,607.013,437.265,100,22460.6,2670,73,measure
2026-09-10T22:43:33.373+00:00,608.007,412.079,99,22460.6,2670,72,measure
2026-09-10T22:43:34.368+00:00,609.001,417.531,99,22460.6,2670,71,measure
2026-09-10T22:43:35.372+00:00,610.004,425.196,100,22460.6,2670,73,measure
2026-09-10T22:43:36.417+00:00,611.051,438.209,100,22460.6,2670,71,measure
2026-09-10T22:43:37.392+00:00,612.025,424.106,100,22460.6,2670,71,measure
2026-09-10T22:43:38.375+00:00,613.009,419.72,100,22460.6,2670,73,measure
2026-09-10T22:43:39.377+00:00,614.009,395.9,99,22460.6,2670,70,measure
2026-09-10T22:43:40.383+00:00,615.017,397.668,99,22460.6,2670,71,measure
2026-09-10T22:43:41.414+00:00,616.047,391.811,99,22460.6,2685,69,measure
2026-09-10T22:43:42.370+00:00,617.002,387.874,99,22460.6,2685,69,measure
2026-09-10T22:43:43.368+00:00,618.000,364.199,99,22460.6,2685,67,measure
2026-09-10T22:43:44.368+00:00,619.001,375.888,99,22460.6,2685,68,measure
2026-09-10T22:43:45.370+00:00,620.001,366.57,99,22460.6,2685,68,measure
2026-09-10T22:43:46.376+00:00,621.008,368.869,99,22460.6,2685,67,measure
2026-09-10T22:43:47.367+00:00,622.000,369.279,99,22460.6,2685,68,measure
2026-09-10T22:43:48.368+00:00,623.001,352.947,99,22460.6,2685,68,measure
2026-09-10T22:43:49.368+00:00,624.001,374.045,99,22460.6,2685,67,measure
2026-09-10T22:43:50.367+00:00,625.000,356.439,99,22460.6,2685,68,measure
2026-09-10T22:43:51.415+00:00,626.000,370.969,99,22460.6,2685,67,measure
2026-09-10T22:43:52.393+00:00,627.005,377.417,99,22460.6,2685,68,measure
2026-09-10T22:43:53.367+00:00,628.001,357.465,99,22460.6,2685,66,measure
2026-09-10T22:43:54.368+00:00,629.001,351.577,99,22460.6,2685,67,measure
2026-09-10T22:43:52.864+00:00,630.000,318.366,99,22460.6,2685,63,measure
2026-09-10T22:43:53.864+00:00,631.000,322.205,99,22460.6,2685,64,measure
2026-09-10T22:43:54.864+00:00,632.000,327.81,99,22460.6,2685,67,measure
2026-09-10T22:43:55.885+00:00,633.001,351.04,99,22460.6,2685,66,measure
2026-09-10T22:43:56.865+00:00,634.000,375.078,99,22460.6,2685,66,measure
2026-09-10T22:43:57.867+00:00,635.001,384.522,99,22460.6,2685,67,measure
2026-09-10T22:43:58.865+00:00,636.000,387.857,99,22460.6,2685,69,measure
2026-09-10T22:43:59.864+00:00,637.001,384.744,99,22460.6,2685,68,measure
2026-09-10T22:44:00.864+00:00,638.000,379.779,99,22460.6,2685,67,measure
2026-09-10T22:44:01.864+00:00,639.000,382.053,99,22460.6,2685,67,measure
2026-09-10T22:44:02.865+00:00,640.001,383.514,99,22460.6,2685,66,measure
2026-09-10T22:44:03.869+00:00,641.001,370.241,99,22460.6,2685,67,measure
2026-09-10T22:44:04.865+00:00,642.000,368.721,99,22460.6,2685,67,measure
2026-09-10T22:44:05.865+00:00,643.001,343.747,99,22460.6,2685,66,measure
2026-09-10T22:44:06.871+00:00,644.000,337.34,99,22460.6,2685,67,measure
2026-09-10T22:44:07.865+00:00,645.001,336.801,99,22460.6,2685,67,measure
2026-09-10T22:44:08.864+00:00,646.000,363.808,99,22460.6,2685,67,measure
2026-09-10T22:44:09.866+00:00,647.001,365.835,99,22460.6,2685,68,measure
2026-09-10T22:44:10.865+00:00,648.000,363.358,99,22460.6,2685,68,measure
2026-09-10T22:44:11.864+00:00,649.000,361.047,99,22460.6,2685,67,measure
2026-09-10T22:44:12.866+00:00,650.000,328.527,99,22460.6,2685,66,measure
2026-09-10T22:44:13.864+00:00,651.000,327.218,99,22460.6,2685,65,measure
2026-09-10T22:44:14.906+00:00,652.001,331.814,99,22460.6,2685,63,measure
2026-09-10T22:44:15.869+00:00,653.001,332.23,99,22460.6,2685,67,measure
2026-09-10T22:44:16.865+00:00,654.000,364.131,99,22460.6,2685,66,measure
2026-09-10T22:44:17.864+00:00,655.000,372.572,99,22460.6,2685,66,measure
2026-09-10T22:44:18.865+00:00,656.001,379.158,99,22460.6,2685,68,measure
2026-09-10T22:44:19.865+00:00,657.001,383.304,99,22460.6,2685,66,measure
2026-09-10T22:44:20.865+00:00,658.000,380.914,99,22460.6,2685,69,measure
2026-09-10T22:44:21.865+00:00,659.000,374.319,99,22460.6,2685,66,measure
2026-09-10T22:44:22.865+00:00,660.000,365.399,99,22460.6,2685,67,measure
2026-09-10T22:44:23.865+00:00,661.000,358.355,99,22460.6,2685,65,measure
2026-09-10T22:44:22.404+00:00,662.005,343.178,99,22460.6,2685,66,measure
2026-09-10T22:44:23.399+00:00,663.000,347.535,99,22460.6,2685,66,measure
2026-09-10T22:44:24.400+00:00,664.000,352.593,99,22460.6,2685,67,measure
2026-09-10T22:44:25.401+00:00,665.001,369.771,99,22460.6,2685,65,measure
2026-09-10T22:44:26.400+00:00,666.000,371.032,99,22460.6,2685,66,measure
2026-09-10T22:44:27.399+00:00,667.000,369.326,99,22460.6,2685,65,measure
2026-09-10T22:44:28.400+00:00,668.001,364.167,99,22460.6,2685,66,measure
2026-09-10T22:44:29.400+00:00,669.001,369.281,99,22460.6,2685,66,measure
2026-09-10T22:44:30.400+00:00,670.000,365.011,99,22460.6,2685,67,measure
2026-09-10T22:44:31.402+00:00,671.001,361.888,99,22460.6,2685,66,measure
2026-09-10T22:44:32.401+00:00,672.002,334.898,99,22460.6,2685,63,measure
2026-09-10T22:44:33.399+00:00,673.000,310.038,99,22460.6,2685,62,measure
2026-09-10T22:44:34.399+00:00,674.000,327.38,99,22460.6,2685,62,measure
2026-09-10T22:44:35.399+00:00,675.001,324.875,99,22460.6,2685,64,measure
2026-09-10T22:44:36.401+00:00,676.001,335.25,99,22460.6,2685,62,measure
2026-09-10T22:44:37.401+00:00,677.000,317.022,99,22460.6,2685,62,measure
2026-09-10T22:44:38.399+00:00,678.000,324.431,99,22460.6,2685,66,measure
2026-09-10T22:44:39.399+00:00,679.000,318.572,99,22460.6,2685,65,measure
2026-09-10T22:44:40.401+00:00,680.000,353.535,99,22460.6,2685,65,measure
2026-09-10T22:44:41.399+00:00,681.000,362.417,99,22460.6,2685,65,measure
2026-09-10T22:44:42.401+00:00,682.000,363.567,99,22460.6,2685,66,measure
2026-09-10T22:44:43.403+00:00,683.001,346.263,99,22460.6,2685,62,measure
2026-09-10T22:44:44.399+00:00,684.000,318.184,99,22460.6,2685,63,measure
2026-09-10T22:44:45.399+00:00,685.000,320.426,99,22460.6,2685,63,measure
2026-09-10T22:44:46.399+00:00,686.000,329.629,99,22460.6,2685,63,measure
2026-09-10T22:44:47.400+00:00,687.000,341.639,99,22460.6,2685,64,measure
2026-09-10T22:44:48.401+00:00,688.001,348.291,99,22460.6,2685,65,measure
2026-09-10T22:44:49.401+00:00,689.000,345.229,99,22460.6,2685,63,measure
2026-09-10T22:44:50.401+00:00,690.001,328.934,99,22460.6,2685,63,measure
2026-09-10T22:44:51.400+00:00,691.001,336.669,99,22460.6,2685,66,measure
2026-09-10T22:44:52.401+00:00,692.001,351.806,99,22460.6,2685,66,measure
2026-09-10T22:44:53.399+00:00,693.000,330.59,99,22460.6,2685,63,measure
2026-09-10T22:44:51.905+00:00,694.000,343.453,99,22460.6,2685,64,measure
2026-09-10T22:44:52.905+00:00,695.001,343.628,99,22460.6,2685,65,measure
2026-09-10T22:44:53.903+00:00,696.000,370.597,99,22460.6,2685,66,measure
2026-09-10T22:44:54.903+00:00,697.001,363.13,99,22460.6,2685,65,measure
2026-09-10T22:44:55.903+00:00,698.000,364.557,99,22460.6,2685,66,measure
2026-09-10T22:44:56.903+00:00,699.000,367.312,99,22460.6,2685,66,measure
2026-09-10T22:44:57.905+00:00,700.001,369.853,99,22460.6,2685,67,measure
2026-09-10T22:44:58.905+00:00,701.000,369.768,99,22460.6,2685,67,measure
2026-09-10T22:44:59.903+00:00,702.000,374.696,99,22460.6,2685,66,measure
2026-09-10T22:45:00.903+00:00,703.000,385.856,99,22460.6,2685,67,measure
2026-09-10T22:45:01.903+00:00,704.001,389.628,99,22460.6,2685,67,measure
2026-09-10T22:45:02.903+00:00,705.001,379.428,99,22460.6,2685,68,measure
2026-09-10T22:45:03.904+00:00,706.000,397.767,99,22460.6,2685,69,measure
2026-09-10T22:45:04.905+00:00,707.001,384.318,99,22460.6,2685,67,measure
2026-09-10T22:45:05.903+00:00,708.000,368.055,99,22460.6,2685,68,measure
2026-09-10T22:45:06.903+00:00,709.001,370.571,99,22460.6,2685,66,measure
2026-09-10T22:45:07.904+00:00,710.000,374.087,99,22460.6,2685,67,measure
2026-09-10T22:45:08.903+00:00,711.001,361.471,99,22460.6,2685,66,measure
2026-09-10T22:45:09.904+00:00,712.000,365.864,99,22460.6,2685,66,measure
2026-09-10T22:45:10.905+00:00,713.002,364.509,99,22460.6,2685,66,measure
2026-09-10T22:45:11.903+00:00,714.000,327.926,99,22460.6,2685,62,measure
2026-09-10T22:45:12.903+00:00,715.000,319.482,99,22460.6,2685,62,measure
2026-09-10T22:45:13.903+00:00,716.000,325.122,99,22460.6,2685,61,measure
2026-09-10T22:45:14.903+00:00,717.000,307.378,99,22460.6,2685,63,measure
2026-09-10T22:45:15.904+00:00,718.000,315.128,99,22460.6,2685,61,measure
2026-09-10T22:45:16.904+00:00,719.001,305.62,99,22460.6,2685,64,measure
2026-09-10T22:45:17.903+00:00,720.000,325.007,99,22460.6,2685,65,measure
2026-09-10T22:45:18.903+00:00,721.000,331.516,99,22460.6,2685,62,measure
2026-09-10T22:45:19.903+00:00,722.000,309.652,99,22460.6,2685,63,measure
2026-09-10T22:45:20.903+00:00,723.000,340.922,99,22460.6,2685,62,measure
2026-09-10T22:45:21.904+00:00,724.000,322.405,99,22460.6,2685,61,measure
2026-09-10T22:45:22.903+00:00,725.000,355.288,99,22460.6,2685,66,measure
2026-09-10T22:45:23.903+00:00,726.001,364.44,99,22460.6,2685,65,measure
2026-09-10T22:45:22.405+00:00,727.000,368.812,99,22460.6,2685,66,measure
2026-09-10T22:45:23.405+00:00,728.000,367.073,99,22460.6,2685,64,measure
2026-09-10T22:45:24.405+00:00,729.001,358.024,99,22460.6,2685,66,measure
2026-09-10T22:45:25.409+00:00,730.000,330.541,99,22460.6,2685,66,measure
2026-09-10T22:45:26.406+00:00,731.000,339.085,99,22460.6,2685,65,measure
2026-09-10T22:45:27.405+00:00,732.000,335.64,99,22460.6,2685,65,measure
2026-09-10T22:45:28.405+00:00,733.000,358.243,99,22460.6,2685,68,measure
2026-09-10T22:45:29.405+00:00,734.000,356.613,99,22460.6,2685,65,measure
2026-09-10T22:45:30.405+00:00,735.000,365.296,99,22460.6,2685,65,measure
2026-09-10T22:45:31.452+00:00,736.000,361.669,99,22460.6,2685,64,measure
2026-09-10T22:45:32.406+00:00,737.002,349.494,99,22460.6,2685,65,measure
2026-09-10T22:45:33.416+00:00,738.000,340.53,99,22460.6,2685,61,measure
2026-09-10T22:45:34.408+00:00,739.003,360.809,99,22460.6,2685,66,measure
2026-09-10T22:45:35.411+00:00,740.005,366.458,99,22460.6,2685,66,measure
2026-09-10T22:45:36.407+00:00,741.001,362.459,99,22460.6,2685,65,measure
2026-09-10T22:45:37.408+00:00,742.003,358.653,99,22460.6,2685,65,measure
2026-09-10T22:45:38.406+00:00,743.000,361.104,99,22460.6,2685,65,measure
2026-09-10T22:45:39.405+00:00,744.000,365.069,99,22460.6,2685,67,measure
2026-09-10T22:45:40.405+00:00,745.000,363.926,99,22460.6,2685,64,measure
2026-09-10T22:45:41.407+00:00,746.003,361.53,99,22460.6,2685,66,measure
2026-09-10T22:45:42.405+00:00,747.000,366.447,99,22460.6,2685,65,measure
2026-09-10T22:45:43.406+00:00,748.000,348.132,99,22460.6,2685,66,measure
2026-09-10T22:45:44.406+00:00,749.000,371.015,99,22460.6,2685,65,measure
2026-09-10T22:45:45.405+00:00,750.000,378.007,99,22460.6,2685,67,measure
2026-09-10T22:45:46.405+00:00,751.000,378.47,99,22460.6,2685,65,measure
2026-09-10T22:45:47.405+00:00,752.000,370.439,99,22460.6,2685,65,measure
2026-09-10T22:45:48.406+00:00,753.001,366.621,99,22460.6,2685,65,measure
2026-09-10T22:45:49.407+00:00,754.001,361.244,99,22460.6,2685,67,measure
2026-09-10T22:45:50.406+00:00,755.001,365.906,99,22460.6,2685,67,measure
2026-09-10T22:45:51.405+00:00,756.000,369.664,99,22460.6,2685,67,measure
2026-09-10T22:45:52.408+00:00,757.003,376.88,99,22460.6,2685,66,measure
2026-09-10T22:45:53.405+00:00,758.000,384.053,99,22460.6,2685,67,measure
2026-09-10T22:45:51.905+00:00,759.000,380.458,99,22460.6,2685,66,measure
2026-09-10T22:45:52.909+00:00,760.000,390.087,99,22460.6,2685,67,measure
2026-09-10T22:45:53.906+00:00,761.001,385.108,99,22460.6,2685,68,measure
2026-09-10T22:45:54.905+00:00,762.000,375.427,99,22460.6,2685,65,measure
2026-09-10T22:45:55.905+00:00,763.000,371.174,99,22460.6,2685,66,measure
2026-09-10T22:45:56.927+00:00,764.001,364.532,99,22460.6,2685,66,measure
2026-09-10T22:45:57.908+00:00,765.002,323.934,99,22460.6,2685,65,measure
2026-09-10T22:45:58.909+00:00,766.001,325.642,99,22460.6,2685,65,measure
2026-09-10T22:45:59.905+00:00,767.001,323.203,99,22460.6,2685,64,measure
2026-09-10T22:46:00.905+00:00,768.001,329.709,99,22460.6,2685,65,measure
2026-09-10T22:46:01.905+00:00,769.001,334.874,99,22460.6,2685,65,measure
2026-09-10T22:46:02.905+00:00,770.000,319.45,99,22460.6,2685,61,measure
2026-09-10T22:46:03.905+00:00,771.000,334.106,99,22584.4,2685,64,measure
2026-09-10T22:46:04.963+00:00,772.000,318.216,99,22585,2685,64,measure
2026-09-10T22:46:05.905+00:00,773.001,305.23,99,22585,2685,61,measure
2026-09-10T22:46:06.905+00:00,774.000,314.751,99,22585.2,2685,61,measure
2026-09-10T22:46:07.905+00:00,775.000,326.851,99,22585.2,2685,63,measure
2026-09-10T22:46:08.906+00:00,776.001,327.661,99,22585.2,2685,64,measure
2026-09-10T22:46:09.906+00:00,777.000,332.839,99,22585.2,2685,61,measure
2026-09-10T22:46:10.906+00:00,778.000,346.202,99,22585.2,2685,62,measure
2026-09-10T22:46:11.905+00:00,779.001,321.807,99,22585.2,2685,63,measure
2026-09-10T22:46:12.905+00:00,780.000,326.321,99,22585.8,2685,64,measure
2026-09-10T22:46:13.906+00:00,781.000,312.713,99,22612.5,2685,61,measure
2026-09-10T22:46:14.905+00:00,782.000,307.388,99,22612.5,2685,62,measure
2026-09-10T22:46:15.907+00:00,783.001,318.181,99,22612.5,2685,62,measure
2026-09-10T22:46:16.908+00:00,784.001,332.278,99,22460.8,2685,66,measure
2026-09-10T22:46:17.905+00:00,785.000,327.667,99,22460.8,2685,62,measure
2026-09-10T22:46:18.905+00:00,786.000,368.284,99,22460.8,2685,66,measure
2026-09-10T22:46:19.907+00:00,787.000,370.98,99,22460.8,2685,66,measure
2026-09-10T22:46:20.905+00:00,788.001,360.239,99,22460.8,2685,65,measure
2026-09-10T22:46:21.906+00:00,789.000,359.674,99,22460.8,2685,66,measure
2026-09-10T22:46:22.920+00:00,790.000,349.221,99,22460.8,2685,64,measure
2026-09-10T22:46:23.905+00:00,791.001,324.884,99,22460.8,2685,65,measure
2026-09-10T22:46:22.404+00:00,792.000,344.033,99,22460.8,2685,62,measure
2026-09-10T22:46:23.405+00:00,793.001,367.846,99,22460.8,2685,65,measure
2026-09-10T22:46:24.405+00:00,794.000,362.324,99,22460.8,2685,65,measure
2026-09-10T22:46:25.406+00:00,795.000,367.121,99,22460.8,2685,65,measure
2026-09-10T22:46:26.407+00:00,796.003,343.765,99,22460.8,2685,65,measure
2026-09-10T22:46:27.407+00:00,797.003,332.294,99,22460.8,2685,65,measure
2026-09-10T22:46:28.404+00:00,798.000,321.878,99,22460.8,2685,64,measure
2026-09-10T22:46:29.404+00:00,799.001,347.716,99,22460.8,2685,65,measure
2026-09-10T22:46:30.405+00:00,800.001,355.222,99,22460.8,2685,63,measure
2026-09-10T22:46:31.406+00:00,801.000,365.456,99,22460.8,2685,66,measure
2026-09-10T22:46:32.406+00:00,802.000,366.119,99,22460.8,2685,66,measure
2026-09-10T22:46:33.404+00:00,803.000,372.683,99,22460.8,2685,66,measure
2026-09-10T22:46:34.404+00:00,804.000,380.108,99,22460.8,2685,67,measure
2026-09-10T22:46:35.406+00:00,805.003,370.269,99,22460.8,2685,66,measure
2026-09-10T22:46:36.404+00:00,806.000,367.387,99,22460.8,2685,66,measure
2026-09-10T22:46:37.406+00:00,807.000,367.55,99,22460.8,2685,65,measure
2026-09-10T22:46:38.406+00:00,808.000,370.258,99,22460.8,2685,68,measure
2026-09-10T22:46:39.404+00:00,809.001,372.946,99,22460.8,2685,67,measure
2026-09-10T22:46:40.404+00:00,810.000,364.981,99,22460.8,2685,66,measure
2026-09-10T22:46:41.404+00:00,811.001,371.963,99,22460.8,2685,69,measure
2026-09-10T22:46:42.404+00:00,812.001,373.215,99,22460.8,2685,66,measure
2026-09-10T22:46:43.405+00:00,813.000,375.594,99,22460.8,2685,65,measure
2026-09-10T22:46:44.407+00:00,814.001,375.449,99,22460.8,2685,65,measure
2026-09-10T22:46:45.438+00:00,815.001,381.154,99,22460.8,2685,65,measure
2026-09-10T22:46:46.405+00:00,816.000,361.307,99,22460.8,2685,66,measure
2026-09-10T22:46:47.405+00:00,817.000,359.361,99,22460.8,2685,65,measure
2026-09-10T22:46:48.404+00:00,818.000,339.635,99,22460.8,2685,63,measure
2026-09-10T22:46:49.408+00:00,819.001,352.163,99,22460.8,2685,66,measure
2026-09-10T22:46:50.424+00:00,820.018,359.003,99,22460.8,2685,65,measure
2026-09-10T22:46:51.408+00:00,821.004,361.323,99,22460.8,2685,66,measure
2026-09-10T22:46:52.411+00:00,822.005,350.584,99,22460.8,2685,66,measure
2026-09-10T22:46:53.420+00:00,823.016,319.774,99,22460.8,2685,61,measure
2026-09-10T22:46:51.932+00:00,824.007,317.903,99,22460.8,2685,62,measure
2026-09-10T22:46:52.930+00:00,825.008,324.638,99,22460.8,2685,64,measure
2026-09-10T22:46:53.941+00:00,826.017,330.829,99,22460.8,2685,63,measure
2026-09-10T22:46:54.930+00:00,827.008,348.945,99,22460.8,2685,66,measure
2026-09-10T22:46:55.939+00:00,828.011,366.849,99,22460.8,2685,65,measure
2026-09-10T22:46:56.935+00:00,829.011,359.199,99,22460.8,2685,65,measure
2026-09-10T22:46:57.931+00:00,830.007,356.982,99,22460.8,2685,63,measure
2026-09-10T22:46:58.928+00:00,831.004,368.339,99,22460.8,2685,64,measure
2026-09-10T22:46:59.961+00:00,832.038,329.98,99,22460.8,2685,66,measure
2026-09-10T22:47:00.926+00:00,833.004,354.102,99,22460.8,2685,65,measure
2026-09-10T22:47:01.926+00:00,834.001,322.973,99,22460.8,2685,61,measure
2026-09-10T22:47:02.969+00:00,835.010,335.792,99,22460.8,2685,65,measure
2026-09-10T22:47:03.954+00:00,836.028,329.377,99,22460.8,2685,64,measure
2026-09-10T22:47:04.929+00:00,837.006,365.503,99,22460.8,2685,66,measure
2026-09-10T22:47:05.935+00:00,838.013,367.99,99,22460.8,2685,67,measure
2026-09-10T22:47:06.942+00:00,839.015,359.335,99,22460.8,2685,67,measure
2026-09-10T22:47:07.928+00:00,840.005,353.743,99,22460.8,2685,67,measure
2026-09-10T22:47:08.923+00:00,841.001,355.901,99,22460.8,2685,66,measure
2026-09-10T22:47:09.923+00:00,842.000,364.255,99,22460.8,2685,66,measure
2026-09-10T22:47:10.924+00:00,843.001,363.964,99,22460.8,2685,65,measure
2026-09-10T22:47:11.924+00:00,844.001,360.04,99,22460.8,2685,66,measure
2026-09-10T22:47:12.924+00:00,845.002,346.775,99,22460.8,2685,65,measure
2026-09-10T22:47:13.970+00:00,846.001,320.003,99,22460.8,2685,61,measure
2026-09-10T22:47:14.925+00:00,847.002,335.402,99,22460.8,2685,63,measure
2026-09-10T22:47:16.006+00:00,848.083,331.93,99,22460.8,2685,63,measure
2026-09-10T22:47:16.999+00:00,849.076,363.9,99,22460.8,2685,67,measure
2026-09-10T22:47:17.931+00:00,850.009,363.334,99,22460.8,2685,65,measure
2026-09-10T22:47:18.963+00:00,851.039,359.457,99,22460.8,2685,66,measure
2026-09-10T22:47:20.003+00:00,852.080,343.555,99,22460.8,2685,66,measure
2026-09-10T22:47:20.999+00:00,853.076,336.496,99,22460.8,2685,62,measure
2026-09-10T22:47:21.999+00:00,854.077,351.968,99,22460.8,2685,64,measure
2026-09-10T22:47:22.931+00:00,855.009,364.516,99,22460.8,2685,66,measure
2026-09-10T22:47:21.495+00:00,856.053,366.505,99,22460.8,2685,66,measure
2026-09-10T22:47:22.522+00:00,857.079,367.844,99,22460.8,2685,68,measure
2026-09-10T22:47:23.519+00:00,858.076,359.975,99,22460.8,2685,64,measure
2026-09-10T22:47:24.518+00:00,859.077,349.571,99,22460.8,2685,63,measure
2026-09-10T22:47:25.507+00:00,860.025,336.909,99,22460.8,2685,65,measure
2026-09-10T22:47:26.511+00:00,861.069,318.025,99,22460.8,2685,63,measure
2026-09-10T22:47:27.519+00:00,862.077,316.884,99,22460.8,2685,66,measure
2026-09-10T22:47:28.518+00:00,863.076,323.551,99,22460.8,2685,64,measure
2026-09-10T22:47:29.520+00:00,864.077,336.452,99,22460.8,2685,66,measure
2026-09-10T22:47:30.457+00:00,865.015,359.794,99,22460.8,2685,68,measure
2026-09-10T22:47:31.452+00:00,866.010,372.165,99,22460.8,2685,66,measure
2026-09-10T22:47:32.492+00:00,867.050,379.982,99,22460.8,2685,65,measure
2026-09-10T22:47:33.507+00:00,868.064,389.491,99,22460.8,2685,66,measure
2026-09-10T22:47:34.520+00:00,869.078,379.553,99,22460.8,2685,68,measure
2026-09-10T22:47:35.455+00:00,870.013,377.237,99,22460.8,2685,66,measure
2026-09-10T22:47:36.475+00:00,871.034,377.103,99,22460.8,2685,65,measure
2026-09-10T22:47:37.486+00:00,872.044,364.033,99,22460.8,2685,66,measure
2026-09-10T22:47:38.521+00:00,873.080,343.285,99,22460.8,2685,66,measure
2026-09-10T22:47:39.518+00:00,874.076,327.09,99,22460.8,2685,66,measure
2026-09-10T22:47:40.442+00:00,875.000,334.909,99,22460.8,2685,64,measure
2026-09-10T22:47:41.456+00:00,876.013,367.138,99,22460.8,2685,65,measure
2026-09-10T22:47:42.524+00:00,877.082,365.037,99,22460.8,2685,65,measure
2026-09-10T22:47:43.518+00:00,878.076,366.455,99,22460.8,2685,66,measure
2026-09-10T22:47:44.518+00:00,879.077,367.452,99,22460.8,2685,66,measure
2026-09-10T22:47:45.445+00:00,880.004,359.539,99,22460.8,2685,66,measure
2026-09-10T22:47:46.482+00:00,881.040,360.765,99,22460.8,2685,65,measure
2026-09-10T22:47:47.510+00:00,882.068,333.428,99,22460.8,2685,64,measure
2026-09-10T22:47:48.558+00:00,883.078,335.225,99,22460.8,2685,62,measure
2026-09-10T22:47:49.515+00:00,884.074,354.115,99,22460.8,2685,66,measure
2026-09-10T22:47:50.522+00:00,885.077,356.398,99,22460.8,2685,66,measure
2026-09-10T22:47:51.518+00:00,886.076,337.094,99,22460.8,2685,62,measure
2026-09-10T22:47:52.475+00:00,887.033,328.389,99,22460.8,2685,64,measure
2026-09-10T22:47:53.494+00:00,888.051,328.823,99,22460.8,2685,66,measure
2026-09-10T22:47:52.040+00:00,889.079,313.35,99,22460.8,2685,64,measure
2026-09-10T22:47:53.037+00:00,890.077,313.488,99,22460.8,2685,62,measure
2026-09-10T22:47:53.965+00:00,891.004,307.54,99,22460.8,2685,64,measure
2026-09-10T22:47:54.963+00:00,892.002,333.729,99,22460.8,2685,62,measure
2026-09-10T22:47:56.044+00:00,893.083,347.91,99,22460.8,2685,64,measure
2026-09-10T22:47:57.040+00:00,894.076,370.509,99,22460.8,2685,65,measure
2026-09-10T22:47:58.037+00:00,895.077,387.963,99,22460.8,2685,68,measure
2026-09-10T22:47:59.038+00:00,896.077,376.77,99,22460.8,2685,66,measure
2026-09-10T22:48:00.017+00:00,897.057,377.645,99,22460.8,2685,67,measure
2026-09-10T22:48:01.025+00:00,898.064,371.808,99,22460.8,2685,66,measure
2026-09-10T22:48:02.040+00:00,899.078,360.47,99,22460.8,2685,67,measure
2026-09-10T22:48:03.040+00:00,900.077,353.505,99,22460.8,2685,63,measure
2026-09-10T22:48:04.045+00:00,901.077,331.848,99,22460.8,2685,62,measure
2026-09-10T22:48:05.037+00:00,902.076,349.578,99,22460.8,2685,66,measure
2026-09-10T22:48:06.038+00:00,903.077,364.772,99,22460.8,2685,65,measure
2026-09-10T22:48:07.037+00:00,904.077,366.818,99,22460.8,2685,65,measure
2026-09-10T22:48:08.039+00:00,905.077,362.421,99,22460.8,2685,66,measure
2026-09-10T22:48:09.038+00:00,906.077,364.278,99,22460.8,2685,67,measure
2026-09-10T22:48:09.997+00:00,907.037,348.621,99,22460.8,2685,65,measure
2026-09-10T22:48:11.043+00:00,908.080,348.505,99,22460.8,2685,64,measure
2026-09-10T22:48:12.037+00:00,909.076,349.346,99,22460.8,2685,64,measure
2026-09-10T22:48:13.038+00:00,910.077,336.175,99,22460.8,2685,63,measure
2026-09-10T22:48:14.040+00:00,911.077,313.43,99,22460.8,2685,62,measure
2026-09-10T22:48:15.039+00:00,912.077,328.971,99,22460.8,2685,64,measure
2026-09-10T22:48:16.038+00:00,913.077,327.726,99,22460.8,2685,65,measure
2026-09-10T22:48:17.038+00:00,914.077,323.249,99,22460.8,2685,62,measure
2026-09-10T22:48:18.038+00:00,915.077,337.604,99,22460.8,2685,63,measure
2026-09-10T22:48:19.038+00:00,916.077,326.013,99,22460.8,2685,64,measure
2026-09-10T22:48:19.978+00:00,917.016,333.044,99,22460.8,2685,63,measure
2026-09-10T22:48:21.039+00:00,918.078,346.833,99,22460.8,2685,66,measure
2026-09-10T22:48:22.037+00:00,919.077,352.597,99,22460.8,2685,66,measure
2026-09-10T22:48:23.038+00:00,920.077,362.351,99,22460.8,2685,64,measure
2026-09-10T22:48:21.540+00:00,921.076,356.439,99,22460.8,2685,65,measure
2026-09-10T22:48:22.539+00:00,922.077,333.292,99,22460.8,2685,65,measure
2026-09-10T22:48:23.541+00:00,923.077,331.332,99,22460.8,2685,66,measure
2026-09-10T22:48:24.541+00:00,924.077,363.085,99,22460.8,2685,66,measure
2026-09-10T22:48:25.494+00:00,925.029,366.571,99,22460.8,2685,65,measure
2026-09-10T22:48:26.540+00:00,926.078,362.763,99,22460.8,2685,67,measure
2026-09-10T22:48:27.527+00:00,927.064,346.358,99,22460.8,2685,64,measure
2026-09-10T22:48:28.526+00:00,928.062,367.35,99,22460.8,2685,66,measure
2026-09-10T22:48:29.544+00:00,929.078,369.124,99,22460.8,2685,68,measure
2026-09-10T22:48:30.540+00:00,930.076,368.396,99,22460.8,2685,65,measure
2026-09-10T22:48:31.539+00:00,931.077,376.19,99,22460.8,2685,66,measure
2026-09-10T22:48:32.539+00:00,932.077,355.832,99,22460.8,2685,66,measure
2026-09-10T22:48:33.539+00:00,933.077,342.231,99,22460.8,2685,64,measure
2026-09-10T22:48:34.539+00:00,934.077,334.423,99,22460.8,2685,65,measure
2026-09-10T22:48:35.540+00:00,935.077,327.344,99,22460.8,2685,62,measure
2026-09-10T22:48:36.572+00:00,936.077,348.215,99,22460.8,2685,64,measure
2026-09-10T22:48:37.536+00:00,937.074,371.123,99,22460.8,2685,66,measure
2026-09-10T22:48:38.522+00:00,938.060,380.619,99,22460.8,2685,67,measure
2026-09-10T22:48:39.541+00:00,939.078,381.251,99,22460.8,2685,68,measure
2026-09-10T22:48:40.539+00:00,940.077,381.595,99,22460.8,2685,69,measure
2026-09-10T22:48:41.542+00:00,941.077,379.133,99,22460.8,2685,67,measure
2026-09-10T22:48:42.466+00:00,942.004,377.505,99,22460.8,2685,66,measure
2026-09-10T22:48:43.546+00:00,943.083,374.409,99,22460.8,2685,66,measure
2026-09-10T22:48:44.539+00:00,944.076,365.928,99,22460.8,2685,67,measure
2026-09-10T22:48:45.539+00:00,945.077,367.866,99,22460.8,2685,68,measure
2026-09-10T22:48:46.539+00:00,946.077,371.277,99,22460.8,2685,69,measure
2026-09-10T22:48:47.540+00:00,947.077,370.048,99,22460.8,2685,66,measure
2026-09-10T22:48:48.499+00:00,948.037,359.367,99,22460.8,2685,67,measure
2026-09-10T22:48:49.468+00:00,949.005,383.725,99,22460.8,2685,67,measure
2026-09-10T22:48:50.540+00:00,950.078,368.474,99,22460.8,2685,66,measure
2026-09-10T22:48:51.539+00:00,951.076,369.026,99,22460.8,2685,65,measure
2026-09-10T22:48:52.539+00:00,952.077,360.905,99,22460.8,2685,67,measure
2026-09-10T22:48:53.540+00:00,953.077,364.191,99,22460.8,2685,67,measure
2026-09-10T22:48:52.040+00:00,954.077,368.796,99,22460.8,2685,66,measure
2026-09-10T22:48:53.039+00:00,955.077,376.424,99,22460.8,2685,68,measure
2026-09-10T22:48:54.040+00:00,956.077,386.882,99,22460.8,2685,69,measure
2026-09-10T22:48:55.027+00:00,957.063,385.858,99,22460.8,2685,66,measure
2026-09-10T22:48:55.982+00:00,958.020,379.377,99,22460.8,2685,67,measure
2026-09-10T22:48:57.002+00:00,959.039,360.031,99,22460.8,2685,65,measure
2026-09-10T22:48:58.043+00:00,960.080,336.939,99,22460.8,2685,62,measure
2026-09-10T22:48:58.963+00:00,961.000,327.893,99,22460.8,2685,67,measure
2026-09-10T22:48:59.964+00:00,962.000,360.606,99,22460.8,2685,67,measure
2026-09-10T22:49:00.964+00:00,963.000,361.437,99,22460.8,2685,65,measure
2026-09-10T22:49:01.962+00:00,964.000,363.864,99,22460.8,2685,66,measure
2026-09-10T22:49:02.963+00:00,965.000,351.647,99,22460.8,2685,66,measure
2026-09-10T22:49:03.963+00:00,966.001,333.17,99,22460.8,2685,64,measure
2026-09-10T22:49:04.965+00:00,967.001,329.323,99,22460.8,2685,62,measure
2026-09-10T22:49:05.964+00:00,968.000,324.807,99,22460.8,2685,65,measure
2026-09-10T22:49:06.969+00:00,969.006,330.466,99,22460.8,2685,65,measure
2026-09-10T22:49:07.963+00:00,970.000,312.887,99,22460.8,2685,64,measure
2026-09-10T22:49:08.966+00:00,971.001,326.839,99,22460.8,2685,65,measure
2026-09-10T22:49:09.963+00:00,972.000,323.567,99,22460.8,2685,66,measure
2026-09-10T22:49:10.963+00:00,973.000,331.686,99,22460.8,2685,66,measure
2026-09-10T22:49:11.967+00:00,974.000,365.379,99,22460.8,2685,65,measure
2026-09-10T22:49:12.963+00:00,975.000,356.534,99,22460.8,2685,66,measure
2026-09-10T22:49:13.963+00:00,976.001,346.43,99,22460.8,2685,63,measure
2026-09-10T22:49:14.963+00:00,977.001,333.941,99,22460.8,2685,64,measure
2026-09-10T22:49:15.963+00:00,978.000,310.025,99,22460.8,2685,64,measure
2026-09-10T22:49:16.964+00:00,979.001,321.336,99,22460.8,2685,65,measure
2026-09-10T22:49:17.968+00:00,980.006,315.614,99,22460.8,2685,65,measure
2026-09-10T22:49:18.965+00:00,981.002,324.246,99,22460.8,2685,64,measure
2026-09-10T22:49:19.968+00:00,982.005,326.491,99,22460.8,2685,65,measure
2026-09-10T22:49:20.963+00:00,983.000,347.647,99,22460.8,2685,65,measure
2026-09-10T22:49:21.978+00:00,984.016,355.656,99,22460.8,2685,67,measure
2026-09-10T22:49:22.979+00:00,985.017,366.694,99,22460.8,2685,66,measure
2026-09-10T22:49:21.463+00:00,986.000,366.173,99,22460.8,2685,66,measure
2026-09-10T22:49:22.471+00:00,987.009,374.253,99,22460.8,2685,66,measure
2026-09-10T22:49:23.468+00:00,988.005,373.796,99,22460.8,2685,67,measure
2026-09-10T22:49:24.476+00:00,989.015,383.488,99,22460.8,2685,66,measure
2026-09-10T22:49:25.464+00:00,990.002,385.413,99,22460.8,2685,68,measure
2026-09-10T22:49:26.464+00:00,991.001,382.313,99,22460.8,2685,66,measure
2026-09-10T22:49:27.466+00:00,992.001,375.229,99,22460.8,2685,66,measure
2026-09-10T22:49:28.463+00:00,993.001,365.688,99,22460.8,2685,65,measure
2026-09-10T22:49:29.462+00:00,994.000,360.909,99,22460.8,2685,66,measure
2026-09-10T22:49:30.463+00:00,995.002,334.536,99,22460.8,2685,65,measure
2026-09-10T22:49:31.463+00:00,996.001,328.242,99,22460.8,2685,64,measure
2026-09-10T22:49:32.464+00:00,997.001,316.494,99,22460.8,2685,62,measure
2026-09-10T22:49:33.463+00:00,998.000,327.167,99,22460.8,2685,63,measure
2026-09-10T22:49:34.462+00:00,999.000,332.863,99,22460.8,2685,62,measure
2026-09-10T22:49:35.462+00:00,1000.001,329.81,99,22460.8,2685,65,measure
2026-09-10T22:49:36.465+00:00,1001.004,316.23,99,22460.8,2685,61,measure
2026-09-10T22:49:37.466+00:00,1002.004,315.074,99,22460.8,2685,62,measure
2026-09-10T22:49:38.466+00:00,1003.003,320.513,99,22460.8,2685,64,measure
2026-09-10T22:49:39.469+00:00,1004.007,330.74,99,22460.8,2685,65,measure
2026-09-10T22:49:40.462+00:00,1005.001,341.681,99,22460.8,2685,69,measure
2026-09-10T22:49:41.462+00:00,1006.000,364.661,99,22460.8,2685,66,measure
2026-09-10T22:49:42.463+00:00,1007.001,361.751,99,22460.8,2685,66,measure
2026-09-10T22:49:43.463+00:00,1008.001,361.32,99,22460.8,2685,66,measure
2026-09-10T22:49:44.464+00:00,1009.001,362.431,99,22460.8,2685,65,measure
2026-09-10T22:49:45.478+00:00,1010.000,334.87,99,22460.8,2685,63,measure
2026-09-10T22:49:46.469+00:00,1011.006,315.687,99,22460.8,2685,66,measure
2026-09-10T22:49:47.462+00:00,1012.001,323.989,99,22460.8,2685,65,measure
2026-09-10T22:49:48.467+00:00,1013.006,342.26,99,22460.8,2685,67,measure
2026-09-10T22:49:49.462+00:00,1014.001,363.779,99,22460.8,2685,65,measure
2026-09-10T22:49:50.463+00:00,1015.000,354.543,99,22460.8,2685,66,measure
2026-09-10T22:49:51.465+00:00,1016.001,344.002,99,22460.8,2685,63,measure
2026-09-10T22:49:52.462+00:00,1017.001,349.809,99,22460.8,2685,64,measure
2026-09-10T22:49:53.462+00:00,1018.001,365.692,99,22460.8,2685,67,measure
2026-09-10T22:49:51.979+00:00,1019.000,373.335,99,22460.8,2685,69,measure
2026-09-10T22:49:52.979+00:00,1020.000,381.908,99,22460.8,2685,69,measure
2026-09-10T22:49:53.986+00:00,1021.001,385.362,99,22460.8,2685,68,measure
2026-09-10T22:49:54.981+00:00,1022.001,383.146,99,22460.8,2685,66,measure
2026-09-10T22:49:55.979+00:00,1023.000,366.73,99,22460.8,2685,65,measure
2026-09-10T22:49:56.980+00:00,1024.001,364.788,99,22460.8,2685,67,measure
2026-09-10T22:49:57.979+00:00,1025.000,356.496,99,22460.8,2685,65,measure
2026-09-10T22:49:58.979+00:00,1026.000,335.195,99,22460.8,2685,64,measure
2026-09-10T22:49:59.980+00:00,1027.000,340.225,99,22460.8,2685,64,measure
2026-09-10T22:50:00.981+00:00,1028.000,339.111,99,22460.8,2685,66,measure
2026-09-10T22:50:01.979+00:00,1029.001,364.907,99,22460.8,2685,65,measure
2026-09-10T22:50:02.979+00:00,1030.000,363.28,99,22460.8,2685,67,measure
2026-09-10T22:50:03.981+00:00,1031.000,362.398,99,22460.8,2685,66,measure
2026-09-10T22:50:04.986+00:00,1032.006,359.604,99,22460.8,2685,66,measure
2026-09-10T22:50:05.980+00:00,1033.000,368.249,99,22460.8,2685,67,measure
2026-09-10T22:50:06.980+00:00,1034.001,366.009,99,22460.8,2685,66,measure
2026-09-10T22:50:08.012+00:00,1035.001,358.196,99,22460.8,2685,66,measure
2026-09-10T22:50:09.007+00:00,1036.000,338.284,99,22460.8,2685,65,measure
2026-09-10T22:50:09.979+00:00,1037.001,334.244,99,22460.8,2685,65,measure
2026-09-10T22:50:10.980+00:00,1038.000,360.505,99,22460.8,2685,67,measure
2026-09-10T22:50:11.981+00:00,1039.001,357.071,99,22460.8,2685,67,measure
2026-09-10T22:50:12.981+00:00,1040.000,362.849,99,22460.8,2685,66,measure
2026-09-10T22:50:13.979+00:00,1041.000,363.08,99,22460.8,2685,65,measure
2026-09-10T22:50:14.979+00:00,1042.000,362.719,99,22460.8,2685,67,measure
2026-09-10T22:50:15.979+00:00,1043.000,370.924,99,22460.8,2685,68,measure
2026-09-10T22:50:16.979+00:00,1044.000,361.091,99,22460.8,2685,65,measure
2026-09-10T22:50:17.981+00:00,1045.001,369.795,99,22460.8,2685,66,measure
2026-09-10T22:50:18.981+00:00,1046.001,374.247,99,22460.8,2685,68,measure
2026-09-10T22:50:19.981+00:00,1047.000,363.041,99,22460.8,2685,66,measure
2026-09-10T22:50:20.979+00:00,1048.000,360.894,99,22460.8,2685,65,measure
2026-09-10T22:50:21.980+00:00,1049.001,365.534,99,22460.8,2685,67,measure
2026-09-10T22:50:22.979+00:00,1050.000,370.235,99,22460.8,2685,66,measure
2026-09-10T22:50:21.484+00:00,1051.000,361.613,99,22460.8,2685,67,measure
2026-09-10T22:50:22.483+00:00,1052.001,360.131,99,22460.8,2685,67,measure
2026-09-10T22:50:23.483+00:00,1053.000,369.457,99,22460.8,2685,67,measure
2026-09-10T22:50:24.483+00:00,1054.001,368.151,99,22460.8,2685,66,measure
2026-09-10T22:50:25.482+00:00,1055.000,371.395,99,22460.8,2685,68,measure
2026-09-10T22:50:26.483+00:00,1056.001,354.445,99,22460.8,2685,66,measure
2026-09-10T22:50:27.484+00:00,1057.000,336.387,99,22460.8,2685,66,measure
2026-09-10T22:50:28.484+00:00,1058.000,314.888,99,22460.8,2685,65,measure
2026-09-10T22:50:29.483+00:00,1059.001,322.009,99,22460.8,2685,63,measure
2026-09-10T22:50:30.483+00:00,1060.001,333.318,99,22460.8,2685,67,measure
2026-09-10T22:50:31.525+00:00,1061.000,328.47,99,22460.8,2685,65,measure
2026-09-10T22:50:32.483+00:00,1062.000,329.573,99,22460.8,2685,66,measure
2026-09-10T22:50:33.484+00:00,1063.001,327.338,99,22460.8,2685,64,measure
2026-09-10T22:50:34.483+00:00,1064.000,323.09,99,22460.8,2685,66,measure
2026-09-10T22:50:35.482+00:00,1065.000,331.935,99,22460.8,2685,66,measure
2026-09-10T22:50:36.482+00:00,1066.000,359.883,99,22460.8,2685,66,measure
2026-09-10T22:50:37.483+00:00,1067.001,366.358,99,22460.8,2685,65,measure
2026-09-10T22:50:38.491+00:00,1068.003,358.151,99,22460.8,2685,66,measure
2026-09-10T22:50:39.488+00:00,1069.006,346.391,99,22460.8,2685,65,measure
2026-09-10T22:50:40.483+00:00,1070.001,315.547,99,22460.8,2685,61,measure
2026-09-10T22:50:41.482+00:00,1071.000,298.115,99,22460.8,2685,61,measure
2026-09-10T22:50:42.483+00:00,1072.001,312.814,99,22460.8,2685,62,measure
2026-09-10T22:50:43.483+00:00,1073.001,311.924,99,22460.8,2685,65,measure
2026-09-10T22:50:44.483+00:00,1074.000,326.309,99,22460.8,2685,67,measure
2026-09-10T22:50:45.484+00:00,1075.000,325.808,99,22460.8,2685,63,measure
2026-09-10T22:50:46.483+00:00,1076.001,316.675,99,22460.8,2685,62,measure
2026-09-10T22:50:47.483+00:00,1077.000,320.703,99,22460.8,2685,65,measure
2026-09-10T22:50:48.508+00:00,1078.000,312.284,99,22460.8,2685,65,measure
2026-09-10T22:50:49.482+00:00,1079.000,313.852,99,22460.8,2685,62,measure
2026-09-10T22:50:50.483+00:00,1080.001,308.465,99,22460.8,2685,62,measure
2026-09-10T22:50:51.488+00:00,1081.000,322.646,99,22460.8,2685,62,measure
2026-09-10T22:50:52.483+00:00,1082.000,311.51,99,22460.8,2685,63,measure
2026-09-10T22:50:50.982+00:00,1083.001,314.968,99,22460.8,2685,61,measure
2026-09-10T22:50:51.988+00:00,1084.001,318.606,99,22460.8,2685,63,measure
2026-09-10T22:50:52.982+00:00,1085.001,316.466,99,22460.8,2685,62,measure
2026-09-10T22:50:53.982+00:00,1086.000,314.388,99,22460.8,2685,65,measure
2026-09-10T22:50:55.026+00:00,1087.000,319.059,99,22460.8,2685,64,measure
2026-09-10T22:50:55.981+00:00,1088.000,313.672,99,22460.8,2685,64,measure
2026-09-10T22:50:56.991+00:00,1089.000,318.689,99,22460.8,2685,61,measure
2026-09-10T22:50:57.981+00:00,1090.000,343.568,99,22460.8,2685,65,measure
2026-09-10T22:50:58.982+00:00,1091.001,351.757,99,22460.8,2685,62,measure
2026-09-10T22:50:59.982+00:00,1092.000,358.609,99,22460.8,2685,65,measure
2026-09-10T22:51:00.983+00:00,1093.000,365.916,99,22460.8,2685,63,measure
2026-09-10T22:51:01.982+00:00,1094.000,361.949,99,22460.8,2685,66,measure
2026-09-10T22:51:02.981+00:00,1095.000,362.199,99,22460.8,2685,67,measure
2026-09-10T22:51:03.982+00:00,1096.001,366.568,99,22460.8,2685,65,measure
2026-09-10T22:51:04.981+00:00,1097.000,368.012,99,22460.8,2685,66,measure
2026-09-10T22:51:05.983+00:00,1098.001,366.813,99,22460.8,2685,66,measure
2026-09-10T22:51:06.984+00:00,1099.002,368.672,99,22460.8,2685,65,measure
2026-09-10T22:51:07.982+00:00,1100.001,367.039,99,22460.8,2685,65,measure
2026-09-10T22:51:08.981+00:00,1101.000,370.013,99,22460.8,2685,67,measure
2026-09-10T22:51:09.981+00:00,1102.000,367.733,99,22460.8,2685,65,measure
2026-09-10T22:51:10.981+00:00,1103.000,365.243,99,22460.8,2685,66,measure
2026-09-10T22:51:11.983+00:00,1104.001,365.238,99,22460.8,2685,65,measure
2026-09-10T22:51:12.994+00:00,1105.000,340.661,99,22460.8,2685,63,measure
2026-09-10T22:51:13.981+00:00,1106.000,327.594,99,22460.8,2685,63,measure
2026-09-10T22:51:14.982+00:00,1107.001,336.003,99,22460.8,2685,65,measure
2026-09-10T22:51:15.983+00:00,1108.000,315.6,99,22460.8,2685,62,measure
2026-09-10T22:51:16.981+00:00,1109.000,356.946,99,22460.8,2685,66,measure
2026-09-10T22:51:17.982+00:00,1110.000,367.214,99,22460.8,2685,65,measure
2026-09-10T22:51:18.984+00:00,1111.002,352.196,99,22460.8,2685,66,measure
2026-09-10T22:51:19.982+00:00,1112.001,360.499,99,22460.8,2685,65,measure
2026-09-10T22:51:21.030+00:00,1113.001,335.88,99,22460.8,2685,66,measure
2026-09-10T22:51:21.981+00:00,1114.001,353.876,99,22460.8,2685,67,measure
2026-09-10T22:51:22.982+00:00,1115.001,355.383,99,22460.8,2685,65,measure
2026-09-10T22:51:21.473+00:00,1116.000,335.606,99,22460.8,2685,63,measure
2026-09-10T22:51:22.475+00:00,1117.000,350.276,99,22460.8,2685,62,measure
2026-09-10T22:51:23.473+00:00,1118.001,331.606,99,22460.8,2685,62,measure
2026-09-10T22:51:24.473+00:00,1119.001,323.873,99,22460.8,2685,63,measure
2026-09-10T22:51:25.473+00:00,1120.001,323.45,99,22460.8,2685,66,measure
2026-09-10T22:51:26.472+00:00,1121.001,306.311,99,22460.8,2685,61,measure
2026-09-10T22:51:27.473+00:00,1122.000,318.152,99,22460.8,2685,64,measure
2026-09-10T22:51:28.529+00:00,1123.000,314.694,99,22460.8,2685,63,measure
2026-09-10T22:51:29.472+00:00,1124.000,328.136,99,22460.8,2685,65,measure
2026-09-10T22:51:30.472+00:00,1125.000,335.06,99,22460.8,2685,62,measure
2026-09-10T22:51:31.473+00:00,1126.000,328.604,99,22460.8,2685,65,measure
2026-09-10T22:51:32.472+00:00,1127.000,337.229,99,22460.8,2685,65,measure
2026-09-10T22:51:33.479+00:00,1128.001,326.716,99,22460.8,2685,64,measure
2026-09-10T22:51:34.476+00:00,1129.004,310.169,99,22460.8,2685,63,measure
2026-09-10T22:51:35.472+00:00,1130.000,323.172,99,22460.8,2685,65,measure
2026-09-10T22:51:36.473+00:00,1131.001,332.806,99,22460.8,2685,63,measure
2026-09-10T22:51:37.474+00:00,1132.002,334.552,99,22460.8,2685,66,measure
2026-09-10T22:51:38.472+00:00,1133.000,354.634,99,22460.8,2685,64,measure
2026-09-10T22:51:39.474+00:00,1134.000,343.663,99,22460.8,2685,64,measure
2026-09-10T22:51:40.475+00:00,1135.001,319.955,99,22460.8,2685,64,measure
2026-09-10T22:51:41.484+00:00,1136.001,325.311,99,22460.8,2685,64,measure
2026-09-10T22:51:42.473+00:00,1137.001,319.179,99,22460.8,2685,65,measure
2026-09-10T22:51:43.474+00:00,1138.000,313.123,99,22460.8,2685,65,measure
2026-09-10T22:51:44.472+00:00,1139.000,328.988,99,22460.8,2685,65,measure
2026-09-10T22:51:45.474+00:00,1140.001,332.003,99,22460.8,2685,66,measure
2026-09-10T22:51:46.475+00:00,1141.000,361.71,99,22460.8,2685,66,measure
2026-09-10T22:51:47.472+00:00,1142.001,370.665,99,22460.8,2685,68,measure
2026-09-10T22:51:48.472+00:00,1143.000,357.085,99,22460.8,2685,65,measure
2026-09-10T22:51:49.472+00:00,1144.000,360.524,99,22460.8,2685,65,measure
2026-09-10T22:51:50.514+00:00,1145.000,359.137,99,22460.8,2685,65,measure
2026-09-10T22:51:51.474+00:00,1146.000,321.748,99,22460.8,2685,64,measure
2026-09-10T22:51:52.474+00:00,1147.001,355.381,99,22460.8,2685,67,measure
2026-09-10T22:51:50.987+00:00,1148.003,367.311,99,22460.8,2685,66,measure
2026-09-10T22:51:52.044+00:00,1149.058,363.494,99,22460.8,2685,67,measure
2026-09-10T22:51:53.062+00:00,1150.078,364.239,99,22460.8,2685,66,measure
2026-09-10T22:51:54.060+00:00,1151.076,360.182,99,22460.8,2685,65,measure
2026-09-10T22:51:55.063+00:00,1152.077,352.078,99,22460.8,2685,63,measure
2026-09-10T22:51:55.995+00:00,1153.011,324.947,99,22460.8,2685,65,measure
2026-09-10T22:51:57.014+00:00,1154.029,311.14,99,22460.8,2685,61,measure
2026-09-10T22:51:58.064+00:00,1155.081,333.253,99,22460.8,2685,62,measure
2026-09-10T22:51:59.061+00:00,1156.076,324.461,99,22460.8,2685,63,measure
2026-09-10T22:52:00.061+00:00,1157.077,354.831,99,22460.8,2685,66,measure
2026-09-10T22:52:01.060+00:00,1158.077,351.361,99,22460.8,2685,66,measure
2026-09-10T22:52:02.004+00:00,1159.019,368.596,99,22460.8,2685,66,measure
2026-09-10T22:52:03.063+00:00,1160.078,362.116,99,22460.8,2685,65,measure
2026-09-10T22:52:04.097+00:00,1161.077,378.44,99,22460.8,2685,66,measure
2026-09-10T22:52:05.059+00:00,1162.074,372.731,99,22460.8,2685,67,measure
2026-09-10T22:52:06.020+00:00,1163.037,370.226,99,22460.8,2685,66,measure
2026-09-10T22:52:07.054+00:00,1164.070,381.422,99,22460.8,2685,67,measure
2026-09-10T22:52:08.061+00:00,1165.077,378.914,99,22460.8,2685,68,measure
2026-09-10T22:52:09.061+00:00,1166.076,369.971,99,22460.8,2685,65,measure
2026-09-10T22:52:10.062+00:00,1167.077,363.604,99,22460.8,2685,65,measure
2026-09-10T22:52:11.051+00:00,1168.067,363.971,99,22460.8,2685,66,measure
2026-09-10T22:52:12.052+00:00,1169.067,361.048,99,22460.8,2685,69,measure
2026-09-10T22:52:13.061+00:00,1170.078,366.484,99,22460.8,2685,67,measure
2026-09-10T22:52:14.060+00:00,1171.077,363.933,99,22460.8,2685,65,measure
2026-09-10T22:52:15.061+00:00,1172.077,364.161,99,22460.8,2685,66,measure
2026-09-10T22:52:16.001+00:00,1173.017,368.557,99,22460.8,2685,68,measure
2026-09-10T22:52:17.062+00:00,1174.078,363.824,99,22460.8,2685,67,measure
2026-09-10T22:52:18.061+00:00,1175.077,357.931,99,22460.8,2685,65,measure
2026-09-10T22:52:19.048+00:00,1176.063,368.26,99,22460.8,2685,66,measure
2026-09-10T22:52:20.061+00:00,1177.078,365.864,99,22460.8,2685,66,measure
2026-09-10T22:52:21.061+00:00,1178.077,362.756,99,22460.8,2685,69,measure
2026-09-10T22:52:22.062+00:00,1179.077,364.148,99,22460.8,2685,65,measure
2026-09-10T22:52:23.047+00:00,1180.010,342.5,99,22460.8,2685,67,measure
2026-09-10T22:52:21.575+00:00,1181.078,343.903,99,22460.8,2685,64,measure
2026-09-10T22:52:22.498+00:00,1182.000,364.513,99,22460.8,2685,67,measure
2026-09-10T22:52:23.498+00:00,1183.001,366.086,99,22460.8,2685,65,measure
2026-09-10T22:52:24.502+00:00,1184.006,369.881,99,22460.8,2685,66,measure
2026-09-10T22:52:25.500+00:00,1185.001,378.098,99,22460.8,2685,67,measure
2026-09-10T22:52:26.498+00:00,1186.001,394.577,99,22460.8,2685,67,measure
2026-09-10T22:52:27.498+00:00,1187.001,378.916,99,22460.8,2685,67,measure
2026-09-10T22:52:28.502+00:00,1188.000,382.381,99,22460.8,2685,67,measure
2026-09-10T22:52:29.498+00:00,1189.001,361.068,99,22460.8,2685,67,measure
2026-09-10T22:52:30.497+00:00,1190.001,332.706,99,22460.8,2685,62,measure
2026-09-10T22:52:31.497+00:00,1191.000,325.858,99,22460.8,2685,63,measure
2026-09-10T22:52:32.497+00:00,1192.000,323,99,22460.8,2685,62,measure
2026-09-10T22:52:33.498+00:00,1193.001,316.346,99,22460.8,2685,63,measure
2026-09-10T22:52:34.498+00:00,1194.000,320.758,99,22460.8,2685,64,measure
2026-09-10T22:52:35.498+00:00,1195.001,325.279,99,22460.8,2685,67,measure
2026-09-10T22:52:36.497+00:00,1196.001,346.47,99,22460.8,2685,67,measure
2026-09-10T22:52:37.497+00:00,1197.000,359.307,99,22460.8,2685,67,measure
2026-09-10T22:52:38.497+00:00,1198.000,358.387,99,22460.8,2685,66,measure
2026-09-10T22:52:39.499+00:00,1199.001,363.689,99,22460.8,2685,66,measure
2026-09-10T22:52:40.499+00:00,1200.001,351.366,99,22460.8,2685,65,measure
2026-09-10T22:52:41.498+00:00,1201.000,344.558,99,22460.8,2685,66,measure
2026-09-10T22:52:42.497+00:00,1202.000,336.693,99,22460.8,2685,63,measure
2026-09-10T22:52:43.498+00:00,1203.001,311.448,99,22460.8,2685,63,measure
2026-09-10T22:52:44.497+00:00,1204.001,321.878,99,22460.8,2685,63,measure
2026-09-10T22:52:45.498+00:00,1205.000,317.662,99,22460.8,2685,63,measure
2026-09-10T22:52:46.498+00:00,1206.000,323.886,99,22460.8,2685,62,measure
2026-09-10T22:52:47.498+00:00,1207.001,340.808,99,22460.8,2685,66,measure
2026-09-10T22:52:48.497+00:00,1208.000,367.645,99,22460.8,2685,67,measure
2026-09-10T22:52:49.497+00:00,1209.000,363.217,99,22460.8,2685,66,measure
2026-09-10T22:52:50.498+00:00,1210.001,362.856,99,22460.8,2685,67,measure
2026-09-10T22:52:51.499+00:00,1211.001,362.897,99,22460.8,2685,67,measure
2026-09-10T22:52:52.501+00:00,1212.001,363.325,99,22460.8,2685,67,measure
2026-09-10T22:52:51.019+00:00,1213.000,358.409,99,22460.8,2685,67,measure
2026-09-10T22:52:52.019+00:00,1214.000,357.49,99,22460.8,2685,66,measure
2026-09-10T22:52:53.021+00:00,1215.001,321.18,99,22460.8,2685,64,measure
2026-09-10T22:52:54.019+00:00,1216.001,324.854,99,22460.8,2685,63,measure
2026-09-10T22:52:55.020+00:00,1217.000,326.083,99,22460.8,2685,62,measure
2026-09-10T22:52:56.020+00:00,1218.001,343.925,99,22460.8,2685,67,measure
2026-09-10T22:52:57.020+00:00,1219.001,351.918,99,22460.8,2685,65,measure
2026-09-10T22:52:58.019+00:00,1220.000,324.004,99,22460.8,2685,66,measure
2026-09-10T22:52:59.019+00:00,1221.000,319.338,99,22460.8,2685,64,measure
2026-09-10T22:53:00.020+00:00,1222.001,330.188,99,22460.8,2685,65,measure
2026-09-10T22:53:01.021+00:00,1223.000,361.712,99,22460.8,2685,65,measure
2026-09-10T22:53:02.022+00:00,1224.001,369.25,99,22460.8,2685,67,measure
2026-09-10T22:53:03.019+00:00,1225.000,359.385,99,22460.8,2685,67,measure
2026-09-10T22:53:04.019+00:00,1226.000,356.602,99,22460.8,2685,66,measure
2026-09-10T22:53:05.019+00:00,1227.000,331.86,99,22460.8,2685,65,measure
2026-09-10T22:53:06.019+00:00,1228.000,366.472,99,22460.8,2685,66,measure
2026-09-10T22:53:07.021+00:00,1229.001,364.518,99,22460.8,2685,67,measure
2026-09-10T22:53:08.021+00:00,1230.001,374.329,99,22460.8,2685,65,measure
2026-09-10T22:53:09.019+00:00,1231.001,369.227,99,22460.8,2685,69,measure
2026-09-10T22:53:10.019+00:00,1232.000,360.43,99,22460.8,2685,66,measure
2026-09-10T22:53:11.019+00:00,1233.000,371.973,99,22460.8,2685,68,measure
2026-09-10T22:53:12.027+00:00,1234.007,362.641,99,22460.8,2685,66,measure
2026-09-10T22:53:13.025+00:00,1235.005,362.008,99,22460.8,2685,66,measure
2026-09-10T22:53:14.020+00:00,1236.001,350.768,99,22460.8,2685,67,measure
2026-09-10T22:53:15.019+00:00,1237.000,330.314,99,22460.8,2685,63,measure
2026-09-10T22:53:16.019+00:00,1238.001,307.494,99,22460.8,2685,62,measure
2026-09-10T22:53:17.019+00:00,1239.001,328.054,99,22460.8,2685,65,measure
2026-09-10T22:53:18.042+00:00,1240.000,322.193,99,22460.8,2685,65,measure
2026-09-10T22:53:19.020+00:00,1241.000,331.715,99,22460.8,2685,67,measure
2026-09-10T22:53:20.024+00:00,1242.000,351.832,99,22460.8,2685,64,measure
2026-09-10T22:53:21.019+00:00,1243.000,316.53,99,22460.8,2685,63,measure
2026-09-10T22:53:22.067+00:00,1244.000,325.106,99,22460.8,2685,64,measure
2026-09-10T22:53:20.523+00:00,1245.000,352.273,99,22460.8,2685,66,measure
2026-09-10T22:53:21.524+00:00,1246.002,363.771,99,22460.8,2685,67,measure
2026-09-10T22:53:22.524+00:00,1247.001,347.406,99,22460.8,2685,63,measure
2026-09-10T22:53:23.524+00:00,1248.000,328.085,99,22460.8,2685,65,measure
2026-09-10T22:53:24.522+00:00,1249.001,331.223,99,22460.8,2685,62,measure
2026-09-10T22:53:25.524+00:00,1250.002,328.317,99,22460.8,2685,64,measure
2026-09-10T22:53:26.544+00:00,1251.002,332.196,99,22460.8,2685,64,measure
2026-09-10T22:53:27.522+00:00,1252.001,328.345,99,22460.8,2685,64,measure
2026-09-10T22:53:28.525+00:00,1253.002,305.423,99,22460.8,2685,62,measure
2026-09-10T22:53:29.524+00:00,1254.000,325.457,99,22460.8,2685,65,measure
2026-09-10T22:53:30.522+00:00,1255.001,345.147,99,22460.8,2685,68,measure
2026-09-10T22:53:31.522+00:00,1256.001,372.389,99,22460.8,2685,65,measure
2026-09-10T22:53:32.522+00:00,1257.001,359.817,99,22460.8,2685,65,measure
2026-09-10T22:53:33.524+00:00,1258.002,371.693,99,22460.8,2685,66,measure
2026-09-10T22:53:34.526+00:00,1259.000,368.698,99,22460.8,2685,65,measure
2026-09-10T22:53:35.523+00:00,1260.000,358.631,99,22460.8,2685,66,measure
2026-09-10T22:53:36.522+00:00,1261.000,368.138,99,22460.8,2685,67,measure
2026-09-10T22:53:37.523+00:00,1262.001,342.909,99,22460.8,2685,67,measure
2026-09-10T22:53:38.522+00:00,1263.001,323.88,99,22460.8,2685,63,measure
2026-09-10T22:53:39.522+00:00,1264.001,333.218,99,22460.8,2685,62,measure
2026-09-10T22:53:40.523+00:00,1265.000,355.063,99,22460.8,2685,67,measure
2026-09-10T22:53:41.523+00:00,1266.001,364.47,99,22460.8,2685,67,measure
2026-09-10T22:53:42.524+00:00,1267.002,364.993,99,22460.8,2685,67,measure
2026-09-10T22:53:43.522+00:00,1268.000,366.779,99,22460.8,2685,68,measure
2026-09-10T22:53:44.523+00:00,1269.002,364.608,99,22460.8,2685,67,measure
2026-09-10T22:53:45.523+00:00,1270.001,363.437,99,22460.8,2685,68,measure
2026-09-10T22:53:46.526+00:00,1271.004,350.322,99,22460.8,2685,63,measure
2026-09-10T22:53:47.523+00:00,1272.001,339.499,99,22460.8,2685,65,measure
2026-09-10T22:53:48.521+00:00,1273.000,353.518,99,22460.8,2685,65,measure
2026-09-10T22:53:49.522+00:00,1274.000,363.79,99,22460.8,2685,67,measure
2026-09-10T22:53:50.525+00:00,1275.004,366.669,99,22460.8,2685,66,measure
2026-09-10T22:53:51.524+00:00,1276.002,367.914,99,22460.8,2685,67,measure
2026-09-10T22:53:52.526+00:00,1277.003,375.254,99,22460.8,2685,68,measure
2026-09-10T22:53:51.020+00:00,1278.000,369.106,99,22460.8,2685,67,measure
2026-09-10T22:53:52.033+00:00,1279.012,362.266,99,22460.8,2685,67,measure
2026-09-10T22:53:53.021+00:00,1280.001,363.032,99,22460.8,2685,67,measure
2026-09-10T22:53:54.022+00:00,1281.001,365.66,99,22460.8,2685,68,measure
2026-09-10T22:53:55.023+00:00,1282.002,364.605,99,22460.8,2685,68,measure
2026-09-10T22:53:56.022+00:00,1283.001,361.425,99,22460.8,2685,67,measure
2026-09-10T22:53:57.021+00:00,1284.000,357.732,99,22460.8,2685,65,measure
2026-09-10T22:53:58.020+00:00,1285.000,346.352,99,22460.8,2685,64,measure
2026-09-10T22:53:59.020+00:00,1286.000,319.753,99,22460.8,2685,63,measure
2026-09-10T22:54:00.021+00:00,1287.001,318.582,99,22460.8,2685,64,measure
2026-09-10T22:54:01.021+00:00,1288.000,328.389,99,22460.8,2685,62,measure
2026-09-10T22:54:02.022+00:00,1289.000,336.588,99,22460.8,2685,63,measure
2026-09-10T22:54:03.021+00:00,1290.000,359.522,99,22460.8,2685,66,measure
2026-09-10T22:54:04.024+00:00,1291.003,361.386,99,22460.8,2685,66,measure
2026-09-10T22:54:05.024+00:00,1292.001,360.63,99,22460.8,2685,66,measure
2026-09-10T22:54:06.040+00:00,1293.001,360.988,99,22460.8,2685,66,measure
2026-09-10T22:54:07.021+00:00,1294.000,329.575,99,22460.8,2685,62,measure
2026-09-10T22:54:08.025+00:00,1295.002,323.559,99,22460.8,2685,63,measure
2026-09-10T22:54:09.021+00:00,1296.001,321.139,99,22460.8,2685,65,measure
2026-09-10T22:54:10.024+00:00,1297.004,312.395,99,22460.8,2685,64,measure
2026-09-10T22:54:11.022+00:00,1298.002,305.226,99,22460.8,2685,62,measure
2026-09-10T22:54:12.021+00:00,1299.001,331.815,99,22460.8,2685,65,measure
2026-09-10T22:54:13.021+00:00,1300.000,358.135,99,22460.8,2685,67,measure
2026-09-10T22:54:14.025+00:00,1301.000,361.835,99,22460.8,2685,66,measure
2026-09-10T22:54:15.024+00:00,1302.004,374.611,99,22460.8,2685,68,measure
2026-09-10T22:54:16.020+00:00,1303.000,362.428,99,22460.8,2685,65,measure
2026-09-10T22:54:17.026+00:00,1304.000,350.89,99,22460.8,2685,62,measure
2026-09-10T22:54:18.023+00:00,1305.003,358.151,99,22460.8,2685,66,measure
2026-09-10T22:54:19.022+00:00,1306.001,358.518,99,22460.8,2685,68,measure
2026-09-10T22:54:20.022+00:00,1307.000,361.532,99,22460.8,2685,66,measure
2026-09-10T22:54:21.021+00:00,1308.000,356.896,99,22460.8,2685,65,measure
2026-09-10T22:54:22.021+00:00,1309.001,359.201,99,22460.8,2685,68,measure
2026-09-10T22:54:20.522+00:00,1310.000,363.056,99,22460.8,2685,67,measure
2026-09-10T22:54:21.524+00:00,1311.002,346.779,99,22460.8,2685,65,measure
2026-09-10T22:54:22.529+00:00,1312.006,335.541,99,22460.8,2685,65,measure
2026-09-10T22:54:23.525+00:00,1313.001,340.896,99,22460.8,2685,65,measure
2026-09-10T22:54:24.534+00:00,1314.000,344.129,99,22460.8,2685,64,measure
2026-09-10T22:54:25.522+00:00,1315.000,368.906,99,22460.8,2685,67,measure
2026-09-10T22:54:26.523+00:00,1316.001,362.18,99,22460.8,2685,67,measure
2026-09-10T22:54:27.522+00:00,1317.000,362.086,99,22460.8,2685,65,measure
2026-09-10T22:54:28.599+00:00,1318.077,364.841,99,22460.8,2685,65,measure
2026-09-10T22:54:29.600+00:00,1319.076,358.17,99,22460.8,2685,68,measure
2026-09-10T22:54:30.598+00:00,1320.077,369.386,99,22460.8,2685,66,measure
2026-09-10T22:54:31.599+00:00,1321.077,357.606,99,22460.8,2685,68,measure
2026-09-10T22:54:32.601+00:00,1322.077,365.001,99,22460.8,2685,68,measure
2026-09-10T22:54:33.598+00:00,1323.077,361.96,99,22460.8,2685,67,measure
2026-09-10T22:54:34.598+00:00,1324.077,365.309,99,22460.8,2685,66,measure
2026-09-10T22:54:35.598+00:00,1325.077,371.219,99,22460.8,2685,67,measure
2026-09-10T22:54:36.598+00:00,1326.077,370.708,99,22460.8,2685,69,measure
2026-09-10T22:54:37.572+00:00,1327.050,368.803,99,22460.8,2685,67,measure
2026-09-10T22:54:38.601+00:00,1328.079,361.189,99,22460.8,2685,65,measure
2026-09-10T22:54:39.598+00:00,1329.077,347.501,99,22460.8,2685,65,measure
2026-09-10T22:54:40.598+00:00,1330.077,349.127,99,22460.8,2685,67,measure
2026-09-10T22:54:41.598+00:00,1331.076,355.85,99,22460.8,2685,65,measure
2026-09-10T22:54:42.598+00:00,1332.077,343.023,99,22460.8,2685,64,measure
2026-09-10T22:54:43.640+00:00,1333.077,346.096,99,22460.8,2685,64,measure
2026-09-10T22:54:44.596+00:00,1334.073,314.31,99,22460.8,2685,65,measure
2026-09-10T22:54:45.598+00:00,1335.077,353.776,99,22460.8,2685,67,measure
2026-09-10T22:54:46.598+00:00,1336.077,368.277,99,22460.8,2685,67,measure
2026-09-10T22:54:47.587+00:00,1337.030,366.9,99,22460.8,2685,67,measure
2026-09-10T22:54:48.599+00:00,1338.078,379.132,99,22460.8,2685,69,measure
2026-09-10T22:54:49.586+00:00,1339.065,377.117,99,22460.8,2685,66,measure
2026-09-10T22:54:50.600+00:00,1340.078,358.893,99,22460.8,2685,67,measure
2026-09-10T22:54:51.598+00:00,1341.076,366.173,99,22460.8,2685,67,measure
2026-09-10T22:54:52.581+00:00,1342.059,338.383,99,22460.8,2685,64,measure
2026-09-10T22:54:51.100+00:00,1343.078,324.485,99,22460.8,2685,67,measure
2026-09-10T22:54:52.099+00:00,1344.076,329.776,99,22460.8,2685,64,measure
2026-09-10T22:54:53.037+00:00,1345.014,316.512,99,22460.8,2685,63,measure
2026-09-10T22:54:54.094+00:00,1346.071,329.571,99,22460.8,2685,64,measure
2026-09-10T22:54:55.032+00:00,1347.010,325.468,99,22460.8,2685,62,measure
2026-09-10T22:54:56.104+00:00,1348.083,319.413,99,22460.8,2685,64,measure
2026-09-10T22:54:57.100+00:00,1349.076,323.028,99,22460.8,2685,63,measure
2026-09-10T22:54:58.099+00:00,1350.077,314.077,99,22460.8,2685,62,measure
2026-09-10T22:54:59.100+00:00,1351.077,319.319,99,22460.8,2685,63,measure
2026-09-10T22:55:00.039+00:00,1352.017,315.779,99,22460.8,2685,66,measure
2026-09-10T22:55:01.106+00:00,1353.082,337.838,99,22460.8,2685,67,measure
2026-09-10T22:55:02.034+00:00,1354.012,350.741,99,22460.8,2685,65,measure
2026-09-10T22:55:03.105+00:00,1355.082,355.355,99,22460.8,2685,66,measure
2026-09-10T22:55:04.031+00:00,1356.008,339.356,99,22460.8,2685,66,measure
2026-09-10T22:55:05.105+00:00,1357.082,316.321,99,22460.8,2685,62,measure
2026-09-10T22:55:06.026+00:00,1358.004,313.647,99,22460.8,2685,64,measure
2026-09-10T22:55:07.105+00:00,1359.083,308.044,99,22460.8,2685,66,measure
2026-09-10T22:55:08.029+00:00,1360.007,313.87,99,22460.8,2685,64,measure
2026-09-10T22:55:09.106+00:00,1361.083,321.444,99,22460.8,2685,64,measure
2026-09-10T22:55:10.083+00:00,1362.060,307.04,99,22460.8,2685,63,measure
2026-09-10T22:55:11.101+00:00,1363.078,326.161,99,22460.8,2685,64,measure
2026-09-10T22:55:12.100+00:00,1364.077,329.586,99,22460.8,2685,64,measure
2026-09-10T22:55:13.092+00:00,1365.069,302.606,99,22460.8,2685,61,measure
2026-09-10T22:55:14.101+00:00,1366.077,323.82,99,22460.8,2685,62,measure
2026-09-10T22:55:15.098+00:00,1367.076,333.61,99,22460.8,2685,67,measure
2026-09-10T22:55:16.075+00:00,1368.053,359.922,99,22460.8,2685,65,measure
2026-09-10T22:55:17.104+00:00,1369.078,364.047,99,22460.8,2685,66,measure
2026-09-10T22:55:18.099+00:00,1370.076,358.741,99,22460.8,2685,65,measure
2026-09-10T22:55:19.127+00:00,1371.077,333.839,99,22460.8,2685,65,measure
2026-09-10T22:55:20.096+00:00,1372.074,330.069,99,22460.8,2685,64,measure
2026-09-10T22:55:21.023+00:00,1373.000,324.616,99,22460.8,2685,66,measure
2026-09-10T22:55:22.025+00:00,1374.003,356.404,99,22460.8,2685,65,measure
2026-09-10T22:55:20.621+00:00,1375.083,335.123,99,22460.8,2685,63,measure
2026-09-10T22:55:21.616+00:00,1376.076,312.12,99,22460.8,2685,65,measure
2026-09-10T22:55:22.615+00:00,1377.077,315.822,99,22460.8,2685,64,measure
2026-09-10T22:55:23.572+00:00,1378.033,302.029,99,22460.8,2685,61,measure
2026-09-10T22:55:24.619+00:00,1379.080,305.556,99,22460.8,2685,64,measure
2026-09-10T22:55:25.615+00:00,1380.077,309.436,99,22460.8,2685,63,measure
2026-09-10T22:55:26.617+00:00,1381.077,319.393,99,22460.8,2685,64,measure
2026-09-10T22:55:27.616+00:00,1382.077,321.269,99,22460.8,2685,62,measure
2026-09-10T22:55:28.615+00:00,1383.077,339.649,99,22460.8,2685,64,measure
2026-09-10T22:55:29.616+00:00,1384.077,325.459,99,22460.8,2685,64,measure
2026-09-10T22:55:30.615+00:00,1385.077,324.431,99,22460.8,2685,65,measure
2026-09-10T22:55:31.615+00:00,1386.077,314.976,99,22460.8,2685,64,measure
2026-09-10T22:55:32.616+00:00,1387.077,321.196,99,22460.8,2685,63,measure
2026-09-10T22:55:33.552+00:00,1388.013,326.305,99,22460.8,2685,63,measure
2026-09-10T22:55:34.620+00:00,1389.082,333.611,99,22460.8,2685,62,measure
2026-09-10T22:55:35.615+00:00,1390.076,355.687,99,22460.8,2685,67,measure
2026-09-10T22:55:36.615+00:00,1391.077,365.176,99,22460.8,2685,65,measure
2026-09-10T22:55:37.636+00:00,1392.077,352.395,99,22460.8,2685,65,measure
2026-09-10T22:55:38.615+00:00,1393.075,328.312,99,22460.8,2685,62,measure
2026-09-10T22:55:39.615+00:00,1394.077,325.335,99,22460.8,2685,65,measure
2026-09-10T22:55:40.615+00:00,1395.077,332.765,99,22460.8,2685,62,measure
2026-09-10T22:55:41.617+00:00,1396.077,355.994,99,22460.8,2685,65,measure
2026-09-10T22:55:42.615+00:00,1397.077,354.194,99,22460.8,2685,65,measure
2026-09-10T22:55:43.548+00:00,1398.009,349.571,99,22460.8,2685,65,measure
2026-09-10T22:55:44.616+00:00,1399.077,360.756,99,22460.8,2685,67,measure
2026-09-10T22:55:45.615+00:00,1400.077,340.827,99,22460.8,2685,65,measure
2026-09-10T22:55:46.615+00:00,1401.077,334.363,99,22460.8,2685,66,measure
2026-09-10T22:55:47.574+00:00,1402.035,316.825,99,22460.8,2685,64,measure
2026-09-10T22:55:48.620+00:00,1403.080,319.997,99,22460.8,2685,63,measure
2026-09-10T22:55:49.615+00:00,1404.076,316.137,99,22460.8,2685,62,measure
2026-09-10T22:55:50.603+00:00,1405.064,317.191,99,22460.8,2685,63,measure
2026-09-10T22:55:51.553+00:00,1406.015,323.039,99,22460.8,2685,65,measure
2026-09-10T22:55:52.620+00:00,1407.082,333.088,99,22460.8,2685,63,measure
2026-09-10T22:55:51.116+00:00,1408.076,360.289,99,22460.8,2685,67,measure
2026-09-10T22:55:52.096+00:00,1409.056,361.144,99,22460.8,2685,66,measure
2026-09-10T22:55:53.120+00:00,1410.078,357.338,99,22460.8,2685,65,measure
2026-09-10T22:55:54.120+00:00,1411.077,362.231,99,22460.8,2685,66,measure
2026-09-10T22:55:55.116+00:00,1412.077,343.845,99,22460.8,2685,63,measure
2026-09-10T22:55:56.117+00:00,1413.077,312.981,99,22460.8,2685,63,measure
2026-09-10T22:55:57.117+00:00,1414.077,316.071,99,22460.8,2685,65,measure
2026-09-10T22:55:58.117+00:00,1415.077,325.588,99,22460.8,2685,63,measure
2026-09-10T22:55:59.118+00:00,1416.077,329.716,99,22460.8,2685,64,measure
2026-09-10T22:56:00.153+00:00,1417.077,316.165,99,22460.8,2685,65,measure
2026-09-10T22:56:01.116+00:00,1418.074,311.698,99,22460.8,2685,63,measure
2026-09-10T22:56:02.079+00:00,1419.037,341.677,99,22460.8,2685,65,measure
2026-09-10T22:56:03.120+00:00,1420.080,359.257,99,22460.8,2685,66,measure
2026-09-10T22:56:04.116+00:00,1421.077,373.273,99,22460.8,2685,66,measure
2026-09-10T22:56:05.119+00:00,1422.077,384.246,99,22460.8,2685,65,measure
2026-09-10T22:56:06.118+00:00,1423.077,377.638,99,22460.8,2685,66,measure
2026-09-10T22:56:07.117+00:00,1424.077,370.969,99,22460.8,2685,66,measure
2026-09-10T22:56:08.116+00:00,1425.077,362.948,99,22460.8,2685,67,measure
2026-09-10T22:56:09.119+00:00,1426.077,338.518,99,22460.8,2685,63,measure
2026-09-10T22:56:10.117+00:00,1427.077,313.822,99,22460.8,2685,62,measure
2026-09-10T22:56:11.118+00:00,1428.077,322.573,99,22460.8,2685,62,measure
2026-09-10T22:56:12.057+00:00,1429.017,321.698,99,22460.8,2685,63,measure
2026-09-10T22:56:13.118+00:00,1430.078,331.027,99,22460.8,2685,65,measure
2026-09-10T22:56:14.116+00:00,1431.076,352.575,99,22460.8,2685,65,measure
2026-09-10T22:56:15.117+00:00,1432.077,362.615,99,22460.8,2685,66,measure
2026-09-10T22:56:16.117+00:00,1433.077,362.644,99,22460.8,2685,66,measure
2026-09-10T22:56:17.118+00:00,1434.077,351.535,99,22460.8,2685,66,measure
2026-09-10T22:56:18.128+00:00,1435.034,334.864,99,22460.8,2685,63,measure
2026-09-10T22:56:19.116+00:00,1436.076,330.93,99,22460.8,2685,66,measure
2026-09-10T22:56:20.117+00:00,1437.077,330.06,99,22460.8,2685,66,measure
2026-09-10T22:56:21.117+00:00,1438.077,329.668,99,22460.8,2685,61,measure
2026-09-10T22:56:22.116+00:00,1439.077,315.131,99,22460.8,2685,65,measure
2026-09-10T22:56:20.619+00:00,1440.077,319.506,99,22460.8,2685,64,measure
2026-09-10T22:56:21.619+00:00,1441.077,333.79,99,22460.8,2685,62,measure
2026-09-10T22:56:22.617+00:00,1442.077,316.207,99,22460.8,2685,62,measure
2026-09-10T22:56:23.618+00:00,1443.077,325.022,99,22460.8,2685,66,measure
2026-09-10T22:56:24.649+00:00,1444.077,340.877,99,22460.8,2685,66,measure
2026-09-10T22:56:25.615+00:00,1445.074,350.622,99,22460.8,2685,66,measure
2026-09-10T22:56:26.619+00:00,1446.077,364.553,99,22460.8,2685,66,measure
2026-09-10T22:56:27.619+00:00,1447.077,364.967,99,22460.8,2685,65,measure
2026-09-10T22:56:28.617+00:00,1448.077,364.172,99,22460.8,2685,66,measure
2026-09-10T22:56:29.617+00:00,1449.077,363.302,99,22460.8,2685,65,measure
2026-09-10T22:56:30.601+00:00,1450.060,367.779,99,22460.8,2685,66,measure
2026-09-10T22:56:31.620+00:00,1451.078,359.767,99,22460.8,2685,67,measure
2026-09-10T22:56:32.618+00:00,1452.076,365.456,99,22460.8,2685,66,measure
2026-09-10T22:56:33.618+00:00,1453.077,359.562,99,22460.8,2685,66,measure
2026-09-10T22:56:34.603+00:00,1454.063,361.319,99,22460.8,2685,65,measure
2026-09-10T22:56:35.619+00:00,1455.078,342.853,99,22460.8,2685,63,measure
2026-09-10T22:56:36.618+00:00,1456.077,339.007,99,22460.8,2685,66,measure
2026-09-10T22:56:37.618+00:00,1457.077,369.79,99,22460.8,2685,68,measure
2026-09-10T22:56:38.619+00:00,1458.077,368.016,99,22460.8,2685,67,measure
2026-09-10T22:56:39.619+00:00,1459.077,373.613,99,22460.8,2685,69,measure
2026-09-10T22:56:40.581+00:00,1460.040,371.612,99,22460.8,2685,68,measure
2026-09-10T22:56:41.621+00:00,1461.080,368.183,99,22460.8,2685,68,measure
2026-09-10T22:56:42.589+00:00,1462.048,383.66,99,22460.8,2685,66,measure
2026-09-10T22:56:43.622+00:00,1463.079,381.01,99,22460.8,2685,68,measure
2026-09-10T22:56:44.588+00:00,1464.048,373.887,99,22460.8,2685,66,measure
2026-09-10T22:56:45.651+00:00,1465.079,355.017,99,22460.8,2685,67,measure
2026-09-10T22:56:46.615+00:00,1466.074,359.01,99,22460.8,2685,66,measure
2026-09-10T22:56:47.618+00:00,1467.077,343.95,99,22460.8,2685,64,measure
2026-09-10T22:56:48.581+00:00,1468.039,337.819,99,22460.8,2685,64,measure
2026-09-10T22:56:49.551+00:00,1469.010,316.481,99,22460.8,2685,64,measure
2026-09-10T22:56:50.561+00:00,1470.020,330.463,99,22460.8,2685,65,measure
2026-09-10T22:56:51.634+00:00,1471.082,325.547,99,22460.8,2685,65,measure
2026-09-10T22:56:52.616+00:00,1472.075,355.489,99,22460.8,2685,67,measure
2026-09-10T22:56:51.114+00:00,1473.071,354.382,99,22460.8,2685,66,measure
2026-09-10T22:56:52.098+00:00,1474.041,330.154,99,22460.8,2685,63,measure
2026-09-10T22:56:53.123+00:00,1475.079,326.477,99,22460.8,2685,65,measure
2026-09-10T22:56:54.137+00:00,1476.076,320.801,99,22460.8,2685,62,measure
2026-09-10T22:56:55.121+00:00,1477.075,331.622,99,22460.8,2685,63,measure
2026-09-10T22:56:56.107+00:00,1478.065,364.506,99,22460.8,2685,69,measure
2026-09-10T22:56:57.120+00:00,1479.078,363.365,99,22460.8,2685,65,measure
2026-09-10T22:56:58.163+00:00,1480.076,375.806,99,22460.8,2685,68,measure
2026-09-10T22:56:59.116+00:00,1481.073,364.61,99,22460.8,2685,66,measure
2026-09-10T22:57:00.121+00:00,1482.077,360.082,99,22460.8,2685,67,measure
2026-09-10T22:57:01.095+00:00,1483.051,354.231,99,22460.8,2685,64,measure
2026-09-10T22:57:02.121+00:00,1484.079,326.046,99,22460.8,2685,65,measure
2026-09-10T22:57:03.119+00:00,1485.076,355.852,99,22460.8,2685,65,measure
2026-09-10T22:57:04.119+00:00,1486.077,360.71,99,22460.8,2685,65,measure
2026-09-10T22:57:05.119+00:00,1487.077,358.671,99,22460.8,2685,68,measure
2026-09-10T22:57:06.060+00:00,1488.017,361.653,99,22460.8,2685,66,measure
2026-09-10T22:57:07.124+00:00,1489.082,355.808,99,22460.8,2685,66,measure
2026-09-10T22:57:08.119+00:00,1490.076,362.004,99,22460.8,2685,65,measure
2026-09-10T22:57:09.050+00:00,1491.007,362.526,99,22460.8,2685,65,measure
2026-09-10T22:57:10.127+00:00,1492.083,360.302,99,22460.8,2685,67,measure
2026-09-10T22:57:11.080+00:00,1493.037,328.454,99,22460.8,2685,67,measure
2026-09-10T22:57:12.123+00:00,1494.078,367.731,99,22460.8,2685,68,measure
2026-09-10T22:57:13.119+00:00,1495.077,363.442,99,22460.8,2685,66,measure
2026-09-10T22:57:14.119+00:00,1496.077,367.436,99,22460.8,2685,67,measure
2026-09-10T22:57:15.061+00:00,1497.001,337.99,99,22460.8,2685,64,measure
2026-09-10T22:57:16.075+00:00,1498.033,327.444,99,22460.8,2685,65,measure
2026-09-10T22:57:17.124+00:00,1499.081,334.528,99,22460.8,2685,67,measure
2026-09-10T22:57:18.123+00:00,1500.076,338.658,99,22460.8,2685,65,measure
2026-09-10T22:57:19.085+00:00,1501.043,354.096,99,22460.8,2685,67,measure
2026-09-10T22:57:20.120+00:00,1502.078,367.497,99,22460.8,2685,66,measure
2026-09-10T22:57:21.121+00:00,1503.076,365.868,99,22460.8,2685,66,measure
2026-09-10T22:57:22.047+00:00,1504.004,366.615,99,22460.8,2685,67,measure
2026-09-10T22:57:20.642+00:00,1505.083,361.108,99,22460.8,2685,65,measure
2026-09-10T22:57:21.635+00:00,1506.076,362.53,99,22460.8,2685,67,measure
2026-09-10T22:57:22.634+00:00,1507.077,335.828,99,22460.8,2685,65,measure
2026-09-10T22:57:23.562+00:00,1508.003,339.655,99,22460.8,2685,67,measure
2026-09-10T22:57:24.640+00:00,1509.083,357.767,99,22460.8,2685,66,measure
2026-09-10T22:57:25.623+00:00,1510.066,358.171,99,22460.8,2685,65,measure
2026-09-10T22:57:26.581+00:00,1511.023,366.149,99,22460.8,2685,68,measure
2026-09-10T22:57:27.638+00:00,1512.081,292.455,99,22460.8,2685,62,measure
2026-09-10T22:57:28.634+00:00,1513.076,268.479,99,22460.8,2685,61,measure
2026-09-10T22:57:29.635+00:00,1514.077,113.178,0,22460.8,2700,54,measure
2026-09-10T22:57:30.631+00:00,1515.073,96.037,0,22460.8,540,54,measure
2026-09-10T22:57:31.617+00:00,1516.059,72.258,0,22460.8,390,52,measure
2026-09-10T22:57:32.636+00:00,1517.078,55.971,0,22460.8,285,51,measure
2026-09-10T22:57:33.635+00:00,1518.077,35.01,0,22460.8,225,50,measure
2026-09-10T22:57:34.635+00:00,1519.077,27.345,0,22460.8,210,50,measure
2026-09-10T22:57:35.635+00:00,1520.077,22.347,0,22460.8,210,50,measure
2026-09-10T22:57:36.561+00:00,1521.003,18.829,0,22460.8,210,49,measure
2026-09-10T22:57:37.636+00:00,1522.078,17.739,0,22460.8,210,49,measure
2026-09-10T22:57:38.635+00:00,1523.077,17.557,0,22460.8,210,49,measure
2026-09-10T22:57:39.634+00:00,1524.077,17.107,0,22460.8,210,49,measure
2026-09-10T22:57:40.576+00:00,1525.018,16.861,0,22460.8,210,48,measure
2026-09-10T22:57:41.636+00:00,1526.078,16.696,0,22460.8,210,48,measure
2026-09-10T22:57:42.635+00:00,1527.077,16.655,0,22460.8,210,48,measure
2026-09-10T22:57:43.625+00:00,1528.067,16.388,0,22460.8,210,47,measure
2026-09-10T22:57:44.624+00:00,1529.066,16.45,0,22460.8,210,47,measure
2026-09-10T22:57:45.599+00:00,1530.041,16.217,0,22460.8,210,47,measure
2026-09-10T22:57:46.573+00:00,1531.015,16.169,0,22460.8,210,47,measure
2026-09-10T22:57:47.625+00:00,1532.066,16.033,0,22460.8,210,47,measure
2026-09-10T22:57:48.635+00:00,1533.078,15.878,0,22460.8,210,46,measure
2026-09-10T22:57:49.634+00:00,1534.076,15.668,0,22460.8,210,46,measure
2026-09-10T22:57:50.581+00:00,1535.023,15.375,0,22460.8,210,46,measure
2026-09-10T22:57:51.639+00:00,1536.081,15.236,0,22460.8,210,46,measure
2026-09-10T22:57:50.138+00:00,1537.076,15.335,0,22460.8,210,46,measure
2026-09-10T22:57:51.139+00:00,1538.077,15.849,0,22460.8,210,46,measure
2026-09-10T22:57:52.138+00:00,1539.077,15.849,0,22460.8,210,46,measure
2026-09-10T22:57:53.102+00:00,1540.040,16.038,0,22460.8,210,45,measure
2026-09-10T22:57:54.117+00:00,1541.055,15.764,0,22460.8,210,45,measure
2026-09-10T22:57:55.108+00:00,1542.046,15.785,0,22460.8,210,45,measure
2026-09-10T22:57:56.141+00:00,1543.079,16.009,0,22460.8,210,45,measure
2026-09-10T22:57:57.138+00:00,1544.077,15.9,0,22460.8,210,45,measure
2026-09-10T22:57:58.099+00:00,1545.038,15.618,0,22460.8,210,45,measure
2026-09-10T22:57:59.140+00:00,1546.078,15.79,0,22460.8,210,45,measure
2026-09-10T22:58:00.145+00:00,1547.077,15.86,0,22460.8,210,44,measure
2026-09-10T22:58:01.138+00:00,1548.076,15.861,0,22460.8,210,44,measure
2026-09-10T22:58:02.139+00:00,1549.077,15.604,0,22460.8,210,44,measure
2026-09-10T22:58:03.139+00:00,1550.077,15.507,0,22460.8,210,44,measure
2026-09-10T22:58:04.139+00:00,1551.077,15.469,0,22460.8,210,44,measure
2026-09-10T22:58:05.089+00:00,1552.027,15.317,0,22460.8,210,44,measure
2026-09-10T22:58:06.143+00:00,1553.081,15.145,0,22460.8,210,44,measure
2026-09-10T22:58:07.138+00:00,1554.076,14.968,0,22460.8,210,44,measure
2026-09-10T22:58:08.088+00:00,1555.026,15.039,0,22460.8,210,44,measure
2026-09-10T22:58:09.095+00:00,1556.033,15.369,0,22460.8,210,44,measure
2026-09-10T22:58:10.142+00:00,1557.080,15.339,0,22460.8,210,43,measure
2026-09-10T22:58:11.128+00:00,1558.066,15.146,0,22460.8,210,43,measure
2026-09-10T22:58:12.129+00:00,1559.066,15.092,0,22460.8,210,43,measure
2026-09-10T22:58:13.071+00:00,1560.010,15.092,0,22460.8,210,43,measure
2026-09-10T22:58:14.100+00:00,1561.039,15.067,0,22460.8,210,43,measure
2026-09-10T22:58:15.068+00:00,1562.007,14.944,0,22460.8,210,43,measure
2026-09-10T22:58:16.144+00:00,1563.083,14.845,0,22460.8,210,43,measure
2026-09-10T22:58:17.138+00:00,1564.076,14.973,0,22460.8,210,43,measure
2026-09-10T22:58:18.139+00:00,1565.077,15.057,0,22460.8,210,43,measure
2026-09-10T22:58:19.134+00:00,1566.072,15.121,0,22460.8,210,42,measure
2026-09-10T22:58:20.139+00:00,1567.077,15.189,0,22460.8,210,42,measure
2026-09-10T22:58:21.139+00:00,1568.077,15.151,0,22460.8,210,42,measure
2026-09-10T22:58:22.139+00:00,1569.077,14.918,0,22460.8,210,42,measure
2026-09-10T22:58:20.656+00:00,1570.077,14.758,0,22460.8,210,42,measure
2026-09-10T22:58:21.651+00:00,1571.072,14.79,0,22460.8,210,42,measure
2026-09-10T22:58:22.657+00:00,1572.077,14.701,0,22460.8,210,42,measure
2026-09-10T22:58:23.649+00:00,1573.070,14.701,0,22460.8,210,42,measure
2026-09-10T22:58:24.613+00:00,1574.033,14.67,0,22460.8,210,42,measure
2026-09-10T22:58:25.659+00:00,1575.080,14.908,0,22460.8,210,42,measure
2026-09-10T22:58:26.653+00:00,1576.073,14.967,0,22460.8,210,42,measure
2026-09-10T22:58:27.656+00:00,1577.077,14.834,0,22460.8,210,42,measure
2026-09-10T22:58:28.656+00:00,1578.077,14.906,0,22460.8,210,41,measure
2026-09-10T22:58:29.656+00:00,1579.077,15.051,0,22460.8,210,41,measure
2026-09-10T22:58:30.656+00:00,1580.077,14.927,0,22460.8,210,41,measure
2026-09-10T22:58:31.647+00:00,1581.068,14.819,0,22460.8,210,41,measure
2026-09-10T22:58:32.657+00:00,1582.078,14.774,0,22460.8,210,41,measure
2026-09-10T22:58:33.623+00:00,1583.043,14.396,0,22460.8,210,41,measure
2026-09-10T22:58:34.659+00:00,1584.080,13.952,0,22460.8,210,41,measure
2026-09-10T22:58:35.655+00:00,1585.076,13.883,0,22460.8,210,41,measure
2026-09-10T22:58:36.627+00:00,1586.047,13.883,0,22460.8,210,41,measure
2026-09-10T22:58:37.659+00:00,1587.079,13.956,0,22460.8,210,41,measure
2026-09-10T22:58:38.645+00:00,1588.066,13.969,0,22460.8,210,41,measure
2026-09-10T22:58:39.644+00:00,1589.065,14.014,0,22460.8,210,41,measure
2026-09-10T22:58:40.579+00:00,1590.000,14.069,0,22460.8,210,41,measure
2026-09-10T22:58:41.580+00:00,1591.001,14.094,0,22460.8,210,41,measure
2026-09-10T22:58:42.582+00:00,1592.001,13.858,0,22460.8,210,41,measure
2026-09-10T22:58:43.585+00:00,1593.005,14.085,0,22460.8,210,41,measure
2026-09-10T22:58:44.580+00:00,1594.000,14.084,0,22460.8,210,41,measure
2026-09-10T22:58:45.579+00:00,1595.000,13.852,0,22460.8,210,41,measure
2026-09-10T22:58:46.581+00:00,1596.001,13.78,0,22460.8,210,41,measure
2026-09-10T22:58:47.580+00:00,1597.000,13.688,0,22460.8,210,41,measure
2026-09-10T22:58:48.580+00:00,1598.001,13.679,0,22460.8,210,41,measure
2026-09-10T22:58:49.579+00:00,1599.000,13.685,0,22460.8,210,41,measure
2026-09-10T22:58:50.580+00:00,1600.001,13.562,0,22460.8,210,41,measure
2026-09-10T22:58:51.580+00:00,1601.000,13.469,0,22460.8,210,41,measure
2026-09-10T22:58:50.098+00:00,1602.001,13.495,0,22460.8,210,41,measure
2026-09-10T22:58:51.098+00:00,1603.001,13.508,0,22460.8,210,41,measure
2026-09-10T22:58:52.097+00:00,1604.000,13.508,0,22460.8,210,41,measure
2026-09-10T22:58:53.097+00:00,1605.001,13.469,0,22460.8,210,41,measure
2026-09-10T22:58:54.097+00:00,1606.000,13.475,0,22460.8,210,41,measure
2026-09-10T22:58:55.098+00:00,1607.001,13.674,0,22460.8,210,41,measure
2026-09-10T22:58:56.097+00:00,1608.000,13.746,0,22460.8,210,41,measure
2026-09-10T22:58:57.098+00:00,1609.001,13.616,0,22460.8,210,41,measure
2026-09-10T22:58:58.097+00:00,1610.000,13.51,0,22460.8,210,41,measure
2026-09-10T22:58:59.098+00:00,1611.001,13.432,0,22460.8,210,41,measure
2026-09-10T22:59:00.097+00:00,1612.001,13.602,0,22460.8,210,41,measure
2026-09-10T22:59:01.097+00:00,1613.000,13.605,0,22460.8,210,41,measure
2026-09-10T22:59:02.098+00:00,1614.001,13.497,0,22460.8,210,41,measure
2026-09-10T22:59:03.098+00:00,1615.001,13.497,0,22460.8,210,41,measure
2026-09-10T22:59:04.098+00:00,1616.001,13.509,0,22460.8,210,41,measure
2026-09-10T22:59:05.097+00:00,1617.001,13.487,0,22460.8,210,41,measure
2026-09-10T22:59:06.098+00:00,1618.001,13.386,0,22460.8,210,41,measure
2026-09-10T22:59:07.098+00:00,1619.001,13.33,0,22460.8,210,41,measure
2026-09-10T22:59:08.098+00:00,1620.001,13.28,0,22460.8,210,41,measure
2026-09-10T22:59:09.098+00:00,1621.001,13.327,0,22460.8,210,41,measure
2026-09-10T22:59:10.097+00:00,1622.001,13.386,0,22460.8,210,41,measure
2026-09-10T22:59:11.097+00:00,1623.000,13.386,0,22460.8,210,41,measure
2026-09-10T22:59:12.097+00:00,1624.001,13.448,0,22460.8,210,42,measure
2026-09-10T22:59:13.098+00:00,1625.001,13.655,0,22460.8,210,42,measure
2026-09-10T22:59:14.097+00:00,1626.001,13.75,0,22460.8,210,42,measure
2026-09-10T22:59:15.097+00:00,1627.000,13.761,0,22460.8,210,42,measure
2026-09-10T22:59:16.097+00:00,1628.000,13.654,0,22460.8,210,42,measure
2026-09-10T22:59:17.099+00:00,1629.000,13.546,0,22460.8,210,42,measure
2026-09-10T22:59:18.097+00:00,1630.001,13.635,0,22460.8,210,42,measure
2026-09-10T22:59:19.098+00:00,1631.001,13.644,0,22460.8,210,42,measure
2026-09-10T22:59:20.097+00:00,1632.000,13.679,0,22460.8,210,42,measure
2026-09-10T22:59:21.097+00:00,1633.000,13.602,0,22460.8,210,42,measure
2026-09-10T22:59:19.617+00:00,1634.001,13.471,0,22460.8,210,42,measure
2026-09-10T22:59:20.617+00:00,1635.000,13.504,0,22460.8,210,42,measure
2026-09-10T22:59:21.617+00:00,1636.001,13.504,0,22460.8,210,42,measure
2026-09-10T22:59:22.617+00:00,1637.000,13.664,0,22460.8,210,42,measure
2026-09-10T22:59:23.617+00:00,1638.000,13.822,0,22460.8,210,42,measure
2026-09-10T22:59:24.617+00:00,1639.000,13.78,0,22460.8,210,42,measure
2026-09-10T22:59:25.618+00:00,1640.001,13.714,0,22460.8,210,42,measure
2026-09-10T22:59:26.618+00:00,1641.001,13.625,0,22460.8,210,42,measure
2026-09-10T22:59:27.621+00:00,1642.005,13.541,0,22460.8,210,42,measure
2026-09-10T22:59:28.617+00:00,1643.001,13.563,0,22460.8,210,42,measure
2026-09-10T22:59:29.620+00:00,1644.003,13.702,0,22460.8,210,42,measure
2026-09-10T22:59:30.617+00:00,1645.001,13.941,0,22460.8,210,42,measure
2026-09-10T22:59:31.621+00:00,1646.004,13.804,0,22460.8,210,42,measure
2026-09-10T22:59:32.617+00:00,1647.000,13.591,0,22460.8,210,42,measure
2026-09-10T22:59:33.617+00:00,1648.001,13.588,0,22460.8,210,42,measure
2026-09-10T22:59:34.617+00:00,1649.000,13.588,0,22460.8,210,42,measure
2026-09-10T22:59:35.695+00:00,1650.078,13.58,0,22460.8,210,42,measure
2026-09-10T22:59:36.694+00:00,1651.077,13.6,0,22460.8,210,42,measure
2026-09-10T22:59:37.644+00:00,1652.027,13.525,0,22460.8,210,42,measure
2026-09-10T22:59:38.698+00:00,1653.081,13.529,0,22460.8,210,42,measure
2026-09-10T22:59:39.693+00:00,1654.076,13.568,0,22460.8,210,42,measure
2026-09-10T22:59:40.672+00:00,1655.055,13.463,0,22460.8,210,42,measure
2026-09-10T22:59:41.695+00:00,1656.079,13.365,0,22460.8,210,42,measure
2026-09-10T22:59:42.645+00:00,1657.028,13.553,0,22460.8,210,42,measure
2026-09-10T22:59:43.695+00:00,1658.078,13.534,0,22460.8,210,42,measure
2026-09-10T22:59:44.693+00:00,1659.076,13.518,0,22460.8,210,42,measure
2026-09-10T22:59:45.694+00:00,1660.077,13.435,0,22460.8,210,42,measure
2026-09-10T22:59:46.694+00:00,1661.077,13.411,0,22460.8,210,42,measure
2026-09-10T22:59:47.672+00:00,1662.055,13.335,0,22460.8,210,42,measure
2026-09-10T22:59:48.696+00:00,1663.079,13.306,0,22460.8,210,42,measure
2026-09-10T22:59:49.693+00:00,1664.077,13.479,0,22460.8,210,42,measure
2026-09-10T22:59:50.630+00:00,1665.013,13.559,0,22460.8,210,42,measure
2026-09-10T22:59:51.695+00:00,1666.078,13.457,0,22460.8,210,42,measure
2026-09-10T22:59:50.173+00:00,1667.054,13.463,0,22460.8,210,42,measure
2026-09-10T22:59:51.120+00:00,1668.000,13.612,0,22460.8,210,42,measure
2026-09-10T22:59:52.120+00:00,1669.001,13.612,0,22460.8,210,42,measure
2026-09-10T22:59:53.121+00:00,1670.001,13.557,0,22460.8,210,42,measure
2026-09-10T22:59:54.121+00:00,1671.001,13.476,0,22460.8,210,42,measure
2026-09-10T22:59:55.124+00:00,1672.004,13.613,0,22460.8,210,42,measure
2026-09-10T22:59:56.127+00:00,1673.007,13.7,0,22460.8,210,42,measure
2026-09-10T22:59:57.121+00:00,1674.002,13.75,0,22460.8,210,42,measure
2026-09-10T22:59:58.124+00:00,1675.004,13.833,0,22460.8,210,42,measure
2026-09-10T22:59:59.127+00:00,1676.007,13.833,0,22460.8,210,42,measure
2026-09-10T23:00:00.120+00:00,1677.001,13.582,0,22460.8,210,42,measure
2026-09-10T23:00:01.125+00:00,1678.005,13.551,0,22460.8,210,42,measure
2026-09-10T23:00:02.121+00:00,1679.001,13.435,0,22460.8,210,42,measure
2026-09-10T23:00:03.125+00:00,1680.006,13.612,0,22460.8,210,42,measure
2026-09-10T23:00:04.121+00:00,1681.001,13.788,0,22460.8,210,42,measure
2026-09-10T23:00:05.123+00:00,1682.004,13.688,0,22460.8,210,42,measure
2026-09-10T23:00:06.125+00:00,1683.006,13.611,0,22460.8,210,42,measure
2026-09-10T23:00:07.127+00:00,1684.007,13.586,0,22460.8,210,42,measure
2026-09-10T23:00:08.120+00:00,1685.000,13.426,0,22460.8,210,42,measure
2026-09-10T23:00:09.120+00:00,1686.001,13.409,0,22460.8,210,42,measure
2026-09-10T23:00:10.120+00:00,1687.000,13.468,0,22460.8,210,42,measure
2026-09-10T23:00:11.121+00:00,1688.001,13.468,0,22460.8,210,42,measure
2026-09-10T23:00:12.121+00:00,1689.000,13.473,0,22460.8,210,42,measure
2026-09-10T23:00:13.121+00:00,1690.001,13.538,0,22460.8,210,42,measure
2026-09-10T23:00:14.121+00:00,1691.001,13.498,0,22460.8,210,42,measure
2026-09-10T23:00:15.120+00:00,1692.000,13.449,0,22460.8,210,42,measure
2026-09-10T23:00:16.121+00:00,1693.001,13.584,0,22460.8,210,42,measure
2026-09-10T23:00:17.119+00:00,1694.000,13.657,0,22460.8,210,42,measure
2026-09-10T23:00:18.120+00:00,1695.001,13.618,0,22460.8,210,42,measure
2026-09-10T23:00:19.120+00:00,1696.001,13.697,0,22460.8,210,42,measure
2026-09-10T23:00:20.120+00:00,1697.000,13.777,0,22460.8,210,42,measure
2026-09-10T23:00:21.120+00:00,1698.001,13.715,0,22460.8,210,42,measure
2026-09-10T23:00:19.618+00:00,1699.000,13.682,0,22460.8,210,42,measure
2026-09-10T23:00:20.618+00:00,1700.001,13.745,0,22460.8,210,42,measure
2026-09-10T23:00:21.618+00:00,1701.001,13.745,0,22460.8,210,42,measure
2026-09-10T23:00:22.618+00:00,1702.000,13.774,0,22460.8,210,42,measure
2026-09-10T23:00:23.618+00:00,1703.000,13.737,0,22460.8,210,42,measure
2026-09-10T23:00:24.626+00:00,1704.008,13.615,0,22460.8,210,42,measure
2026-09-10T23:00:25.618+00:00,1705.001,13.513,0,22460.8,210,42,measure
2026-09-10T23:00:26.618+00:00,1706.000,13.536,0,22460.8,210,42,measure
2026-09-10T23:00:27.619+00:00,1707.001,13.773,0,22460.8,210,42,measure
2026-09-10T23:00:28.620+00:00,1708.001,13.912,0,22460.8,210,42,measure
2026-09-10T23:00:29.623+00:00,1709.002,13.767,0,22460.8,210,42,measure
2026-09-10T23:00:30.631+00:00,1710.012,13.747,0,22460.8,210,42,measure
2026-09-10T23:00:31.621+00:00,1711.002,13.602,0,22460.8,210,42,measure
2026-09-10T23:00:32.631+00:00,1712.011,13.462,0,22460.8,210,42,measure
2026-09-10T23:00:33.644+00:00,1713.025,13.479,0,22460.8,210,42,measure
2026-09-10T23:00:34.697+00:00,1714.078,13.396,0,22460.8,210,42,measure
2026-09-10T23:00:35.633+00:00,1715.013,13.396,0,22460.8,210,42,measure
2026-09-10T23:00:36.621+00:00,1716.003,13.539,0,22460.8,210,42,measure
2026-09-10T23:00:37.632+00:00,1717.012,13.67,0,22460.8,210,42,measure
2026-09-10T23:00:38.622+00:00,1718.002,13.632,0,22460.8,210,42,measure
2026-09-10T23:00:39.624+00:00,1719.003,13.478,0,22460.8,210,42,measure
2026-09-10T23:00:40.621+00:00,1720.002,13.352,0,22460.8,210,42,measure
2026-09-10T23:00:41.623+00:00,1721.003,13.416,0,22460.8,210,42,measure
2026-09-10T23:00:42.619+00:00,1722.000,13.365,0,22460.8,210,42,measure
2026-09-10T23:00:43.624+00:00,1723.000,13.752,0,22460.8,210,42,measure
2026-09-10T23:00:44.624+00:00,1724.006,13.787,0,22460.8,210,42,measure
2026-09-10T23:00:45.628+00:00,1725.010,13.43,0,22460.8,210,42,measure
2026-09-10T23:00:46.625+00:00,1726.005,13.482,0,22460.8,210,42,measure
2026-09-10T23:00:47.619+00:00,1727.002,13.462,0,22460.8,210,42,measure
2026-09-10T23:00:48.625+00:00,1728.005,13.478,0,22460.8,210,42,measure
2026-09-10T23:00:49.618+00:00,1729.000,13.445,0,22460.8,210,42,measure
2026-09-10T23:00:50.621+00:00,1730.000,13.457,0,22460.8,210,42,measure
