timestamp_iso,t_s,power_w,util_gpu_pct,mem_used_mib,clocks_sm_mhz,temp_c,phase
2026-09-10T20:35:51.700+00:00,0.000,130.266,0,22327.2,2700,52,measure
2026-09-10T20:35:52.702+00:00,1.003,87.742,0,22327.2,2700,51,measure
2026-09-10T20:35:53.698+00:00,2.002,68.863,0,22327.2,435,50,measure
2026-09-10T20:35:54.740+00:00,3.043,51.018,0,22327.2,300,49,measure
2026-09-10T20:35:55.698+00:00,4.001,33.327,0,22327.2,240,49,measure
2026-09-10T20:35:56.697+00:00,5.000,62.576,99,22327.2,2520,55,measure
2026-09-10T20:35:57.699+00:00,6.000,281.953,99,22327.2,2700,59,measure
2026-09-10T20:35:58.697+00:00,7.000,314.186,99,22327.2,2700,59,measure
2026-09-10T20:35:59.697+00:00,8.000,336.374,99,22327.2,2700,64,measure
2026-09-10T20:36:00.701+00:00,9.000,315.538,99,22327.2,2700,59,measure
2026-09-10T20:36:01.697+00:00,10.001,333.888,99,22327.2,2685,63,measure
2026-09-10T20:36:02.697+00:00,11.000,363.471,99,22327.2,2685,67,measure
2026-09-10T20:36:01.197+00:00,12.001,361.506,99,22327.2,2685,64,measure
2026-09-10T20:36:02.258+00:00,13.060,360.543,99,22327.2,2685,64,measure
2026-09-10T20:36:03.201+00:00,14.003,361.685,99,22327.2,2685,64,measure
2026-09-10T20:36:04.225+00:00,15.028,329.161,99,22327.2,2685,61,measure
2026-09-10T20:36:05.203+00:00,16.006,324.872,99,22327.2,2685,61,measure
2026-09-10T20:36:06.197+00:00,17.001,316.394,99,22327.2,2685,60,measure
2026-09-10T20:36:07.198+00:00,18.001,317.802,99,22327.2,2685,63,measure
2026-09-10T20:36:08.197+00:00,19.000,321.607,99,22327.2,2685,60,measure
2026-09-10T20:36:09.248+00:00,20.047,336.199,99,22327.2,2685,64,measure
2026-09-10T20:36:10.318+00:00,21.079,318.823,99,22327.2,2685,61,measure
2026-09-10T20:36:11.229+00:00,22.032,341.266,99,22327.2,2685,65,measure
2026-09-10T20:36:12.197+00:00,23.000,368.188,99,22327.2,2685,65,measure
2026-09-10T20:36:13.197+00:00,24.000,357.622,99,22327.2,2685,65,measure
2026-09-10T20:36:14.197+00:00,25.000,360.042,99,22327.2,2685,64,measure
2026-09-10T20:36:15.198+00:00,26.000,333.044,99,22327.2,2685,61,measure
2026-09-10T20:36:16.200+00:00,27.001,332.55,99,22327.2,2685,63,measure
2026-09-10T20:36:17.197+00:00,28.000,340.924,99,22327.2,2685,66,measure
2026-09-10T20:36:18.197+00:00,29.000,355.25,99,22327.2,2685,62,measure
2026-09-10T20:36:19.198+00:00,30.001,330.254,99,22327.2,2685,62,measure
2026-09-10T20:36:20.197+00:00,31.001,328.279,99,22327.2,2685,61,measure
2026-09-10T20:36:21.199+00:00,32.001,339.966,99,22327.2,2685,65,measure
2026-09-10T20:36:22.200+00:00,33.001,324.616,99,22327.2,2685,61,measure
2026-09-10T20:36:23.197+00:00,34.000,353.813,99,22327.2,2685,66,measure
2026-09-10T20:36:24.197+00:00,35.000,358.913,99,22327.2,2685,63,measure
2026-09-10T20:36:25.199+00:00,36.001,364.29,99,22327.2,2685,65,measure
2026-09-10T20:36:26.198+00:00,37.001,365.562,99,22327.2,2685,67,measure
2026-09-10T20:36:27.199+00:00,38.000,351.683,99,22327.2,2685,64,measure
2026-09-10T20:36:28.199+00:00,39.002,364.89,99,22327.2,2685,66,measure
2026-09-10T20:36:29.197+00:00,40.000,353.336,99,22327.2,2685,64,measure
2026-09-10T20:36:30.197+00:00,41.000,356.31,99,22327.2,2685,64,measure
2026-09-10T20:36:31.197+00:00,42.000,324.052,99,22327.2,2685,61,measure
2026-09-10T20:36:32.198+00:00,43.001,323.166,99,22327.2,2685,67,measure
2026-09-10T20:36:33.198+00:00,44.000,319.701,99,22327.2,2685,63,measure
2026-09-10T20:36:31.725+00:00,45.030,311.359,99,22327.2,2685,64,measure
2026-09-10T20:36:32.733+00:00,46.036,329.502,99,22327.2,2685,63,measure
2026-09-10T20:36:33.696+00:00,47.001,309.992,99,22327.2,2685,64,measure
2026-09-10T20:36:34.696+00:00,48.000,314.719,99,22327.2,2685,63,measure
2026-09-10T20:36:35.696+00:00,49.000,311.709,99,22327.2,2685,64,measure
2026-09-10T20:36:36.697+00:00,50.001,314.071,99,22327.2,2685,64,measure
2026-09-10T20:36:37.772+00:00,51.077,325.504,99,22327.2,2685,61,measure
2026-09-10T20:36:38.697+00:00,52.001,307.639,99,22327.2,2685,62,measure
2026-09-10T20:36:39.696+00:00,53.001,330.154,99,22327.2,2685,62,measure
2026-09-10T20:36:40.696+00:00,54.001,351.232,99,22327.2,2685,66,measure
2026-09-10T20:36:41.696+00:00,55.000,374.779,99,22326.9,2685,66,measure
2026-09-10T20:36:42.698+00:00,56.000,383.871,99,22325.9,2685,67,measure
2026-09-10T20:36:43.700+00:00,57.004,380.245,99,22325.9,2685,65,measure
2026-09-10T20:36:44.696+00:00,58.000,373.188,99,22325.9,2685,66,measure
2026-09-10T20:36:45.698+00:00,59.002,364.56,99,22325.9,2685,64,measure
2026-09-10T20:36:46.696+00:00,60.000,359.465,99,22325.9,2685,64,measure
2026-09-10T20:36:47.696+00:00,61.001,342.615,99,22325.9,2685,64,measure
2026-09-10T20:36:48.702+00:00,62.001,329.523,99,22325.9,2685,62,measure
2026-09-10T20:36:49.698+00:00,63.002,312.472,99,22325.9,2685,63,measure
2026-09-10T20:36:50.698+00:00,64.002,315.718,99,22325.9,2685,63,measure
2026-09-10T20:36:51.697+00:00,65.001,325.445,99,22325.9,2685,65,measure
2026-09-10T20:36:52.697+00:00,66.000,354.254,99,22325.9,2685,68,measure
2026-09-10T20:36:53.696+00:00,67.000,367.663,99,22325.9,2685,66,measure
2026-09-10T20:36:54.697+00:00,68.000,365.155,99,22325.9,2685,66,measure
2026-09-10T20:36:55.698+00:00,69.000,371.219,99,22325.9,2685,64,measure
2026-09-10T20:36:56.696+00:00,70.000,364.561,99,22325.9,2685,66,measure
2026-09-10T20:36:57.696+00:00,71.001,355.659,99,22325.9,2685,66,measure
2026-09-10T20:36:58.696+00:00,72.001,316.857,99,22325.9,2685,63,measure
2026-09-10T20:36:59.696+00:00,73.000,312.705,99,22325.9,2685,60,measure
2026-09-10T20:37:00.698+00:00,74.001,320.558,99,22325.9,2685,61,measure
2026-09-10T20:37:01.700+00:00,75.004,322.563,99,22325.9,2685,63,measure
2026-09-10T20:37:02.696+00:00,76.000,321.749,99,22325.9,2685,63,measure
2026-09-10T20:37:01.197+00:00,77.000,323.74,99,22325.9,2685,63,measure
2026-09-10T20:37:02.197+00:00,78.001,361.154,99,22325.9,2685,66,measure
2026-09-10T20:37:03.197+00:00,79.000,361.384,99,22325.9,2685,65,measure
2026-09-10T20:37:04.199+00:00,80.002,365.439,99,22325.9,2685,67,measure
2026-09-10T20:37:05.198+00:00,81.001,354.582,99,22325.9,2685,65,measure
2026-09-10T20:37:06.197+00:00,82.001,363.211,99,22325.9,2685,66,measure
2026-09-10T20:37:07.200+00:00,83.001,365.807,99,22325.9,2685,67,measure
2026-09-10T20:37:08.201+00:00,84.004,374.996,99,22325.9,2685,66,measure
2026-09-10T20:37:09.219+00:00,85.004,374.673,99,22325.9,2685,67,measure
2026-09-10T20:37:10.202+00:00,86.003,379.912,99,22325.9,2685,66,measure
2026-09-10T20:37:11.200+00:00,87.003,382.163,99,22325.9,2685,66,measure
2026-09-10T20:37:12.197+00:00,88.000,366.438,99,22325.9,2685,65,measure
2026-09-10T20:37:13.197+00:00,89.000,363.425,99,22325.9,2685,68,measure
2026-09-10T20:37:14.197+00:00,90.000,370.192,99,22325.9,2685,66,measure
2026-09-10T20:37:15.197+00:00,91.000,362.808,99,22325.9,2685,68,measure
2026-09-10T20:37:16.198+00:00,92.000,367.001,99,22325.9,2685,65,measure
2026-09-10T20:37:17.198+00:00,93.000,366.981,99,22325.9,2685,66,measure
2026-09-10T20:37:18.197+00:00,94.000,365.687,99,22325.9,2685,66,measure
2026-09-10T20:37:19.197+00:00,95.001,347.148,99,22325.9,2685,66,measure
2026-09-10T20:37:20.198+00:00,96.000,328.585,99,22325.9,2685,65,measure
2026-09-10T20:37:21.197+00:00,97.000,326.802,99,22325.9,2685,63,measure
2026-09-10T20:37:22.198+00:00,98.000,325.133,99,22325.9,2685,65,measure
2026-09-10T20:37:23.198+00:00,99.000,359.62,99,22325.9,2685,67,measure
2026-09-10T20:37:24.197+00:00,100.000,364.633,99,22325.9,2685,65,measure
2026-09-10T20:37:25.197+00:00,101.000,362.814,99,22325.9,2685,65,measure
2026-09-10T20:37:26.197+00:00,102.000,362.833,99,22325.9,2685,64,measure
2026-09-10T20:37:27.197+00:00,103.000,356.76,99,22325.9,2685,67,measure
2026-09-10T20:37:28.201+00:00,104.000,364.045,99,22325.9,2685,65,measure
2026-09-10T20:37:29.198+00:00,105.001,366.193,99,22325.9,2685,67,measure
2026-09-10T20:37:30.197+00:00,106.001,368.061,99,22325.9,2685,67,measure
2026-09-10T20:37:31.197+00:00,107.000,365.353,99,22325.9,2685,65,measure
2026-09-10T20:37:32.198+00:00,108.002,366.274,99,22325.9,2685,65,measure
2026-09-10T20:37:33.197+00:00,109.000,364.674,99,22325.9,2685,65,measure
2026-09-10T20:37:31.751+00:00,110.001,334.986,99,22325.9,2685,65,measure
2026-09-10T20:37:32.714+00:00,111.000,320.708,99,22325.9,2685,62,measure
2026-09-10T20:37:33.713+00:00,112.001,338.192,99,22325.9,2685,63,measure
2026-09-10T20:37:34.719+00:00,113.001,341.561,99,22325.9,2685,63,measure
2026-09-10T20:37:35.715+00:00,114.003,340.698,99,22325.9,2685,62,measure
2026-09-10T20:37:36.713+00:00,115.000,321.444,99,22325.9,2685,64,measure
2026-09-10T20:37:37.717+00:00,116.000,324.164,99,22325.9,2685,63,measure
2026-09-10T20:37:38.713+00:00,117.000,313.757,99,22325.9,2685,65,measure
2026-09-10T20:37:39.713+00:00,118.000,338.097,99,22325.9,2685,65,measure
2026-09-10T20:37:40.713+00:00,119.000,319.884,99,22325.9,2685,63,measure
2026-09-10T20:37:41.713+00:00,120.000,349.303,99,22322.4,2685,67,measure
2026-09-10T20:37:42.714+00:00,121.001,364.491,99,22322.4,2685,65,measure
2026-09-10T20:37:43.715+00:00,122.001,373.645,99,22322.4,2685,68,measure
2026-09-10T20:37:44.714+00:00,123.000,381.613,99,22322.4,2685,69,measure
2026-09-10T20:37:45.714+00:00,124.001,365.994,99,22322.4,2685,67,measure
2026-09-10T20:37:46.713+00:00,125.000,362.626,99,22322.4,2685,64,measure
2026-09-10T20:37:47.713+00:00,126.001,350.791,99,22322.4,2685,64,measure
2026-09-10T20:37:48.714+00:00,127.000,336.002,99,22322.4,2685,65,measure
2026-09-10T20:37:49.714+00:00,128.000,342.388,99,22322.4,2685,63,measure
2026-09-10T20:37:50.714+00:00,129.001,352.947,99,22322.4,2685,65,measure
2026-09-10T20:37:51.713+00:00,130.000,341.531,99,22322.4,2685,62,measure
2026-09-10T20:37:52.713+00:00,131.000,335.312,99,22322.4,2685,63,measure
2026-09-10T20:37:53.713+00:00,132.000,342.868,99,22322.4,2685,68,measure
2026-09-10T20:37:54.715+00:00,133.001,318.388,99,22322.4,2685,64,measure
2026-09-10T20:37:55.714+00:00,134.001,320.83,99,22322.4,2685,65,measure
2026-09-10T20:37:56.713+00:00,135.000,329.581,99,22322.4,2685,62,measure
2026-09-10T20:37:57.763+00:00,136.001,325.284,99,22322.4,2685,62,measure
2026-09-10T20:37:58.713+00:00,137.000,319.575,99,22322.4,2685,65,measure
2026-09-10T20:37:59.713+00:00,138.000,312.547,99,22322.4,2685,61,measure
2026-09-10T20:38:00.715+00:00,139.001,322.701,99,22322.4,2685,64,measure
2026-09-10T20:38:01.715+00:00,140.001,318.275,99,22322.4,2685,62,measure
2026-09-10T20:38:02.714+00:00,141.001,320.095,99,22322.4,2685,61,measure
2026-09-10T20:38:01.247+00:00,142.001,323.031,99,22322.4,2685,63,measure
2026-09-10T20:38:02.218+00:00,143.001,331.779,99,22322.4,2685,65,measure
2026-09-10T20:38:03.219+00:00,144.003,342.686,99,22322.4,2685,65,measure
2026-09-10T20:38:04.218+00:00,145.001,355.083,99,22322.4,2685,65,measure
2026-09-10T20:38:05.219+00:00,146.000,332.692,99,22322.4,2685,62,measure
2026-09-10T20:38:06.216+00:00,147.000,338.02,99,22322.4,2685,65,measure
2026-09-10T20:38:07.216+00:00,148.000,362.601,99,22322.4,2685,66,measure
2026-09-10T20:38:08.216+00:00,149.000,369.84,99,22322.4,2685,65,measure
2026-09-10T20:38:09.216+00:00,150.000,357.785,99,22322.4,2685,66,measure
2026-09-10T20:38:10.217+00:00,151.000,372.05,99,22322.4,2685,68,measure
2026-09-10T20:38:11.218+00:00,152.002,369.534,99,22322.4,2685,66,measure
2026-09-10T20:38:12.216+00:00,153.001,371.93,99,22322.4,2685,65,measure
2026-09-10T20:38:13.216+00:00,154.001,375.736,99,22322.4,2685,67,measure
2026-09-10T20:38:14.218+00:00,155.002,378.21,99,22322.4,2685,68,measure
2026-09-10T20:38:15.216+00:00,156.001,371.426,99,22322.4,2685,65,measure
2026-09-10T20:38:16.218+00:00,157.001,367.504,99,22322.4,2685,66,measure
2026-09-10T20:38:17.219+00:00,158.003,361.648,99,22322.4,2685,65,measure
2026-09-10T20:38:18.220+00:00,159.004,346.875,99,22322.4,2685,67,measure
2026-09-10T20:38:19.216+00:00,160.001,360.981,99,22322.4,2685,64,measure
2026-09-10T20:38:20.217+00:00,161.001,355.844,99,22322.4,2685,66,measure
2026-09-10T20:38:21.216+00:00,162.000,355.521,99,22322.4,2685,65,measure
2026-09-10T20:38:22.222+00:00,163.001,321.542,99,22322.4,2685,65,measure
2026-09-10T20:38:23.221+00:00,164.005,323.774,99,22322.4,2685,64,measure
2026-09-10T20:38:24.219+00:00,165.004,313.516,99,22322.4,2685,62,measure
2026-09-10T20:38:25.219+00:00,166.003,322.926,99,22322.4,2685,62,measure
2026-09-10T20:38:26.217+00:00,167.001,315.833,99,22322.4,2685,65,measure
2026-09-10T20:38:27.219+00:00,168.003,334.04,99,22322.4,2685,65,measure
2026-09-10T20:38:28.218+00:00,169.001,326.381,99,22322.4,2685,62,measure
2026-09-10T20:38:29.218+00:00,170.000,334.264,99,22322.4,2685,61,measure
2026-09-10T20:38:30.216+00:00,171.001,351.68,99,22322.4,2685,63,measure
2026-09-10T20:38:31.216+00:00,172.001,350.573,99,22322.4,2685,63,measure
2026-09-10T20:38:32.217+00:00,173.001,369.005,99,22322.4,2685,67,measure
2026-09-10T20:38:33.216+00:00,174.000,359.533,99,22322.4,2685,65,measure
2026-09-10T20:38:31.717+00:00,175.000,358.144,99,22322.4,2685,67,measure
2026-09-10T20:38:32.718+00:00,176.000,325.345,99,22322.4,2685,65,measure
2026-09-10T20:38:33.716+00:00,177.000,323.963,99,22322.4,2685,65,measure
2026-09-10T20:38:34.716+00:00,178.001,310.377,99,22322.4,2685,64,measure
2026-09-10T20:38:35.716+00:00,179.000,335.189,99,22322.4,2685,64,measure
2026-09-10T20:38:36.716+00:00,180.000,326.565,99,22322.4,2685,62,measure
2026-09-10T20:38:37.717+00:00,181.001,317.231,99,22322.4,2685,63,measure
2026-09-10T20:38:38.718+00:00,182.000,350.454,99,22322.4,2685,66,measure
2026-09-10T20:38:39.716+00:00,183.000,338.144,99,22322.4,2685,65,measure
2026-09-10T20:38:40.716+00:00,184.000,368.799,99,22322.4,2685,65,measure
2026-09-10T20:38:41.740+00:00,185.001,370.571,99,22322.4,2685,65,measure
2026-09-10T20:38:42.716+00:00,186.001,364.857,99,22322,2685,67,measure
2026-09-10T20:38:43.717+00:00,187.000,367.73,99,22322,2685,67,measure
2026-09-10T20:38:44.717+00:00,188.001,367.432,99,22322,2685,66,measure
2026-09-10T20:38:45.716+00:00,189.001,350.036,99,22322,2685,65,measure
2026-09-10T20:38:46.719+00:00,190.002,324.303,99,22322,2685,63,measure
2026-09-10T20:38:47.717+00:00,191.001,320.18,99,22322,2685,64,measure
2026-09-10T20:38:48.718+00:00,192.002,309.838,99,22322,2685,62,measure
2026-09-10T20:38:49.721+00:00,193.001,305.861,99,22322,2685,63,measure
2026-09-10T20:38:50.718+00:00,194.003,310.009,99,22322,2685,63,measure
2026-09-10T20:38:51.716+00:00,195.001,313.402,99,22322,2685,61,measure
2026-09-10T20:38:52.716+00:00,196.001,326.59,99,22322,2685,66,measure
2026-09-10T20:38:53.716+00:00,197.000,327.316,99,22322,2685,63,measure
2026-09-10T20:38:54.716+00:00,198.001,336.893,99,22322,2685,65,measure
2026-09-10T20:38:55.717+00:00,199.001,334.696,99,22322,2685,66,measure
2026-09-10T20:38:56.717+00:00,200.000,336.381,99,22322,2685,65,measure
2026-09-10T20:38:57.716+00:00,201.000,368.058,99,22322,2685,66,measure
2026-09-10T20:38:58.715+00:00,202.000,367.601,99,22322,2685,66,measure
2026-09-10T20:38:59.716+00:00,203.001,375.659,99,22322,2685,66,measure
2026-09-10T20:39:00.717+00:00,204.001,382.935,99,22322,2685,65,measure
2026-09-10T20:39:01.717+00:00,205.000,382.283,99,22322,2685,67,measure
2026-09-10T20:39:02.717+00:00,206.000,385.361,99,22322,2685,69,measure
2026-09-10T20:39:01.218+00:00,207.000,374.937,99,22322,2685,67,measure
2026-09-10T20:39:02.218+00:00,208.000,361.804,99,22322,2685,65,measure
2026-09-10T20:39:03.219+00:00,209.000,369.66,99,22322,2685,65,measure
2026-09-10T20:39:04.218+00:00,210.001,357.516,99,22322,2685,65,measure
2026-09-10T20:39:05.219+00:00,211.000,345.234,99,22322,2685,65,measure
2026-09-10T20:39:06.219+00:00,212.000,342.16,99,22322,2685,62,measure
2026-09-10T20:39:07.218+00:00,213.001,347.468,99,22322,2685,65,measure
2026-09-10T20:39:08.218+00:00,214.000,374.384,99,22322,2685,65,measure
2026-09-10T20:39:09.218+00:00,215.001,374.769,99,22322,2685,66,measure
2026-09-10T20:39:10.221+00:00,216.002,386.129,99,22322,2685,66,measure
2026-09-10T20:39:11.219+00:00,217.001,381.454,99,22322,2685,66,measure
2026-09-10T20:39:12.218+00:00,218.001,363.416,99,22322,2685,66,measure
2026-09-10T20:39:13.218+00:00,219.000,340.28,99,22322,2685,65,measure
2026-09-10T20:39:14.221+00:00,220.001,317.383,99,22322,2685,62,measure
2026-09-10T20:39:15.219+00:00,221.001,327.479,99,22322,2685,66,measure
2026-09-10T20:39:16.219+00:00,222.000,325.28,99,22322,2685,64,measure
2026-09-10T20:39:17.221+00:00,223.000,320.998,99,22322,2685,65,measure
2026-09-10T20:39:18.218+00:00,224.000,330.224,99,22322,2685,62,measure
2026-09-10T20:39:19.218+00:00,225.001,314.378,99,22322,2685,62,measure
2026-09-10T20:39:20.218+00:00,226.001,331.368,99,22322,2685,64,measure
2026-09-10T20:39:21.218+00:00,227.000,313.868,99,22322,2685,64,measure
2026-09-10T20:39:22.219+00:00,228.000,339.533,99,22322,2685,64,measure
2026-09-10T20:39:23.219+00:00,229.000,348.54,99,22322,2685,67,measure
2026-09-10T20:39:24.218+00:00,230.000,313.466,99,22322,2685,62,measure
2026-09-10T20:39:25.218+00:00,231.001,326.079,99,22322,2685,62,measure
2026-09-10T20:39:26.219+00:00,232.001,335.571,99,22322,2685,63,measure
2026-09-10T20:39:27.218+00:00,233.001,345.677,99,22322,2685,65,measure
2026-09-10T20:39:28.219+00:00,234.000,365.387,99,22322,2685,65,measure
2026-09-10T20:39:29.222+00:00,235.000,361.439,99,22322,2685,64,measure
2026-09-10T20:39:30.223+00:00,236.005,365.637,99,22322,2685,67,measure
2026-09-10T20:39:31.218+00:00,237.000,370.413,99,22322,2685,66,measure
2026-09-10T20:39:32.218+00:00,238.001,359.787,99,22322,2685,66,measure
2026-09-10T20:39:33.219+00:00,239.002,365.874,99,22322,2685,65,measure
2026-09-10T20:39:31.718+00:00,240.000,368.187,99,22322,2685,65,measure
2026-09-10T20:39:32.723+00:00,241.006,365.562,99,22322,2685,65,measure
2026-09-10T20:39:33.718+00:00,242.001,353.575,99,22322,2685,65,measure
2026-09-10T20:39:34.717+00:00,243.001,345.202,99,22322,2685,62,measure
2026-09-10T20:39:35.718+00:00,244.001,325,99,22322,2685,65,measure
2026-09-10T20:39:36.717+00:00,245.000,317.289,99,22322,2685,65,measure
2026-09-10T20:39:37.719+00:00,246.001,322.998,99,22322,2685,62,measure
2026-09-10T20:39:38.719+00:00,247.000,326.421,99,22322,2685,64,measure
2026-09-10T20:39:39.718+00:00,248.001,357.594,99,22322,2685,66,measure
2026-09-10T20:39:40.717+00:00,249.000,361.769,99,22322,2685,66,measure
2026-09-10T20:39:41.720+00:00,250.000,358.995,99,22322,2685,65,measure
2026-09-10T20:39:42.718+00:00,251.001,366.262,99,22321.9,2685,65,measure
2026-09-10T20:39:43.719+00:00,252.001,361.883,99,22321.9,2685,65,measure
2026-09-10T20:39:44.718+00:00,253.000,359.198,99,22321.9,2685,65,measure
2026-09-10T20:39:45.718+00:00,254.001,333.907,99,22321.9,2685,65,measure
2026-09-10T20:39:46.717+00:00,255.000,315.307,99,22321.9,2685,65,measure
2026-09-10T20:39:47.717+00:00,256.000,327.075,99,22321.9,2685,65,measure
2026-09-10T20:39:48.718+00:00,257.000,336.911,99,22321.9,2685,65,measure
2026-09-10T20:39:49.718+00:00,258.000,366.498,99,22321.9,2685,66,measure
2026-09-10T20:39:50.720+00:00,259.000,365.411,99,22321.9,2685,67,measure
2026-09-10T20:39:51.717+00:00,260.000,361.547,99,22321.9,2685,66,measure
2026-09-10T20:39:52.717+00:00,261.000,351.971,99,22321.9,2685,64,measure
2026-09-10T20:39:53.718+00:00,262.001,327.138,99,22321.9,2685,64,measure
2026-09-10T20:39:54.740+00:00,263.002,326.188,99,22321.9,2685,65,measure
2026-09-10T20:39:55.719+00:00,264.000,325.081,99,22321.9,2685,62,measure
2026-09-10T20:39:56.719+00:00,265.001,341.219,99,22321.9,2685,65,measure
2026-09-10T20:39:57.718+00:00,266.001,362.526,99,22321.9,2685,64,measure
2026-09-10T20:39:58.717+00:00,267.000,376.277,99,22321.9,2685,66,measure
2026-09-10T20:39:59.719+00:00,268.002,383.125,99,22321.9,2685,66,measure
2026-09-10T20:40:00.717+00:00,269.000,384.382,99,22321.9,2685,68,measure
2026-09-10T20:40:01.719+00:00,270.000,377.202,99,22321.9,2685,65,measure
2026-09-10T20:40:02.719+00:00,271.001,367.391,99,22321.9,2685,66,measure
2026-09-10T20:40:01.234+00:00,272.000,367.05,99,22321.9,2685,64,measure
2026-09-10T20:40:02.233+00:00,273.000,365.94,99,22321.9,2685,65,measure
2026-09-10T20:40:03.234+00:00,274.001,365.254,99,22321.9,2685,66,measure
2026-09-10T20:40:04.233+00:00,275.000,359.727,99,22321.9,2685,65,measure
2026-09-10T20:40:05.235+00:00,276.000,358,99,22321.9,2685,65,measure
2026-09-10T20:40:06.236+00:00,277.000,366.401,99,22321.9,2685,65,measure
2026-09-10T20:40:07.234+00:00,278.001,361.76,99,22321.9,2685,66,measure
2026-09-10T20:40:08.234+00:00,279.001,364.738,99,22321.9,2685,65,measure
2026-09-10T20:40:09.235+00:00,280.002,361.346,99,22321.9,2685,66,measure
2026-09-10T20:40:10.235+00:00,281.001,349.66,99,22321.9,2685,63,measure
2026-09-10T20:40:11.235+00:00,282.000,364.421,99,22321.9,2685,66,measure
2026-09-10T20:40:12.237+00:00,283.000,362.604,99,22321.9,2685,66,measure
2026-09-10T20:40:13.233+00:00,284.000,364.507,99,22321.9,2685,67,measure
2026-09-10T20:40:14.234+00:00,285.000,364.05,99,22321.9,2685,66,measure
2026-09-10T20:40:15.234+00:00,286.001,345.214,99,22321.9,2685,65,measure
2026-09-10T20:40:16.234+00:00,287.000,316.399,99,22321.9,2685,62,measure
2026-09-10T20:40:17.235+00:00,288.000,326.009,99,22321.9,2685,63,measure
2026-09-10T20:40:18.235+00:00,289.001,338.643,99,22321.9,2685,65,measure
2026-09-10T20:40:19.235+00:00,290.002,357.177,99,22321.9,2685,65,measure
2026-09-10T20:40:20.234+00:00,291.000,363.37,99,22321.9,2685,66,measure
2026-09-10T20:40:21.234+00:00,292.001,368.414,99,22321.9,2685,66,measure
2026-09-10T20:40:22.234+00:00,293.000,361.431,99,22321.9,2685,65,measure
2026-09-10T20:40:23.235+00:00,294.001,352.993,99,22321.9,2685,66,measure
2026-09-10T20:40:24.235+00:00,295.001,338.818,99,22321.9,2685,67,measure
2026-09-10T20:40:25.235+00:00,296.002,311.418,99,22321.9,2685,64,measure
2026-09-10T20:40:26.235+00:00,297.001,328.819,99,22321.9,2685,67,measure
2026-09-10T20:40:27.234+00:00,298.001,329.806,99,22321.9,2685,63,measure
2026-09-10T20:40:28.234+00:00,299.000,346.619,99,22321.9,2685,66,measure
2026-09-10T20:40:29.235+00:00,300.001,359.055,99,22321.9,2685,67,measure
2026-09-10T20:40:30.234+00:00,301.000,363.067,99,22321.9,2685,66,measure
2026-09-10T20:40:31.234+00:00,302.001,365.987,99,22321.9,2685,66,measure
2026-09-10T20:40:32.234+00:00,303.001,364.194,99,22321.9,2685,65,measure
2026-09-10T20:40:30.741+00:00,304.004,362.929,99,22321.9,2685,66,measure
2026-09-10T20:40:31.742+00:00,305.004,378.645,99,22321.9,2685,66,measure
2026-09-10T20:40:32.738+00:00,306.000,407.826,99,22321.9,2685,69,measure
2026-09-10T20:40:33.738+00:00,307.001,403.492,100,22321.9,2685,68,measure
2026-09-10T20:40:34.739+00:00,308.002,417.159,100,22321.9,2685,70,measure
2026-09-10T20:40:35.738+00:00,309.002,413.096,99,22459.9,2685,69,measure
2026-09-10T20:40:36.737+00:00,310.001,411.176,100,22459.9,2685,69,measure
2026-09-10T20:40:37.737+00:00,311.001,405.366,99,22459.9,2685,69,measure
2026-09-10T20:40:38.742+00:00,312.004,402.972,100,22459.9,2685,70,measure
2026-09-10T20:40:39.739+00:00,313.000,403.427,100,22459.9,2685,69,measure
2026-09-10T20:40:40.737+00:00,314.000,408.22,100,22459.9,2685,69,measure
2026-09-10T20:40:41.737+00:00,315.000,406.038,100,22459.9,2685,70,measure
2026-09-10T20:40:42.740+00:00,316.004,408.816,99,22459.9,2685,70,measure
2026-09-10T20:40:43.737+00:00,317.000,412.659,100,22459.9,2685,69,measure
2026-09-10T20:40:44.739+00:00,318.001,409.869,99,22459.9,2685,69,measure
2026-09-10T20:40:45.737+00:00,319.000,400.779,100,22459.9,2685,69,measure
2026-09-10T20:40:46.737+00:00,320.001,404.69,99,22459.9,2685,70,measure
2026-09-10T20:40:47.737+00:00,321.000,403.887,100,22459.9,2685,70,measure
2026-09-10T20:40:48.737+00:00,322.000,409.093,100,22459.9,2685,70,measure
2026-09-10T20:40:49.740+00:00,323.002,408.611,100,22459.9,2685,71,measure
2026-09-10T20:40:50.741+00:00,324.001,413.772,99,22459.9,2685,70,measure
2026-09-10T20:40:51.737+00:00,325.001,412.964,99,22459.9,2685,69,measure
2026-09-10T20:40:52.738+00:00,326.001,408.629,100,22459.9,2685,69,measure
2026-09-10T20:40:53.739+00:00,327.001,401.552,100,22459.9,2685,69,measure
2026-09-10T20:40:54.737+00:00,328.000,405.456,100,22459.9,2685,69,measure
2026-09-10T20:40:55.743+00:00,329.003,406.997,100,22459.9,2685,70,measure
2026-09-10T20:40:56.741+00:00,330.002,409.298,100,22459.9,2685,71,measure
2026-09-10T20:40:57.747+00:00,331.009,411.845,100,22459.9,2685,70,measure
2026-09-10T20:40:58.760+00:00,332.023,412.122,100,22459.9,2685,71,measure
2026-09-10T20:40:59.739+00:00,333.002,412.687,100,22459.9,2685,69,measure
2026-09-10T20:41:00.739+00:00,334.003,406.449,99,22459.9,2685,69,measure
2026-09-10T20:41:01.738+00:00,335.001,403.612,99,22459.9,2685,70,measure
2026-09-10T20:41:02.740+00:00,336.002,404.663,99,22459.9,2685,70,measure
2026-09-10T20:41:01.236+00:00,337.000,409.171,99,22459.9,2685,71,measure
2026-09-10T20:41:02.239+00:00,338.003,407.586,99,22459.9,2685,70,measure
2026-09-10T20:41:03.252+00:00,339.017,412.406,100,22459.9,2685,71,measure
2026-09-10T20:41:04.250+00:00,340.015,414.39,100,22459.9,2685,69,measure
2026-09-10T20:41:05.250+00:00,341.014,411.93,99,22459.9,2685,69,measure
2026-09-10T20:41:06.239+00:00,342.003,402.155,99,22459.9,2685,70,measure
2026-09-10T20:41:07.236+00:00,343.001,405.786,99,22459.9,2685,70,measure
2026-09-10T20:41:08.245+00:00,344.009,404.654,100,22459.9,2685,69,measure
2026-09-10T20:41:09.240+00:00,345.005,409.79,100,22459.9,2685,70,measure
2026-09-10T20:41:10.237+00:00,346.001,408.844,100,22459.9,2685,70,measure
2026-09-10T20:41:11.288+00:00,347.052,413.411,100,22459.9,2685,71,measure
2026-09-10T20:41:12.237+00:00,348.000,413.005,100,22459.9,2685,70,measure
2026-09-10T20:41:13.236+00:00,349.001,409.057,100,22459.9,2685,70,measure
2026-09-10T20:41:14.236+00:00,350.000,401.976,100,22459.9,2685,70,measure
2026-09-10T20:41:15.236+00:00,351.001,405.879,99,22459.9,2685,71,measure
2026-09-10T20:41:16.236+00:00,352.001,406.439,100,22459.9,2685,70,measure
2026-09-10T20:41:17.244+00:00,353.008,409.389,99,22459.9,2685,70,measure
2026-09-10T20:41:18.239+00:00,354.003,411.266,99,22459.9,2685,71,measure
2026-09-10T20:41:19.236+00:00,355.000,411.964,99,22459.9,2685,70,measure
2026-09-10T20:41:20.238+00:00,356.003,412.146,99,22459.9,2685,70,measure
2026-09-10T20:41:21.238+00:00,357.002,406.275,100,22459.9,2685,70,measure
2026-09-10T20:41:22.236+00:00,358.001,403.847,100,22459.9,2685,70,measure
2026-09-10T20:41:23.237+00:00,359.000,403.736,99,22459.9,2685,70,measure
2026-09-10T20:41:24.237+00:00,360.000,409.917,99,22459.9,2685,70,measure
2026-09-10T20:41:25.237+00:00,361.002,407.747,99,22459.9,2685,70,measure
2026-09-10T20:41:26.239+00:00,362.003,412.128,99,22459.9,2685,71,measure
2026-09-10T20:41:27.236+00:00,363.001,415.007,100,22459.9,2685,70,measure
2026-09-10T20:41:28.236+00:00,364.001,411.43,100,22459.9,2685,70,measure
2026-09-10T20:41:29.239+00:00,365.002,402.316,100,22459.9,2685,70,measure
2026-09-10T20:41:30.239+00:00,366.001,405.947,99,22459.9,2685,70,measure
2026-09-10T20:41:31.245+00:00,367.009,405.184,100,22459.9,2685,71,measure
2026-09-10T20:41:32.236+00:00,368.000,410.14,100,22459.9,2685,70,measure
2026-09-10T20:41:30.737+00:00,369.001,410.294,100,22459.9,2685,71,measure
2026-09-10T20:41:31.737+00:00,370.001,414.25,100,22459.9,2685,70,measure
2026-09-10T20:41:32.743+00:00,371.004,413.727,100,22459.9,2685,70,measure
2026-09-10T20:41:33.739+00:00,372.003,409.295,100,22459.9,2685,70,measure
2026-09-10T20:41:34.738+00:00,373.003,402.64,100,22459.9,2685,70,measure
2026-09-10T20:41:35.737+00:00,374.001,406.579,100,22459.9,2685,70,measure
2026-09-10T20:41:36.736+00:00,375.000,407.542,100,22459.9,2685,71,measure
2026-09-10T20:41:37.736+00:00,376.000,410.514,100,22459.9,2685,70,measure
2026-09-10T20:41:38.743+00:00,377.005,411.097,100,22459.9,2685,71,measure
2026-09-10T20:41:39.739+00:00,378.003,413.794,100,22459.9,2685,70,measure
2026-09-10T20:41:40.736+00:00,379.000,413.428,100,22459.9,2685,70,measure
2026-09-10T20:41:41.737+00:00,380.001,406.766,100,22459.9,2685,70,measure
2026-09-10T20:41:42.736+00:00,381.000,404.352,100,22459.9,2685,71,measure
2026-09-10T20:41:43.736+00:00,382.000,403.879,100,22459.9,2685,70,measure
2026-09-10T20:41:44.738+00:00,383.001,410.375,100,22459.9,2685,70,measure
2026-09-10T20:41:45.738+00:00,384.000,407.861,100,22459.9,2685,71,measure
2026-09-10T20:41:46.736+00:00,385.000,412.135,100,22459.9,2685,70,measure
2026-09-10T20:41:47.737+00:00,386.001,415.388,100,22459.9,2685,70,measure
2026-09-10T20:41:48.738+00:00,387.001,411.21,99,22459.9,2685,70,measure
2026-09-10T20:41:49.736+00:00,388.001,402.642,99,22459.9,2685,70,measure
2026-09-10T20:41:50.738+00:00,389.000,406.179,100,22459.9,2685,70,measure
2026-09-10T20:41:51.738+00:00,390.001,404.44,100,22459.9,2685,70,measure
2026-09-10T20:41:52.736+00:00,391.000,409.757,100,22459.9,2685,70,measure
2026-09-10T20:41:53.736+00:00,392.001,411.109,100,22459.9,2685,70,measure
2026-09-10T20:41:54.741+00:00,393.005,414.57,100,22459.9,2685,71,measure
2026-09-10T20:41:55.777+00:00,394.041,412.962,100,22459.9,2685,70,measure
2026-09-10T20:41:56.737+00:00,395.000,408.477,100,22459.9,2685,70,measure
2026-09-10T20:41:57.737+00:00,396.001,403.322,100,22459.9,2685,70,measure
2026-09-10T20:41:58.736+00:00,397.000,406.404,100,22459.9,2685,70,measure
2026-09-10T20:41:59.736+00:00,398.001,407.842,100,22459.9,2685,70,measure
2026-09-10T20:42:00.736+00:00,399.000,407.812,100,22459.9,2685,71,measure
2026-09-10T20:42:01.739+00:00,400.002,411.658,99,22459.9,2685,70,measure
2026-09-10T20:42:02.739+00:00,401.002,414.035,99,22459.9,2685,70,measure
2026-09-10T20:42:01.256+00:00,402.001,413.53,100,22459.9,2685,71,measure
2026-09-10T20:42:02.272+00:00,403.016,406.137,100,22459.9,2685,70,measure
2026-09-10T20:42:03.269+00:00,404.014,404.457,100,22459.9,2685,70,measure
2026-09-10T20:42:04.255+00:00,405.000,404.136,100,22459.9,2685,70,measure
2026-09-10T20:42:05.255+00:00,406.000,410.838,100,22459.9,2685,71,measure
2026-09-10T20:42:06.256+00:00,407.000,407.582,100,22459.9,2685,70,measure
2026-09-10T20:42:07.256+00:00,408.000,412.747,100,22459.9,2685,72,measure
2026-09-10T20:42:08.255+00:00,409.000,415.101,99,22459.9,2685,71,measure
2026-09-10T20:42:09.255+00:00,410.000,411.084,100,22459.9,2685,70,measure
2026-09-10T20:42:10.255+00:00,411.000,402.066,100,22459.9,2685,70,measure
2026-09-10T20:42:11.255+00:00,412.000,406.702,100,22459.9,2685,71,measure
2026-09-10T20:42:12.259+00:00,413.000,404.583,100,22459.9,2685,71,measure
2026-09-10T20:42:13.256+00:00,414.000,410.009,100,22459.9,2685,70,measure
2026-09-10T20:42:14.255+00:00,415.000,410.335,100,22459.9,2685,71,measure
2026-09-10T20:42:15.255+00:00,416.000,412.827,100,22459.9,2685,71,measure
2026-09-10T20:42:16.256+00:00,417.000,412.405,100,22459.9,2685,70,measure
2026-09-10T20:42:17.256+00:00,418.001,408.45,100,22459.9,2685,70,measure
2026-09-10T20:42:18.257+00:00,419.000,403.789,100,22459.9,2685,71,measure
2026-09-10T20:42:19.256+00:00,420.000,405.284,100,22459.9,2685,70,measure
2026-09-10T20:42:20.256+00:00,421.001,408.683,100,22459.9,2685,70,measure
2026-09-10T20:42:21.255+00:00,422.000,407.71,100,22459.9,2685,71,measure
2026-09-10T20:42:22.256+00:00,423.001,411.035,100,22459.9,2685,71,measure
2026-09-10T20:42:23.255+00:00,424.000,413.983,100,22459.9,2685,70,measure
2026-09-10T20:42:24.257+00:00,425.001,412.698,99,22459.9,2685,70,measure
2026-09-10T20:42:25.256+00:00,426.000,405.502,99,22459.9,2685,70,measure
2026-09-10T20:42:26.256+00:00,427.001,404.477,100,22459.9,2685,70,measure
2026-09-10T20:42:27.260+00:00,428.004,403.618,100,22459.9,2685,70,measure
2026-09-10T20:42:28.255+00:00,429.001,409.627,100,22459.9,2685,70,measure
2026-09-10T20:42:29.255+00:00,430.000,407.017,100,22459.9,2685,70,measure
2026-09-10T20:42:30.256+00:00,431.000,412.314,100,22459.9,2685,70,measure
2026-09-10T20:42:31.256+00:00,432.001,415.231,100,22459.9,2685,70,measure
2026-09-10T20:42:32.256+00:00,433.001,410.784,99,22459.9,2685,70,measure
2026-09-10T20:42:30.740+00:00,434.001,401.149,100,22459.9,2685,70,measure
2026-09-10T20:42:31.737+00:00,435.000,405.811,100,22459.9,2685,70,measure
2026-09-10T20:42:32.738+00:00,436.001,404.213,100,22459.9,2685,70,measure
2026-09-10T20:42:33.741+00:00,437.001,408.985,100,22459.9,2685,70,measure
2026-09-10T20:42:34.738+00:00,438.001,411.307,99,22459.9,2685,71,measure
2026-09-10T20:42:35.737+00:00,439.000,412.857,100,22459.9,2685,71,measure
2026-09-10T20:42:36.737+00:00,440.001,411.982,99,22459.9,2685,70,measure
2026-09-10T20:42:37.738+00:00,441.001,408.25,100,22459.9,2685,70,measure
2026-09-10T20:42:38.737+00:00,442.000,403.291,100,22459.9,2685,70,measure
2026-09-10T20:42:39.738+00:00,443.001,404.844,100,22459.9,2685,71,measure
2026-09-10T20:42:40.737+00:00,444.000,408.335,100,22459.9,2685,71,measure
2026-09-10T20:42:41.738+00:00,445.002,407.785,100,22459.9,2685,71,measure
2026-09-10T20:42:42.738+00:00,446.001,409.203,100,22459.9,2685,71,measure
2026-09-10T20:42:43.738+00:00,447.001,413.199,100,22459.9,2685,70,measure
2026-09-10T20:42:44.738+00:00,448.000,412.849,100,22459.9,2685,70,measure
2026-09-10T20:42:45.739+00:00,449.001,405.927,100,22459.9,2685,70,measure
2026-09-10T20:42:46.737+00:00,450.000,405.523,100,22459.9,2685,70,measure
2026-09-10T20:42:47.739+00:00,451.002,403.455,99,22459.9,2685,70,measure
2026-09-10T20:42:48.737+00:00,452.001,409.093,100,22459.9,2685,70,measure
2026-09-10T20:42:49.737+00:00,453.001,406.52,100,22459.9,2685,70,measure
2026-09-10T20:42:50.739+00:00,454.001,414.061,100,22459.9,2685,71,measure
2026-09-10T20:42:51.740+00:00,455.000,414.534,100,22459.9,2685,70,measure
2026-09-10T20:42:52.737+00:00,456.001,411.282,99,22459.9,2685,70,measure
2026-09-10T20:42:53.737+00:00,457.001,401.35,100,22459.9,2685,71,measure
2026-09-10T20:42:54.737+00:00,458.000,406.311,99,22459.9,2685,70,measure
2026-09-10T20:42:55.737+00:00,459.001,406.685,100,22459.9,2685,71,measure
2026-09-10T20:42:56.738+00:00,460.000,409.878,100,22459.9,2685,71,measure
2026-09-10T20:42:57.740+00:00,461.001,411.536,100,22459.9,2685,70,measure
2026-09-10T20:42:58.737+00:00,462.001,412.774,100,22459.9,2685,71,measure
2026-09-10T20:42:59.738+00:00,463.001,412.024,100,22459.9,2685,71,measure
2026-09-10T20:43:00.739+00:00,464.000,407.383,100,22459.9,2685,70,measure
2026-09-10T20:43:01.737+00:00,465.000,403.033,100,22459.9,2685,71,measure
2026-09-10T20:43:00.273+00:00,466.000,405.54,100,22459.9,2685,70,measure
2026-09-10T20:43:01.274+00:00,467.002,409.432,100,22459.9,2685,70,measure
2026-09-10T20:43:02.273+00:00,468.002,408.056,100,22459.9,2685,70,measure
2026-09-10T20:43:03.271+00:00,469.000,408.645,99,22459.9,2685,71,measure
2026-09-10T20:43:04.273+00:00,470.002,413.622,100,22459.9,2685,70,measure
2026-09-10T20:43:05.277+00:00,471.004,411.503,100,22459.9,2685,71,measure
2026-09-10T20:43:06.272+00:00,472.000,404.341,100,22459.9,2685,70,measure
2026-09-10T20:43:07.274+00:00,473.001,404.795,100,22459.9,2685,71,measure
2026-09-10T20:43:08.273+00:00,474.002,403.363,100,22459.9,2685,70,measure
2026-09-10T20:43:09.271+00:00,475.000,408.735,99,22459.9,2685,71,measure
2026-09-10T20:43:10.272+00:00,476.001,407.005,100,22459.9,2685,71,measure
2026-09-10T20:43:11.271+00:00,477.000,413.692,99,22459.9,2685,71,measure
2026-09-10T20:43:12.273+00:00,478.000,413.164,100,22459.9,2685,70,measure
2026-09-10T20:43:13.274+00:00,479.000,411.21,100,22459.9,2685,71,measure
2026-09-10T20:43:14.273+00:00,480.002,401.624,100,22459.9,2685,70,measure
2026-09-10T20:43:15.272+00:00,481.001,406.466,100,22459.9,2685,70,measure
2026-09-10T20:43:16.271+00:00,482.000,405.509,100,22459.9,2685,71,measure
2026-09-10T20:43:17.271+00:00,483.000,408.983,100,22459.9,2685,70,measure
2026-09-10T20:43:18.278+00:00,484.001,410.987,100,22459.9,2685,71,measure
2026-09-10T20:43:19.274+00:00,485.001,411.636,100,22459.9,2685,70,measure
2026-09-10T20:43:20.272+00:00,486.000,411.453,100,22459.9,2685,70,measure
2026-09-10T20:43:21.272+00:00,487.000,407.349,100,22459.9,2685,71,measure
2026-09-10T20:43:22.272+00:00,488.001,402.647,100,22459.9,2685,70,measure
2026-09-10T20:43:23.272+00:00,489.001,404.16,99,22459.9,2685,70,measure
2026-09-10T20:43:24.274+00:00,490.001,409.545,100,22459.9,2685,71,measure
2026-09-10T20:43:25.274+00:00,491.001,407.181,100,22459.9,2685,70,measure
2026-09-10T20:43:26.271+00:00,492.000,409.58,99,22459.9,2685,70,measure
2026-09-10T20:43:27.271+00:00,493.000,413.891,100,22459.9,2685,71,measure
2026-09-10T20:43:28.273+00:00,494.001,411.432,100,22459.9,2685,70,measure
2026-09-10T20:43:29.272+00:00,495.001,404.047,100,22459.9,2685,70,measure
2026-09-10T20:43:30.274+00:00,496.001,403.995,100,22459.9,2685,71,measure
2026-09-10T20:43:31.274+00:00,497.001,404.429,100,22459.9,2685,70,measure
2026-09-10T20:43:32.272+00:00,498.001,409.267,100,22459.9,2685,70,measure
2026-09-10T20:43:30.758+00:00,499.004,407.335,100,22459.9,2685,71,measure
2026-09-10T20:43:31.756+00:00,500.001,413.302,100,22459.9,2685,71,measure
2026-09-10T20:43:32.756+00:00,501.001,413.07,100,22459.9,2685,70,measure
2026-09-10T20:43:33.760+00:00,502.000,410.178,100,22459.9,2685,70,measure
2026-09-10T20:43:34.755+00:00,503.000,401.511,100,22459.9,2685,70,measure
2026-09-10T20:43:35.756+00:00,504.000,406.048,100,22459.9,2685,70,measure
2026-09-10T20:43:36.756+00:00,505.000,405.326,100,22459.9,2685,71,measure
2026-09-10T20:43:37.756+00:00,506.001,409.296,100,22459.9,2685,71,measure
2026-09-10T20:43:38.755+00:00,507.000,410.899,100,22459.9,2685,70,measure
2026-09-10T20:43:39.757+00:00,508.000,412.244,100,22459.9,2685,71,measure
2026-09-10T20:43:40.757+00:00,509.000,412.139,100,22459.9,2685,71,measure
2026-09-10T20:43:41.756+00:00,510.000,407.727,100,22459.9,2685,70,measure
2026-09-10T20:43:42.758+00:00,511.001,404.244,100,22459.9,2685,71,measure
2026-09-10T20:43:43.756+00:00,512.001,403.915,100,22459.9,2685,70,measure
2026-09-10T20:43:44.756+00:00,513.001,409.796,100,22459.9,2685,71,measure
2026-09-10T20:43:45.757+00:00,514.000,408.817,100,22459.9,2685,71,measure
2026-09-10T20:43:46.755+00:00,515.000,410.923,100,22459.9,2685,71,measure
2026-09-10T20:43:47.755+00:00,516.000,415.102,100,22459.9,2685,70,measure
2026-09-10T20:43:48.755+00:00,517.000,412.205,99,22459.9,2685,70,measure
2026-09-10T20:43:49.755+00:00,518.000,405.325,100,22459.9,2685,70,measure
2026-09-10T20:43:50.755+00:00,519.000,406.814,100,22459.9,2685,71,measure
2026-09-10T20:43:51.757+00:00,520.000,405.043,100,22459.9,2685,69,measure
2026-09-10T20:43:52.757+00:00,521.000,410.568,100,22459.9,2685,71,measure
2026-09-10T20:43:53.755+00:00,522.000,408.588,100,22459.9,2685,71,measure
2026-09-10T20:43:54.755+00:00,523.000,415.288,100,22459.9,2685,72,measure
2026-09-10T20:43:55.756+00:00,524.000,414.765,100,22459.9,2685,70,measure
2026-09-10T20:43:56.755+00:00,525.000,411.286,100,22459.9,2685,70,measure
2026-09-10T20:43:57.757+00:00,526.000,402.027,100,22459.9,2685,70,measure
2026-09-10T20:43:58.756+00:00,527.000,406.763,99,22459.9,2685,71,measure
2026-09-10T20:43:59.756+00:00,528.001,408.36,100,22459.9,2685,71,measure
2026-09-10T20:44:00.755+00:00,529.000,410.247,100,22459.9,2685,71,measure
2026-09-10T20:44:01.755+00:00,530.000,411.739,100,22459.9,2685,71,measure
2026-09-10T20:44:00.270+00:00,531.000,413.62,100,22459.9,2685,70,measure
2026-09-10T20:44:01.272+00:00,532.001,413.664,100,22459.9,2685,70,measure
2026-09-10T20:44:02.271+00:00,533.000,408.298,100,22459.9,2685,70,measure
2026-09-10T20:44:03.270+00:00,534.000,405.232,100,22459.9,2685,71,measure
2026-09-10T20:44:04.270+00:00,535.000,405.358,100,22459.9,2685,70,measure
2026-09-10T20:44:05.271+00:00,536.000,411.059,100,22459.9,2685,70,measure
2026-09-10T20:44:06.270+00:00,537.000,408.936,100,22459.9,2685,71,measure
2026-09-10T20:44:07.271+00:00,538.000,411.103,100,22459.9,2685,70,measure
2026-09-10T20:44:08.271+00:00,539.000,415.093,100,22459.9,2685,70,measure
2026-09-10T20:44:09.270+00:00,540.000,412.755,100,22459.9,2685,70,measure
2026-09-10T20:44:10.272+00:00,541.000,403.284,100,22459.9,2685,70,measure
2026-09-10T20:44:11.270+00:00,542.000,406.163,100,22459.9,2685,71,measure
2026-09-10T20:44:12.272+00:00,543.001,405.206,100,22459.9,2685,71,measure
2026-09-10T20:44:13.274+00:00,544.000,410.918,100,22459.9,2685,71,measure
2026-09-10T20:44:14.270+00:00,545.001,410.465,100,22459.9,2685,71,measure
2026-09-10T20:44:15.270+00:00,546.000,415.771,100,22459.9,2685,70,measure
2026-09-10T20:44:16.271+00:00,547.001,414.818,100,22459.9,2685,70,measure
2026-09-10T20:44:17.270+00:00,548.000,411.687,100,22459.9,2685,70,measure
2026-09-10T20:44:18.270+00:00,549.000,403.085,100,22459.9,2685,70,measure
2026-09-10T20:44:19.274+00:00,550.003,406.685,100,22459.9,2685,70,measure
2026-09-10T20:44:20.271+00:00,551.001,408.343,100,22459.9,2685,71,measure
2026-09-10T20:44:21.271+00:00,552.001,410.192,100,22459.9,2685,70,measure
2026-09-10T20:44:22.271+00:00,553.002,412.347,100,22459.9,2685,71,measure
2026-09-10T20:44:23.270+00:00,554.001,413.272,100,22459.9,2685,71,measure
2026-09-10T20:44:24.271+00:00,555.001,413.647,99,22459.9,2685,70,measure
2026-09-10T20:44:25.273+00:00,556.002,407.981,100,22459.9,2685,70,measure
2026-09-10T20:44:26.271+00:00,557.001,404.838,100,22459.9,2685,71,measure
2026-09-10T20:44:27.270+00:00,558.000,405.144,100,22459.9,2685,70,measure
2026-09-10T20:44:28.272+00:00,559.002,410.004,100,22459.9,2685,71,measure
2026-09-10T20:44:29.270+00:00,560.001,409.006,99,22459.9,2685,71,measure
2026-09-10T20:44:30.272+00:00,561.001,412.501,99,22459.9,2685,71,measure
2026-09-10T20:44:31.273+00:00,562.001,414.474,99,22459.9,2685,70,measure
2026-09-10T20:44:32.270+00:00,563.001,411.277,100,22459.9,2685,70,measure
2026-09-10T20:44:30.778+00:00,564.001,402.463,100,22459.9,2685,70,measure
2026-09-10T20:44:31.778+00:00,565.000,406.477,99,22459.9,2685,71,measure
2026-09-10T20:44:32.778+00:00,566.001,405.474,100,22459.9,2685,70,measure
2026-09-10T20:44:33.778+00:00,567.000,410.556,100,22459.9,2685,71,measure
2026-09-10T20:44:34.788+00:00,568.000,409.689,100,22459.9,2685,71,measure
2026-09-10T20:44:35.777+00:00,569.000,414.844,100,22459.9,2685,72,measure
2026-09-10T20:44:36.778+00:00,570.001,413.546,100,22459.9,2685,71,measure
2026-09-10T20:44:37.780+00:00,571.000,409.687,100,22459.9,2685,70,measure
2026-09-10T20:44:38.777+00:00,572.000,403.059,100,22459.9,2685,70,measure
2026-09-10T20:44:39.779+00:00,573.000,406.867,100,22459.9,2685,70,measure
2026-09-10T20:44:40.780+00:00,574.002,407.571,100,22459.9,2685,71,measure
2026-09-10T20:44:41.778+00:00,575.001,409.385,99,22459.9,2685,71,measure
2026-09-10T20:44:42.779+00:00,576.002,411.275,100,22459.9,2685,71,measure
2026-09-10T20:44:43.778+00:00,577.000,412.612,100,22459.9,2685,70,measure
2026-09-10T20:44:44.778+00:00,578.000,412.981,100,22459.9,2685,71,measure
2026-09-10T20:44:45.784+00:00,579.004,405.935,100,22459.9,2685,70,measure
2026-09-10T20:44:46.780+00:00,580.001,403.61,99,22459.9,2685,71,measure
2026-09-10T20:44:47.778+00:00,581.001,404.703,100,22459.9,2685,70,measure
2026-09-10T20:44:48.777+00:00,582.000,409.695,100,22459.9,2685,71,measure
2026-09-10T20:44:49.777+00:00,583.000,407.574,100,22459.9,2685,71,measure
2026-09-10T20:44:50.778+00:00,584.001,412.314,100,22459.9,2685,71,measure
2026-09-10T20:44:51.781+00:00,585.002,414.806,100,22459.9,2685,71,measure
2026-09-10T20:44:52.780+00:00,586.000,411.808,100,22459.9,2685,70,measure
2026-09-10T20:44:53.777+00:00,587.000,401.68,99,22459.9,2685,70,measure
2026-09-10T20:44:54.779+00:00,588.002,405.861,100,22459.9,2685,71,measure
2026-09-10T20:44:55.778+00:00,589.001,405.485,100,22459.9,2685,70,measure
2026-09-10T20:44:56.780+00:00,590.003,410.202,100,22459.9,2685,71,measure
2026-09-10T20:44:57.779+00:00,591.000,410.589,100,22459.9,2685,71,measure
2026-09-10T20:44:58.780+00:00,592.000,413.783,100,22459.9,2685,72,measure
2026-09-10T20:44:59.777+00:00,593.000,413.288,100,22459.9,2685,70,measure
2026-09-10T20:45:00.777+00:00,594.000,409.163,99,22459.9,2685,70,measure
2026-09-10T20:45:01.778+00:00,595.000,403.215,100,22459.9,2685,72,measure
2026-09-10T20:45:00.275+00:00,596.000,406.734,99,22459.9,2685,70,measure
2026-09-10T20:45:01.277+00:00,597.000,406.857,99,22459.9,2685,71,measure
2026-09-10T20:45:02.277+00:00,598.000,409.881,100,22459.9,2685,71,measure
2026-09-10T20:45:03.275+00:00,599.000,411.201,100,22459.9,2685,72,measure
2026-09-10T20:45:04.275+00:00,600.000,413.638,100,22459.9,2685,71,measure
2026-09-10T20:45:05.277+00:00,601.002,413.404,99,22459.9,2685,70,measure
2026-09-10T20:45:06.275+00:00,602.000,406.961,100,22459.9,2685,70,measure
2026-09-10T20:45:07.276+00:00,603.000,403.91,99,22459.9,2685,71,measure
2026-09-10T20:45:08.278+00:00,604.001,403.915,99,22459.9,2685,70,measure
2026-09-10T20:45:09.276+00:00,605.000,409.819,99,22459.9,2685,71,measure
2026-09-10T20:45:10.276+00:00,606.001,407.589,99,22459.9,2685,70,measure
2026-09-10T20:45:11.275+00:00,607.000,412.155,99,22459.9,2685,70,measure
2026-09-10T20:45:12.276+00:00,608.000,415.467,99,22459.9,2685,70,measure
2026-09-10T20:45:13.277+00:00,609.001,410.83,100,22459.9,2685,71,measure
2026-09-10T20:45:14.276+00:00,610.000,402.183,99,22459.9,2685,70,measure
2026-09-10T20:45:15.275+00:00,611.000,405.827,100,22459.9,2685,71,measure
2026-09-10T20:45:16.277+00:00,612.002,405.178,99,22459.9,2685,70,measure
2026-09-10T20:45:17.276+00:00,613.001,409.287,99,22459.9,2685,71,measure
2026-09-10T20:45:18.275+00:00,614.000,410.755,100,22459.9,2685,71,measure
2026-09-10T20:45:19.277+00:00,615.001,414.681,100,22459.9,2685,72,measure
2026-09-10T20:45:20.277+00:00,616.000,413.745,100,22459.9,2685,70,measure
2026-09-10T20:45:21.275+00:00,617.000,408.296,99,22459.9,2685,70,measure
2026-09-10T20:45:22.275+00:00,618.001,402.835,100,22459.9,2685,71,measure
2026-09-10T20:45:23.275+00:00,619.000,406.691,99,22459.9,2685,70,measure
2026-09-10T20:45:24.275+00:00,620.000,407.746,100,22459.9,2685,72,measure
2026-09-10T20:45:25.277+00:00,621.001,407.697,99,22459.9,2685,71,measure
2026-09-10T20:45:26.277+00:00,622.002,411.119,100,22459.9,2685,71,measure
2026-09-10T20:45:27.275+00:00,623.001,413.785,100,22459.9,2685,72,measure
2026-09-10T20:45:28.276+00:00,624.001,413.052,100,22459.9,2685,71,measure
2026-09-10T20:45:29.275+00:00,625.000,406.99,100,22459.9,2685,70,measure
2026-09-10T20:45:30.275+00:00,626.000,405.047,99,22459.9,2685,71,measure
2026-09-10T20:45:31.277+00:00,627.001,405.178,99,22459.9,2685,71,measure
2026-09-10T20:45:32.277+00:00,628.001,410.972,100,22459.9,2685,71,measure
2026-09-10T20:45:30.795+00:00,629.001,408.984,100,22459.9,2685,71,measure
2026-09-10T20:45:31.796+00:00,630.002,413.562,100,22459.9,2685,71,measure
2026-09-10T20:45:32.809+00:00,631.015,416.058,100,22459.9,2685,70,measure
2026-09-10T20:45:33.805+00:00,632.011,412.41,99,22459.9,2685,70,measure
2026-09-10T20:45:34.799+00:00,633.001,402.671,99,22459.9,2685,70,measure
2026-09-10T20:45:35.796+00:00,634.001,406.892,100,22459.9,2685,71,measure
2026-09-10T20:45:36.796+00:00,635.002,405.777,100,22459.9,2685,71,measure
2026-09-10T20:45:37.795+00:00,636.001,410.881,100,22459.9,2685,71,measure
2026-09-10T20:45:38.795+00:00,637.000,411.858,100,22459.9,2685,71,measure
2026-09-10T20:45:39.795+00:00,638.000,414.029,100,22459.9,2685,72,measure
2026-09-10T20:45:40.796+00:00,639.000,412.975,99,22459.9,2685,71,measure
2026-09-10T20:45:41.795+00:00,640.000,408.501,100,22459.9,2685,70,measure
2026-09-10T20:45:42.795+00:00,641.000,403.556,100,22459.9,2685,71,measure
2026-09-10T20:45:43.795+00:00,642.001,404.07,100,22588.5,2685,71,measure
2026-09-10T20:45:44.795+00:00,643.001,408.244,100,22588.5,2685,71,measure
2026-09-10T20:45:45.795+00:00,644.001,409.56,100,22589.2,2685,71,measure
2026-09-10T20:45:46.796+00:00,645.000,412.719,100,22589.6,2685,72,measure
2026-09-10T20:45:47.797+00:00,646.002,414.33,100,22589.6,2685,70,measure
2026-09-10T20:45:48.795+00:00,647.001,414.106,100,22589.6,2685,71,measure
2026-09-10T20:45:49.797+00:00,648.000,407.139,100,22589.6,2685,70,measure
2026-09-10T20:45:50.796+00:00,649.000,406.075,100,22589.6,2685,72,measure
2026-09-10T20:45:51.795+00:00,650.000,406.468,100,22589.6,2685,70,measure
2026-09-10T20:45:52.799+00:00,651.000,410.815,100,22590.3,2685,71,measure
2026-09-10T20:45:53.795+00:00,652.000,408.382,99,22592.3,2685,71,measure
2026-09-10T20:45:54.797+00:00,653.003,414.039,100,22592.3,2685,71,measure
2026-09-10T20:45:55.795+00:00,654.000,415.674,99,22592.3,2685,71,measure
2026-09-10T20:45:56.795+00:00,655.001,413.077,100,22465.2,2685,71,measure
2026-09-10T20:45:57.798+00:00,656.002,403.023,100,22465.2,2685,70,measure
2026-09-10T20:45:58.797+00:00,657.001,406.459,100,22465.2,2685,71,measure
2026-09-10T20:45:59.795+00:00,658.000,406.656,100,22465.2,2685,71,measure
2026-09-10T20:46:00.795+00:00,659.001,411.448,100,22465.2,2685,71,measure
2026-09-10T20:46:01.795+00:00,660.001,412.831,100,22465.2,2685,72,measure
2026-09-10T20:46:00.297+00:00,661.001,414.269,100,22465.2,2685,71,measure
2026-09-10T20:46:01.299+00:00,662.001,414.216,100,22465.2,2685,70,measure
2026-09-10T20:46:02.298+00:00,663.000,410.204,100,22465.2,2685,71,measure
2026-09-10T20:46:03.297+00:00,664.001,404.257,100,22465.2,2685,71,measure
2026-09-10T20:46:04.296+00:00,665.000,406.767,99,22465.2,2685,70,measure
2026-09-10T20:46:05.296+00:00,666.001,408.74,100,22465.2,2685,71,measure
2026-09-10T20:46:06.296+00:00,667.000,410.064,100,22465.2,2685,71,measure
2026-09-10T20:46:07.297+00:00,668.000,411.251,100,22465.2,2685,71,measure
2026-09-10T20:46:08.300+00:00,669.004,414.564,100,22465.2,2685,72,measure
2026-09-10T20:46:09.297+00:00,670.000,414.491,100,22465.2,2685,70,measure
2026-09-10T20:46:10.296+00:00,671.001,407.246,100,22465.2,2685,70,measure
2026-09-10T20:46:11.296+00:00,672.000,405.49,100,22465.2,2685,71,measure
2026-09-10T20:46:12.296+00:00,673.001,404.646,100,22465.2,2685,71,measure
2026-09-10T20:46:13.297+00:00,674.000,409.973,100,22465.2,2685,71,measure
2026-09-10T20:46:14.298+00:00,675.001,408.263,100,22465.2,2685,72,measure
2026-09-10T20:46:15.296+00:00,676.000,413.632,100,22465.2,2685,71,measure
2026-09-10T20:46:16.297+00:00,677.001,416.829,100,22465.2,2685,70,measure
2026-09-10T20:46:17.298+00:00,678.000,411.983,100,22465.2,2685,70,measure
2026-09-10T20:46:18.296+00:00,679.000,402.85,100,22465.2,2685,71,measure
2026-09-10T20:46:19.303+00:00,680.002,406.844,100,22465.2,2685,71,measure
2026-09-10T20:46:20.297+00:00,681.000,406.829,100,22465.2,2685,71,measure
2026-09-10T20:46:21.296+00:00,682.000,410.697,100,22465.2,2685,72,measure
2026-09-10T20:46:22.297+00:00,683.001,412.507,100,22465.2,2685,71,measure
2026-09-10T20:46:23.300+00:00,684.004,413.958,100,22465.2,2685,73,measure
2026-09-10T20:46:24.297+00:00,685.000,413.857,100,22465.2,2685,72,measure
2026-09-10T20:46:25.298+00:00,686.000,409.113,100,22465.2,2685,71,measure
2026-09-10T20:46:26.299+00:00,687.000,403.848,100,22465.2,2685,71,measure
2026-09-10T20:46:27.296+00:00,688.000,407.005,100,22465.2,2685,71,measure
2026-09-10T20:46:28.297+00:00,689.001,408.792,100,22465.2,2685,71,measure
2026-09-10T20:46:29.296+00:00,690.001,408.773,100,22465.2,2685,71,measure
2026-09-10T20:46:30.296+00:00,691.000,411.517,100,22465.2,2685,71,measure
2026-09-10T20:46:31.298+00:00,692.001,414.234,99,22465.2,2685,71,measure
2026-09-10T20:46:32.298+00:00,693.001,413.206,99,22465.2,2685,70,measure
2026-09-10T20:46:30.796+00:00,694.001,405.356,99,22465.2,2685,71,measure
2026-09-10T20:46:31.801+00:00,695.004,405.365,99,22465.2,2685,72,measure
2026-09-10T20:46:32.796+00:00,696.001,404.2,99,22465.2,2685,70,measure
2026-09-10T20:46:33.796+00:00,697.001,410.067,100,22465.2,2685,71,measure
2026-09-10T20:46:34.800+00:00,698.001,407.836,100,22465.2,2685,72,measure
2026-09-10T20:46:35.798+00:00,699.002,415.211,100,22465.2,2685,72,measure
2026-09-10T20:46:36.799+00:00,700.004,416.444,100,22465.2,2685,70,measure
2026-09-10T20:46:37.796+00:00,701.001,411.715,100,22465.2,2685,72,measure
2026-09-10T20:46:38.796+00:00,702.000,402.53,99,22465.2,2685,71,measure
2026-09-10T20:46:39.798+00:00,703.002,408.044,100,22465.2,2685,71,measure
2026-09-10T20:46:40.798+00:00,704.001,406.973,100,22465.2,2685,71,measure
2026-09-10T20:46:41.798+00:00,705.000,410.499,99,22465.2,2685,71,measure
2026-09-10T20:46:42.796+00:00,706.000,413.159,99,22465.2,2685,72,measure
2026-09-10T20:46:43.796+00:00,707.001,414.064,100,22465.2,2685,71,measure
2026-09-10T20:46:44.797+00:00,708.000,413.134,99,22465.2,2685,71,measure
2026-09-10T20:46:45.796+00:00,709.001,409.246,99,22465.2,2685,71,measure
2026-09-10T20:46:46.799+00:00,710.003,403.966,99,22465.2,2685,71,measure
2026-09-10T20:46:47.798+00:00,711.000,404.675,100,22465.2,2685,70,measure
2026-09-10T20:46:48.796+00:00,712.001,410.304,100,22465.2,2685,71,measure
2026-09-10T20:46:49.796+00:00,713.001,408.19,100,22465.2,2685,71,measure
2026-09-10T20:46:50.796+00:00,714.001,411.213,99,22465.2,2685,72,measure
2026-09-10T20:46:51.799+00:00,715.003,414.958,100,22465.2,2685,71,measure
2026-09-10T20:46:52.801+00:00,716.003,413.246,100,22465.2,2685,71,measure
2026-09-10T20:46:53.796+00:00,717.000,405.811,99,22465.2,2685,71,measure
2026-09-10T20:46:54.796+00:00,718.000,405.342,100,22465.2,2685,71,measure
2026-09-10T20:46:55.796+00:00,719.000,404.336,99,22465.2,2685,71,measure
2026-09-10T20:46:56.796+00:00,720.001,410.922,100,22465.2,2685,71,measure
2026-09-10T20:46:57.796+00:00,721.001,407.769,100,22465.2,2685,71,measure
2026-09-10T20:46:58.800+00:00,722.000,415.364,100,22465.2,2685,71,measure
2026-09-10T20:46:59.796+00:00,723.000,416.748,100,22465.2,2685,70,measure
2026-09-10T20:47:00.796+00:00,724.001,412.545,100,22465.2,2685,71,measure
2026-09-10T20:47:01.796+00:00,725.000,402.751,100,22465.2,2685,71,measure
2026-09-10T20:47:00.296+00:00,726.000,408.502,99,22465.2,2685,70,measure
2026-09-10T20:47:01.301+00:00,727.003,406.552,100,22465.2,2685,71,measure
2026-09-10T20:47:02.298+00:00,728.001,410.432,100,22465.2,2685,71,measure
2026-09-10T20:47:03.297+00:00,729.002,412.252,99,22465.2,2685,72,measure
2026-09-10T20:47:04.296+00:00,730.001,413.096,100,22465.2,2685,72,measure
2026-09-10T20:47:05.297+00:00,731.001,413.466,100,22465.2,2685,71,measure
2026-09-10T20:47:06.296+00:00,732.000,409.186,100,22465.2,2685,71,measure
2026-09-10T20:47:07.296+00:00,733.000,404.528,100,22465.2,2685,71,measure
2026-09-10T20:47:08.297+00:00,734.000,405.761,100,22465.2,2685,71,measure
2026-09-10T20:47:09.299+00:00,735.001,410.152,100,22465.2,2685,71,measure
2026-09-10T20:47:10.298+00:00,736.002,408.899,100,22465.2,2685,71,measure
2026-09-10T20:47:11.296+00:00,737.001,410.848,99,22465.2,2685,72,measure
2026-09-10T20:47:12.297+00:00,738.000,414.918,100,22465.2,2685,71,measure
2026-09-10T20:47:13.301+00:00,739.004,413.045,99,22465.2,2685,70,measure
2026-09-10T20:47:14.300+00:00,740.002,406.116,99,22465.2,2685,71,measure
2026-09-10T20:47:15.296+00:00,741.000,406.348,100,22465.2,2685,71,measure
2026-09-10T20:47:16.296+00:00,742.000,405.401,99,22465.2,2685,70,measure
2026-09-10T20:47:17.296+00:00,743.000,410.946,99,22465.2,2685,72,measure
2026-09-10T20:47:18.296+00:00,744.000,407.347,99,22465.2,2685,71,measure
2026-09-10T20:47:19.304+00:00,745.005,414.974,100,22465.2,2685,72,measure
2026-09-10T20:47:20.298+00:00,746.001,415.923,100,22465.2,2685,71,measure
2026-09-10T20:47:21.297+00:00,747.001,412.473,100,22465.2,2685,70,measure
2026-09-10T20:47:22.296+00:00,748.000,402.317,100,22465.2,2685,72,measure
2026-09-10T20:47:23.297+00:00,749.001,407.682,100,22465.2,2685,71,measure
2026-09-10T20:47:24.296+00:00,750.001,408.037,100,22465.2,2685,71,measure
2026-09-10T20:47:25.296+00:00,751.000,410.614,99,22465.2,2685,71,measure
2026-09-10T20:47:26.300+00:00,752.004,412.809,100,22465.2,2685,72,measure
2026-09-10T20:47:27.297+00:00,753.001,413.542,99,22465.2,2685,72,measure
2026-09-10T20:47:28.296+00:00,754.000,413.774,100,22465.2,2685,70,measure
2026-09-10T20:47:29.298+00:00,755.000,408.005,100,22465.2,2685,71,measure
2026-09-10T20:47:30.297+00:00,756.001,404.488,100,22465.2,2685,72,measure
2026-09-10T20:47:31.296+00:00,757.000,406.913,100,22465.2,2685,70,measure
2026-09-10T20:47:32.299+00:00,758.003,411.823,99,22465.2,2685,71,measure
2026-09-10T20:47:30.797+00:00,759.000,410.596,100,22465.2,2685,72,measure
2026-09-10T20:47:31.798+00:00,760.001,411.274,100,22465.2,2685,72,measure
2026-09-10T20:47:32.798+00:00,761.001,415.304,99,22465.2,2685,71,measure
2026-09-10T20:47:33.797+00:00,762.000,413.708,100,22465.2,2685,71,measure
2026-09-10T20:47:34.798+00:00,763.000,404.802,100,22465.2,2685,71,measure
2026-09-10T20:47:35.801+00:00,764.001,406.952,100,22465.2,2685,71,measure
2026-09-10T20:47:36.797+00:00,765.000,405.765,100,22465.2,2685,71,measure
2026-09-10T20:47:37.798+00:00,766.001,411.282,100,22465.2,2685,71,measure
2026-09-10T20:47:38.797+00:00,767.000,409.649,100,22465.2,2685,71,measure
2026-09-10T20:47:39.798+00:00,768.000,416.057,100,22465.2,2685,71,measure
2026-09-10T20:47:40.798+00:00,769.000,416.636,100,22465.2,2685,71,measure
2026-09-10T20:47:41.799+00:00,770.001,412.961,100,22465.2,2685,72,measure
2026-09-10T20:47:42.798+00:00,771.001,404.996,100,22465.2,2685,71,measure
2026-09-10T20:47:43.797+00:00,772.000,408.589,100,22465.2,2685,71,measure
2026-09-10T20:47:44.797+00:00,773.000,409.156,100,22465.2,2685,71,measure
2026-09-10T20:47:45.797+00:00,774.000,411.451,100,22465.2,2685,71,measure
2026-09-10T20:47:46.799+00:00,775.000,413.113,100,22465.2,2685,72,measure
2026-09-10T20:47:47.800+00:00,776.001,413.899,100,22465.2,2685,72,measure
2026-09-10T20:47:48.797+00:00,777.000,414.694,99,22465.2,2685,71,measure
2026-09-10T20:47:49.798+00:00,778.001,409.128,100,22465.2,2685,71,measure
2026-09-10T20:47:50.798+00:00,779.000,405.443,100,22465.2,2685,71,measure
2026-09-10T20:47:51.797+00:00,780.000,407.228,100,22465.2,2685,71,measure
2026-09-10T20:47:52.799+00:00,781.001,411.56,100,22465.2,2685,72,measure
2026-09-10T20:47:53.801+00:00,782.000,410.361,99,22465.2,2685,72,measure
2026-09-10T20:47:54.797+00:00,783.000,411.215,100,22465.2,2685,71,measure
2026-09-10T20:47:55.797+00:00,784.000,416.607,99,22465.2,2685,71,measure
2026-09-10T20:47:56.800+00:00,785.000,412.57,100,22465.2,2685,70,measure
2026-09-10T20:47:57.798+00:00,786.001,405.558,100,22465.2,2685,71,measure
2026-09-10T20:47:58.798+00:00,787.000,407.18,100,22465.2,2685,71,measure
2026-09-10T20:47:59.798+00:00,788.000,407.157,100,22465.2,2685,71,measure
2026-09-10T20:48:00.798+00:00,789.001,411.691,99,22465.2,2685,71,measure
2026-09-10T20:48:01.797+00:00,790.000,409.667,100,22465.2,2685,71,measure
2026-09-10T20:48:00.296+00:00,791.000,415.566,100,22465.2,2685,72,measure
2026-09-10T20:48:01.297+00:00,792.000,417.056,100,22465.2,2685,71,measure
2026-09-10T20:48:02.297+00:00,793.000,412.268,100,22465.2,2685,71,measure
2026-09-10T20:48:03.297+00:00,794.000,405.045,100,22465.2,2685,71,measure
2026-09-10T20:48:04.296+00:00,795.000,408.734,99,22465.2,2685,71,measure
2026-09-10T20:48:05.296+00:00,796.000,408.738,100,22465.2,2685,72,measure
2026-09-10T20:48:06.296+00:00,797.000,412.32,99,22465.2,2685,72,measure
2026-09-10T20:48:07.296+00:00,798.000,414.161,100,22465.2,2685,71,measure
2026-09-10T20:48:08.297+00:00,799.000,414.695,100,22465.2,2685,72,measure
2026-09-10T20:48:09.298+00:00,800.002,414.399,100,22465.2,2685,72,measure
2026-09-10T20:48:10.296+00:00,801.000,408.454,99,22465.2,2685,71,measure
2026-09-10T20:48:11.296+00:00,802.001,406.438,99,22465.2,2685,71,measure
2026-09-10T20:48:12.298+00:00,803.003,406.581,100,22465.2,2685,71,measure
2026-09-10T20:48:13.297+00:00,804.001,411.347,100,22465.2,2685,72,measure
2026-09-10T20:48:14.302+00:00,805.001,409.662,100,22465.2,2685,71,measure
2026-09-10T20:48:15.296+00:00,806.000,412.934,100,22465.2,2685,72,measure
2026-09-10T20:48:16.296+00:00,807.000,416.302,99,22465.2,2685,71,measure
2026-09-10T20:48:17.296+00:00,808.001,412.452,99,22465.2,2685,71,measure
2026-09-10T20:48:18.296+00:00,809.001,405.672,99,22465.2,2685,71,measure
2026-09-10T20:48:19.298+00:00,810.002,407.573,100,22465.2,2685,72,measure
2026-09-10T20:48:20.297+00:00,811.000,407.012,99,22465.2,2685,72,measure
2026-09-10T20:48:21.297+00:00,812.001,411.827,99,22465.2,2685,72,measure
2026-09-10T20:48:22.296+00:00,813.001,409.645,100,22465.2,2685,72,measure
2026-09-10T20:48:23.296+00:00,814.001,416.222,100,22465.2,2685,72,measure
2026-09-10T20:48:24.297+00:00,815.002,415.191,100,22465.2,2685,71,measure
2026-09-10T20:48:25.296+00:00,816.000,411.865,99,22465.2,2685,71,measure
2026-09-10T20:48:26.301+00:00,817.004,404.241,100,22465.2,2685,72,measure
2026-09-10T20:48:27.298+00:00,818.000,408.164,100,22465.2,2685,71,measure
2026-09-10T20:48:28.296+00:00,819.000,409.362,100,22465.2,2685,71,measure
2026-09-10T20:48:29.296+00:00,820.000,413.175,100,22465.2,2685,71,measure
2026-09-10T20:48:30.296+00:00,821.000,413.824,100,22465.2,2685,73,measure
2026-09-10T20:48:31.296+00:00,822.000,414.768,99,22465.2,2685,71,measure
2026-09-10T20:48:32.297+00:00,823.001,415.324,100,22465.2,2685,71,measure
2026-09-10T20:48:30.797+00:00,824.000,408.917,100,22465.2,2685,71,measure
2026-09-10T20:48:31.796+00:00,825.002,406.787,100,22465.2,2685,71,measure
2026-09-10T20:48:32.795+00:00,826.000,406.923,100,22465.2,2685,71,measure
2026-09-10T20:48:33.795+00:00,827.001,412.484,100,22465.2,2685,72,measure
2026-09-10T20:48:34.795+00:00,828.000,410.487,100,22465.2,2685,71,measure
2026-09-10T20:48:35.796+00:00,829.000,413.706,99,22465.2,2685,71,measure
2026-09-10T20:48:36.796+00:00,830.001,416.725,99,22465.2,2685,71,measure
2026-09-10T20:48:37.796+00:00,831.000,413.937,100,22465.2,2685,71,measure
2026-09-10T20:48:38.796+00:00,832.000,404.274,99,22465.2,2685,71,measure
2026-09-10T20:48:39.795+00:00,833.000,408.419,100,22465.2,2685,72,measure
2026-09-10T20:48:40.796+00:00,834.000,407.641,100,22465.2,2685,71,measure
2026-09-10T20:48:41.797+00:00,835.001,411.8,100,22465.2,2685,71,measure
2026-09-10T20:48:42.796+00:00,836.000,413.229,100,22465.2,2685,72,measure
2026-09-10T20:48:43.795+00:00,837.001,417.516,100,22465.2,2685,72,measure
2026-09-10T20:48:44.796+00:00,838.002,415.652,100,22465.2,2685,71,measure
2026-09-10T20:48:45.795+00:00,839.000,412.476,99,22465.2,2685,71,measure
2026-09-10T20:48:46.795+00:00,840.000,405.512,100,22465.2,2685,71,measure
2026-09-10T20:48:47.797+00:00,841.001,382.821,99,22465.2,2685,71,measure
2026-09-10T20:48:48.796+00:00,842.000,408.488,100,22465.2,2685,72,measure
2026-09-10T20:48:49.798+00:00,843.003,411.208,100,22465.2,2685,72,measure
2026-09-10T20:48:50.795+00:00,844.001,413.135,100,22465.2,2685,72,measure
2026-09-10T20:48:51.795+00:00,845.000,413.887,100,22465.2,2685,72,measure
2026-09-10T20:48:52.796+00:00,846.001,413.846,99,22465.2,2685,72,measure
2026-09-10T20:48:53.797+00:00,847.000,408.464,100,22465.2,2685,71,measure
2026-09-10T20:48:54.796+00:00,848.000,405.47,100,22465.2,2685,72,measure
2026-09-10T20:48:55.795+00:00,849.000,405.727,100,22465.2,2685,71,measure
2026-09-10T20:48:56.796+00:00,850.001,411.318,100,22465.2,2685,72,measure
2026-09-10T20:48:57.796+00:00,851.001,409.901,100,22465.2,2685,71,measure
2026-09-10T20:48:58.803+00:00,852.002,412.981,100,22465.2,2685,72,measure
2026-09-10T20:48:59.800+00:00,853.001,416.278,100,22465.2,2685,71,measure
2026-09-10T20:49:00.796+00:00,854.000,411.937,99,22465.2,2685,71,measure
2026-09-10T20:49:01.796+00:00,855.001,404.852,99,22465.2,2685,71,measure
2026-09-10T20:49:00.317+00:00,856.002,406.564,100,22465.2,2685,72,measure
2026-09-10T20:49:01.315+00:00,857.001,407.095,100,22465.2,2685,71,measure
2026-09-10T20:49:02.316+00:00,858.001,411.526,100,22465.2,2685,72,measure
2026-09-10T20:49:03.316+00:00,859.000,409.226,99,22465.2,2685,72,measure
2026-09-10T20:49:04.315+00:00,860.000,415.724,100,22465.2,2685,72,measure
2026-09-10T20:49:05.315+00:00,861.000,415.072,100,22465.2,2685,71,measure
2026-09-10T20:49:06.318+00:00,862.003,411.528,99,22465.2,2685,71,measure
2026-09-10T20:49:07.315+00:00,863.000,403.297,99,22465.2,2685,72,measure
2026-09-10T20:49:08.315+00:00,864.000,407.03,99,22465.2,2685,72,measure
2026-09-10T20:49:09.319+00:00,865.000,408.754,100,22465.2,2685,72,measure
2026-09-10T20:49:10.318+00:00,866.003,411.627,99,22465.2,2685,72,measure
2026-09-10T20:49:11.317+00:00,867.003,412.5,100,22465.2,2685,72,measure
2026-09-10T20:49:12.315+00:00,868.001,413.339,100,22465.2,2685,71,measure
2026-09-10T20:49:13.316+00:00,869.001,413.625,100,22465.2,2685,71,measure
2026-09-10T20:49:14.316+00:00,870.001,408.993,99,22465.2,2685,71,measure
2026-09-10T20:49:15.317+00:00,871.001,406.073,100,22465.2,2685,72,measure
2026-09-10T20:49:16.316+00:00,872.001,405.705,99,22465.2,2685,71,measure
2026-09-10T20:49:17.318+00:00,873.003,411.083,99,22465.2,2685,72,measure
2026-09-10T20:49:18.315+00:00,874.000,409.565,99,22465.2,2685,71,measure
2026-09-10T20:49:19.316+00:00,875.001,412.16,100,22465.2,2685,71,measure
2026-09-10T20:49:20.316+00:00,876.000,416.103,99,22465.2,2685,71,measure
2026-09-10T20:49:21.317+00:00,877.001,412.986,99,22465.2,2685,71,measure
2026-09-10T20:49:22.315+00:00,878.000,403.469,100,22465.2,2685,71,measure
2026-09-10T20:49:23.315+00:00,879.000,406.932,100,22465.2,2685,71,measure
2026-09-10T20:49:24.315+00:00,880.000,406.229,100,22465.2,2685,71,measure
2026-09-10T20:49:25.315+00:00,881.001,410.921,99,22465.2,2685,72,measure
2026-09-10T20:49:26.316+00:00,882.000,410.718,99,22465.2,2685,72,measure
2026-09-10T20:49:27.316+00:00,883.000,416.072,100,22465.2,2685,71,measure
2026-09-10T20:49:28.317+00:00,884.002,415.16,99,22465.2,2685,71,measure
2026-09-10T20:49:29.315+00:00,885.001,412.28,100,22465.2,2685,71,measure
2026-09-10T20:49:30.316+00:00,886.001,402.784,100,22465.2,2685,71,measure
2026-09-10T20:49:31.315+00:00,887.000,407.425,100,22465.2,2685,71,measure
2026-09-10T20:49:29.819+00:00,888.002,408.756,100,22465.2,2685,72,measure
2026-09-10T20:49:30.820+00:00,889.004,410.883,100,22465.2,2685,72,measure
2026-09-10T20:49:31.819+00:00,890.003,412.167,99,22465.2,2685,72,measure
2026-09-10T20:49:32.816+00:00,891.000,413.231,99,22465.2,2685,72,measure
2026-09-10T20:49:33.818+00:00,892.000,413.421,99,22465.2,2685,72,measure
2026-09-10T20:49:34.816+00:00,893.000,407.902,100,22465.2,2685,71,measure
2026-09-10T20:49:35.818+00:00,894.001,404.853,100,22465.2,2685,72,measure
2026-09-10T20:49:36.819+00:00,895.003,405.502,99,22465.2,2685,72,measure
2026-09-10T20:49:37.818+00:00,896.002,410.392,100,22465.2,2685,72,measure
2026-09-10T20:49:38.817+00:00,897.001,409.787,100,22465.2,2685,72,measure
2026-09-10T20:49:39.816+00:00,898.000,410.901,100,22465.2,2685,72,measure
2026-09-10T20:49:40.816+00:00,899.000,415.237,100,22465.2,2685,71,measure
2026-09-10T20:49:41.817+00:00,900.000,412.199,99,22465.2,2685,71,measure
2026-09-10T20:49:42.819+00:00,901.001,403.36,100,22465.2,2685,71,measure
2026-09-10T20:49:43.817+00:00,902.001,406.99,100,22465.2,2685,71,measure
2026-09-10T20:49:44.816+00:00,903.000,405.676,100,22465.2,2685,71,measure
2026-09-10T20:49:45.817+00:00,904.001,411.517,100,22465.2,2685,72,measure
2026-09-10T20:49:46.817+00:00,905.001,410.747,100,22465.2,2685,72,measure
2026-09-10T20:49:47.817+00:00,906.000,415.792,100,22465.2,2685,73,measure
2026-09-10T20:49:48.818+00:00,907.002,415.759,100,22465.2,2685,72,measure
2026-09-10T20:49:49.821+00:00,908.005,409.871,100,22465.2,2685,71,measure
2026-09-10T20:49:50.817+00:00,909.001,400.091,100,22465.2,2685,71,measure
2026-09-10T20:49:51.819+00:00,910.003,408.116,100,22465.2,2685,72,measure
2026-09-10T20:49:52.820+00:00,911.003,408.928,100,22465.2,2685,71,measure
2026-09-10T20:49:53.822+00:00,912.002,411.341,100,22465.2,2685,71,measure
2026-09-10T20:49:54.821+00:00,913.005,413.082,100,22465.2,2685,72,measure
2026-09-10T20:49:55.816+00:00,914.000,413.804,100,22465.2,2685,71,measure
2026-09-10T20:49:56.816+00:00,915.001,414.096,100,22465.2,2685,71,measure
2026-09-10T20:49:57.821+00:00,916.005,407.533,100,22465.2,2685,71,measure
2026-09-10T20:49:58.817+00:00,917.001,405.22,100,22465.2,2685,71,measure
2026-09-10T20:49:59.817+00:00,918.000,405.894,100,22465.2,2685,71,measure
2026-09-10T20:50:00.818+00:00,919.000,410.113,100,22465.2,2685,72,measure
2026-09-10T20:50:01.816+00:00,920.001,409.756,100,22465.2,2685,72,measure
2026-09-10T20:50:00.316+00:00,921.001,413.023,100,22465.2,2685,72,measure
2026-09-10T20:50:01.316+00:00,922.001,415.561,100,22465.2,2685,71,measure
2026-09-10T20:50:02.315+00:00,923.000,412.117,100,22465.2,2685,71,measure
2026-09-10T20:50:03.316+00:00,924.000,404.056,100,22465.2,2685,71,measure
2026-09-10T20:50:04.317+00:00,925.001,406.234,100,22465.2,2685,71,measure
2026-09-10T20:50:05.315+00:00,926.000,406.316,100,22465.2,2685,72,measure
2026-09-10T20:50:06.316+00:00,927.001,411.185,100,22465.2,2685,71,measure
2026-09-10T20:50:07.322+00:00,928.006,409.743,100,22465.2,2685,73,measure
2026-09-10T20:50:08.315+00:00,929.001,415.271,100,22465.2,2685,71,measure
2026-09-10T20:50:09.317+00:00,930.000,414.52,100,22465.2,2685,71,measure
2026-09-10T20:50:10.315+00:00,931.000,410.598,100,22465.2,2685,71,measure
2026-09-10T20:50:11.315+00:00,932.000,404.396,100,22465.2,2685,71,measure
2026-09-10T20:50:12.318+00:00,933.003,407.778,100,22465.2,2685,71,measure
2026-09-10T20:50:13.315+00:00,934.000,408.339,100,22465.2,2685,72,measure
2026-09-10T20:50:14.315+00:00,935.001,411.513,100,22465.2,2685,72,measure
2026-09-10T20:50:15.317+00:00,936.000,412.866,100,22465.2,2685,72,measure
2026-09-10T20:50:16.316+00:00,937.000,413.061,100,22465.2,2685,72,measure
2026-09-10T20:50:17.316+00:00,938.001,413.893,100,22465.2,2685,71,measure
2026-09-10T20:50:18.319+00:00,939.003,407.386,100,22465.2,2685,71,measure
2026-09-10T20:50:19.317+00:00,940.003,405.254,100,22465.2,2685,72,measure
2026-09-10T20:50:20.316+00:00,941.001,406.222,99,22465.2,2685,71,measure
2026-09-10T20:50:21.318+00:00,942.000,410.879,100,22465.2,2685,72,measure
2026-09-10T20:50:22.317+00:00,943.002,408.808,100,22465.2,2685,72,measure
2026-09-10T20:50:23.315+00:00,944.000,413.295,99,22465.2,2685,71,measure
2026-09-10T20:50:24.315+00:00,945.000,415.724,100,22465.2,2685,71,measure
2026-09-10T20:50:25.315+00:00,946.000,412.115,100,22465.2,2685,71,measure
2026-09-10T20:50:26.316+00:00,947.001,403.511,100,22465.2,2685,71,measure
2026-09-10T20:50:27.317+00:00,948.000,406.752,100,22465.2,2685,71,measure
2026-09-10T20:50:28.316+00:00,949.001,406.787,100,22465.2,2685,72,measure
2026-09-10T20:50:29.315+00:00,950.001,411.729,100,22465.2,2685,71,measure
2026-09-10T20:50:30.316+00:00,951.000,411.971,100,22465.2,2685,71,measure
2026-09-10T20:50:31.316+00:00,952.001,416.01,100,22465.2,2685,72,measure
2026-09-10T20:50:29.816+00:00,953.000,414.977,99,22465.2,2685,72,measure
2026-09-10T20:50:30.817+00:00,954.001,410.97,100,22465.2,2685,71,measure
2026-09-10T20:50:31.816+00:00,955.000,404.089,100,22465.2,2685,71,measure
2026-09-10T20:50:32.821+00:00,956.004,407.719,99,22465.2,2685,71,measure
2026-09-10T20:50:33.818+00:00,957.003,408.93,100,22465.2,2685,71,measure
2026-09-10T20:50:34.816+00:00,958.000,412.222,100,22465.2,2685,72,measure
2026-09-10T20:50:35.816+00:00,959.000,412.182,100,22465.2,2685,71,measure
2026-09-10T20:50:36.817+00:00,960.001,414.465,99,22465.2,2685,71,measure
2026-09-10T20:50:37.816+00:00,961.000,413.753,99,22465.2,2685,72,measure
2026-09-10T20:50:38.816+00:00,962.000,407.432,100,22465.2,2685,71,measure
2026-09-10T20:50:39.816+00:00,963.000,405.28,100,22465.2,2685,71,measure
2026-09-10T20:50:40.819+00:00,964.004,405.404,100,22465.2,2685,71,measure
2026-09-10T20:50:41.818+00:00,965.002,410.67,99,22465.2,2685,72,measure
2026-09-10T20:50:42.818+00:00,966.001,409.144,100,22465.2,2685,71,measure
2026-09-10T20:50:43.819+00:00,967.003,413.411,99,22465.2,2685,73,measure
2026-09-10T20:50:44.816+00:00,968.001,416.717,100,22465.2,2685,72,measure
2026-09-10T20:50:45.822+00:00,969.007,413.186,100,22465.2,2685,72,measure
2026-09-10T20:50:46.819+00:00,970.003,403.358,99,22465.2,2685,71,measure
2026-09-10T20:50:47.816+00:00,971.000,407.004,99,22465.2,2685,72,measure
2026-09-10T20:50:48.820+00:00,972.001,405.666,100,22465.2,2685,72,measure
2026-09-10T20:50:49.816+00:00,973.000,410.629,99,22465.2,2685,72,measure
2026-09-10T20:50:50.816+00:00,974.001,411.497,100,22465.2,2685,72,measure
2026-09-10T20:50:51.815+00:00,975.000,416.154,100,22465.2,2685,72,measure
2026-09-10T20:50:52.816+00:00,976.000,414.283,100,22465.2,2685,71,measure
2026-09-10T20:50:53.817+00:00,977.000,409.616,100,22465.2,2685,71,measure
2026-09-10T20:50:54.817+00:00,978.001,404.102,99,22465.2,2685,72,measure
2026-09-10T20:50:55.816+00:00,979.001,407.448,100,22465.2,2685,71,measure
2026-09-10T20:50:56.816+00:00,980.001,408.439,100,22465.2,2685,71,measure
2026-09-10T20:50:57.816+00:00,981.001,408.627,100,22465.2,2685,71,measure
2026-09-10T20:50:58.816+00:00,982.000,412.466,100,22465.2,2685,73,measure
2026-09-10T20:50:59.818+00:00,983.001,414.012,99,22465.2,2685,71,measure
2026-09-10T20:51:00.819+00:00,984.002,413.991,100,22465.2,2685,71,measure
2026-09-10T20:51:01.816+00:00,985.001,406.569,99,22465.2,2685,71,measure
2026-09-10T20:51:00.317+00:00,986.001,404.407,99,22465.2,2685,71,measure
2026-09-10T20:51:01.317+00:00,987.001,405.305,99,22465.2,2685,71,measure
2026-09-10T20:51:02.317+00:00,988.000,410.487,99,22465.2,2685,72,measure
2026-09-10T20:51:03.318+00:00,989.000,407.711,100,22465.2,2685,71,measure
2026-09-10T20:51:04.320+00:00,990.001,413.415,99,22465.2,2685,71,measure
2026-09-10T20:51:05.318+00:00,991.001,415.958,99,22465.2,2685,71,measure
2026-09-10T20:51:06.317+00:00,992.001,412.62,100,22465.2,2685,71,measure
2026-09-10T20:51:07.326+00:00,993.008,402.838,100,22465.2,2685,71,measure
2026-09-10T20:51:08.317+00:00,994.000,407.108,99,22465.2,2685,72,measure
2026-09-10T20:51:09.318+00:00,995.000,406.211,100,22465.2,2685,71,measure
2026-09-10T20:51:10.319+00:00,996.000,411.304,100,22465.2,2685,71,measure
2026-09-10T20:51:11.318+00:00,997.002,410.938,100,22465.2,2685,72,measure
2026-09-10T20:51:12.319+00:00,998.003,414.559,99,22465.2,2685,72,measure
2026-09-10T20:51:13.325+00:00,999.007,414.727,100,22465.2,2685,71,measure
2026-09-10T20:51:14.317+00:00,1000.001,410.618,99,22465.2,2685,71,measure
2026-09-10T20:51:15.319+00:00,1001.000,403.845,100,22465.2,2685,71,measure
2026-09-10T20:51:16.318+00:00,1002.000,407.269,99,22465.2,2685,71,measure
2026-09-10T20:51:17.318+00:00,1003.001,408.806,99,22465.2,2685,72,measure
2026-09-10T20:51:18.317+00:00,1004.001,410.059,99,22465.2,2685,72,measure
2026-09-10T20:51:19.317+00:00,1005.000,412.77,100,22465.2,2685,72,measure
2026-09-10T20:51:20.317+00:00,1006.001,413.992,100,22465.2,2685,71,measure
2026-09-10T20:51:21.319+00:00,1007.000,414.596,99,22465.2,2685,72,measure
2026-09-10T20:51:22.317+00:00,1008.000,407.723,99,22465.2,2685,71,measure
2026-09-10T20:51:23.317+00:00,1009.001,405.504,99,22465.2,2685,71,measure
2026-09-10T20:51:24.317+00:00,1010.001,405.918,100,22465.2,2685,71,measure
2026-09-10T20:51:25.319+00:00,1011.002,411.17,100,22465.2,2685,72,measure
2026-09-10T20:51:26.317+00:00,1012.001,408.929,100,22465.2,2685,72,measure
2026-09-10T20:51:27.320+00:00,1013.002,413.758,100,22465.2,2685,72,measure
2026-09-10T20:51:28.319+00:00,1014.003,415.898,100,22465.2,2685,71,measure
2026-09-10T20:51:29.317+00:00,1015.001,410.889,99,22465.2,2685,71,measure
2026-09-10T20:51:30.317+00:00,1016.000,401.696,99,22465.2,2685,71,measure
2026-09-10T20:51:31.318+00:00,1017.002,406.905,99,22465.2,2685,72,measure
2026-09-10T20:51:29.817+00:00,1018.001,406.625,100,22465.2,2685,71,measure
2026-09-10T20:51:30.818+00:00,1019.000,410.947,100,22465.2,2685,71,measure
2026-09-10T20:51:31.821+00:00,1020.004,411.532,100,22465.2,2685,72,measure
2026-09-10T20:51:32.817+00:00,1021.001,414.963,100,22465.2,2685,72,measure
2026-09-10T20:51:33.817+00:00,1022.000,414.139,100,22465.2,2685,71,measure
2026-09-10T20:51:34.817+00:00,1023.000,410.15,99,22465.2,2685,71,measure
2026-09-10T20:51:35.817+00:00,1024.001,403.444,99,22465.2,2685,72,measure
2026-09-10T20:51:36.819+00:00,1025.000,407.145,99,22465.2,2685,71,measure
2026-09-10T20:51:37.817+00:00,1026.000,408.539,100,22465.2,2685,72,measure
2026-09-10T20:51:38.817+00:00,1027.001,410.546,99,22465.2,2685,72,measure
2026-09-10T20:51:39.817+00:00,1028.000,411.306,100,22465.2,2685,72,measure
2026-09-10T20:51:40.818+00:00,1029.000,414.747,100,22465.2,2685,71,measure
2026-09-10T20:51:41.817+00:00,1030.000,413.509,100,22465.2,2685,71,measure
2026-09-10T20:51:42.821+00:00,1031.000,407.167,99,22465.2,2685,71,measure
2026-09-10T20:51:43.819+00:00,1032.000,404.587,100,22465.2,2685,71,measure
2026-09-10T20:51:44.817+00:00,1033.001,404.27,100,22465.2,2685,71,measure
2026-09-10T20:51:45.817+00:00,1034.000,410.669,100,22465.2,2685,71,measure
2026-09-10T20:51:46.817+00:00,1035.001,408.532,100,22465.2,2685,71,measure
2026-09-10T20:51:47.819+00:00,1036.001,413.622,100,22465.2,2685,71,measure
2026-09-10T20:51:48.818+00:00,1037.001,415.988,99,22465.2,2685,71,measure
2026-09-10T20:51:49.818+00:00,1038.001,411.085,99,22465.2,2685,72,measure
2026-09-10T20:51:50.817+00:00,1039.000,402.656,100,22465.2,2685,71,measure
2026-09-10T20:51:51.817+00:00,1040.000,406.717,100,22465.2,2685,72,measure
2026-09-10T20:51:52.817+00:00,1041.000,405.409,99,22465.2,2685,71,measure
2026-09-10T20:51:53.817+00:00,1042.000,410.599,100,22465.2,2685,72,measure
2026-09-10T20:51:54.818+00:00,1043.000,411.312,99,22465.2,2685,72,measure
2026-09-10T20:51:55.817+00:00,1044.000,414.766,100,22465.2,2685,72,measure
2026-09-10T20:51:56.817+00:00,1045.000,413.14,100,22465.2,2685,71,measure
2026-09-10T20:51:57.822+00:00,1046.003,408.815,100,22465.2,2685,71,measure
2026-09-10T20:51:58.819+00:00,1047.003,403.303,100,22465.2,2685,71,measure
2026-09-10T20:51:59.825+00:00,1048.006,406.657,99,22465.2,2685,71,measure
2026-09-10T20:52:00.819+00:00,1049.001,408.663,100,22465.2,2685,72,measure
2026-09-10T20:52:01.818+00:00,1050.001,408.408,100,22465.2,2685,72,measure
2026-09-10T20:52:00.333+00:00,1051.003,412.03,100,22465.2,2685,72,measure
2026-09-10T20:52:01.333+00:00,1052.004,414.497,100,22465.2,2685,72,measure
2026-09-10T20:52:02.342+00:00,1053.008,413.584,99,22465.2,2685,71,measure
2026-09-10T20:52:03.330+00:00,1054.000,406.827,100,22465.2,2685,71,measure
2026-09-10T20:52:04.334+00:00,1055.001,405.716,100,22465.2,2685,71,measure
2026-09-10T20:52:05.334+00:00,1056.005,404.939,100,22465.2,2685,72,measure
2026-09-10T20:52:06.331+00:00,1057.002,411.339,100,22465.2,2685,72,measure
2026-09-10T20:52:07.331+00:00,1058.001,408.215,100,22465.2,2685,72,measure
2026-09-10T20:52:08.330+00:00,1059.001,413.267,100,22465.2,2685,72,measure
2026-09-10T20:52:09.330+00:00,1060.001,416.244,100,22465.2,2685,71,measure
2026-09-10T20:52:10.332+00:00,1061.001,412.397,100,22465.2,2685,71,measure
2026-09-10T20:52:11.332+00:00,1062.003,402.518,100,22465.2,2685,71,measure
2026-09-10T20:52:12.330+00:00,1063.001,407.577,100,22465.2,2685,71,measure
2026-09-10T20:52:13.334+00:00,1064.005,405.58,100,22465.2,2685,72,measure
2026-09-10T20:52:14.332+00:00,1065.003,410.422,100,22465.2,2685,72,measure
2026-09-10T20:52:15.331+00:00,1066.000,412.465,100,22465.2,2685,72,measure
2026-09-10T20:52:16.331+00:00,1067.000,414.321,100,22465.2,2685,73,measure
2026-09-10T20:52:17.330+00:00,1068.000,413.84,100,22465.2,2685,72,measure
2026-09-10T20:52:18.330+00:00,1069.001,410.07,100,22465.2,2685,71,measure
2026-09-10T20:52:19.333+00:00,1070.003,404.763,100,22465.2,2685,72,measure
2026-09-10T20:52:20.331+00:00,1071.001,405.954,100,22465.2,2685,71,measure
2026-09-10T20:52:21.331+00:00,1072.000,410.089,100,22465.2,2685,71,measure
2026-09-10T20:52:22.332+00:00,1073.000,408.836,100,22465.2,2685,71,measure
2026-09-10T20:52:23.330+00:00,1074.001,412.562,100,22465.2,2685,72,measure
2026-09-10T20:52:24.330+00:00,1075.001,414.627,100,22465.2,2685,71,measure
2026-09-10T20:52:25.332+00:00,1076.000,414.291,100,22465.2,2685,71,measure
2026-09-10T20:52:26.330+00:00,1077.001,406.878,100,22465.2,2685,71,measure
2026-09-10T20:52:27.332+00:00,1078.001,405.601,100,22465.2,2685,72,measure
2026-09-10T20:52:28.334+00:00,1079.001,405.133,100,22465.2,2685,71,measure
2026-09-10T20:52:29.330+00:00,1080.001,410.65,100,22465.2,2685,72,measure
2026-09-10T20:52:30.330+00:00,1081.000,408.137,99,22465.2,2685,73,measure
2026-09-10T20:52:31.330+00:00,1082.000,414.313,100,22465.2,2685,72,measure
2026-09-10T20:52:29.853+00:00,1083.000,416.031,99,22465.2,2685,71,measure
2026-09-10T20:52:30.854+00:00,1084.000,412.844,100,22465.2,2685,71,measure
2026-09-10T20:52:31.854+00:00,1085.001,402.834,100,22465.2,2685,71,measure
2026-09-10T20:52:32.853+00:00,1086.000,407.662,100,22465.2,2685,71,measure
2026-09-10T20:52:33.853+00:00,1087.001,405.934,100,22465.2,2685,72,measure
2026-09-10T20:52:34.853+00:00,1088.001,411.216,100,22465.2,2685,71,measure
2026-09-10T20:52:35.854+00:00,1089.001,413.08,100,22465.2,2685,73,measure
2026-09-10T20:52:36.855+00:00,1090.001,413.871,100,22465.2,2685,71,measure
2026-09-10T20:52:37.856+00:00,1091.001,413.932,100,22465.2,2685,71,measure
2026-09-10T20:52:38.853+00:00,1092.000,408.787,99,22465.2,2685,73,measure
2026-09-10T20:52:39.853+00:00,1093.000,403.821,100,22465.2,2685,71,measure
2026-09-10T20:52:40.855+00:00,1094.003,405.945,100,22465.2,2685,71,measure
2026-09-10T20:52:41.853+00:00,1095.000,409.255,100,22465.2,2685,72,measure
2026-09-10T20:52:42.855+00:00,1096.000,408.771,99,22465.2,2685,71,measure
2026-09-10T20:52:43.856+00:00,1097.000,410.526,100,22465.2,2685,72,measure
2026-09-10T20:52:44.853+00:00,1098.001,414.433,99,22465.2,2685,72,measure
2026-09-10T20:52:45.853+00:00,1099.000,413.999,99,22465.2,2685,71,measure
2026-09-10T20:52:46.853+00:00,1100.000,406.646,99,22465.2,2685,71,measure
2026-09-10T20:52:47.853+00:00,1101.001,406.035,100,22465.2,2685,72,measure
2026-09-10T20:52:48.855+00:00,1102.000,404.338,100,22465.2,2685,71,measure
2026-09-10T20:52:49.856+00:00,1103.001,410.366,100,22465.2,2685,71,measure
2026-09-10T20:52:50.853+00:00,1104.001,407.738,100,22465.2,2685,72,measure
2026-09-10T20:52:51.853+00:00,1105.000,415.046,100,22465.2,2685,72,measure
2026-09-10T20:52:52.855+00:00,1106.001,416.717,99,22465.2,2685,71,measure
2026-09-10T20:52:53.853+00:00,1107.000,412.374,100,22465.2,2685,71,measure
2026-09-10T20:52:54.857+00:00,1108.003,402.658,99,22465.2,2685,71,measure
2026-09-10T20:52:55.856+00:00,1109.002,408.018,100,22465.2,2685,71,measure
2026-09-10T20:52:56.853+00:00,1110.001,406.946,99,22465.2,2685,72,measure
2026-09-10T20:52:57.853+00:00,1111.000,410.484,100,22465.2,2685,71,measure
2026-09-10T20:52:58.853+00:00,1112.000,412.306,100,22465.2,2685,71,measure
2026-09-10T20:52:59.853+00:00,1113.000,413.978,100,22465.2,2685,73,measure
2026-09-10T20:53:00.855+00:00,1114.001,412.525,100,22465.2,2685,72,measure
2026-09-10T20:52:59.375+00:00,1115.001,408.502,100,22465.2,2685,71,measure
2026-09-10T20:53:00.373+00:00,1116.001,403.68,100,22465.2,2685,71,measure
2026-09-10T20:53:01.373+00:00,1117.001,406.25,99,22465.2,2685,71,measure
2026-09-10T20:53:02.373+00:00,1118.000,409.899,99,22465.2,2685,72,measure
2026-09-10T20:53:03.373+00:00,1119.001,407.904,100,22465.2,2685,72,measure
2026-09-10T20:53:04.374+00:00,1120.000,411.313,100,22465.2,2685,72,measure
2026-09-10T20:53:05.375+00:00,1121.001,414.625,100,22465.2,2685,71,measure
2026-09-10T20:53:06.374+00:00,1122.002,412.453,99,22465.2,2685,71,measure
2026-09-10T20:53:07.373+00:00,1123.001,405.476,100,22465.2,2685,71,measure
2026-09-10T20:53:08.372+00:00,1124.000,405.893,99,22465.2,2685,72,measure
2026-09-10T20:53:09.373+00:00,1125.001,404.137,99,22465.2,2685,71,measure
2026-09-10T20:53:10.379+00:00,1126.001,410.314,99,22465.2,2685,72,measure
2026-09-10T20:53:11.373+00:00,1127.000,407.972,99,22465.2,2685,72,measure
2026-09-10T20:53:12.373+00:00,1128.001,414.527,99,22465.2,2685,72,measure
2026-09-10T20:53:13.373+00:00,1129.001,416.623,100,22465.2,2685,71,measure
2026-09-10T20:53:14.376+00:00,1130.003,412.443,100,22465.2,2685,72,measure
2026-09-10T20:53:15.376+00:00,1131.003,402.725,99,22465.2,2685,71,measure
2026-09-10T20:53:16.375+00:00,1132.001,407.077,99,22465.2,2685,72,measure
2026-09-10T20:53:17.374+00:00,1133.001,406.801,100,22465.2,2685,72,measure
2026-09-10T20:53:18.376+00:00,1134.003,410.879,100,22465.2,2685,72,measure
2026-09-10T20:53:19.372+00:00,1135.000,412.219,99,22465.2,2685,72,measure
2026-09-10T20:53:20.374+00:00,1136.001,413.624,100,22465.2,2685,72,measure
2026-09-10T20:53:21.373+00:00,1137.000,413.197,100,22465.2,2685,71,measure
2026-09-10T20:53:22.378+00:00,1138.003,409.174,99,22465.2,2685,71,measure
2026-09-10T20:53:23.373+00:00,1139.001,404.125,99,22465.2,2685,72,measure
2026-09-10T20:53:24.372+00:00,1140.000,404.441,100,22465.2,2685,71,measure
2026-09-10T20:53:25.374+00:00,1141.001,410.057,99,22465.2,2685,71,measure
2026-09-10T20:53:26.375+00:00,1142.003,408.755,100,22465.2,2685,71,measure
2026-09-10T20:53:27.372+00:00,1143.000,411.078,99,22465.2,2685,73,measure
2026-09-10T20:53:28.374+00:00,1144.000,414.214,100,22465.2,2685,71,measure
2026-09-10T20:53:29.374+00:00,1145.000,413.027,100,22465.2,2685,71,measure
2026-09-10T20:53:30.374+00:00,1146.002,405.754,100,22465.2,2685,71,measure
2026-09-10T20:53:31.374+00:00,1147.002,404.875,100,22465.2,2685,72,measure
2026-09-10T20:53:29.876+00:00,1148.000,404.983,100,22465.2,2685,71,measure
2026-09-10T20:53:30.877+00:00,1149.001,410.803,100,22465.2,2685,72,measure
2026-09-10T20:53:31.877+00:00,1150.000,407.571,99,22465.2,2685,71,measure
2026-09-10T20:53:32.877+00:00,1151.000,414.128,100,22465.2,2685,71,measure
2026-09-10T20:53:33.876+00:00,1152.000,415.375,100,22465.2,2685,71,measure
2026-09-10T20:53:34.879+00:00,1153.001,412.275,100,22465.2,2685,72,measure
2026-09-10T20:53:35.877+00:00,1154.000,402.576,100,22465.2,2685,71,measure
2026-09-10T20:53:36.877+00:00,1155.001,407.822,100,22465.2,2685,71,measure
2026-09-10T20:53:37.878+00:00,1156.001,407.94,99,22465.2,2685,71,measure
2026-09-10T20:53:38.877+00:00,1157.000,410.376,100,22465.2,2685,71,measure
2026-09-10T20:53:39.876+00:00,1158.000,412.718,100,22465.2,2685,72,measure
2026-09-10T20:53:40.877+00:00,1159.001,414.235,100,22465.2,2685,72,measure
2026-09-10T20:53:41.877+00:00,1160.001,413.383,100,22465.2,2685,71,measure
2026-09-10T20:53:42.879+00:00,1161.002,407.467,100,22465.2,2685,71,measure
2026-09-10T20:53:43.879+00:00,1162.001,404.533,100,22465.2,2685,71,measure
2026-09-10T20:53:44.877+00:00,1163.001,405.397,100,22465.2,2685,71,measure
2026-09-10T20:53:45.879+00:00,1164.002,410.299,100,22465.2,2685,72,measure
2026-09-10T20:53:46.876+00:00,1165.001,410.273,99,22465.2,2685,72,measure
2026-09-10T20:53:47.876+00:00,1166.000,411.388,100,22465.2,2685,71,measure
2026-09-10T20:53:48.876+00:00,1167.000,415.125,99,22465.2,2685,71,measure
2026-09-10T20:53:49.877+00:00,1168.001,412.806,100,22465.2,2685,71,measure
2026-09-10T20:53:50.876+00:00,1169.000,404.655,100,22465.2,2685,71,measure
2026-09-10T20:53:51.876+00:00,1170.000,407.604,100,22465.2,2685,72,measure
2026-09-10T20:53:52.880+00:00,1171.004,405.688,100,22465.2,2685,72,measure
2026-09-10T20:53:53.877+00:00,1172.001,411.228,100,22465.2,2685,71,measure
2026-09-10T20:53:54.879+00:00,1173.002,410.263,100,22465.2,2685,71,measure
2026-09-10T20:53:55.880+00:00,1174.001,415.529,100,22465.2,2685,72,measure
2026-09-10T20:53:56.877+00:00,1175.001,415.896,99,22465.2,2685,71,measure
2026-09-10T20:53:57.881+00:00,1176.005,412.803,100,22465.2,2685,71,measure
2026-09-10T20:53:58.876+00:00,1177.001,403.029,100,22465.2,2685,71,measure
2026-09-10T20:53:59.877+00:00,1178.001,407.946,100,22465.2,2685,71,measure
2026-09-10T20:54:00.877+00:00,1179.000,408.264,100,22465.2,2685,71,measure
2026-09-10T20:53:59.377+00:00,1180.002,410.279,100,22465.2,2685,72,measure
2026-09-10T20:54:00.376+00:00,1181.001,412.638,100,22465.2,2685,71,measure
2026-09-10T20:54:01.377+00:00,1182.002,413.17,99,22465.2,2685,72,measure
2026-09-10T20:54:02.378+00:00,1183.002,413.647,99,22465.2,2685,72,measure
2026-09-10T20:54:03.376+00:00,1184.000,407.514,100,22465.2,2685,71,measure
2026-09-10T20:54:04.377+00:00,1185.000,404.289,100,22465.2,2685,71,measure
2026-09-10T20:54:05.380+00:00,1186.000,406.045,100,22465.2,2685,71,measure
2026-09-10T20:54:06.376+00:00,1187.001,409.834,100,22465.2,2685,72,measure
2026-09-10T20:54:07.376+00:00,1188.000,408.643,100,22465.2,2685,71,measure
2026-09-10T20:54:08.375+00:00,1189.000,409.696,100,22465.2,2685,72,measure
2026-09-10T20:54:09.378+00:00,1190.003,415.031,100,22465.2,2685,72,measure
2026-09-10T20:54:10.378+00:00,1191.001,411.782,100,22465.2,2685,71,measure
2026-09-10T20:54:11.378+00:00,1192.001,404.515,100,22465.2,2685,71,measure
2026-09-10T20:54:12.379+00:00,1193.004,406.736,100,22465.2,2685,72,measure
2026-09-10T20:54:13.376+00:00,1194.001,405.425,100,22465.2,2685,72,measure
2026-09-10T20:54:14.377+00:00,1195.002,411.481,100,22465.2,2685,72,measure
2026-09-10T20:54:15.376+00:00,1196.001,409.623,100,22465.2,2685,72,measure
2026-09-10T20:54:16.379+00:00,1197.002,414.647,100,22465.2,2685,72,measure
2026-09-10T20:54:17.378+00:00,1198.002,415.709,100,22465.2,2685,71,measure
2026-09-10T20:54:18.376+00:00,1199.001,410.707,100,22465.2,2685,71,measure
2026-09-10T20:54:19.376+00:00,1200.001,404.42,100,22465.2,2685,72,measure
2026-09-10T20:54:20.377+00:00,1201.002,407.831,100,22465.2,2685,71,measure
2026-09-10T20:54:21.377+00:00,1202.002,408.674,100,22465.2,2685,71,measure
2026-09-10T20:54:22.378+00:00,1203.001,411.912,100,22465.2,2685,71,measure
2026-09-10T20:54:23.376+00:00,1204.001,413.135,100,22465.2,2685,73,measure
2026-09-10T20:54:24.376+00:00,1205.000,413.62,99,22465.2,2685,71,measure
2026-09-10T20:54:25.375+00:00,1206.000,413.824,100,22465.2,2685,71,measure
2026-09-10T20:54:26.376+00:00,1207.000,408.053,100,22465.2,2685,71,measure
2026-09-10T20:54:27.375+00:00,1208.000,405.144,100,22465.2,2685,71,measure
2026-09-10T20:54:28.377+00:00,1209.001,405.692,100,22465.2,2685,71,measure
2026-09-10T20:54:29.378+00:00,1210.001,410.48,100,22465.2,2685,72,measure
2026-09-10T20:54:30.376+00:00,1211.001,409.599,100,22465.2,2685,71,measure
2026-09-10T20:54:31.375+00:00,1212.001,412.742,100,22465.2,2685,72,measure
2026-09-10T20:54:29.877+00:00,1213.001,415.274,100,22465.2,2685,71,measure
2026-09-10T20:54:30.876+00:00,1214.001,411.738,100,22465.2,2685,71,measure
2026-09-10T20:54:31.877+00:00,1215.000,404.364,100,22465.2,2685,71,measure
2026-09-10T20:54:32.876+00:00,1216.001,406.783,100,22465.2,2685,72,measure
2026-09-10T20:54:33.880+00:00,1217.004,406.267,100,22465.2,2685,71,measure
2026-09-10T20:54:34.879+00:00,1218.003,411.674,99,22465.2,2685,71,measure
2026-09-10T20:54:35.877+00:00,1219.001,409.951,100,22465.2,2685,72,measure
2026-09-10T20:54:36.886+00:00,1220.008,415.968,99,22465.2,2685,72,measure
2026-09-10T20:54:37.877+00:00,1221.000,414.962,99,22465.2,2685,71,measure
2026-09-10T20:54:38.878+00:00,1222.000,411.338,100,22465.2,2685,71,measure
2026-09-10T20:54:39.876+00:00,1223.000,404.456,99,22465.2,2685,71,measure
2026-09-10T20:54:40.876+00:00,1224.001,407.62,99,22465.2,2685,71,measure
2026-09-10T20:54:41.876+00:00,1225.000,408.734,100,22465.2,2685,72,measure
2026-09-10T20:54:42.876+00:00,1226.000,412.116,100,22465.2,2685,72,measure
2026-09-10T20:54:43.877+00:00,1227.000,412.528,100,22465.2,2685,71,measure
2026-09-10T20:54:44.876+00:00,1228.000,413.175,100,22465.2,2685,72,measure
2026-09-10T20:54:45.876+00:00,1229.001,414.179,100,22465.2,2685,71,measure
2026-09-10T20:54:46.876+00:00,1230.000,407.013,100,22465.2,2685,71,measure
2026-09-10T20:54:47.876+00:00,1231.001,405.094,100,22465.2,2685,71,measure
2026-09-10T20:54:48.876+00:00,1232.000,406.042,99,22465.2,2685,71,measure
2026-09-10T20:54:49.882+00:00,1233.001,410.662,100,22465.2,2685,72,measure
2026-09-10T20:54:50.877+00:00,1234.000,409.023,100,22465.2,2685,72,measure
2026-09-10T20:54:51.875+00:00,1235.000,412.836,100,22465.2,2685,71,measure
2026-09-10T20:54:52.876+00:00,1236.001,416.085,100,22465.2,2685,71,measure
2026-09-10T20:54:53.876+00:00,1237.001,412.224,99,22465.2,2685,71,measure
2026-09-10T20:54:54.876+00:00,1238.000,403.712,100,22465.2,2685,71,measure
2026-09-10T20:54:55.878+00:00,1239.000,407.425,100,22465.2,2685,71,measure
2026-09-10T20:54:56.877+00:00,1240.000,406.955,100,22465.2,2685,71,measure
2026-09-10T20:54:57.876+00:00,1241.000,411.601,99,22465.2,2685,72,measure
2026-09-10T20:54:58.876+00:00,1242.001,411.875,100,22465.2,2685,71,measure
2026-09-10T20:54:59.876+00:00,1243.000,416.267,100,22465.2,2685,73,measure
2026-09-10T20:55:00.876+00:00,1244.001,414.322,100,22465.2,2685,71,measure
2026-09-10T20:54:59.377+00:00,1245.000,411.178,99,22465.2,2685,71,measure
2026-09-10T20:55:00.378+00:00,1246.001,403.886,100,22465.2,2685,72,measure
2026-09-10T20:55:01.376+00:00,1247.000,407.16,100,22465.2,2685,72,measure
2026-09-10T20:55:02.377+00:00,1248.002,408.121,100,22465.2,2685,72,measure
2026-09-10T20:55:03.376+00:00,1249.001,411.25,99,22465.2,2685,71,measure
2026-09-10T20:55:04.377+00:00,1250.001,411.39,100,22465.2,2685,73,measure
2026-09-10T20:55:05.379+00:00,1251.000,414.538,100,22465.2,2685,71,measure
2026-09-10T20:55:06.377+00:00,1252.000,414.917,99,22465.2,2685,71,measure
2026-09-10T20:55:07.376+00:00,1253.000,408.322,99,22465.2,2685,71,measure
2026-09-10T20:55:08.376+00:00,1254.001,405.545,100,22465.2,2685,72,measure
2026-09-10T20:55:09.376+00:00,1255.001,405.869,100,22465.2,2685,71,measure
2026-09-10T20:55:10.376+00:00,1256.000,411.809,99,22465.2,2685,71,measure
2026-09-10T20:55:11.379+00:00,1257.002,408.699,99,22465.2,2685,71,measure
2026-09-10T20:55:12.378+00:00,1258.003,412.443,99,22465.2,2685,72,measure
2026-09-10T20:55:13.380+00:00,1259.005,416.49,100,22465.2,2685,71,measure
2026-09-10T20:55:14.379+00:00,1260.002,413.398,100,22465.2,2685,71,measure
2026-09-10T20:55:15.378+00:00,1261.003,404.081,100,22465.2,2685,71,measure
2026-09-10T20:55:16.377+00:00,1262.001,408.205,100,22465.2,2685,71,measure
2026-09-10T20:55:17.380+00:00,1263.003,406.96,100,22465.2,2685,71,measure
2026-09-10T20:55:18.376+00:00,1264.001,412.097,100,22465.2,2685,72,measure
2026-09-10T20:55:19.376+00:00,1265.000,412.241,100,22465.2,2685,72,measure
2026-09-10T20:55:20.376+00:00,1266.000,417.146,100,22465.2,2685,71,measure
2026-09-10T20:55:21.376+00:00,1267.000,415.584,100,22465.2,2685,71,measure
2026-09-10T20:55:22.376+00:00,1268.001,410.48,99,22465.2,2685,71,measure
2026-09-10T20:55:23.380+00:00,1269.003,404.718,100,22465.2,2685,71,measure
2026-09-10T20:55:24.376+00:00,1270.000,408.545,100,22465.2,2685,71,measure
2026-09-10T20:55:25.376+00:00,1271.001,409.821,100,22465.2,2685,71,measure
2026-09-10T20:55:26.376+00:00,1272.000,410.04,100,22465.2,2685,72,measure
2026-09-10T20:55:27.380+00:00,1273.004,412.706,100,22465.2,2685,72,measure
2026-09-10T20:55:28.377+00:00,1274.001,414.729,100,22465.2,2685,72,measure
2026-09-10T20:55:29.377+00:00,1275.000,413.955,99,22465.2,2685,71,measure
2026-09-10T20:55:30.377+00:00,1276.001,406.982,99,22465.2,2685,71,measure
2026-09-10T20:55:31.377+00:00,1277.001,405.411,100,22465.2,2685,72,measure
2026-09-10T20:55:29.876+00:00,1278.001,405.822,100,22465.2,2685,71,measure
2026-09-10T20:55:30.878+00:00,1279.002,411.264,99,22465.2,2685,72,measure
2026-09-10T20:55:31.877+00:00,1280.001,408.892,100,22465.2,2685,72,measure
2026-09-10T20:55:32.877+00:00,1281.000,413.909,100,22465.2,2685,72,measure
2026-09-10T20:55:33.876+00:00,1282.000,416.012,100,22465.2,2685,71,measure
2026-09-10T20:55:34.876+00:00,1283.000,412.94,100,22465.2,2685,71,measure
2026-09-10T20:55:35.877+00:00,1284.001,402.773,100,22465.2,2685,71,measure
2026-09-10T20:55:36.878+00:00,1285.003,406.393,100,22465.2,2685,71,measure
2026-09-10T20:55:37.879+00:00,1286.002,406.256,100,22465.2,2685,71,measure
2026-09-10T20:55:38.877+00:00,1287.000,411.347,100,22465.2,2685,72,measure
2026-09-10T20:55:39.880+00:00,1288.004,411.071,100,22465.2,2685,71,measure
2026-09-10T20:55:40.876+00:00,1289.001,413.3,100,22465.2,2685,72,measure
2026-09-10T20:55:41.878+00:00,1290.000,413.623,100,22465.2,2685,72,measure
2026-09-10T20:55:42.876+00:00,1291.000,409.845,100,22465.2,2685,71,measure
2026-09-10T20:55:43.877+00:00,1292.001,404.021,100,22465.2,2685,71,measure
2026-09-10T20:55:44.880+00:00,1293.001,406.744,100,22465.2,2685,71,measure
2026-09-10T20:55:45.876+00:00,1294.000,408.062,100,22465.2,2685,72,measure
2026-09-10T20:55:46.876+00:00,1295.000,409.858,100,22465.2,2685,72,measure
2026-09-10T20:55:47.875+00:00,1296.000,412.965,100,22465.2,2685,72,measure
2026-09-10T20:55:48.880+00:00,1297.004,415.239,100,22465.2,2685,72,measure
2026-09-10T20:55:49.877+00:00,1298.000,414.56,100,22465.2,2685,71,measure
2026-09-10T20:55:50.877+00:00,1299.001,408.244,100,22465.2,2685,71,measure
2026-09-10T20:55:51.877+00:00,1300.002,405.347,100,22465.2,2685,72,measure
2026-09-10T20:55:52.876+00:00,1301.001,406.381,100,22465.2,2685,70,measure
2026-09-10T20:55:53.875+00:00,1302.000,411.008,100,22465.2,2685,72,measure
2026-09-10T20:55:54.875+00:00,1303.000,409.057,100,22465.2,2685,72,measure
2026-09-10T20:55:55.877+00:00,1304.000,414.378,100,22465.2,2685,72,measure
2026-09-10T20:55:56.877+00:00,1305.000,416.189,100,22465.2,2685,71,measure
2026-09-10T20:55:57.877+00:00,1306.001,411.791,100,22465.2,2685,71,measure
2026-09-10T20:55:58.876+00:00,1307.001,402.523,100,22465.2,2685,71,measure
2026-09-10T20:55:59.876+00:00,1308.001,406.442,100,22465.2,2685,71,measure
2026-09-10T20:56:00.875+00:00,1309.000,406.016,100,22465.2,2685,71,measure
2026-09-10T20:55:59.378+00:00,1310.001,410.977,100,22465.2,2685,71,measure
2026-09-10T20:56:00.378+00:00,1311.000,412.849,100,22465.2,2685,72,measure
2026-09-10T20:56:01.377+00:00,1312.000,414.528,100,22465.2,2685,72,measure
2026-09-10T20:56:02.377+00:00,1313.000,415.179,100,22465.2,2685,71,measure
2026-09-10T20:56:03.377+00:00,1314.001,411.022,100,22465.2,2685,72,measure
2026-09-10T20:56:04.377+00:00,1315.001,404.845,100,22465.2,2685,72,measure
2026-09-10T20:56:05.378+00:00,1316.000,407.959,100,22465.2,2685,71,measure
2026-09-10T20:56:06.379+00:00,1317.001,409.071,100,22465.2,2685,71,measure
2026-09-10T20:56:07.376+00:00,1318.000,410.614,100,22465.2,2685,71,measure
2026-09-10T20:56:08.377+00:00,1319.001,411.418,100,22465.2,2685,72,measure
2026-09-10T20:56:09.378+00:00,1320.000,414.394,100,22465.2,2685,71,measure
2026-09-10T20:56:10.377+00:00,1321.000,413.919,100,22465.2,2685,71,measure
2026-09-10T20:56:11.378+00:00,1322.000,407.58,99,22465.2,2685,71,measure
2026-09-10T20:56:12.378+00:00,1323.002,405.709,100,22465.2,2685,71,measure
2026-09-10T20:56:13.380+00:00,1324.004,404.945,100,22465.2,2685,71,measure
2026-09-10T20:56:14.378+00:00,1325.002,410.954,100,22465.2,2685,71,measure
2026-09-10T20:56:15.377+00:00,1326.000,408.63,100,22465.2,2685,71,measure
2026-09-10T20:56:16.382+00:00,1327.004,414.506,99,22465.2,2685,71,measure
2026-09-10T20:56:17.378+00:00,1328.001,417.273,100,22465.2,2685,71,measure
2026-09-10T20:56:18.379+00:00,1329.002,412.255,100,22465.2,2685,71,measure
2026-09-10T20:56:19.377+00:00,1330.001,403.094,100,22465.2,2685,71,measure
2026-09-10T20:56:20.378+00:00,1331.002,406.901,99,22465.2,2685,72,measure
2026-09-10T20:56:21.376+00:00,1332.000,407.242,100,22465.2,2685,71,measure
2026-09-10T20:56:22.377+00:00,1333.001,411.236,100,22465.2,2685,71,measure
2026-09-10T20:56:23.378+00:00,1334.001,412.536,100,22465.2,2685,72,measure
2026-09-10T20:56:24.382+00:00,1335.006,414.831,100,22465.2,2685,72,measure
2026-09-10T20:56:25.377+00:00,1336.001,413.695,100,22465.2,2685,71,measure
2026-09-10T20:56:26.377+00:00,1337.001,409.543,100,22465.2,2685,71,measure
2026-09-10T20:56:27.377+00:00,1338.000,404.373,100,22465.2,2685,71,measure
2026-09-10T20:56:28.377+00:00,1339.000,407.41,100,22465.2,2685,71,measure
2026-09-10T20:56:29.382+00:00,1340.002,410.21,100,22465.2,2685,72,measure
2026-09-10T20:56:30.379+00:00,1341.003,409.296,100,22465.2,2685,72,measure
2026-09-10T20:56:31.377+00:00,1342.000,412,100,22465.2,2685,72,measure
2026-09-10T20:56:29.855+00:00,1343.001,415.683,100,22465.2,2685,71,measure
2026-09-10T20:56:30.855+00:00,1344.000,414.472,100,22465.2,2685,72,measure
2026-09-10T20:56:31.855+00:00,1345.000,406.361,100,22465.2,2685,71,measure
2026-09-10T20:56:32.856+00:00,1346.001,405.351,100,22465.2,2685,71,measure
2026-09-10T20:56:33.856+00:00,1347.000,404.743,100,22465.2,2685,71,measure
2026-09-10T20:56:34.855+00:00,1348.000,410.69,100,22465.2,2685,72,measure
2026-09-10T20:56:35.855+00:00,1349.000,407.307,99,22465.2,2685,71,measure
2026-09-10T20:56:36.855+00:00,1350.000,414.325,100,22465.2,2685,72,measure
2026-09-10T20:56:37.854+00:00,1351.000,415.008,100,22465.2,2685,71,measure
2026-09-10T20:56:38.856+00:00,1352.000,411.689,100,22465.2,2685,71,measure
2026-09-10T20:56:39.856+00:00,1353.002,403.05,100,22465.2,2685,71,measure
2026-09-10T20:56:40.856+00:00,1354.001,408.291,100,22465.2,2685,72,measure
2026-09-10T20:56:41.861+00:00,1355.007,405.755,99,22465.2,2685,71,measure
2026-09-10T20:56:42.856+00:00,1356.002,410.325,100,22465.2,2685,71,measure
2026-09-10T20:56:43.858+00:00,1357.002,412.197,100,22465.2,2685,71,measure
2026-09-10T20:56:44.856+00:00,1358.001,414.015,100,22465.2,2685,72,measure
2026-09-10T20:56:45.856+00:00,1359.002,413.669,100,22465.2,2685,70,measure
2026-09-10T20:56:46.854+00:00,1360.000,409.507,99,22465.2,2685,71,measure
2026-09-10T20:56:47.855+00:00,1361.001,403.98,100,22465.2,2685,71,measure
2026-09-10T20:56:48.857+00:00,1362.002,405.427,99,22465.2,2685,70,measure
2026-09-10T20:56:49.856+00:00,1363.001,410.624,100,22465.2,2685,71,measure
2026-09-10T20:56:50.856+00:00,1364.000,408.986,100,22465.2,2685,71,measure
2026-09-10T20:56:51.856+00:00,1365.001,411.6,100,22465.2,2685,72,measure
2026-09-10T20:56:52.855+00:00,1366.001,414.973,99,22465.2,2685,71,measure
2026-09-10T20:56:53.857+00:00,1367.000,412.821,100,22465.2,2685,71,measure
2026-09-10T20:56:54.855+00:00,1368.000,405.934,100,22465.2,2685,71,measure
2026-09-10T20:56:55.855+00:00,1369.000,404.587,99,22465.2,2685,71,measure
2026-09-10T20:56:56.858+00:00,1370.001,405.333,100,22465.2,2685,71,measure
2026-09-10T20:56:57.855+00:00,1371.000,410.64,100,22465.2,2685,71,measure
2026-09-10T20:56:58.855+00:00,1372.001,407.585,99,22465.2,2685,71,measure
2026-09-10T20:56:59.855+00:00,1373.001,414.042,100,22465.2,2685,71,measure
2026-09-10T20:57:00.855+00:00,1374.000,416.078,99,22465.2,2685,71,measure
2026-09-10T20:56:59.373+00:00,1375.001,411.879,99,22465.2,2685,72,measure
2026-09-10T20:57:00.374+00:00,1376.001,401.635,100,22465.2,2685,71,measure
2026-09-10T20:57:01.373+00:00,1377.001,407.222,100,22465.2,2685,71,measure
2026-09-10T20:57:02.372+00:00,1378.000,404.539,99,22465.2,2685,71,measure
2026-09-10T20:57:03.372+00:00,1379.000,409.451,100,22465.2,2685,71,measure
2026-09-10T20:57:04.372+00:00,1380.000,411.972,100,22465.2,2685,72,measure
2026-09-10T20:57:05.374+00:00,1381.001,413.084,99,22465.2,2685,72,measure
2026-09-10T20:57:06.375+00:00,1382.001,412.988,99,22465.2,2685,71,measure
2026-09-10T20:57:07.373+00:00,1383.001,407.802,100,22465.2,2685,71,measure
2026-09-10T20:57:08.373+00:00,1384.000,404.291,99,22465.2,2685,71,measure
2026-09-10T20:57:09.373+00:00,1385.001,405.431,99,22465.2,2685,70,measure
2026-09-10T20:57:10.373+00:00,1386.000,409.624,100,22465.2,2685,72,measure
2026-09-10T20:57:11.373+00:00,1387.000,408.597,99,22465.2,2685,72,measure
2026-09-10T20:57:12.374+00:00,1388.000,409.591,100,22465.2,2685,72,measure
2026-09-10T20:57:13.373+00:00,1389.001,414.228,100,22465.2,2685,71,measure
2026-09-10T20:57:14.372+00:00,1390.001,413.583,100,22465.2,2685,71,measure
2026-09-10T20:57:15.373+00:00,1391.001,406.759,100,22465.2,2685,71,measure
2026-09-10T20:57:16.373+00:00,1392.001,406.487,99,22465.2,2685,71,measure
2026-09-10T20:57:17.374+00:00,1393.001,404.554,99,22465.2,2685,71,measure
2026-09-10T20:57:18.374+00:00,1394.000,410.162,100,22465.2,2685,71,measure
2026-09-10T20:57:19.374+00:00,1395.001,407.699,99,22465.2,2685,71,measure
2026-09-10T20:57:20.374+00:00,1396.003,415.097,100,22465.2,2685,72,measure
2026-09-10T20:57:21.375+00:00,1397.002,415.709,100,22465.2,2685,71,measure
2026-09-10T20:57:22.373+00:00,1398.001,412.022,100,22465.2,2685,70,measure
2026-09-10T20:57:23.377+00:00,1399.004,402.432,100,22465.2,2685,72,measure
2026-09-10T20:57:24.376+00:00,1400.001,407.504,99,22465.2,2685,71,measure
2026-09-10T20:57:25.374+00:00,1401.002,407.076,99,22465.2,2685,72,measure
2026-09-10T20:57:26.373+00:00,1402.001,409.752,100,22465.2,2685,72,measure
2026-09-10T20:57:27.373+00:00,1403.001,412.123,100,22465.2,2685,71,measure
2026-09-10T20:57:28.372+00:00,1404.000,413.857,100,22465.2,2685,72,measure
2026-09-10T20:57:29.374+00:00,1405.000,412.345,99,22465.2,2685,71,measure
2026-09-10T20:57:30.375+00:00,1406.003,408.084,99,22465.2,2685,71,measure
2026-09-10T20:57:31.377+00:00,1407.005,403.601,100,22465.2,2685,72,measure
2026-09-10T20:57:29.879+00:00,1408.003,405.605,100,22465.2,2685,70,measure
2026-09-10T20:57:30.877+00:00,1409.001,409.997,100,22465.2,2685,71,measure
2026-09-10T20:57:31.880+00:00,1410.003,408.011,100,22465.2,2685,71,measure
2026-09-10T20:57:32.877+00:00,1411.001,409.433,100,22465.2,2685,72,measure
2026-09-10T20:57:33.877+00:00,1412.000,413.396,100,22465.2,2685,71,measure
2026-09-10T20:57:34.877+00:00,1413.001,411.565,99,22465.2,2685,71,measure
2026-09-10T20:57:35.876+00:00,1414.000,403.953,99,22465.2,2685,71,measure
2026-09-10T20:57:36.877+00:00,1415.001,404.9,100,22465.2,2685,71,measure
2026-09-10T20:57:37.878+00:00,1416.002,403.434,99,22465.2,2685,71,measure
2026-09-10T20:57:38.877+00:00,1417.000,410.713,100,22465.2,2685,71,measure
2026-09-10T20:57:39.878+00:00,1418.001,404.817,99,22465.2,2685,71,measure
2026-09-10T20:57:40.877+00:00,1419.001,398.239,99,22465.2,2685,70,measure
2026-09-10T20:57:41.876+00:00,1420.000,400.692,100,22465.2,2685,71,measure
2026-09-10T20:57:42.876+00:00,1421.000,402.604,99,22465.2,2685,71,measure
2026-09-10T20:57:43.876+00:00,1422.000,395.035,99,22465.2,2685,70,measure
2026-09-10T20:57:44.877+00:00,1423.000,377.229,99,22465.2,2685,69,measure
2026-09-10T20:57:45.881+00:00,1424.005,384.603,99,22465.2,2685,69,measure
2026-09-10T20:57:46.877+00:00,1425.001,368.496,99,22465.2,2685,69,measure
2026-09-10T20:57:47.877+00:00,1426.001,367.847,99,22465.2,2685,68,measure
2026-09-10T20:57:48.878+00:00,1427.000,366.907,99,22465.2,2685,69,measure
2026-09-10T20:57:49.876+00:00,1428.001,361.498,99,22465.2,2685,67,measure
2026-09-10T20:57:50.877+00:00,1429.000,354.012,99,22465.2,2685,64,measure
2026-09-10T20:57:51.878+00:00,1430.001,333.167,99,22465.2,2685,66,measure
2026-09-10T20:57:52.876+00:00,1431.000,313.732,99,22465.2,2685,63,measure
2026-09-10T20:57:53.876+00:00,1432.000,310.516,99,22465.2,2685,66,measure
2026-09-10T20:57:54.877+00:00,1433.001,314.966,99,22465.2,2685,66,measure
2026-09-10T20:57:55.877+00:00,1434.001,324.769,99,22465.2,2685,64,measure
2026-09-10T20:57:56.878+00:00,1435.000,315.427,99,22465.2,2685,66,measure
2026-09-10T20:57:57.878+00:00,1436.000,336.461,99,22465.2,2685,63,measure
2026-09-10T20:57:58.876+00:00,1437.001,319.08,99,22465.2,2685,63,measure
2026-09-10T20:57:59.876+00:00,1438.000,321.679,99,22465.2,2685,64,measure
2026-09-10T20:58:00.876+00:00,1439.001,334.519,99,22465.2,2685,64,measure
2026-09-10T20:57:59.376+00:00,1440.000,352.02,99,22465.2,2685,66,measure
2026-09-10T20:58:00.378+00:00,1441.000,361.807,99,22465.2,2685,67,measure
2026-09-10T20:58:01.378+00:00,1442.002,367.743,99,22465.2,2685,66,measure
2026-09-10T20:58:02.377+00:00,1443.001,322.649,99,22465.2,2685,65,measure
2026-09-10T20:58:03.376+00:00,1444.000,321.312,99,22465.2,2685,63,measure
2026-09-10T20:58:04.377+00:00,1445.000,327.638,99,22465.2,2685,63,measure
2026-09-10T20:58:05.381+00:00,1446.003,357.679,99,22465.2,2685,66,measure
2026-09-10T20:58:06.382+00:00,1447.001,366.095,99,22465.2,2685,67,measure
2026-09-10T20:58:07.378+00:00,1448.000,359.387,99,22465.2,2685,66,measure
2026-09-10T20:58:08.377+00:00,1449.000,366.188,99,22465.2,2685,67,measure
2026-09-10T20:58:09.376+00:00,1450.000,330.787,99,22465.2,2685,63,measure
2026-09-10T20:58:10.377+00:00,1451.001,337.482,99,22465.2,2685,67,measure
2026-09-10T20:58:11.376+00:00,1452.000,321.16,99,22465.2,2685,66,measure
2026-09-10T20:58:12.378+00:00,1453.001,308.362,99,22465.2,2685,63,measure
2026-09-10T20:58:13.378+00:00,1454.001,321.144,99,22465.2,2685,65,measure
2026-09-10T20:58:14.376+00:00,1455.000,323.697,99,22465.2,2685,61,measure
2026-09-10T20:58:15.377+00:00,1456.001,336.111,99,22465.2,2685,63,measure
2026-09-10T20:58:16.400+00:00,1457.001,357.098,99,22465.2,2685,67,measure
2026-09-10T20:58:17.377+00:00,1458.000,361.934,99,22465.2,2685,65,measure
2026-09-10T20:58:18.378+00:00,1459.000,341.67,99,22465.2,2685,64,measure
2026-09-10T20:58:19.378+00:00,1460.000,342.753,99,22465.2,2685,65,measure
2026-09-10T20:58:20.378+00:00,1461.001,336.123,99,22465.2,2685,66,measure
2026-09-10T20:58:21.377+00:00,1462.001,344.141,99,22465.2,2685,66,measure
2026-09-10T20:58:22.376+00:00,1463.000,353.83,99,22465.2,2685,63,measure
2026-09-10T20:58:23.378+00:00,1464.001,345.492,99,22465.2,2685,64,measure
2026-09-10T20:58:24.379+00:00,1465.001,351.632,99,22465.2,2685,65,measure
2026-09-10T20:58:25.378+00:00,1466.002,330.298,99,22465.2,2685,66,measure
2026-09-10T20:58:26.408+00:00,1467.001,336.986,99,22465.2,2685,63,measure
2026-09-10T20:58:27.378+00:00,1468.001,318.901,99,22465.2,2685,63,measure
2026-09-10T20:58:28.379+00:00,1469.001,333.469,99,22465.2,2685,65,measure
2026-09-10T20:58:29.377+00:00,1470.001,335.73,99,22465.2,2685,63,measure
2026-09-10T20:58:30.381+00:00,1471.001,332.027,99,22465.2,2685,66,measure
2026-09-10T20:58:31.377+00:00,1472.001,363.747,99,22465.2,2685,66,measure
2026-09-10T20:58:29.876+00:00,1473.000,369.224,99,22465.2,2685,68,measure
2026-09-10T20:58:30.880+00:00,1474.002,358.011,99,22465.2,2685,65,measure
2026-09-10T20:58:31.878+00:00,1475.001,325.327,99,22465.2,2685,62,measure
2026-09-10T20:58:32.884+00:00,1476.004,333.854,99,22465.2,2685,62,measure
2026-09-10T20:58:33.878+00:00,1477.001,345.256,99,22465.2,2685,67,measure
2026-09-10T20:58:34.878+00:00,1478.002,358.728,99,22465.2,2685,64,measure
2026-09-10T20:58:35.877+00:00,1479.000,359.07,99,22465.2,2685,66,measure
2026-09-10T20:58:36.877+00:00,1480.001,339.039,99,22465.2,2685,63,measure
2026-09-10T20:58:37.877+00:00,1481.001,340.516,99,22465.2,2685,65,measure
2026-09-10T20:58:38.878+00:00,1482.001,365.327,99,22465.2,2685,67,measure
2026-09-10T20:58:39.878+00:00,1483.000,366.603,99,22465.2,2685,68,measure
2026-09-10T20:58:40.877+00:00,1484.001,361.313,99,22465.2,2685,66,measure
2026-09-10T20:58:41.877+00:00,1485.001,360.41,99,22465.2,2685,66,measure
2026-09-10T20:58:42.876+00:00,1486.000,368.006,99,22465.2,2685,65,measure
2026-09-10T20:58:43.877+00:00,1487.001,361.682,99,22465.2,2685,66,measure
2026-09-10T20:58:44.879+00:00,1488.002,378.353,99,22465.2,2685,67,measure
2026-09-10T20:58:45.878+00:00,1489.000,392.881,99,22465.2,2685,68,measure
2026-09-10T20:58:46.876+00:00,1490.000,376.205,99,22465.2,2685,66,measure
2026-09-10T20:58:47.877+00:00,1491.001,375.756,99,22465.2,2685,65,measure
2026-09-10T20:58:48.877+00:00,1492.001,362.476,99,22465.2,2685,65,measure
2026-09-10T20:58:49.877+00:00,1493.000,345.771,99,22465.2,2685,62,measure
2026-09-10T20:58:50.884+00:00,1494.001,320.837,99,22465.2,2685,61,measure
2026-09-10T20:58:51.878+00:00,1495.000,318.808,99,22465.2,2685,61,measure
2026-09-10T20:58:52.876+00:00,1496.000,320.147,99,22465.2,2685,63,measure
2026-09-10T20:58:53.878+00:00,1497.002,333.025,99,22465.2,2685,65,measure
2026-09-10T20:58:54.877+00:00,1498.001,337.915,99,22465.2,2685,65,measure
2026-09-10T20:58:55.876+00:00,1499.000,366.348,99,22465.2,2685,66,measure
2026-09-10T20:58:56.879+00:00,1500.001,363.24,99,22465.2,2685,65,measure
2026-09-10T20:58:57.878+00:00,1501.000,359.303,99,22465.2,2685,65,measure
2026-09-10T20:58:58.876+00:00,1502.000,366.57,99,22465.2,2685,66,measure
2026-09-10T20:58:59.877+00:00,1503.001,323.987,99,22465.2,2685,61,measure
2026-09-10T20:59:00.879+00:00,1504.002,326.496,99,22465.2,2685,61,measure
2026-09-10T20:58:59.389+00:00,1505.001,299.297,99,22465.2,2685,60,measure
2026-09-10T20:59:00.390+00:00,1506.001,270.633,99,22465.2,2685,60,measure
2026-09-10T20:59:01.399+00:00,1507.008,245.541,56,22465.2,2700,59,measure
2026-09-10T20:59:02.389+00:00,1508.001,92.969,0,22465.2,2700,53,measure
2026-09-10T20:59:03.389+00:00,1509.001,92.969,0,22465.2,540,53,measure
2026-09-10T20:59:04.388+00:00,1510.000,70.924,0,22465.2,390,51,measure
2026-09-10T20:59:05.388+00:00,1511.000,53.022,0,22465.2,285,50,measure
2026-09-10T20:59:06.388+00:00,1512.000,34.868,0,22465.2,225,50,measure
2026-09-10T20:59:07.388+00:00,1513.000,34.124,0,22465.2,210,49,measure
2026-09-10T20:59:08.388+00:00,1514.001,31.431,0,22465.2,210,49,measure
2026-09-10T20:59:09.389+00:00,1515.001,26.217,0,22465.2,210,48,measure
2026-09-10T20:59:10.391+00:00,1516.003,21.162,0,22465.2,210,48,measure
2026-09-10T20:59:11.394+00:00,1517.006,17.581,0,22465.2,210,48,measure
2026-09-10T20:59:12.389+00:00,1518.001,16.351,0,22465.2,210,48,measure
2026-09-10T20:59:13.388+00:00,1519.000,16.005,0,22465.2,210,47,measure
2026-09-10T20:59:14.389+00:00,1520.001,15.83,0,22465.2,210,47,measure
2026-09-10T20:59:15.389+00:00,1521.001,15.96,0,22465.2,210,47,measure
2026-09-10T20:59:16.388+00:00,1522.000,15.96,0,22465.2,210,47,measure
2026-09-10T20:59:17.388+00:00,1523.000,15.876,0,22465.2,210,47,measure
2026-09-10T20:59:18.394+00:00,1524.006,15.632,0,22465.2,210,46,measure
2026-09-10T20:59:19.391+00:00,1525.003,15.394,0,22465.2,210,46,measure
2026-09-10T20:59:20.389+00:00,1526.000,15.265,0,22465.2,210,46,measure
2026-09-10T20:59:21.389+00:00,1527.001,15.162,0,22465.2,210,46,measure
2026-09-10T20:59:22.429+00:00,1528.001,15.046,0,22465.2,210,46,measure
2026-09-10T20:59:23.389+00:00,1529.000,15.061,0,22465.2,210,46,measure
2026-09-10T20:59:24.388+00:00,1530.000,15.156,0,22465.2,210,45,measure
2026-09-10T20:59:25.388+00:00,1531.000,15.117,0,22465.2,210,45,measure
2026-09-10T20:59:26.395+00:00,1532.007,15.119,0,22465.2,210,45,measure
2026-09-10T20:59:27.389+00:00,1533.001,15.166,0,22465.2,210,45,measure
2026-09-10T20:59:28.391+00:00,1534.003,15.094,0,22465.2,210,45,measure
2026-09-10T20:59:29.389+00:00,1535.001,15.094,0,22465.2,210,45,measure
2026-09-10T20:59:30.388+00:00,1536.000,15.165,0,22465.2,210,45,measure
2026-09-10T20:59:28.903+00:00,1537.007,15.386,0,22465.2,210,45,measure
2026-09-10T20:59:29.898+00:00,1538.002,15.236,0,22465.2,210,45,measure
2026-09-10T20:59:30.897+00:00,1539.001,14.925,0,22465.2,210,44,measure
2026-09-10T20:59:31.897+00:00,1540.001,14.833,0,22465.2,210,44,measure
2026-09-10T20:59:32.900+00:00,1541.004,14.692,0,22465.2,210,44,measure
2026-09-10T20:59:33.898+00:00,1542.002,14.822,0,22465.2,210,44,measure
2026-09-10T20:59:34.897+00:00,1543.000,14.895,0,22465.2,210,44,measure
2026-09-10T20:59:35.903+00:00,1544.007,14.835,0,22465.2,210,44,measure
2026-09-10T20:59:36.901+00:00,1545.005,14.764,0,22465.2,210,44,measure
2026-09-10T20:59:37.900+00:00,1546.003,14.598,0,22465.2,210,44,measure
2026-09-10T20:59:38.898+00:00,1547.002,14.688,0,22465.2,210,44,measure
2026-09-10T20:59:39.899+00:00,1548.002,14.688,0,22465.2,210,43,measure
2026-09-10T20:59:40.901+00:00,1549.005,14.78,0,22465.2,210,43,measure
2026-09-10T20:59:41.900+00:00,1550.003,14.937,0,22465.2,210,43,measure
2026-09-10T20:59:42.897+00:00,1551.001,15.157,0,22465.2,210,43,measure
2026-09-10T20:59:43.899+00:00,1552.002,15.042,0,22465.2,210,43,measure
2026-09-10T20:59:44.896+00:00,1553.000,14.361,0,22465.2,210,43,measure
2026-09-10T20:59:45.898+00:00,1554.002,14.385,0,22465.2,210,43,measure
2026-09-10T20:59:46.897+00:00,1555.001,14.36,0,22465.2,210,43,measure
2026-09-10T20:59:47.900+00:00,1556.003,14.419,0,22465.2,210,43,measure
2026-09-10T20:59:48.901+00:00,1557.005,14.406,0,22465.2,210,43,measure
2026-09-10T20:59:49.899+00:00,1558.002,14.392,0,22465.2,210,42,measure
2026-09-10T20:59:50.902+00:00,1559.006,14.575,0,22465.2,210,42,measure
2026-09-10T20:59:51.904+00:00,1560.007,14.569,0,22465.2,210,42,measure
2026-09-10T20:59:52.899+00:00,1561.003,14.586,0,22465.2,210,42,measure
2026-09-10T20:59:53.896+00:00,1562.000,14.586,0,22465.2,210,42,measure
2026-09-10T20:59:54.897+00:00,1563.001,14.47,0,22465.2,210,42,measure
2026-09-10T20:59:55.896+00:00,1564.000,14.232,0,22465.2,210,42,measure
2026-09-10T20:59:56.900+00:00,1565.003,14.335,0,22465.2,210,42,measure
2026-09-10T20:59:57.896+00:00,1566.000,14.5,0,22465.2,210,42,measure
2026-09-10T20:59:58.897+00:00,1567.001,14.31,0,22465.2,210,42,measure
2026-09-10T20:59:59.897+00:00,1568.001,14.179,0,22465.2,210,42,measure
2026-09-10T21:00:00.897+00:00,1569.001,14.545,0,22465.2,210,41,measure
2026-09-10T20:59:59.396+00:00,1570.003,14.519,0,22465.2,210,41,measure
2026-09-10T21:00:00.394+00:00,1571.001,14.362,0,22465.2,210,41,measure
2026-09-10T21:00:01.394+00:00,1572.001,14.265,0,22465.2,210,41,measure
2026-09-10T21:00:02.394+00:00,1573.001,14.175,0,22465.2,210,41,measure
2026-09-10T21:00:03.394+00:00,1574.001,13.996,0,22465.2,210,41,measure
2026-09-10T21:00:04.401+00:00,1575.008,13.689,0,22465.2,210,41,measure
2026-09-10T21:00:05.393+00:00,1576.000,13.586,0,22465.2,210,41,measure
2026-09-10T21:00:06.393+00:00,1577.001,13.586,0,22465.2,210,41,measure
2026-09-10T21:00:07.394+00:00,1578.000,13.56,0,22465.2,210,41,measure
2026-09-10T21:00:08.394+00:00,1579.000,13.496,0,22465.2,210,41,measure
2026-09-10T21:00:09.394+00:00,1580.001,13.557,0,22465.2,210,41,measure
2026-09-10T21:00:10.394+00:00,1581.001,13.498,0,22465.2,210,41,measure
2026-09-10T21:00:11.393+00:00,1582.000,13.319,0,22465.2,210,41,measure
2026-09-10T21:00:12.394+00:00,1583.001,13.393,0,22465.2,210,41,measure
2026-09-10T21:00:13.393+00:00,1584.000,13.411,0,22465.2,210,41,measure
2026-09-10T21:00:14.393+00:00,1585.000,13.346,0,22465.2,210,41,measure
2026-09-10T21:00:15.394+00:00,1586.001,13.452,0,22465.2,210,41,measure
2026-09-10T21:00:16.399+00:00,1587.006,13.714,0,22465.2,210,41,measure
2026-09-10T21:00:17.394+00:00,1588.001,13.714,0,22465.2,210,41,measure
2026-09-10T21:00:18.394+00:00,1589.001,13.662,0,22465.2,210,41,measure
2026-09-10T21:00:19.396+00:00,1590.003,13.681,0,22465.2,210,41,measure
2026-09-10T21:00:20.395+00:00,1591.002,13.643,0,22465.2,210,41,measure
2026-09-10T21:00:21.397+00:00,1592.004,13.566,0,22465.2,210,41,measure
2026-09-10T21:00:22.393+00:00,1593.000,13.541,0,22465.2,210,41,measure
2026-09-10T21:00:23.395+00:00,1594.002,13.549,0,22465.2,210,41,measure
2026-09-10T21:00:24.397+00:00,1595.004,13.618,0,22465.2,210,41,measure
2026-09-10T21:00:25.393+00:00,1596.001,13.526,0,22465.2,210,41,measure
2026-09-10T21:00:26.394+00:00,1597.001,13.338,0,22465.2,210,41,measure
2026-09-10T21:00:27.394+00:00,1598.002,13.272,0,22465.2,210,41,measure
2026-09-10T21:00:28.397+00:00,1599.004,13.235,0,22465.2,210,41,measure
2026-09-10T21:00:29.396+00:00,1600.003,13.165,0,22465.2,210,41,measure
2026-09-10T21:00:30.396+00:00,1601.001,13.285,0,22465.2,210,41,measure
2026-09-10T21:00:28.895+00:00,1602.001,13.285,0,22465.2,210,41,measure
2026-09-10T21:00:29.895+00:00,1603.001,13.472,0,22465.2,210,41,measure
2026-09-10T21:00:30.895+00:00,1604.000,13.462,0,22465.2,210,41,measure
2026-09-10T21:00:31.896+00:00,1605.001,13.497,0,22465.2,210,41,measure
2026-09-10T21:00:32.897+00:00,1606.003,13.572,0,22465.2,210,41,measure
2026-09-10T21:00:33.902+00:00,1607.007,13.497,0,22465.2,210,41,measure
2026-09-10T21:00:34.896+00:00,1608.002,13.292,0,22465.2,210,41,measure
2026-09-10T21:00:35.900+00:00,1609.005,13.189,0,22465.2,210,41,measure
2026-09-10T21:00:36.896+00:00,1610.001,13.257,0,22465.2,210,41,measure
2026-09-10T21:00:37.899+00:00,1611.004,13.328,0,22465.2,210,41,measure
2026-09-10T21:00:38.903+00:00,1612.008,13.261,0,22465.2,210,42,measure
2026-09-10T21:00:39.896+00:00,1613.001,13.139,0,22465.2,210,42,measure
2026-09-10T21:00:40.899+00:00,1614.000,13.111,0,22465.2,210,42,measure
2026-09-10T21:00:41.895+00:00,1615.000,13.205,0,22465.2,210,42,measure
2026-09-10T21:00:42.895+00:00,1616.000,13.432,0,22465.2,210,42,measure
2026-09-10T21:00:43.895+00:00,1617.000,13.459,0,22465.2,210,42,measure
2026-09-10T21:00:44.897+00:00,1618.002,13.37,0,22465.2,210,42,measure
2026-09-10T21:00:45.901+00:00,1619.006,13.365,0,22465.2,210,42,measure
2026-09-10T21:00:46.895+00:00,1620.001,13.354,0,22465.2,210,42,measure
2026-09-10T21:00:47.896+00:00,1621.001,13.31,0,22465.2,210,42,measure
2026-09-10T21:00:48.895+00:00,1622.000,13.273,0,22465.2,210,42,measure
2026-09-10T21:00:49.896+00:00,1623.001,13.254,0,22465.2,210,42,measure
2026-09-10T21:00:50.896+00:00,1624.002,13.253,0,22465.2,210,42,measure
2026-09-10T21:00:51.896+00:00,1625.001,13.255,0,22465.2,210,42,measure
2026-09-10T21:00:52.895+00:00,1626.000,13.223,0,22465.2,210,42,measure
2026-09-10T21:00:53.895+00:00,1627.000,13.269,0,22465.2,210,42,measure
2026-09-10T21:00:54.895+00:00,1628.001,13.269,0,22465.2,210,42,measure
2026-09-10T21:00:55.898+00:00,1629.003,13.361,0,22465.2,210,42,measure
2026-09-10T21:00:56.896+00:00,1630.001,13.311,0,22465.2,210,42,measure
2026-09-10T21:00:57.895+00:00,1631.001,13.23,0,22465.2,210,42,measure
2026-09-10T21:00:58.899+00:00,1632.004,13.221,0,22465.2,210,42,measure
2026-09-10T21:00:59.896+00:00,1633.001,13.258,0,22465.2,210,42,measure
2026-09-10T21:01:00.895+00:00,1634.001,13.292,0,22465.2,210,42,measure
2026-09-10T21:00:59.378+00:00,1635.001,13.338,0,22465.2,210,42,measure
2026-09-10T21:01:00.385+00:00,1636.008,13.429,0,22465.2,210,42,measure
2026-09-10T21:01:01.377+00:00,1637.000,13.344,0,22465.2,210,42,measure
2026-09-10T21:01:02.377+00:00,1638.000,13.237,0,22465.2,210,42,measure
2026-09-10T21:01:03.378+00:00,1639.001,13.208,0,22465.2,210,42,measure
2026-09-10T21:01:04.377+00:00,1640.000,13.253,0,22465.2,210,42,measure
2026-09-10T21:01:05.376+00:00,1641.000,13.253,0,22465.2,210,42,measure
2026-09-10T21:01:06.377+00:00,1642.000,13.376,0,22465.2,210,42,measure
2026-09-10T21:01:07.377+00:00,1643.000,13.414,0,22465.2,210,42,measure
2026-09-10T21:01:08.377+00:00,1644.001,13.513,0,22465.2,210,42,measure
2026-09-10T21:01:09.378+00:00,1645.001,13.55,0,22465.2,210,42,measure
2026-09-10T21:01:10.380+00:00,1646.003,13.561,0,22465.2,210,42,measure
2026-09-10T21:01:11.377+00:00,1647.000,13.658,0,22465.2,210,42,measure
2026-09-10T21:01:12.377+00:00,1648.000,13.485,0,22465.2,210,42,measure
2026-09-10T21:01:13.383+00:00,1649.006,13.402,0,22465.2,210,42,measure
2026-09-10T21:01:14.377+00:00,1650.001,13.359,0,22465.2,210,42,measure
2026-09-10T21:01:15.380+00:00,1651.004,13.286,0,22465.2,210,42,measure
2026-09-10T21:01:16.384+00:00,1652.007,13.296,0,22465.2,210,42,measure
2026-09-10T21:01:17.379+00:00,1653.002,13.19,0,22465.2,210,42,measure
2026-09-10T21:01:18.377+00:00,1654.001,13.19,0,22465.2,210,42,measure
2026-09-10T21:01:19.378+00:00,1655.002,13.171,0,22465.2,210,42,measure
2026-09-10T21:01:20.378+00:00,1656.002,13.197,0,22465.2,210,42,measure
2026-09-10T21:01:21.385+00:00,1657.008,13.235,0,22465.2,210,42,measure
2026-09-10T21:01:22.377+00:00,1658.000,13.272,0,22465.2,210,42,measure
2026-09-10T21:01:23.380+00:00,1659.003,13.239,0,22465.2,210,42,measure
2026-09-10T21:01:24.382+00:00,1660.005,13.257,0,22465.2,210,42,measure
2026-09-10T21:01:25.377+00:00,1661.001,13.371,0,22465.2,210,42,measure
2026-09-10T21:01:26.377+00:00,1662.001,13.322,0,22465.2,210,42,measure
2026-09-10T21:01:27.381+00:00,1663.004,13.16,0,22465.2,210,42,measure
2026-09-10T21:01:28.377+00:00,1664.000,13.113,0,22465.2,210,42,measure
2026-09-10T21:01:29.377+00:00,1665.000,13.107,0,22465.2,210,42,measure
2026-09-10T21:01:30.376+00:00,1666.000,13.03,0,22465.2,210,42,measure
2026-09-10T21:01:28.894+00:00,1667.000,13.03,0,22465.2,210,42,measure
2026-09-10T21:01:29.896+00:00,1668.003,12.989,0,22465.2,210,42,measure
2026-09-10T21:01:30.894+00:00,1669.000,13.01,0,22465.2,210,42,measure
2026-09-10T21:01:31.894+00:00,1670.001,13.008,0,22465.2,210,42,measure
2026-09-10T21:01:32.894+00:00,1671.001,13.053,0,22465.2,210,42,measure
2026-09-10T21:01:33.894+00:00,1672.000,13.277,0,22465.2,210,42,measure
2026-09-10T21:01:34.894+00:00,1673.000,13.367,0,22465.2,210,42,measure
2026-09-10T21:01:35.894+00:00,1674.000,13.404,0,22465.2,210,42,measure
2026-09-10T21:01:36.895+00:00,1675.001,13.429,0,22465.2,210,42,measure
2026-09-10T21:01:37.894+00:00,1676.001,13.35,0,22465.2,210,42,measure
2026-09-10T21:01:38.894+00:00,1677.000,13.249,0,22465.2,210,42,measure
2026-09-10T21:01:39.894+00:00,1678.000,13.187,0,22465.2,210,42,measure
2026-09-10T21:01:40.894+00:00,1679.001,13.265,0,22465.2,210,42,measure
2026-09-10T21:01:41.896+00:00,1680.001,13.448,0,22465.2,210,42,measure
2026-09-10T21:01:42.895+00:00,1681.001,13.484,0,22465.2,210,42,measure
2026-09-10T21:01:43.897+00:00,1682.003,13.483,0,22465.2,210,42,measure
2026-09-10T21:01:44.894+00:00,1683.001,13.196,0,22465.2,210,42,measure
2026-09-10T21:01:45.894+00:00,1684.000,13.185,0,22465.2,210,42,measure
2026-09-10T21:01:46.894+00:00,1685.000,13.191,0,22465.2,210,42,measure
2026-09-10T21:01:47.894+00:00,1686.000,13.127,0,22465.2,210,42,measure
2026-09-10T21:01:48.894+00:00,1687.000,13.064,0,22465.2,210,42,measure
2026-09-10T21:01:49.894+00:00,1688.001,13.069,0,22465.2,210,42,measure
2026-09-10T21:01:50.894+00:00,1689.001,13.187,0,22465.2,210,42,measure
2026-09-10T21:01:51.897+00:00,1690.003,13.296,0,22465.2,210,42,measure
2026-09-10T21:01:52.894+00:00,1691.000,13.171,0,22465.2,210,42,measure
2026-09-10T21:01:53.898+00:00,1692.005,13.093,0,22465.2,210,42,measure
2026-09-10T21:01:54.894+00:00,1693.000,13.093,0,22465.2,210,42,measure
2026-09-10T21:01:55.894+00:00,1694.001,13.303,0,22465.2,210,42,measure
2026-09-10T21:01:56.894+00:00,1695.001,13.442,0,22465.2,210,42,measure
2026-09-10T21:01:57.894+00:00,1696.000,13.334,0,22465.2,210,42,measure
2026-09-10T21:01:58.894+00:00,1697.000,13.172,0,22465.2,210,42,measure
2026-09-10T21:01:59.896+00:00,1698.002,13.121,0,22465.2,210,42,measure
2026-09-10T21:02:00.899+00:00,1699.005,13.11,0,22465.2,210,42,measure
2026-09-10T21:01:59.392+00:00,1700.001,13.124,0,22465.2,210,42,measure
2026-09-10T21:02:00.392+00:00,1701.000,13.067,0,22465.2,210,42,measure
2026-09-10T21:02:01.392+00:00,1702.000,13.097,0,22465.2,210,42,measure
2026-09-10T21:02:02.392+00:00,1703.000,13.147,0,22465.2,210,42,measure
2026-09-10T21:02:03.392+00:00,1704.001,13.091,0,22465.2,210,42,measure
2026-09-10T21:02:04.392+00:00,1705.001,13.011,0,22465.2,210,42,measure
2026-09-10T21:02:05.392+00:00,1706.001,13.011,0,22465.2,210,42,measure
2026-09-10T21:02:06.392+00:00,1707.001,13.016,0,22465.2,210,42,measure
2026-09-10T21:02:07.392+00:00,1708.001,13.124,0,22465.2,210,42,measure
2026-09-10T21:02:08.392+00:00,1709.000,13.166,0,22465.2,210,42,measure
2026-09-10T21:02:09.394+00:00,1710.003,13.124,0,22465.2,210,42,measure
2026-09-10T21:02:10.393+00:00,1711.002,13.166,0,22465.2,210,42,measure
2026-09-10T21:02:11.392+00:00,1712.000,13.13,0,22465.2,210,42,measure
2026-09-10T21:02:12.392+00:00,1713.000,13.046,0,22465.2,210,42,measure
2026-09-10T21:02:13.394+00:00,1714.003,13.067,0,22465.2,210,42,measure
2026-09-10T21:02:14.394+00:00,1715.003,13.136,0,22465.2,210,42,measure
2026-09-10T21:02:15.392+00:00,1716.000,13.113,0,22465.2,210,42,measure
2026-09-10T21:02:16.392+00:00,1717.000,13.19,0,22465.2,210,42,measure
2026-09-10T21:02:17.392+00:00,1718.001,13.069,0,22465.2,210,42,measure
2026-09-10T21:02:18.392+00:00,1719.001,13.069,0,22465.2,210,42,measure
2026-09-10T21:02:19.392+00:00,1720.000,13.113,0,22465.2,210,42,measure
2026-09-10T21:02:20.392+00:00,1721.000,13.186,0,22465.2,210,42,measure
2026-09-10T21:02:21.392+00:00,1722.001,13.165,0,22465.2,210,42,measure
2026-09-10T21:02:22.397+00:00,1723.005,13.099,0,22465.2,210,42,measure
2026-09-10T21:02:23.392+00:00,1724.000,13.124,0,22465.2,210,42,measure
2026-09-10T21:02:24.392+00:00,1725.001,13.254,0,22465.2,210,42,measure
2026-09-10T21:02:25.394+00:00,1726.003,13.424,0,22465.2,210,43,measure
2026-09-10T21:02:26.392+00:00,1727.001,13.559,0,22465.2,210,43,measure
2026-09-10T21:02:27.392+00:00,1728.000,13.52,0,22465.2,210,43,measure
2026-09-10T21:02:28.392+00:00,1729.001,13.356,0,22465.2,210,43,measure
2026-09-10T21:02:29.415+00:00,1730.000,13.363,0,22465.2,210,43,measure
2026-09-10T21:02:30.392+00:00,1731.000,13.572,0,22465.2,210,43,measure
2026-09-10T21:02:28.893+00:00,1732.006,13.572,0,22465.2,210,43,measure
2026-09-10T21:02:29.893+00:00,1733.005,13.608,0,22465.2,210,43,measure
2026-09-10T21:02:30.890+00:00,1734.003,13.502,0,22465.2,210,43,measure
2026-09-10T21:02:31.894+00:00,1735.007,13.473,0,22465.2,210,43,measure
2026-09-10T21:02:32.900+00:00,1736.012,13.464,0,22465.2,210,43,measure
2026-09-10T21:02:33.904+00:00,1737.001,13.46,0,22465.2,210,43,measure
2026-09-10T21:02:34.891+00:00,1738.003,13.455,0,22465.2,210,43,measure
2026-09-10T21:02:35.897+00:00,1739.007,13.398,0,22465.2,210,43,measure
2026-09-10T21:02:36.888+00:00,1740.000,13.342,0,22465.2,210,43,measure
2026-09-10T21:02:37.889+00:00,1741.001,13.251,0,22465.2,210,43,measure
2026-09-10T21:02:38.888+00:00,1742.001,13.205,0,22465.2,210,43,measure
2026-09-10T21:02:39.889+00:00,1743.000,13.358,0,22465.2,210,43,measure
2026-09-10T21:02:40.890+00:00,1744.001,13.354,0,22465.2,210,43,measure
2026-09-10T21:02:43.039+00:00,1745.841,13.424,0,22465.2,210,43,measure
2026-09-10T21:02:43.890+00:00,1747.000,13.424,0,22465.2,210,43,measure
2026-09-10T21:02:44.893+00:00,1748.003,13.192,0,22465.2,210,43,measure
2026-09-10T21:02:45.895+00:00,1749.005,13.211,0,22465.2,210,43,measure
2026-09-10T21:02:46.893+00:00,1750.003,13.254,0,22465.2,210,43,measure
2026-09-10T21:02:47.889+00:00,1751.001,13.222,0,22465.2,210,43,measure
2026-09-10T21:02:48.895+00:00,1752.004,13.198,0,22465.2,210,43,measure
2026-09-10T21:02:49.896+00:00,1753.007,13.249,0,22465.2,210,43,measure
2026-09-10T21:02:50.890+00:00,1754.001,13.366,0,22465.2,210,43,measure
2026-09-10T21:02:51.893+00:00,1755.004,13.4,0,22465.2,210,43,measure
2026-09-10T21:02:52.896+00:00,1756.007,13.401,0,22465.2,210,43,measure
2026-09-10T21:02:53.889+00:00,1757.001,13.46,0,22465.2,210,43,measure
2026-09-10T21:02:54.891+00:00,1758.003,13.46,0,22465.2,210,43,measure
2026-09-10T21:02:55.895+00:00,1759.005,13.397,0,22465.2,210,43,measure
2026-09-10T21:02:56.891+00:00,1760.004,13.332,0,22465.2,210,43,measure
2026-09-10T21:02:57.889+00:00,1761.001,13.367,0,22465.2,210,43,measure
2026-09-10T21:02:58.889+00:00,1762.001,13.411,0,22465.2,210,43,measure
2026-09-10T21:02:59.894+00:00,1763.007,13.336,0,22465.2,210,43,measure
2026-09-10T21:03:00.887+00:00,1764.000,13.326,0,22465.2,210,43,measure
2026-09-10T21:02:59.399+00:00,1765.003,13.335,0,22465.2,210,43,measure
2026-09-10T21:03:00.401+00:00,1766.003,13.225,0,22465.2,210,43,measure
2026-09-10T21:03:01.397+00:00,1767.002,13.214,0,22465.2,210,43,measure
2026-09-10T21:03:02.400+00:00,1768.005,13.284,0,22465.2,210,43,measure
2026-09-10T21:03:03.403+00:00,1769.007,13.4,0,22465.2,210,43,measure
2026-09-10T21:03:04.401+00:00,1770.003,13.437,0,22465.2,210,43,measure
2026-09-10T21:03:05.399+00:00,1771.001,13.437,0,22465.2,210,43,measure
