timestamp_iso,t_s,power_w,util_gpu_pct,mem_used_mib,clocks_sm_mhz,temp_c,phase
2026-09-11T01:58:25.311+00:00,0.000,287.435,60,21743,2700,59,measure
2026-09-11T01:58:26.353+00:00,1.042,98.764,0,21743,2700,51,measure
2026-09-11T01:58:27.310+00:00,2.001,98.764,0,21743,540,51,measure
2026-09-11T01:58:28.310+00:00,3.001,69.673,0,21743,390,50,measure
2026-09-11T01:58:29.309+00:00,4.000,53.009,0,21743,285,49,measure
2026-09-11T01:58:30.309+00:00,5.000,59.232,99,21743,2700,49,measure
2026-09-11T01:58:31.310+00:00,6.000,288.85,99,21743,2700,57,measure
2026-09-11T01:58:32.310+00:00,7.000,316.093,99,21743,2700,58,measure
2026-09-11T01:58:33.310+00:00,8.001,324.858,99,21743,2700,64,measure
2026-09-11T01:58:34.309+00:00,9.000,331.581,99,21743,2700,58,measure
2026-09-11T01:58:35.309+00:00,10.001,343.245,99,21743,2700,60,measure
2026-09-11T01:58:36.309+00:00,11.000,325.998,99,21743,2700,59,measure
2026-09-11T01:58:37.312+00:00,12.001,324.543,99,21743,2700,60,measure
2026-09-11T01:58:38.312+00:00,13.001,308.295,99,21743,2700,59,measure
2026-09-11T01:58:39.311+00:00,14.000,308.785,99,21743,2700,59,measure
2026-09-11T01:58:40.309+00:00,15.001,318.396,99,21743,2700,59,measure
2026-09-11T01:58:41.309+00:00,16.001,332.169,99,21743,2685,60,measure
2026-09-11T01:58:42.309+00:00,17.000,328.782,99,21743,2685,60,measure
2026-09-11T01:58:43.311+00:00,18.001,322.095,99,21743,2700,60,measure
2026-09-11T01:58:44.311+00:00,19.001,309.926,99,21743,2700,60,measure
2026-09-11T01:58:45.309+00:00,20.001,309.679,99,21743,2700,60,measure
2026-09-11T01:58:46.309+00:00,21.000,307.088,99,21743,2700,59,measure
2026-09-11T01:58:47.311+00:00,22.000,304.59,99,21743,2700,61,measure
2026-09-11T01:58:48.309+00:00,23.000,316.267,99,21743,2700,59,measure
2026-09-11T01:58:49.311+00:00,24.001,332.402,99,21743,2700,61,measure
2026-09-11T01:58:47.803+00:00,25.001,329.377,99,21743,2700,60,measure
2026-09-11T01:58:48.800+00:00,26.000,333.483,99,21743,2700,61,measure
2026-09-11T01:58:49.801+00:00,27.000,359.991,99,21743,2685,61,measure
2026-09-11T01:58:50.801+00:00,28.001,356.128,99,21743,2685,61,measure
2026-09-11T01:58:51.801+00:00,29.000,353.621,99,21743,2685,64,measure
2026-09-11T01:58:52.802+00:00,30.000,336.054,99,21743,2685,61,measure
2026-09-11T01:58:53.803+00:00,31.000,331.858,99,21743,2685,64,measure
2026-09-11T01:58:54.801+00:00,32.001,322.723,99,21743,2685,60,measure
2026-09-11T01:58:55.800+00:00,33.000,309.161,99,21743,2685,60,measure
2026-09-11T01:58:56.801+00:00,34.001,314.141,99,21743,2685,65,measure
2026-09-11T01:58:57.801+00:00,35.000,311.518,99,21743,2685,60,measure
2026-09-11T01:58:58.802+00:00,36.000,305.955,99,21743,2685,60,measure
2026-09-11T01:58:59.803+00:00,37.000,319.626,99,21743,2685,61,measure
2026-09-11T01:59:00.834+00:00,38.001,321.643,100,21743,2685,60,measure
2026-09-11T01:59:01.800+00:00,39.001,326.439,99,21743,2685,61,measure
2026-09-11T01:59:02.801+00:00,40.001,320.227,99,21743,2685,60,measure
2026-09-11T01:59:03.800+00:00,41.000,307.624,99,21743,2685,60,measure
2026-09-11T01:59:04.802+00:00,42.000,306.819,99,21743,2685,60,measure
2026-09-11T01:59:05.802+00:00,43.000,312.745,99,21743,2685,61,measure
2026-09-11T01:59:06.801+00:00,44.001,312.674,99,21743,2685,60,measure
2026-09-11T01:59:07.800+00:00,45.000,306.308,100,21743,2685,60,measure
2026-09-11T01:59:08.801+00:00,46.001,316.695,99,21743,2685,60,measure
2026-09-11T01:59:09.844+00:00,47.001,320.39,99,21743,2685,64,measure
2026-09-11T01:59:10.802+00:00,48.000,329.824,99,21743,2685,62,measure
2026-09-11T01:59:11.823+00:00,49.000,323.017,99,21743,2685,60,measure
2026-09-11T01:59:12.800+00:00,50.001,326.302,99,21743,2685,61,measure
2026-09-11T01:59:13.801+00:00,51.000,325.465,99,21743,2685,62,measure
2026-09-11T01:59:14.801+00:00,52.000,313.38,100,21743,2685,61,measure
2026-09-11T01:59:15.800+00:00,53.000,323.457,100,21743,2685,62,measure
2026-09-11T01:59:16.802+00:00,54.001,316.595,99,21743,2685,61,measure
2026-09-11T01:59:17.802+00:00,55.000,303.774,100,21743,2685,60,measure
2026-09-11T01:59:18.800+00:00,56.000,301.619,100,21743,2685,60,measure
2026-09-11T01:59:19.801+00:00,57.001,316.673,99,21743,2685,60,measure
2026-09-11T01:59:18.298+00:00,58.000,314.508,99,21743,2685,60,measure
2026-09-11T01:59:19.298+00:00,59.001,321.911,99,21743,2685,61,measure
2026-09-11T01:59:20.300+00:00,60.000,321.973,99,21743,2685,61,measure
2026-09-11T01:59:21.300+00:00,61.000,343.411,99,21743,2685,65,measure
2026-09-11T01:59:22.298+00:00,62.000,345.15,99,21743,2685,62,measure
2026-09-11T01:59:23.298+00:00,63.000,338.01,99,21743,2685,66,measure
2026-09-11T01:59:24.298+00:00,64.001,314.41,99,21743,2685,61,measure
2026-09-11T01:59:25.299+00:00,65.001,311.153,100,21743,2685,61,measure
2026-09-11T01:59:26.300+00:00,66.000,309.21,100,21743,2685,61,measure
2026-09-11T01:59:27.299+00:00,67.000,304.716,100,21743,2685,61,measure
2026-09-11T01:59:28.299+00:00,68.001,313.842,99,21743,2685,62,measure
2026-09-11T01:59:29.301+00:00,69.001,311.404,99,21743,2685,61,measure
2026-09-11T01:59:30.298+00:00,70.000,319.341,99,21743,2685,61,measure
2026-09-11T01:59:31.298+00:00,71.000,344.909,100,21743,2685,62,measure
2026-09-11T01:59:32.300+00:00,72.000,352.784,99,21743,2685,63,measure
2026-09-11T01:59:33.299+00:00,73.001,350.454,99,21743,2685,62,measure
2026-09-11T01:59:34.299+00:00,74.001,337.381,99,21743,2685,62,measure
2026-09-11T01:59:35.299+00:00,75.001,335.651,99,21743,2685,62,measure
2026-09-11T01:59:36.300+00:00,76.002,318.167,99,21743,2685,61,measure
2026-09-11T01:59:37.299+00:00,77.001,309.634,99,21743,2685,62,measure
2026-09-11T01:59:38.303+00:00,78.001,311.986,99,21743,2685,63,measure
2026-09-11T01:59:39.299+00:00,79.001,321.836,99,21743,2685,62,measure
2026-09-11T01:59:40.298+00:00,80.000,316.853,99,21743,2685,62,measure
2026-09-11T01:59:41.298+00:00,81.000,315.161,99,21743,2685,63,measure
2026-09-11T01:59:42.298+00:00,82.000,306.342,99,21745.8,2685,61,measure
2026-09-11T01:59:43.298+00:00,83.000,305.301,99,21745.8,2685,61,measure
2026-09-11T01:59:44.300+00:00,84.000,303.238,99,21745.3,2685,61,measure
2026-09-11T01:59:45.298+00:00,85.000,311.408,99,21745.3,2685,61,measure
2026-09-11T01:59:46.298+00:00,86.000,322.295,99,21745.3,2610,63,measure
2026-09-11T01:59:47.300+00:00,87.001,350.789,99,21745.3,2685,62,measure
2026-09-11T01:59:48.298+00:00,88.000,347.665,99,21745.3,2685,62,measure
2026-09-11T01:59:49.298+00:00,89.000,324.885,99,21745.3,2685,62,measure
2026-09-11T01:59:47.797+00:00,90.000,313.591,99,21745.3,2685,65,measure
2026-09-11T01:59:48.796+00:00,91.000,308.532,99,21745.3,2685,61,measure
2026-09-11T01:59:49.796+00:00,92.000,308.009,99,21745.3,2685,64,measure
2026-09-11T01:59:50.797+00:00,93.001,326.315,99,21745.3,2685,63,measure
2026-09-11T01:59:51.840+00:00,94.001,332.21,99,21745.3,2685,62,measure
2026-09-11T01:59:52.797+00:00,95.001,343.659,99,21745.3,2685,62,measure
2026-09-11T01:59:53.797+00:00,96.000,318.65,99,21745.3,2685,62,measure
2026-09-11T01:59:54.795+00:00,97.000,304.356,100,21745.3,2685,61,measure
2026-09-11T01:59:55.796+00:00,98.000,317.31,99,21745.3,2685,62,measure
2026-09-11T01:59:56.799+00:00,99.001,309.866,99,21745.3,2685,61,measure
2026-09-11T01:59:57.796+00:00,100.000,315.165,99,21745.3,2685,61,measure
2026-09-11T01:59:58.796+00:00,101.000,315.729,99,21745.3,2685,61,measure
2026-09-11T01:59:59.800+00:00,102.000,307.641,99,21745.3,2685,61,measure
2026-09-11T02:00:00.796+00:00,103.001,311.687,99,21745.3,2685,61,measure
2026-09-11T02:00:01.796+00:00,104.001,316.555,99,21745.3,2685,61,measure
2026-09-11T02:00:02.795+00:00,105.000,330.367,99,21745.3,2685,62,measure
2026-09-11T02:00:03.796+00:00,106.001,329.009,99,21745.3,2685,63,measure
2026-09-11T02:00:04.797+00:00,107.000,337.221,99,21745.3,2685,63,measure
2026-09-11T02:00:05.799+00:00,108.002,333.534,99,21745.3,2685,62,measure
2026-09-11T02:00:06.796+00:00,109.000,333.559,99,21745.3,2685,62,measure
2026-09-11T02:00:07.796+00:00,110.001,324.433,99,21745.3,2685,61,measure
2026-09-11T02:00:08.796+00:00,111.001,313.097,99,21745.3,2685,61,measure
2026-09-11T02:00:09.796+00:00,112.001,316.843,99,21745.3,2685,62,measure
2026-09-11T02:00:10.797+00:00,113.000,307.604,100,21745.3,2685,64,measure
2026-09-11T02:00:11.797+00:00,114.000,317.795,99,21745.3,2685,61,measure
2026-09-11T02:00:12.850+00:00,115.001,329.341,99,21745.3,2685,61,measure
2026-09-11T02:00:13.796+00:00,116.001,346.679,99,21745.3,2685,63,measure
2026-09-11T02:00:14.796+00:00,117.001,332.91,99,21745.3,2685,63,measure
2026-09-11T02:00:15.796+00:00,118.000,341.181,99,21745.3,2685,64,measure
2026-09-11T02:00:16.798+00:00,119.002,336.95,99,21745.3,2685,64,measure
2026-09-11T02:00:17.797+00:00,120.000,324.412,100,21745.3,2685,62,measure
2026-09-11T02:00:18.796+00:00,121.000,317.043,99,21745.3,2685,62,measure
2026-09-11T02:00:19.795+00:00,122.000,311.86,99,21745.3,2685,62,measure
2026-09-11T02:00:18.294+00:00,123.000,313.074,99,21745.3,2685,61,measure
2026-09-11T02:00:19.294+00:00,124.001,327.689,99,21745.3,2640,61,measure
2026-09-11T02:00:20.295+00:00,125.001,343.321,99,21745.3,2685,63,measure
2026-09-11T02:00:21.296+00:00,126.003,338.818,99,21745.3,2685,63,measure
2026-09-11T02:00:22.294+00:00,127.001,328.3,100,21745.3,2685,63,measure
2026-09-11T02:00:23.294+00:00,128.001,323.306,99,21745.3,2685,62,measure
2026-09-11T02:00:24.295+00:00,129.000,331.148,99,21745.3,2685,63,measure
2026-09-11T02:00:25.293+00:00,130.000,327.278,99,21745.3,2685,63,measure
2026-09-11T02:00:26.296+00:00,131.001,312.807,100,21745.3,2685,62,measure
2026-09-11T02:00:27.304+00:00,132.011,312.635,99,21745.3,2685,63,measure
2026-09-11T02:00:28.305+00:00,133.012,311.908,99,21745.3,2685,61,measure
2026-09-11T02:00:29.307+00:00,134.013,322.105,99,21745.3,2685,61,measure
2026-09-11T02:00:30.314+00:00,135.021,338.866,99,21745.3,2685,63,measure
2026-09-11T02:00:31.304+00:00,136.008,340.823,99,21745.3,2685,63,measure
2026-09-11T02:00:32.298+00:00,137.003,332.55,99,21745.3,2685,63,measure
2026-09-11T02:00:33.303+00:00,138.010,316.791,100,21745.3,2685,61,measure
2026-09-11T02:00:34.300+00:00,139.007,310.289,99,21745.3,2685,61,measure
2026-09-11T02:00:35.302+00:00,140.009,318.671,99,21745.3,2685,61,measure
2026-09-11T02:00:36.299+00:00,141.006,329.394,99,21745.3,2685,61,measure
2026-09-11T02:00:37.327+00:00,142.030,338.923,99,21745.3,2595,63,measure
2026-09-11T02:00:38.299+00:00,143.003,336.757,99,21745.3,2685,63,measure
2026-09-11T02:00:39.301+00:00,144.008,310.772,99,21745.3,2685,61,measure
2026-09-11T02:00:40.317+00:00,145.024,296.65,99,21745.3,2685,61,measure
2026-09-11T02:00:41.304+00:00,146.010,295.37,99,21745.3,2685,60,measure
2026-09-11T02:00:42.299+00:00,147.005,298.361,100,21745,2685,61,measure
2026-09-11T02:00:43.319+00:00,148.025,303.604,99,21745,2685,61,measure
2026-09-11T02:00:44.317+00:00,149.022,306.194,99,21744.1,2685,61,measure
2026-09-11T02:00:45.306+00:00,150.011,311.011,99,21744.1,2685,62,measure
2026-09-11T02:00:46.296+00:00,151.003,324.82,99,21744.1,2685,66,measure
2026-09-11T02:00:47.307+00:00,152.012,344.341,99,21744.1,2685,63,measure
2026-09-11T02:00:48.322+00:00,153.028,340.815,99,21744.1,2685,62,measure
2026-09-11T02:00:49.302+00:00,154.007,326.622,100,21744.1,2685,63,measure
2026-09-11T02:00:47.792+00:00,155.001,308.709,99,21744.1,2685,62,measure
2026-09-11T02:00:48.795+00:00,156.005,306.975,99,21744.1,2685,61,measure
2026-09-11T02:00:49.792+00:00,157.002,294.522,100,21744.1,2685,60,measure
2026-09-11T02:00:50.815+00:00,158.023,307.983,99,21744.1,2685,62,measure
2026-09-11T02:00:51.818+00:00,159.027,311.613,99,21744.1,2685,61,measure
2026-09-11T02:00:52.873+00:00,160.081,327.613,99,21744.1,2685,63,measure
2026-09-11T02:00:53.866+00:00,161.076,318.854,99,21744.1,2685,61,measure
2026-09-11T02:00:54.867+00:00,162.077,317.763,100,21744.1,2685,61,measure
2026-09-11T02:00:55.821+00:00,163.031,314.202,99,21744.1,2685,62,measure
2026-09-11T02:00:56.830+00:00,164.040,310.397,99,21744.1,2685,62,measure
2026-09-11T02:00:57.870+00:00,165.080,305.084,99,21744.1,2685,62,measure
2026-09-11T02:00:58.866+00:00,166.076,309.749,99,21744.1,2685,63,measure
2026-09-11T02:00:59.821+00:00,167.031,301.698,99,21744.1,2685,62,measure
2026-09-11T02:01:00.829+00:00,168.038,306.819,99,21744.1,2685,61,measure
2026-09-11T02:01:01.888+00:00,169.080,320.705,99,21744.1,2640,63,measure
2026-09-11T02:01:02.867+00:00,170.075,335.382,99,21744.1,2685,62,measure
2026-09-11T02:01:03.822+00:00,171.030,322.254,99,21744.1,2685,64,measure
2026-09-11T02:01:04.792+00:00,172.002,323.607,99,21744.1,2685,65,measure
2026-09-11T02:01:05.805+00:00,173.015,307.244,100,21744.1,2685,61,measure
2026-09-11T02:01:06.873+00:00,174.082,316.709,99,21744.1,2685,61,measure
2026-09-11T02:01:07.821+00:00,175.031,307.556,100,21744.1,2685,62,measure
2026-09-11T02:01:08.870+00:00,176.081,305.694,100,21744.1,2685,61,measure
2026-09-11T02:01:09.802+00:00,177.012,306.663,100,21744.1,2685,61,measure
2026-09-11T02:01:10.872+00:00,178.082,304.587,99,21744.1,2685,62,measure
2026-09-11T02:01:11.821+00:00,179.031,317.651,100,21744.1,2685,61,measure
2026-09-11T02:01:12.872+00:00,180.081,321.78,99,21744.1,2685,62,measure
2026-09-11T02:01:13.866+00:00,181.076,328.978,99,21744.1,2685,62,measure
2026-09-11T02:01:14.868+00:00,182.077,319.219,99,21744.1,2685,62,measure
2026-09-11T02:01:15.822+00:00,183.031,310.464,99,21744.1,2685,62,measure
2026-09-11T02:01:16.871+00:00,184.081,316.916,99,21744.1,2685,66,measure
2026-09-11T02:01:17.856+00:00,185.065,308.102,99,21744.1,2685,61,measure
2026-09-11T02:01:18.868+00:00,186.078,306.945,99,21744.1,2685,61,measure
2026-09-11T02:01:19.821+00:00,187.031,312.953,99,21744.1,2685,61,measure
2026-09-11T02:01:18.369+00:00,188.075,318.36,99,21744.1,2685,61,measure
2026-09-11T02:01:19.367+00:00,189.077,329.214,99,21744.1,2685,62,measure
2026-09-11T02:01:20.367+00:00,190.077,342.517,99,21744.1,2685,63,measure
2026-09-11T02:01:21.321+00:00,191.031,334.989,99,21744.1,2685,63,measure
2026-09-11T02:01:22.372+00:00,192.081,348.276,99,21744.1,2685,63,measure
2026-09-11T02:01:23.367+00:00,193.076,344.405,99,21744.1,2685,66,measure
2026-09-11T02:01:24.368+00:00,194.077,346.624,99,21744.1,2685,63,measure
2026-09-11T02:01:25.323+00:00,195.031,343.528,99,21744.1,2685,65,measure
2026-09-11T02:01:26.383+00:00,196.047,361.446,99,21744.1,2685,65,measure
2026-09-11T02:01:27.370+00:00,197.076,348.449,99,21744.1,2685,66,measure
2026-09-11T02:01:28.334+00:00,198.043,339.148,99,21744.1,2685,66,measure
2026-09-11T02:01:29.321+00:00,199.030,327.087,99,21744.1,2685,62,measure
2026-09-11T02:01:30.363+00:00,200.072,317.595,99,21744.1,2685,62,measure
2026-09-11T02:01:31.291+00:00,201.001,325.99,99,21744.1,2685,64,measure
2026-09-11T02:01:32.291+00:00,202.001,351.426,99,21744.1,2685,63,measure
2026-09-11T02:01:33.292+00:00,203.001,343.219,99,21744.1,2685,64,measure
2026-09-11T02:01:34.291+00:00,204.001,345.886,99,21744.1,2685,63,measure
2026-09-11T02:01:35.291+00:00,205.000,318.958,99,21744.1,2685,62,measure
2026-09-11T02:01:36.298+00:00,206.008,318.041,99,21744.1,2685,63,measure
2026-09-11T02:01:37.324+00:00,207.034,314.333,100,21744.1,2685,62,measure
2026-09-11T02:01:38.325+00:00,208.035,311.207,99,21744.1,2685,62,measure
2026-09-11T02:01:39.295+00:00,209.002,312.54,99,21744.1,2685,64,measure
2026-09-11T02:01:40.290+00:00,210.000,326.842,99,21744.1,2685,68,measure
2026-09-11T02:01:41.290+00:00,211.000,338.115,99,21744.1,2685,63,measure
2026-09-11T02:01:42.291+00:00,212.001,328.452,99,21743.1,2685,65,measure
2026-09-11T02:01:43.292+00:00,213.001,330.42,99,21743.1,2685,62,measure
2026-09-11T02:01:44.293+00:00,214.001,309.982,99,21742.5,2685,62,measure
2026-09-11T02:01:45.292+00:00,215.001,305.913,99,21742.5,2685,61,measure
2026-09-11T02:01:46.291+00:00,216.001,313.765,99,21742.5,2685,62,measure
2026-09-11T02:01:47.291+00:00,217.001,315.321,99,21742.5,2685,64,measure
2026-09-11T02:01:48.290+00:00,218.000,321.225,99,21742.5,2685,63,measure
2026-09-11T02:01:49.290+00:00,219.000,316.194,99,21742.5,2685,62,measure
2026-09-11T02:01:47.794+00:00,220.001,315.682,100,21742.5,2685,62,measure
2026-09-11T02:01:48.793+00:00,221.000,310.385,99,21742.5,2685,63,measure
2026-09-11T02:01:49.792+00:00,222.000,318.366,99,21742.5,2685,62,measure
2026-09-11T02:01:50.791+00:00,223.000,323.609,99,21742.5,2685,64,measure
2026-09-11T02:01:51.792+00:00,224.000,341.019,99,21742.5,2685,63,measure
2026-09-11T02:01:52.792+00:00,225.001,315.6,99,21742.5,2685,62,measure
2026-09-11T02:01:53.793+00:00,226.001,316.745,99,21742.5,2685,63,measure
2026-09-11T02:01:54.792+00:00,227.001,311.565,99,21742.5,2685,62,measure
2026-09-11T02:01:55.792+00:00,228.001,308.346,99,21742.5,2685,62,measure
2026-09-11T02:01:56.792+00:00,229.001,310.337,100,21742.5,2685,61,measure
2026-09-11T02:01:57.794+00:00,230.003,307.844,99,21742.5,2685,62,measure
2026-09-11T02:01:58.792+00:00,231.001,307.728,99,21742.5,2685,63,measure
2026-09-11T02:01:59.798+00:00,232.005,316.336,99,21742.5,2685,62,measure
2026-09-11T02:02:00.793+00:00,233.002,314.526,99,21742.5,2685,62,measure
2026-09-11T02:02:01.791+00:00,234.000,314.248,99,21742.5,2685,63,measure
2026-09-11T02:02:02.792+00:00,235.001,312.476,99,21742.5,2685,61,measure
2026-09-11T02:02:03.793+00:00,236.000,326.475,99,21742.5,2685,63,measure
2026-09-11T02:02:04.792+00:00,237.001,329.402,99,21742.5,2685,63,measure
2026-09-11T02:02:05.794+00:00,238.001,355.643,99,21742.5,2685,64,measure
2026-09-11T02:02:06.794+00:00,239.001,358.761,99,21742.5,2685,63,measure
2026-09-11T02:02:07.791+00:00,240.000,353.237,99,21742.5,2685,63,measure
2026-09-11T02:02:08.841+00:00,241.001,353.106,99,21742.5,2685,68,measure
2026-09-11T02:02:09.791+00:00,242.000,335.03,99,21742.5,2685,63,measure
2026-09-11T02:02:10.792+00:00,243.000,337.122,99,21742.5,2685,65,measure
2026-09-11T02:02:11.794+00:00,244.001,327.426,99,21742.5,2685,63,measure
2026-09-11T02:02:12.794+00:00,245.000,330.675,99,21742.5,2685,63,measure
2026-09-11T02:02:13.793+00:00,246.002,318.913,100,21742.5,2685,62,measure
2026-09-11T02:02:14.793+00:00,247.002,320.963,99,21742.5,2685,62,measure
2026-09-11T02:02:15.793+00:00,248.002,314.587,99,21742.5,2685,62,measure
2026-09-11T02:02:16.793+00:00,249.002,339.532,99,21742.5,2685,64,measure
2026-09-11T02:02:17.793+00:00,250.000,329.561,99,21742.5,2685,63,measure
2026-09-11T02:02:18.794+00:00,251.001,321.459,99,21742.5,2685,62,measure
2026-09-11T02:02:19.792+00:00,252.001,325.435,100,21742.5,2685,62,measure
2026-09-11T02:02:18.291+00:00,253.001,307.683,100,21742.5,2685,62,measure
2026-09-11T02:02:19.290+00:00,254.001,324.333,99,21742.5,2685,62,measure
2026-09-11T02:02:20.290+00:00,255.001,319.445,99,21742.5,2685,62,measure
2026-09-11T02:02:21.296+00:00,256.001,310.242,99,21742.5,2685,62,measure
2026-09-11T02:02:22.291+00:00,257.001,316.13,99,21742.5,2685,62,measure
2026-09-11T02:02:23.290+00:00,258.000,311.231,100,21742.5,2685,62,measure
2026-09-11T02:02:24.294+00:00,259.004,306.521,99,21742.5,2685,62,measure
2026-09-11T02:02:25.292+00:00,260.002,299.533,99,21742.5,2685,61,measure
2026-09-11T02:02:26.290+00:00,261.000,299.885,99,21742.5,2685,62,measure
2026-09-11T02:02:27.291+00:00,262.000,304.896,100,21742.5,2685,63,measure
2026-09-11T02:02:28.291+00:00,263.001,319.357,99,21742.5,2685,62,measure
2026-09-11T02:02:29.291+00:00,264.002,313.389,99,21742.5,2685,61,measure
2026-09-11T02:02:30.294+00:00,265.005,304.072,100,21742.5,2685,61,measure
2026-09-11T02:02:31.291+00:00,266.001,307.456,99,21742.5,2685,64,measure
2026-09-11T02:02:32.293+00:00,267.002,314.831,99,21742.5,2685,62,measure
2026-09-11T02:02:33.292+00:00,268.001,322.235,99,21742.5,2685,67,measure
2026-09-11T02:02:34.292+00:00,269.001,341.095,99,21742.5,2685,65,measure
2026-09-11T02:02:35.291+00:00,270.001,317.588,99,21742.5,2685,63,measure
2026-09-11T02:02:36.290+00:00,271.000,320.046,99,21742.5,2685,62,measure
2026-09-11T02:02:37.290+00:00,272.001,311.014,99,21742.5,2685,62,measure
2026-09-11T02:02:38.291+00:00,273.001,329.747,99,21742.5,2685,63,measure
2026-09-11T02:02:39.293+00:00,274.002,336.841,99,21742.5,2685,65,measure
2026-09-11T02:02:40.291+00:00,275.001,326.613,99,21742.5,2685,63,measure
2026-09-11T02:02:41.290+00:00,276.001,318.508,99,21742.5,2685,62,measure
2026-09-11T02:02:42.290+00:00,277.001,318.275,99,21741.9,2685,62,measure
2026-09-11T02:02:43.290+00:00,278.001,315.271,99,21741.9,2685,64,measure
2026-09-11T02:02:44.291+00:00,279.001,328.723,100,21741.6,2685,63,measure
2026-09-11T02:02:45.292+00:00,280.001,315.506,99,21741.6,2685,62,measure
2026-09-11T02:02:46.291+00:00,281.000,312.794,99,21741.6,2685,61,measure
2026-09-11T02:02:47.290+00:00,282.001,316.887,100,21741.6,2685,62,measure
2026-09-11T02:02:48.337+00:00,283.000,335.241,99,21741.6,2685,64,measure
2026-09-11T02:02:49.290+00:00,284.000,346.839,99,21741.6,2685,63,measure
2026-09-11T02:02:47.791+00:00,285.000,344.958,99,21741.6,2685,63,measure
2026-09-11T02:02:48.793+00:00,286.002,336.254,99,21741.6,2685,64,measure
2026-09-11T02:02:49.816+00:00,287.025,317.833,99,21741.6,2685,62,measure
2026-09-11T02:02:50.831+00:00,288.038,316.082,99,21741.6,2685,63,measure
2026-09-11T02:02:51.871+00:00,289.080,313.193,99,21741.6,2685,62,measure
2026-09-11T02:02:52.803+00:00,290.006,322.642,99,21741.6,2685,66,measure
2026-09-11T02:02:53.796+00:00,291.004,321.423,99,21741.6,2685,62,measure
2026-09-11T02:02:54.796+00:00,292.004,330.734,99,21741.6,2685,63,measure
2026-09-11T02:02:55.794+00:00,293.004,334.679,99,21741.6,2685,63,measure
2026-09-11T02:02:56.794+00:00,294.003,328.785,99,21741.6,2685,63,measure
2026-09-11T02:02:57.793+00:00,295.002,317.215,100,21741.6,2685,65,measure
2026-09-11T02:02:58.793+00:00,296.002,308.843,99,21741.6,2685,62,measure
2026-09-11T02:02:59.793+00:00,297.002,316.246,99,21741.6,2685,62,measure
2026-09-11T02:03:00.815+00:00,298.025,320.5,99,21741.6,2685,64,measure
2026-09-11T02:03:01.823+00:00,299.033,328.28,99,21741.6,2685,63,measure
2026-09-11T02:03:02.807+00:00,300.015,320.665,99,21741.6,2685,62,measure
2026-09-11T02:03:03.791+00:00,301.000,322.367,99,21741.6,2685,63,measure
2026-09-11T02:03:04.791+00:00,302.000,324.76,99,21741.6,2685,63,measure
2026-09-11T02:03:05.792+00:00,303.001,345.149,99,21741.6,2685,66,measure
2026-09-11T02:03:06.792+00:00,304.000,328.399,100,21741.6,2685,63,measure
2026-09-11T02:03:07.793+00:00,305.002,341.472,99,21741.6,2685,64,measure
2026-09-11T02:03:08.791+00:00,306.001,399.283,99,21741.6,2685,66,measure
2026-09-11T02:03:09.792+00:00,307.001,339.902,99,21741.6,2685,63,measure
2026-09-11T02:03:10.791+00:00,308.001,353.397,99,21741.6,2685,64,measure
2026-09-11T02:03:11.834+00:00,309.001,404.535,99,21741.6,2640,71,measure
2026-09-11T02:03:12.794+00:00,310.002,354.318,99,21741.6,2685,64,measure
2026-09-11T02:03:13.792+00:00,311.002,346.708,99,21741.6,2685,65,measure
2026-09-11T02:03:14.797+00:00,312.001,396.74,99,21741.6,2685,72,measure
2026-09-11T02:03:15.794+00:00,313.001,372.324,99,21741.6,2685,64,measure
2026-09-11T02:03:16.837+00:00,314.001,339.678,99,21741.6,2685,65,measure
2026-09-11T02:03:17.793+00:00,315.001,385.097,99,21741.6,2625,64,measure
2026-09-11T02:03:18.795+00:00,316.000,390.486,99,21741.6,2685,66,measure
2026-09-11T02:03:19.791+00:00,317.001,332.792,100,21741.6,2685,64,measure
2026-09-11T02:03:18.291+00:00,318.000,367.739,99,21741.6,2685,64,measure
2026-09-11T02:03:19.291+00:00,319.000,403.849,99,21741.6,2685,66,measure
2026-09-11T02:03:20.292+00:00,320.000,339.063,99,21741.6,2685,64,measure
2026-09-11T02:03:21.293+00:00,321.001,355.207,99,21741.6,2685,67,measure
2026-09-11T02:03:22.295+00:00,322.001,405.222,99,21741.6,2685,72,measure
2026-09-11T02:03:23.291+00:00,323.000,356.354,100,21741.6,2685,64,measure
2026-09-11T02:03:24.292+00:00,324.001,350.098,99,21741.6,2685,67,measure
2026-09-11T02:03:25.337+00:00,325.001,396.934,99,21741.6,2640,71,measure
2026-09-11T02:03:26.291+00:00,326.001,372.286,99,21741.6,2685,64,measure
2026-09-11T02:03:27.293+00:00,327.001,340.751,99,21741.6,2655,68,measure
2026-09-11T02:03:28.293+00:00,328.001,387.347,99,21741.6,2625,64,measure
2026-09-11T02:03:29.291+00:00,329.000,390.488,99,21741.6,2685,66,measure
2026-09-11T02:03:30.291+00:00,330.001,334.028,99,21741.6,2685,64,measure
2026-09-11T02:03:31.324+00:00,331.001,367.383,99,21741.6,2685,64,measure
2026-09-11T02:03:32.292+00:00,332.001,406.647,99,21741.6,2685,66,measure
2026-09-11T02:03:33.293+00:00,333.001,337.528,99,21741.6,2685,64,measure
2026-09-11T02:03:34.294+00:00,334.000,356.406,99,21741.6,2685,68,measure
2026-09-11T02:03:35.291+00:00,335.001,403.797,99,21741.6,2685,71,measure
2026-09-11T02:03:36.291+00:00,336.001,354.046,99,21741.6,2685,64,measure
2026-09-11T02:03:37.291+00:00,337.001,351.589,99,21741.6,2685,69,measure
2026-09-11T02:03:38.292+00:00,338.001,398.106,99,21741.6,2685,67,measure
2026-09-11T02:03:39.293+00:00,339.001,369.369,99,21741.6,2685,65,measure
2026-09-11T02:03:40.294+00:00,340.001,354.093,99,21741.6,2685,67,measure
2026-09-11T02:03:41.291+00:00,341.000,389.811,99,21741.6,2685,69,measure
2026-09-11T02:03:42.291+00:00,342.000,387.204,99,21736.6,2670,64,measure
2026-09-11T02:03:43.294+00:00,343.003,352.15,100,21736.6,2685,64,measure
2026-09-11T02:03:44.291+00:00,344.001,369.415,99,21734.4,2610,70,measure
2026-09-11T02:03:45.293+00:00,345.000,391.429,99,21734.4,2685,65,measure
2026-09-11T02:03:46.292+00:00,346.001,359.59,99,21734.4,2685,64,measure
2026-09-11T02:03:47.323+00:00,347.000,356.761,99,21734.4,2685,70,measure
2026-09-11T02:03:48.291+00:00,348.001,385.07,99,21734.4,2685,69,measure
2026-09-11T02:03:49.291+00:00,349.000,370.733,100,21734.4,2685,65,measure
2026-09-11T02:03:47.792+00:00,350.000,354.656,99,21734.4,2685,65,measure
2026-09-11T02:03:48.793+00:00,351.000,388.31,99,21734.4,2685,71,measure
2026-09-11T02:03:49.794+00:00,352.000,385.861,99,21734.4,2685,67,measure
2026-09-11T02:03:50.792+00:00,353.001,356.447,99,21734.4,2685,65,measure
2026-09-11T02:03:51.796+00:00,354.000,384.433,99,21734.4,2685,68,measure
2026-09-11T02:03:52.792+00:00,355.001,383.676,99,21734.4,2685,65,measure
2026-09-11T02:03:53.792+00:00,356.000,353.41,99,21734.4,2685,64,measure
2026-09-11T02:03:54.794+00:00,357.000,373.584,99,21734.4,2685,68,measure
2026-09-11T02:03:55.808+00:00,358.001,390.236,99,21734.4,2640,65,measure
2026-09-11T02:03:56.792+00:00,359.000,358.786,99,21734.4,2685,64,measure
2026-09-11T02:03:57.795+00:00,360.002,366.827,100,21734.4,2640,65,measure
2026-09-11T02:03:58.792+00:00,361.001,387.707,99,21734.4,2640,69,measure
2026-09-11T02:03:59.793+00:00,362.001,370.66,99,21734.4,2685,67,measure
2026-09-11T02:04:00.798+00:00,363.000,355.564,99,21734.4,2685,66,measure
2026-09-11T02:04:01.794+00:00,364.001,385.7,99,21734.4,2685,68,measure
2026-09-11T02:04:02.804+00:00,365.012,384.545,99,21734.4,2685,66,measure
2026-09-11T02:04:03.794+00:00,366.003,353.311,99,21734.4,2640,68,measure
2026-09-11T02:04:04.792+00:00,367.000,380.925,99,21734.4,2685,68,measure
2026-09-11T02:04:05.792+00:00,368.000,387.419,99,21734.4,2685,68,measure
2026-09-11T02:04:06.797+00:00,369.005,352.388,99,21734.4,2685,64,measure
2026-09-11T02:04:07.799+00:00,370.007,374.979,99,21734.4,2610,69,measure
2026-09-11T02:04:08.792+00:00,371.000,385.919,99,21734.4,2685,69,measure
2026-09-11T02:04:09.792+00:00,372.001,359.633,99,21734.4,2685,64,measure
2026-09-11T02:04:10.797+00:00,373.005,366.655,99,21734.4,2685,69,measure
2026-09-11T02:04:11.793+00:00,374.001,390.267,99,21734.4,2685,66,measure
2026-09-11T02:04:12.819+00:00,375.025,367.095,100,21734.4,2685,69,measure
2026-09-11T02:04:13.794+00:00,376.000,355.746,99,21734.4,2685,67,measure
2026-09-11T02:04:14.842+00:00,377.001,381.955,99,21734.4,2685,65,measure
2026-09-11T02:04:15.792+00:00,378.000,378.688,99,21734.4,2685,69,measure
2026-09-11T02:04:16.792+00:00,379.000,352.214,99,21734.4,2685,66,measure
2026-09-11T02:04:17.792+00:00,380.001,385.335,99,21734.4,2640,67,measure
2026-09-11T02:04:18.793+00:00,381.000,384.013,99,21734.4,2685,66,measure
2026-09-11T02:04:19.795+00:00,382.001,352.331,99,21734.4,2685,64,measure
2026-09-11T02:04:18.291+00:00,383.000,377.961,99,21734.4,2685,66,measure
2026-09-11T02:04:19.292+00:00,384.000,389.573,99,21734.4,2685,66,measure
2026-09-11T02:04:20.291+00:00,385.000,357.976,99,21734.4,2685,64,measure
2026-09-11T02:04:21.291+00:00,386.000,367.592,99,21734.4,2685,68,measure
2026-09-11T02:04:22.297+00:00,387.001,391.972,99,21734.4,2685,66,measure
2026-09-11T02:04:23.292+00:00,388.000,371.203,100,21734.4,2685,67,measure
2026-09-11T02:04:24.295+00:00,389.004,356.488,100,21734.4,2685,69,measure
2026-09-11T02:04:25.299+00:00,390.007,383.534,99,21734.4,2685,68,measure
2026-09-11T02:04:26.292+00:00,391.001,378.216,99,21734.4,2685,66,measure
2026-09-11T02:04:27.292+00:00,392.001,355.089,99,21734.4,2685,69,measure
2026-09-11T02:04:28.293+00:00,393.001,382.434,99,21734.4,2685,65,measure
2026-09-11T02:04:29.292+00:00,394.000,383.129,99,21734.4,2685,68,measure
2026-09-11T02:04:30.292+00:00,395.001,355.39,99,21734.4,2685,64,measure
2026-09-11T02:04:31.292+00:00,396.001,383.721,99,21734.4,2685,65,measure
2026-09-11T02:04:32.291+00:00,397.000,389.136,99,21734.4,2685,69,measure
2026-09-11T02:04:33.294+00:00,398.002,356.366,99,21734.4,2685,64,measure
2026-09-11T02:04:34.294+00:00,399.001,370.535,99,21734.4,2685,67,measure
2026-09-11T02:04:35.292+00:00,400.001,392.866,99,21734.4,2685,70,measure
2026-09-11T02:04:36.293+00:00,401.002,366.796,100,21734.4,2685,66,measure
2026-09-11T02:04:37.292+00:00,402.001,356.047,99,21734.4,2685,66,measure
2026-09-11T02:04:38.292+00:00,403.000,387.211,99,21734.4,2685,70,measure
2026-09-11T02:04:39.292+00:00,404.000,378.975,99,21734.4,2685,65,measure
2026-09-11T02:04:40.295+00:00,405.002,357.853,99,21734.4,2685,66,measure
2026-09-11T02:04:41.293+00:00,406.002,384.315,99,21734.4,2685,65,measure
2026-09-11T02:04:42.292+00:00,407.001,386.401,99,21733.9,2685,70,measure
2026-09-11T02:04:43.338+00:00,408.001,352.079,99,21733.9,2670,64,measure
2026-09-11T02:04:44.292+00:00,409.000,385.015,99,21733.3,2685,65,measure
2026-09-11T02:04:45.318+00:00,410.000,394.297,99,21733.3,2685,70,measure
2026-09-11T02:04:46.297+00:00,411.002,356.598,99,21733.3,2640,64,measure
2026-09-11T02:04:47.293+00:00,412.002,369.846,99,21733.3,2685,66,measure
2026-09-11T02:04:48.291+00:00,413.000,394.963,99,21733.3,2685,68,measure
2026-09-11T02:04:49.338+00:00,414.001,366.936,100,21733.3,2685,65,measure
2026-09-11T02:04:47.818+00:00,415.000,355.945,99,21733.3,2685,66,measure
2026-09-11T02:04:48.793+00:00,416.000,391.25,99,21733.3,2685,69,measure
2026-09-11T02:04:49.794+00:00,417.000,378.202,99,21733.3,2685,65,measure
2026-09-11T02:04:50.794+00:00,418.002,359.431,99,21733.3,2685,66,measure
2026-09-11T02:04:51.792+00:00,419.000,386.215,99,21733.3,2685,68,measure
2026-09-11T02:04:52.795+00:00,420.001,386.709,99,21733.3,2640,69,measure
2026-09-11T02:04:53.813+00:00,421.000,353.844,99,21733.3,2685,64,measure
2026-09-11T02:04:54.794+00:00,422.001,383.216,99,21733.3,2685,69,measure
2026-09-11T02:04:55.796+00:00,423.001,390.776,99,21733.3,2685,68,measure
2026-09-11T02:04:56.794+00:00,424.000,357.292,99,21733.3,2685,64,measure
2026-09-11T02:04:57.792+00:00,425.000,367.838,99,21733.3,2685,65,measure
2026-09-11T02:04:58.793+00:00,426.001,392.397,99,21733.3,2685,70,measure
2026-09-11T02:04:59.793+00:00,427.000,366.357,99,21733.3,2685,65,measure
2026-09-11T02:05:00.795+00:00,428.001,355.471,100,21733.3,2685,65,measure
2026-09-11T02:05:01.796+00:00,429.000,390.541,99,21733.3,2685,69,measure
2026-09-11T02:05:02.792+00:00,430.000,374.294,99,21733.3,2685,65,measure
2026-09-11T02:05:03.794+00:00,431.002,356.851,99,21733.3,2685,65,measure
2026-09-11T02:05:04.804+00:00,432.002,386.285,99,21733.3,2685,70,measure
2026-09-11T02:05:05.793+00:00,433.001,385.53,99,21733.3,2685,67,measure
2026-09-11T02:05:06.795+00:00,434.001,353.921,99,21733.3,2685,64,measure
2026-09-11T02:05:07.830+00:00,435.000,381.554,99,21733.3,2685,71,measure
2026-09-11T02:05:08.795+00:00,436.002,392.199,99,21733.3,2640,67,measure
2026-09-11T02:05:09.793+00:00,437.001,355.312,100,21733.3,2685,64,measure
2026-09-11T02:05:10.796+00:00,438.000,368.42,99,21733.3,2610,65,measure
2026-09-11T02:05:11.793+00:00,439.001,392.033,99,21733.3,2685,67,measure
2026-09-11T02:05:12.794+00:00,440.001,359.351,99,21733.3,2685,65,measure
2026-09-11T02:05:13.795+00:00,441.000,355.227,100,21733.3,2685,65,measure
2026-09-11T02:05:14.797+00:00,442.006,386.025,99,21733.3,2685,67,measure
2026-09-11T02:05:15.819+00:00,443.027,375.037,99,21733.3,2685,65,measure
2026-09-11T02:05:16.813+00:00,444.021,355.51,99,21733.3,2685,65,measure
2026-09-11T02:05:17.802+00:00,445.009,383.043,99,21733.3,2685,71,measure
2026-09-11T02:05:18.800+00:00,446.008,373.144,99,21733.3,2685,65,measure
2026-09-11T02:05:19.809+00:00,447.008,362.814,99,21733.3,2685,67,measure
2026-09-11T02:05:18.309+00:00,448.003,385.061,99,21733.3,2655,67,measure
2026-09-11T02:05:19.314+00:00,449.008,373.969,99,21733.3,2685,65,measure
2026-09-11T02:05:20.315+00:00,450.007,353.869,99,21733.3,2685,67,measure
2026-09-11T02:05:21.346+00:00,451.000,372.7,99,21733.3,2685,70,measure
2026-09-11T02:05:22.328+00:00,452.000,387.675,99,21733.3,2685,66,measure
2026-09-11T02:05:23.309+00:00,453.001,358.82,99,21733.3,2685,70,measure
2026-09-11T02:05:24.307+00:00,454.000,368.299,99,21733.3,2640,68,measure
2026-09-11T02:05:25.308+00:00,455.002,381.332,99,21733.3,2655,66,measure
2026-09-11T02:05:26.308+00:00,456.001,373.709,99,21733.3,2685,68,measure
2026-09-11T02:05:27.307+00:00,457.001,362.938,99,21733.3,2685,66,measure
2026-09-11T02:05:28.309+00:00,458.001,378.321,99,21733.3,2685,72,measure
2026-09-11T02:05:29.309+00:00,459.001,372.263,99,21733.3,2685,65,measure
2026-09-11T02:05:30.307+00:00,460.000,362.47,99,21733.3,2685,67,measure
2026-09-11T02:05:31.307+00:00,461.001,383.072,99,21733.3,2685,71,measure
2026-09-11T02:05:32.307+00:00,462.001,373.102,99,21733.3,2685,65,measure
2026-09-11T02:05:33.307+00:00,463.001,358.312,99,21733.3,2685,68,measure
2026-09-11T02:05:34.319+00:00,464.013,380.263,99,21733.3,2685,65,measure
2026-09-11T02:05:35.309+00:00,465.000,387.614,99,21733.3,2685,65,measure
2026-09-11T02:05:36.307+00:00,466.001,353.901,99,21733.3,2685,65,measure
2026-09-11T02:05:37.336+00:00,467.001,367.336,99,21733.3,2655,65,measure
2026-09-11T02:05:38.330+00:00,468.001,383.854,99,21733.3,2610,65,measure
2026-09-11T02:05:39.307+00:00,469.000,370.649,99,21733.3,2685,65,measure
2026-09-11T02:05:40.313+00:00,470.000,354.734,99,21733.3,2685,65,measure
2026-09-11T02:05:41.319+00:00,471.010,379.634,99,21733.3,2685,67,measure
2026-09-11T02:05:42.340+00:00,472.004,368.039,99,21732.9,2655,67,measure
2026-09-11T02:05:43.307+00:00,473.001,364.444,99,21732.9,2685,67,measure
2026-09-11T02:05:44.312+00:00,474.005,381.533,99,21730.9,2640,68,measure
2026-09-11T02:05:45.312+00:00,475.004,372.607,99,21730.9,2685,66,measure
2026-09-11T02:05:46.367+00:00,476.002,360.245,99,21730.9,2670,69,measure
2026-09-11T02:05:47.312+00:00,477.006,385.038,99,21730.9,2685,65,measure
2026-09-11T02:05:48.337+00:00,478.008,388.451,99,21730.9,2685,66,measure
2026-09-11T02:05:49.309+00:00,479.003,364.213,99,21730.9,2685,65,measure
2026-09-11T02:05:47.820+00:00,480.001,370.016,99,21730.9,2685,65,measure
2026-09-11T02:05:48.811+00:00,481.000,392.811,99,21730.9,2685,68,measure
2026-09-11T02:05:49.812+00:00,482.000,376.327,99,21730.9,2685,65,measure
2026-09-11T02:05:50.812+00:00,483.000,355.175,100,21730.9,2685,65,measure
2026-09-11T02:05:51.811+00:00,484.001,375.322,99,21730.9,2685,66,measure
2026-09-11T02:05:52.811+00:00,485.000,378.12,99,21730.9,2685,65,measure
2026-09-11T02:05:53.811+00:00,486.001,362.769,99,21730.9,2685,65,measure
2026-09-11T02:05:54.854+00:00,487.001,381.528,99,21730.9,2685,66,measure
2026-09-11T02:05:55.813+00:00,488.002,376.292,99,21730.9,2685,65,measure
2026-09-11T02:05:56.812+00:00,489.001,363.03,99,21730.9,2685,68,measure
2026-09-11T02:05:57.811+00:00,490.001,386.848,99,21730.9,2685,64,measure
2026-09-11T02:05:58.810+00:00,491.000,384.596,99,21730.9,2685,65,measure
2026-09-11T02:05:59.811+00:00,492.000,357.324,100,21730.9,2685,65,measure
2026-09-11T02:06:00.811+00:00,493.001,372.891,99,21730.9,2685,64,measure
2026-09-11T02:06:01.818+00:00,494.007,382.419,99,21730.9,2670,69,measure
2026-09-11T02:06:02.812+00:00,495.001,370.567,99,21730.9,2685,65,measure
2026-09-11T02:06:03.817+00:00,496.007,362.711,99,21730.9,2625,64,measure
2026-09-11T02:06:04.861+00:00,497.004,377.818,99,21730.9,2685,69,measure
2026-09-11T02:06:05.856+00:00,498.019,378.789,99,21730.9,2685,65,measure
2026-09-11T02:06:06.813+00:00,499.002,362.622,99,21730.9,2685,70,measure
2026-09-11T02:06:07.816+00:00,500.006,381.004,99,21730.9,2685,67,measure
2026-09-11T02:06:08.812+00:00,501.002,374.462,99,21730.9,2685,65,measure
2026-09-11T02:06:09.813+00:00,502.003,362.656,99,21730.9,2670,67,measure
2026-09-11T02:06:10.816+00:00,503.006,378.843,99,21730.9,2685,69,measure
2026-09-11T02:06:11.841+00:00,504.003,366.183,99,21778.9,2685,67,measure
2026-09-11T02:06:12.816+00:00,505.005,357.106,99,21778.9,2685,65,measure
2026-09-11T02:06:13.817+00:00,506.004,373.995,99,21778.9,2625,70,measure
2026-09-11T02:06:14.811+00:00,507.000,362.549,99,21778.9,2685,66,measure
2026-09-11T02:06:15.815+00:00,508.004,379.872,99,21778.9,2685,65,measure
2026-09-11T02:06:16.839+00:00,509.000,365.124,99,21778.9,2625,68,measure
2026-09-11T02:06:17.816+00:00,510.005,356.224,99,21778.9,2685,65,measure
2026-09-11T02:06:18.812+00:00,511.001,379.475,99,21778.9,2685,65,measure
2026-09-11T02:06:17.310+00:00,512.000,362.584,99,21778.9,2685,70,measure
2026-09-11T02:06:18.309+00:00,513.001,359.544,99,21778.9,2685,65,measure
2026-09-11T02:06:19.310+00:00,514.001,368.522,99,21778.9,2685,65,measure
2026-09-11T02:06:20.334+00:00,515.000,362.292,99,21778.9,2685,70,measure
2026-09-11T02:06:21.310+00:00,516.001,379.659,99,21778.9,2685,64,measure
2026-09-11T02:06:22.312+00:00,517.001,361.188,100,21778.9,2685,64,measure
2026-09-11T02:06:23.313+00:00,518.001,362.233,99,21778.9,2685,65,measure
2026-09-11T02:06:24.309+00:00,519.000,372.765,99,21778.9,2685,64,measure
2026-09-11T02:06:25.339+00:00,520.000,362.7,99,21778.9,2685,64,measure
2026-09-11T02:06:26.309+00:00,521.001,380.069,100,21778.9,2685,65,measure
2026-09-11T02:06:27.310+00:00,522.001,359.148,99,21778.9,2610,64,measure
2026-09-11T02:06:28.310+00:00,523.001,357.57,99,21778.9,2685,65,measure
2026-09-11T02:06:29.347+00:00,524.001,379.056,99,21778.9,2685,66,measure
2026-09-11T02:06:30.311+00:00,525.000,362.601,99,21778.9,2670,66,measure
2026-09-11T02:06:31.309+00:00,526.001,363.144,99,21778.9,2685,65,measure
2026-09-11T02:06:32.312+00:00,527.001,368.415,99,21778.9,2685,66,measure
2026-09-11T02:06:33.309+00:00,528.000,362.013,99,21778.9,2685,66,measure
2026-09-11T02:06:34.311+00:00,529.001,382.727,99,21778.9,2685,64,measure
2026-09-11T02:06:35.315+00:00,530.002,364.011,99,21778.9,2655,64,measure
2026-09-11T02:06:36.310+00:00,531.001,362.191,99,21778.9,2685,65,measure
2026-09-11T02:06:37.315+00:00,532.002,367.742,99,21778.9,2610,65,measure
2026-09-11T02:06:38.309+00:00,533.000,366.654,99,21778.9,2685,64,measure
2026-09-11T02:06:39.309+00:00,534.000,379.355,100,21778.9,2685,65,measure
2026-09-11T02:06:40.312+00:00,535.002,355.676,99,21778.9,2685,65,measure
2026-09-11T02:06:41.310+00:00,536.000,359.675,99,21778.9,2685,65,measure
2026-09-11T02:06:42.309+00:00,537.001,374.86,99,21775.4,2685,68,measure
2026-09-11T02:06:43.309+00:00,538.001,366.342,99,21775.4,2685,68,measure
2026-09-11T02:06:44.309+00:00,539.000,366.421,99,21775.4,2685,65,measure
2026-09-11T02:06:45.309+00:00,540.000,364.826,99,21775.4,2685,70,measure
2026-09-11T02:06:46.334+00:00,541.001,362.195,99,21775.4,2640,68,measure
2026-09-11T02:06:47.312+00:00,542.001,383.078,99,21775.4,2685,65,measure
2026-09-11T02:06:48.313+00:00,543.000,362.744,99,21775.4,2685,64,measure
2026-09-11T02:06:49.309+00:00,544.000,362.425,99,21775.4,2685,65,measure
2026-09-11T02:06:47.847+00:00,545.000,367.58,99,21775.4,2685,65,measure
2026-09-11T02:06:48.827+00:00,546.004,359.91,99,21775.4,2595,64,measure
2026-09-11T02:06:49.805+00:00,547.001,379.418,99,21775.4,2685,65,measure
2026-09-11T02:06:50.806+00:00,548.000,355.46,99,21775.4,2685,65,measure
2026-09-11T02:06:51.803+00:00,549.001,360.147,99,21775.4,2685,66,measure
2026-09-11T02:06:52.804+00:00,550.000,371.492,99,21775.4,2655,69,measure
2026-09-11T02:06:53.803+00:00,551.000,366.056,99,21775.4,2685,66,measure
2026-09-11T02:06:54.803+00:00,552.001,366.58,99,21775.4,2685,66,measure
2026-09-11T02:06:55.804+00:00,553.000,361.758,99,21775.4,2685,68,measure
2026-09-11T02:06:56.807+00:00,554.002,362.52,99,21775.4,2640,66,measure
2026-09-11T02:06:57.864+00:00,555.006,382.899,99,21775.4,2685,67,measure
2026-09-11T02:06:58.805+00:00,556.000,368.058,99,21775.4,2685,64,measure
2026-09-11T02:06:59.804+00:00,557.000,365.408,100,21775.4,2685,66,measure
2026-09-11T02:07:00.803+00:00,558.000,366.853,99,21775.4,2685,65,measure
2026-09-11T02:07:01.805+00:00,559.001,355.522,99,21775.4,2595,64,measure
2026-09-11T02:07:02.858+00:00,560.007,378.095,99,21775.4,2685,66,measure
2026-09-11T02:07:03.803+00:00,561.001,355.931,99,21775.4,2685,65,measure
2026-09-11T02:07:04.803+00:00,562.001,360.228,99,21775.4,2685,71,measure
2026-09-11T02:07:05.802+00:00,563.000,371.075,99,21775.4,2685,66,measure
2026-09-11T02:07:06.803+00:00,564.000,361.891,99,21775.4,2685,68,measure
2026-09-11T02:07:07.804+00:00,565.000,370.098,99,21775.4,2685,71,measure
2026-09-11T02:07:08.804+00:00,566.001,359.886,99,21775.4,2685,66,measure
2026-09-11T02:07:09.803+00:00,567.000,360.775,99,21775.4,2685,65,measure
2026-09-11T02:07:10.811+00:00,568.002,376.512,99,21775.4,2595,66,measure
2026-09-11T02:07:11.802+00:00,569.000,367.282,99,21775.4,2685,64,measure
2026-09-11T02:07:12.802+00:00,570.000,370.278,100,21775.4,2685,68,measure
2026-09-11T02:07:13.804+00:00,571.000,363.387,99,21775.4,2685,66,measure
2026-09-11T02:07:14.806+00:00,572.001,355.935,99,21775.4,2625,64,measure
2026-09-11T02:07:15.810+00:00,573.008,378.851,99,21775.4,2685,70,measure
2026-09-11T02:07:16.806+00:00,574.001,362.467,99,21775.4,2685,67,measure
2026-09-11T02:07:17.806+00:00,575.004,361.817,99,21775.4,2685,71,measure
2026-09-11T02:07:18.803+00:00,576.001,368.84,99,21775.4,2685,70,measure
2026-09-11T02:07:19.808+00:00,577.005,365.105,99,21775.4,2685,66,measure
2026-09-11T02:07:18.302+00:00,578.001,374.225,99,21775.4,2685,70,measure
2026-09-11T02:07:19.310+00:00,579.005,359.76,99,21775.4,2685,69,measure
2026-09-11T02:07:20.301+00:00,580.001,361.921,99,21775.4,2685,68,measure
2026-09-11T02:07:21.347+00:00,581.000,373.323,99,21775.4,2595,69,measure
2026-09-11T02:07:22.300+00:00,582.000,364.355,99,21775.4,2685,64,measure
2026-09-11T02:07:23.305+00:00,583.003,378.52,99,21775.4,2685,68,measure
2026-09-11T02:07:24.312+00:00,584.000,358.306,100,21775.4,2625,65,measure
2026-09-11T02:07:25.301+00:00,585.000,356.734,99,21775.4,2685,64,measure
2026-09-11T02:07:26.302+00:00,586.001,377.635,99,21775.4,2685,67,measure
2026-09-11T02:07:27.301+00:00,587.002,362.056,99,21775.4,2685,65,measure
2026-09-11T02:07:28.301+00:00,588.001,364.725,99,21775.4,2685,67,measure
2026-09-11T02:07:29.302+00:00,589.000,367.754,99,21775.4,2685,70,measure
2026-09-11T02:07:30.302+00:00,590.000,363.675,99,21775.4,2685,64,measure
2026-09-11T02:07:31.300+00:00,591.000,378.325,99,21775.4,2685,69,measure
2026-09-11T02:07:32.301+00:00,592.000,351.12,100,21775.4,2685,66,measure
2026-09-11T02:07:33.300+00:00,593.000,362.509,100,21775.4,2685,65,measure
2026-09-11T02:07:34.301+00:00,594.000,354.651,99,21775.4,2685,65,measure
2026-09-11T02:07:35.306+00:00,595.001,369.266,99,21775.4,2670,67,measure
2026-09-11T02:07:36.301+00:00,596.000,381.163,99,21775.4,2685,67,measure
2026-09-11T02:07:37.301+00:00,597.000,363.371,100,21775.4,2685,65,measure
2026-09-11T02:07:38.300+00:00,598.000,345.462,100,21775.4,2685,70,measure
2026-09-11T02:07:39.323+00:00,599.001,370.108,99,21775.4,2670,68,measure
2026-09-11T02:07:40.301+00:00,600.001,378.769,99,21775.4,2685,65,measure
2026-09-11T02:07:41.302+00:00,601.000,347.935,100,21775.4,2595,64,measure
2026-09-11T02:07:42.301+00:00,602.000,368.036,99,21775.4,2685,67,measure
2026-09-11T02:07:43.300+00:00,603.000,377.687,99,21775.4,2685,64,measure
2026-09-11T02:07:44.303+00:00,604.001,347.593,99,21771.4,2685,64,measure
2026-09-11T02:07:45.305+00:00,605.004,367.133,99,21771.4,2685,70,measure
2026-09-11T02:07:46.300+00:00,606.000,361.441,99,21771.4,2685,66,measure
2026-09-11T02:07:47.305+00:00,607.002,364.777,99,21771.4,2685,65,measure
2026-09-11T02:07:48.301+00:00,608.001,356.904,99,21771.4,2685,71,measure
2026-09-11T02:07:49.301+00:00,609.001,341.888,100,21771.4,2685,64,measure
2026-09-11T02:07:47.798+00:00,610.000,324.405,99,21771.4,2685,63,measure
2026-09-11T02:07:48.798+00:00,611.001,324.199,99,21771.4,2685,64,measure
2026-09-11T02:07:49.799+00:00,612.001,316.276,99,21771.4,2685,63,measure
2026-09-11T02:07:50.799+00:00,613.001,325.646,99,21771.4,2685,63,measure
2026-09-11T02:07:51.799+00:00,614.002,326.68,99,21771.4,2685,63,measure
2026-09-11T02:07:52.798+00:00,615.001,333.165,99,21771.4,2685,64,measure
2026-09-11T02:07:53.798+00:00,616.001,332.891,100,21771.4,2685,66,measure
2026-09-11T02:07:54.799+00:00,617.001,349.566,99,21771.4,2685,64,measure
2026-09-11T02:07:55.799+00:00,618.001,355.052,99,21771.4,2685,63,measure
2026-09-11T02:07:56.799+00:00,619.000,334.201,99,21771.4,2685,63,measure
2026-09-11T02:07:57.798+00:00,620.001,340.772,99,21771.4,2685,64,measure
2026-09-11T02:07:58.799+00:00,621.002,320.052,99,21771.4,2685,62,measure
2026-09-11T02:07:59.799+00:00,622.002,321.695,100,21771.4,2685,65,measure
2026-09-11T02:08:00.798+00:00,623.001,307.751,100,21771.4,2685,65,measure
2026-09-11T02:08:01.805+00:00,624.004,311.186,99,21771.4,2685,62,measure
2026-09-11T02:08:02.805+00:00,625.008,318.038,99,21771.4,2685,64,measure
2026-09-11T02:08:03.799+00:00,626.002,314.837,99,21771.4,2685,64,measure
2026-09-11T02:08:04.804+00:00,627.007,307.819,99,21771.4,2685,65,measure
2026-09-11T02:08:05.799+00:00,628.001,317.426,99,21771.4,2685,64,measure
2026-09-11T02:08:06.798+00:00,629.001,333.188,99,21771.4,2685,63,measure
2026-09-11T02:08:07.799+00:00,630.001,331.549,99,21771.4,2685,63,measure
2026-09-11T02:08:08.798+00:00,631.000,314.681,100,21771.4,2685,62,measure
2026-09-11T02:08:09.799+00:00,632.002,303.45,99,21771.4,2685,61,measure
2026-09-11T02:08:10.798+00:00,633.001,315.213,99,21771.4,2685,62,measure
2026-09-11T02:08:11.800+00:00,634.001,306.969,100,21771.4,2685,62,measure
2026-09-11T02:08:12.797+00:00,635.000,310.059,99,21771.4,2685,61,measure
2026-09-11T02:08:13.799+00:00,636.001,319.963,99,21771.4,2685,62,measure
2026-09-11T02:08:14.799+00:00,637.000,325.268,99,21771.4,2685,62,measure
2026-09-11T02:08:15.798+00:00,638.001,339.337,100,21771.4,2685,63,measure
2026-09-11T02:08:16.798+00:00,639.001,313.896,100,21771.4,2685,62,measure
2026-09-11T02:08:17.797+00:00,640.000,299.625,99,21771.4,2685,61,measure
2026-09-11T02:08:18.799+00:00,641.001,294.33,99,21771.4,2685,64,measure
2026-09-11T02:08:19.799+00:00,642.000,296.127,99,21771.4,2685,61,measure
2026-09-11T02:08:18.314+00:00,643.001,315.734,99,21771.4,2685,61,measure
2026-09-11T02:08:19.311+00:00,644.001,327.313,99,21771.4,2685,65,measure
2026-09-11T02:08:20.312+00:00,645.002,330.818,99,21771.4,2685,63,measure
2026-09-11T02:08:21.311+00:00,646.001,312.388,99,21771.4,2685,62,measure
2026-09-11T02:08:22.311+00:00,647.001,312.73,99,21771.4,2685,61,measure
2026-09-11T02:08:23.312+00:00,648.000,317.923,100,21771.4,2685,62,measure
2026-09-11T02:08:24.313+00:00,649.002,320.535,99,21771.4,2685,64,measure
2026-09-11T02:08:25.311+00:00,650.001,329.931,99,21771.4,2685,64,measure
2026-09-11T02:08:26.311+00:00,651.001,330.936,99,21771.4,2685,62,measure
2026-09-11T02:08:27.312+00:00,652.002,319.95,99,21771.4,2685,61,measure
2026-09-11T02:08:28.312+00:00,653.002,319.542,99,21771.4,2685,63,measure
2026-09-11T02:08:29.316+00:00,654.002,313.97,99,21771.4,2685,63,measure
2026-09-11T02:08:30.313+00:00,655.002,345.884,99,21771.4,2685,64,measure
2026-09-11T02:08:31.311+00:00,656.001,344.951,99,21771.4,2685,63,measure
2026-09-11T02:08:32.325+00:00,657.001,336.884,99,21771.4,2685,62,measure
2026-09-11T02:08:33.311+00:00,658.001,344.407,99,21771.4,2685,63,measure
2026-09-11T02:08:34.310+00:00,659.000,333.404,99,21771.4,2685,64,measure
2026-09-11T02:08:35.313+00:00,660.001,334.453,99,21771.4,2685,65,measure
2026-09-11T02:08:36.313+00:00,661.001,324.251,99,21771.4,2685,62,measure
2026-09-11T02:08:37.311+00:00,662.001,310.638,99,21771.4,2685,61,measure
2026-09-11T02:08:38.312+00:00,663.002,318.964,99,21771.4,2685,61,measure
2026-09-11T02:08:39.312+00:00,664.002,313.728,99,21771.4,2685,62,measure
2026-09-11T02:08:40.311+00:00,665.001,326.746,99,21771.4,2685,62,measure
2026-09-11T02:08:41.313+00:00,666.002,320.197,99,21771.4,2685,64,measure
2026-09-11T02:08:42.313+00:00,667.002,336.697,99,21771.4,2685,62,measure
2026-09-11T02:08:43.312+00:00,668.002,341.125,99,21771.4,2685,63,measure
2026-09-11T02:08:44.311+00:00,669.001,365.507,99,21771.4,2685,63,measure
2026-09-11T02:08:45.312+00:00,670.002,347.742,99,21771.4,2685,63,measure
2026-09-11T02:08:46.311+00:00,671.001,353.191,99,21771.4,2685,68,measure
2026-09-11T02:08:47.312+00:00,672.000,340.109,99,21771.4,2685,63,measure
2026-09-11T02:08:48.312+00:00,673.000,333.596,99,21771.4,2685,63,measure
2026-09-11T02:08:49.310+00:00,674.000,326.395,99,21771.4,2685,62,measure
2026-09-11T02:08:47.792+00:00,675.001,311.165,99,21771.4,2685,62,measure
2026-09-11T02:08:48.791+00:00,676.001,312.588,99,21771.4,2685,61,measure
2026-09-11T02:08:49.792+00:00,677.001,312.362,100,21771.4,2685,61,measure
2026-09-11T02:08:50.793+00:00,678.001,312.509,99,21771.4,2685,61,measure
2026-09-11T02:08:51.794+00:00,679.001,333.707,99,21771.4,2685,63,measure
2026-09-11T02:08:52.794+00:00,680.004,355.656,99,21771.4,2685,62,measure
2026-09-11T02:08:53.791+00:00,681.000,352.517,99,21771.4,2685,63,measure
2026-09-11T02:08:54.792+00:00,682.002,338.516,99,21771.4,2685,62,measure
2026-09-11T02:08:55.791+00:00,683.001,332.911,99,21771.4,2685,63,measure
2026-09-11T02:08:56.797+00:00,684.001,331.524,99,21771.4,2685,63,measure
2026-09-11T02:08:57.795+00:00,685.005,333.53,99,21771.4,2685,63,measure
2026-09-11T02:08:58.792+00:00,686.001,338.361,99,21771.4,2685,64,measure
2026-09-11T02:08:59.791+00:00,687.000,331.611,99,21771.4,2685,62,measure
2026-09-11T02:09:00.793+00:00,688.002,338.423,99,21771.4,2685,63,measure
2026-09-11T02:09:01.792+00:00,689.001,334.623,99,21771.4,2685,63,measure
2026-09-11T02:09:02.792+00:00,690.000,328.88,99,21771.4,2685,62,measure
2026-09-11T02:09:03.792+00:00,691.001,314.228,99,21771.4,2685,64,measure
2026-09-11T02:09:04.792+00:00,692.001,340.385,99,21771.4,2685,63,measure
2026-09-11T02:09:05.792+00:00,693.001,328.58,99,21771.4,2685,62,measure
2026-09-11T02:09:06.791+00:00,694.001,323.777,99,21771.4,2685,62,measure
2026-09-11T02:09:07.791+00:00,695.001,310.06,99,21771.4,2685,64,measure
2026-09-11T02:09:08.795+00:00,696.001,313.849,99,21771.4,2685,64,measure
2026-09-11T02:09:09.792+00:00,697.001,326.962,99,21771.4,2685,62,measure
2026-09-11T02:09:10.791+00:00,698.000,322.929,99,21771.4,2685,62,measure
2026-09-11T02:09:11.791+00:00,699.000,333.807,99,21771.4,2685,64,measure
2026-09-11T02:09:12.791+00:00,700.000,319.933,99,21771.4,2685,63,measure
2026-09-11T02:09:13.791+00:00,701.000,326.656,99,21771.4,2685,62,measure
2026-09-11T02:09:14.836+00:00,702.045,327.326,99,21771.4,2685,62,measure
2026-09-11T02:09:15.796+00:00,703.006,318.994,99,21771.4,2685,61,measure
2026-09-11T02:09:16.874+00:00,704.083,310.433,99,21771.4,2685,61,measure
2026-09-11T02:09:17.836+00:00,705.044,292.412,99,21771.4,2685,60,measure
2026-09-11T02:09:18.806+00:00,706.015,288.119,99,21771.4,2685,60,measure
2026-09-11T02:09:19.821+00:00,707.030,293.81,99,21771.4,2685,60,measure
2026-09-11T02:09:18.396+00:00,708.069,313.463,99,21771.4,2685,61,measure
2026-09-11T02:09:19.342+00:00,709.050,328.839,99,21771.4,2685,62,measure
2026-09-11T02:09:20.311+00:00,710.017,329.19,99,21771.4,2685,62,measure
2026-09-11T02:09:21.294+00:00,711.000,345.925,99,21771.4,2685,64,measure
2026-09-11T02:09:22.338+00:00,712.000,325.74,99,21771.4,2685,62,measure
2026-09-11T02:09:23.293+00:00,713.001,319.863,99,21771.4,2685,61,measure
2026-09-11T02:09:24.293+00:00,714.000,310.011,99,21771.4,2685,61,measure
2026-09-11T02:09:25.295+00:00,715.000,315.63,99,21771.4,2670,61,measure
2026-09-11T02:09:26.292+00:00,716.000,323.935,99,21771.4,2685,63,measure
2026-09-11T02:09:27.292+00:00,717.000,315.231,99,21771.4,2685,62,measure
2026-09-11T02:09:28.293+00:00,718.001,310.714,99,21771.4,2685,63,measure
2026-09-11T02:09:29.293+00:00,719.000,311.134,99,21771.4,2685,61,measure
2026-09-11T02:09:30.294+00:00,720.001,310.637,99,21771.4,2685,61,measure
2026-09-11T02:09:31.293+00:00,721.001,322.892,99,21771.4,2685,61,measure
2026-09-11T02:09:32.292+00:00,722.000,308.793,100,21771.4,2685,61,measure
2026-09-11T02:09:33.292+00:00,723.000,317.865,99,21771.4,2685,62,measure
2026-09-11T02:09:34.292+00:00,724.000,303.475,99,21771.4,2685,61,measure
2026-09-11T02:09:35.294+00:00,725.001,302.084,100,21771.4,2685,61,measure
2026-09-11T02:09:36.294+00:00,726.001,287.494,99,21771.4,2685,60,measure
2026-09-11T02:09:37.293+00:00,727.000,305.925,99,21771.4,2685,61,measure
2026-09-11T02:09:38.293+00:00,728.000,310.542,99,21771.4,2685,62,measure
2026-09-11T02:09:39.292+00:00,729.000,315.348,99,21771.4,2685,62,measure
2026-09-11T02:09:40.293+00:00,730.000,307.119,99,21771.4,2685,61,measure
2026-09-11T02:09:41.294+00:00,731.001,320.518,100,21771.4,2685,62,measure
2026-09-11T02:09:42.296+00:00,732.002,331.864,99,21771.4,2685,62,measure
2026-09-11T02:09:43.347+00:00,733.001,349.563,99,21771.4,2685,63,measure
2026-09-11T02:09:44.292+00:00,734.000,334.81,100,21771.4,2685,62,measure
2026-09-11T02:09:45.292+00:00,735.000,320.403,99,21771.4,2685,62,measure
2026-09-11T02:09:46.294+00:00,736.002,312.655,99,21771.4,2685,62,measure
2026-09-11T02:09:47.295+00:00,737.001,330.481,99,21771.4,2685,63,measure
2026-09-11T02:09:48.296+00:00,738.000,334.739,99,21771.4,2685,64,measure
2026-09-11T02:09:49.293+00:00,739.001,332.683,99,21771.4,2685,62,measure
2026-09-11T02:09:47.809+00:00,740.000,321.95,100,21771.4,2685,61,measure
2026-09-11T02:09:48.811+00:00,741.001,309.706,99,21771.4,2685,61,measure
2026-09-11T02:09:49.809+00:00,742.001,311.806,99,21771.4,2685,61,measure
2026-09-11T02:09:50.811+00:00,743.001,309.998,99,21771.4,2685,61,measure
2026-09-11T02:09:51.812+00:00,744.000,307.624,99,21771.4,2685,61,measure
2026-09-11T02:09:52.809+00:00,745.000,307.277,99,21771.4,2685,61,measure
2026-09-11T02:09:53.815+00:00,746.006,321.514,99,21771.4,2685,63,measure
2026-09-11T02:09:54.812+00:00,747.004,321.317,99,21771.4,2685,62,measure
2026-09-11T02:09:55.811+00:00,748.003,328.314,99,21771.4,2685,62,measure
2026-09-11T02:09:56.815+00:00,749.007,323.253,99,21771.4,2685,61,measure
2026-09-11T02:09:57.812+00:00,750.000,315.11,100,21771.4,2685,62,measure
2026-09-11T02:09:58.817+00:00,751.008,310.769,100,21771.4,2685,61,measure
2026-09-11T02:09:59.812+00:00,752.003,304.926,99,21771.4,2685,61,measure
2026-09-11T02:10:00.809+00:00,753.001,318.11,99,21771.4,2685,61,measure
2026-09-11T02:10:01.814+00:00,754.004,314.289,99,21771.4,2685,63,measure
2026-09-11T02:10:02.812+00:00,755.002,310.6,99,21771.4,2685,61,measure
2026-09-11T02:10:03.811+00:00,756.001,328.547,99,21771.4,2685,62,measure
2026-09-11T02:10:04.809+00:00,757.000,312.616,99,21771.4,2685,61,measure
2026-09-11T02:10:05.809+00:00,758.000,311.244,99,21771.4,2685,63,measure
2026-09-11T02:10:06.809+00:00,759.000,318.622,99,21771.4,2685,61,measure
2026-09-11T02:10:07.809+00:00,760.001,321.451,99,21771.4,2685,62,measure
2026-09-11T02:10:08.810+00:00,761.000,341.746,99,21771.4,2685,63,measure
2026-09-11T02:10:09.831+00:00,762.000,361.993,99,21771.4,2685,63,measure
2026-09-11T02:10:10.809+00:00,763.000,346.416,99,21771.4,2685,63,measure
2026-09-11T02:10:11.809+00:00,764.000,339.309,99,21771.4,2685,64,measure
2026-09-11T02:10:12.864+00:00,765.001,325.939,99,21771.4,2685,63,measure
2026-09-11T02:10:13.809+00:00,766.000,340.92,99,21771.4,2685,63,measure
2026-09-11T02:10:14.811+00:00,767.001,345.483,99,21771.4,2625,62,measure
2026-09-11T02:10:15.811+00:00,768.001,340.449,99,21771.4,2685,65,measure
2026-09-11T02:10:16.809+00:00,769.001,332.643,99,21771.4,2685,63,measure
2026-09-11T02:10:17.809+00:00,770.001,310.376,99,21771.4,2685,61,measure
2026-09-11T02:10:18.810+00:00,771.001,310.076,99,21771.4,2685,61,measure
2026-09-11T02:10:17.312+00:00,772.001,316.754,99,21771.4,2685,62,measure
2026-09-11T02:10:18.313+00:00,773.000,335.86,99,21771.4,2685,62,measure
2026-09-11T02:10:19.314+00:00,774.000,358.607,99,21771.4,2685,64,measure
2026-09-11T02:10:20.364+00:00,775.000,340.165,99,21771.4,2685,64,measure
2026-09-11T02:10:21.312+00:00,776.001,341.835,99,21771.4,2685,65,measure
2026-09-11T02:10:22.313+00:00,777.001,315.264,99,21771.4,2685,61,measure
2026-09-11T02:10:23.312+00:00,778.000,307.853,99,21771.4,2685,61,measure
2026-09-11T02:10:24.314+00:00,779.001,310.287,99,21771.4,2685,60,measure
2026-09-11T02:10:25.314+00:00,780.000,309.992,99,21771.4,2685,61,measure
2026-09-11T02:10:26.312+00:00,781.000,317.046,99,21771.4,2685,63,measure
2026-09-11T02:10:27.312+00:00,782.000,323.293,99,21771.4,2685,63,measure
2026-09-11T02:10:28.315+00:00,783.004,343.502,99,21771.4,2685,66,measure
2026-09-11T02:10:29.312+00:00,784.000,337.431,99,21771.4,2685,63,measure
2026-09-11T02:10:30.317+00:00,785.006,334.387,99,21771.4,2685,63,measure
2026-09-11T02:10:31.317+00:00,786.005,323.83,99,21771.4,2685,61,measure
2026-09-11T02:10:32.314+00:00,787.002,335.452,99,21771.4,2685,62,measure
2026-09-11T02:10:33.312+00:00,788.000,323.288,99,21771.4,2685,61,measure
2026-09-11T02:10:34.312+00:00,789.001,317.387,99,21771.4,2685,62,measure
2026-09-11T02:10:35.313+00:00,790.001,324.705,99,21771.4,2685,64,measure
2026-09-11T02:10:36.317+00:00,791.001,337.982,100,21771.4,2685,63,measure
2026-09-11T02:10:37.314+00:00,792.002,323.745,99,21771.4,2685,62,measure
2026-09-11T02:10:38.313+00:00,793.002,319.32,99,21771.4,2685,62,measure
2026-09-11T02:10:39.312+00:00,794.001,307.675,99,21771.4,2685,62,measure
2026-09-11T02:10:40.313+00:00,795.001,311.832,99,21771.4,2685,61,measure
2026-09-11T02:10:41.312+00:00,796.001,311.323,99,21771.4,2685,63,measure
2026-09-11T02:10:42.314+00:00,797.001,323.23,99,21771.4,2685,63,measure
2026-09-11T02:10:43.313+00:00,798.000,343.924,99,21771.4,2685,63,measure
2026-09-11T02:10:44.312+00:00,799.000,351.121,99,21771.4,2685,63,measure
2026-09-11T02:10:45.317+00:00,800.005,350.253,99,21771.4,2685,63,measure
2026-09-11T02:10:46.312+00:00,801.001,354.078,99,21771.4,2685,65,measure
2026-09-11T02:10:47.318+00:00,802.005,349.428,99,21771.4,2685,65,measure
2026-09-11T02:10:48.316+00:00,803.003,349.578,99,21771.4,2685,66,measure
2026-09-11T02:10:49.313+00:00,804.002,365.576,99,21771.4,2685,64,measure
2026-09-11T02:10:47.814+00:00,805.000,360.603,99,21771.4,2685,64,measure
2026-09-11T02:10:48.861+00:00,806.002,349.817,99,21771.4,2640,63,measure
2026-09-11T02:10:49.815+00:00,807.001,349.748,99,21771.4,2685,63,measure
2026-09-11T02:10:50.815+00:00,808.000,336.664,99,21771.4,2685,65,measure
2026-09-11T02:10:51.816+00:00,809.000,323.41,99,21771.4,2685,62,measure
2026-09-11T02:10:52.815+00:00,810.000,331.534,99,21771.4,2685,63,measure
2026-09-11T02:10:53.816+00:00,811.002,327.057,99,21771.4,2685,63,measure
2026-09-11T02:10:54.821+00:00,812.007,323.365,99,21771.4,2685,63,measure
2026-09-11T02:10:55.815+00:00,813.001,318.15,100,21771.4,2685,61,measure
2026-09-11T02:10:56.815+00:00,814.001,312.638,99,21771.4,2685,62,measure
2026-09-11T02:10:57.815+00:00,815.000,314.804,100,21771.4,2685,65,measure
2026-09-11T02:10:58.816+00:00,816.002,335.922,100,21771.4,2685,66,measure
2026-09-11T02:10:59.817+00:00,817.003,329.359,99,21771.4,2685,62,measure
2026-09-11T02:11:00.818+00:00,818.002,320.396,99,21771.4,2685,62,measure
2026-09-11T02:11:01.815+00:00,819.001,318.308,99,21771.4,2685,62,measure
2026-09-11T02:11:02.815+00:00,820.000,308.035,99,21771.4,2685,62,measure
2026-09-11T02:11:03.816+00:00,821.001,325.292,99,21771.4,2685,65,measure
2026-09-11T02:11:04.814+00:00,822.000,330.267,99,21771.4,2685,63,measure
2026-09-11T02:11:05.815+00:00,823.001,323.116,99,21771.4,2685,61,measure
2026-09-11T02:11:06.841+00:00,824.002,359.154,99,21771.4,2685,64,measure
2026-09-11T02:11:07.816+00:00,825.001,350.521,99,21771.4,2685,63,measure
2026-09-11T02:11:08.819+00:00,826.004,323.166,99,21771.4,2685,62,measure
2026-09-11T02:11:09.819+00:00,827.001,310.326,99,21771.4,2685,62,measure
2026-09-11T02:11:10.815+00:00,828.000,312.646,99,21771.4,2685,61,measure
2026-09-11T02:11:11.815+00:00,829.001,307.427,100,21771.4,2685,61,measure
2026-09-11T02:11:12.815+00:00,830.001,322.19,99,21771.4,2685,62,measure
2026-09-11T02:11:13.815+00:00,831.001,327.519,99,21771.4,2685,63,measure
2026-09-11T02:11:14.815+00:00,832.001,324.787,99,21771.4,2685,64,measure
2026-09-11T02:11:15.818+00:00,833.002,339.973,99,21771.4,2685,66,measure
2026-09-11T02:11:16.815+00:00,834.001,336.609,99,21771.4,2685,63,measure
2026-09-11T02:11:17.815+00:00,835.001,345.493,99,21771.4,2685,65,measure
2026-09-11T02:11:18.814+00:00,836.000,329.702,99,21771.4,2685,63,measure
2026-09-11T02:11:17.311+00:00,837.001,322.039,99,21771.4,2685,61,measure
2026-09-11T02:11:18.313+00:00,838.001,336.5,99,21771.4,2685,63,measure
2026-09-11T02:11:19.313+00:00,839.001,334.692,99,21771.4,2685,64,measure
2026-09-11T02:11:20.311+00:00,840.001,359.043,99,21771.4,2685,63,measure
2026-09-11T02:11:21.311+00:00,841.001,335.724,99,21771.4,2685,66,measure
2026-09-11T02:11:22.315+00:00,842.004,335.457,99,21771.4,2685,63,measure
2026-09-11T02:11:23.311+00:00,843.001,324.751,99,21771.4,2685,64,measure
2026-09-11T02:11:24.313+00:00,844.001,316.844,99,21771.4,2685,63,measure
2026-09-11T02:11:25.312+00:00,845.000,318.185,99,21771.4,2685,62,measure
2026-09-11T02:11:26.311+00:00,846.000,306.334,99,21771.4,2685,61,measure
2026-09-11T02:11:27.311+00:00,847.000,308.946,99,21771.4,2685,62,measure
2026-09-11T02:11:28.314+00:00,848.002,306.925,99,21771.4,2685,63,measure
2026-09-11T02:11:29.312+00:00,849.001,307.27,100,21771.4,2685,62,measure
2026-09-11T02:11:30.312+00:00,850.000,305.901,100,21771.4,2685,61,measure
2026-09-11T02:11:31.313+00:00,851.002,301.025,99,21771.4,2685,62,measure
2026-09-11T02:11:32.313+00:00,852.002,322.527,99,21771.4,2670,61,measure
2026-09-11T02:11:33.311+00:00,853.001,330.81,99,21771.4,2685,64,measure
2026-09-11T02:11:34.311+00:00,854.001,331.061,99,21771.4,2685,62,measure
2026-09-11T02:11:35.312+00:00,855.001,332.739,99,21771.4,2685,65,measure
2026-09-11T02:11:36.313+00:00,856.000,332.796,99,21771.4,2685,65,measure
2026-09-11T02:11:37.313+00:00,857.000,330.25,99,21771.4,2685,63,measure
2026-09-11T02:11:38.311+00:00,858.001,334.381,99,21771.4,2685,63,measure
2026-09-11T02:11:39.311+00:00,859.001,335.554,99,21771.4,2685,63,measure
2026-09-11T02:11:40.311+00:00,860.001,320.5,99,21771.4,2685,62,measure
2026-09-11T02:11:41.311+00:00,861.000,321.261,99,21771.4,2685,62,measure
2026-09-11T02:11:42.313+00:00,862.000,338.923,99,21771.4,2685,63,measure
2026-09-11T02:11:43.313+00:00,863.002,342.548,100,21771.4,2685,63,measure
2026-09-11T02:11:44.311+00:00,864.001,325.284,99,21771.4,2685,63,measure
2026-09-11T02:11:45.311+00:00,865.000,306.362,99,21771.4,2685,61,measure
2026-09-11T02:11:46.312+00:00,866.002,294.712,99,21771.4,2685,60,measure
2026-09-11T02:11:47.311+00:00,867.000,305.348,99,21771.4,2685,61,measure
2026-09-11T02:11:48.313+00:00,868.000,315.57,99,21771.4,2685,62,measure
2026-09-11T02:11:49.313+00:00,869.001,313.806,100,21771.4,2685,61,measure
2026-09-11T02:11:47.812+00:00,870.000,316.927,99,21771.4,2685,63,measure
2026-09-11T02:11:48.812+00:00,871.000,316.839,99,21771.4,2685,63,measure
2026-09-11T02:11:49.813+00:00,872.002,321.261,99,21771.4,2685,62,measure
2026-09-11T02:11:50.813+00:00,873.002,338.884,100,21771.4,2685,63,measure
2026-09-11T02:11:51.819+00:00,874.002,343.422,99,21771.4,2595,63,measure
2026-09-11T02:11:52.812+00:00,875.001,338.32,100,21771.4,2685,63,measure
2026-09-11T02:11:53.812+00:00,876.000,321.183,99,21771.4,2685,62,measure
2026-09-11T02:11:54.812+00:00,877.001,310.863,99,21771.4,2685,64,measure
2026-09-11T02:11:55.813+00:00,878.000,314.076,99,21771.4,2685,62,measure
2026-09-11T02:11:56.814+00:00,879.002,310.065,99,21771.4,2685,61,measure
2026-09-11T02:11:57.814+00:00,880.001,310.263,99,21771.4,2685,61,measure
2026-09-11T02:11:58.813+00:00,881.001,303.915,100,21771.4,2685,61,measure
2026-09-11T02:11:59.820+00:00,882.008,321.794,99,21771.4,2685,61,measure
2026-09-11T02:12:00.812+00:00,883.000,305.952,99,21771.4,2685,61,measure
2026-09-11T02:12:01.812+00:00,884.001,322.095,99,21771.4,2685,61,measure
2026-09-11T02:12:02.812+00:00,885.000,328.066,99,21771.4,2685,64,measure
2026-09-11T02:12:03.814+00:00,886.000,336.602,99,21771.4,2685,62,measure
2026-09-11T02:12:04.813+00:00,887.001,329.755,100,21771.4,2685,63,measure
2026-09-11T02:12:05.812+00:00,888.000,321.204,99,21771.4,2685,62,measure
2026-09-11T02:12:06.812+00:00,889.001,316.763,99,21771.4,2685,64,measure
2026-09-11T02:12:07.812+00:00,890.000,309.35,99,21771.4,2685,61,measure
2026-09-11T02:12:08.812+00:00,891.000,310.161,99,21771.4,2685,64,measure
2026-09-11T02:12:09.814+00:00,892.001,323.402,99,21771.4,2685,62,measure
2026-09-11T02:12:10.813+00:00,893.000,332.118,100,21771.4,2685,63,measure
2026-09-11T02:12:11.812+00:00,894.000,331.659,99,21771.4,2685,62,measure
2026-09-11T02:12:12.813+00:00,895.001,342.906,99,21771.4,2685,63,measure
2026-09-11T02:12:13.812+00:00,896.000,353.488,99,21771.4,2685,66,measure
2026-09-11T02:12:14.812+00:00,897.000,362.267,99,21771.4,2685,67,measure
2026-09-11T02:12:15.818+00:00,898.001,347.113,99,21771.4,2685,67,measure
2026-09-11T02:12:16.814+00:00,899.001,353.742,99,21771.4,2685,66,measure
2026-09-11T02:12:17.812+00:00,900.001,336.213,99,21771.4,2685,63,measure
2026-09-11T02:12:18.812+00:00,901.001,322.877,99,21771.4,2685,63,measure
2026-09-11T02:12:17.314+00:00,902.002,318.397,100,21771.4,2685,63,measure
2026-09-11T02:12:18.313+00:00,903.001,310.958,99,21771.4,2685,61,measure
2026-09-11T02:12:19.314+00:00,904.001,316.264,99,21771.4,2685,61,measure
2026-09-11T02:12:20.312+00:00,905.000,308.673,100,21771.4,2685,61,measure
2026-09-11T02:12:21.312+00:00,906.001,310.401,100,21771.4,2685,63,measure
2026-09-11T02:12:22.312+00:00,907.000,307.733,99,21771.4,2685,61,measure
2026-09-11T02:12:23.312+00:00,908.000,314.162,99,21771.4,2685,61,measure
2026-09-11T02:12:24.313+00:00,909.001,316.899,100,21771.4,2685,62,measure
2026-09-11T02:12:25.313+00:00,910.000,312.995,99,21771.4,2685,61,measure
2026-09-11T02:12:26.314+00:00,911.001,317.249,99,21771.4,2685,62,measure
2026-09-11T02:12:27.312+00:00,912.001,333.943,99,21771.4,2685,65,measure
2026-09-11T02:12:28.312+00:00,913.000,333.961,99,21771.4,2685,63,measure
2026-09-11T02:12:29.313+00:00,914.002,330.02,99,21771.4,2685,62,measure
2026-09-11T02:12:30.312+00:00,915.000,332.238,99,21771.4,2685,63,measure
2026-09-11T02:12:31.369+00:00,916.000,338.901,99,21771.4,2685,63,measure
2026-09-11T02:12:32.313+00:00,917.000,336.924,99,21771.4,2685,62,measure
2026-09-11T02:12:33.313+00:00,918.001,337.629,99,21771.4,2685,64,measure
2026-09-11T02:12:34.318+00:00,919.001,330.468,99,21771.4,2685,62,measure
2026-09-11T02:12:35.313+00:00,920.001,337.458,99,21771.4,2685,65,measure
2026-09-11T02:12:36.319+00:00,921.008,324.189,100,21771.4,2685,62,measure
2026-09-11T02:12:37.314+00:00,922.001,314.802,99,21771.4,2685,62,measure
2026-09-11T02:12:38.313+00:00,923.001,313.67,99,21771.4,2685,62,measure
2026-09-11T02:12:39.313+00:00,924.002,306.513,99,21771.4,2685,61,measure
2026-09-11T02:12:40.315+00:00,925.001,314.977,99,21771.4,2685,61,measure
2026-09-11T02:12:41.312+00:00,926.001,317.401,99,21771.4,2685,68,measure
2026-09-11T02:12:42.314+00:00,927.001,329.119,99,21771.4,2685,64,measure
2026-09-11T02:12:43.314+00:00,928.001,328.578,99,21771.4,2685,63,measure
2026-09-11T02:12:44.313+00:00,929.001,314.669,99,21771.4,2685,61,measure
2026-09-11T02:12:45.312+00:00,930.001,314.105,99,21771.4,2685,61,measure
2026-09-11T02:12:46.313+00:00,931.001,308.186,99,21771.4,2685,61,measure
2026-09-11T02:12:47.313+00:00,932.001,319.505,99,21771.4,2685,64,measure
2026-09-11T02:12:48.315+00:00,933.001,315.931,99,21771.4,2685,62,measure
2026-09-11T02:12:49.314+00:00,934.001,329.141,99,21771.4,2685,63,measure
2026-09-11T02:12:47.830+00:00,935.000,324.126,100,21771.4,2685,62,measure
2026-09-11T02:12:48.832+00:00,936.002,323.169,99,21771.4,2685,64,measure
2026-09-11T02:12:49.832+00:00,937.002,331.38,99,21771.4,2685,63,measure
2026-09-11T02:12:50.831+00:00,938.001,341.573,99,21771.4,2685,63,measure
2026-09-11T02:12:51.832+00:00,939.001,326.1,99,21771.4,2685,64,measure
2026-09-11T02:12:52.831+00:00,940.000,323.325,100,21771.4,2685,62,measure
2026-09-11T02:12:53.831+00:00,941.001,322.835,99,21771.4,2685,61,measure
2026-09-11T02:12:54.832+00:00,942.002,326.519,99,21771.4,2685,62,measure
2026-09-11T02:12:55.832+00:00,943.002,316.635,99,21771.4,2685,62,measure
2026-09-11T02:12:56.831+00:00,944.002,310.144,99,21771.4,2685,65,measure
2026-09-11T02:12:57.832+00:00,945.000,319.998,99,21771.4,2685,62,measure
2026-09-11T02:12:58.832+00:00,946.001,311.788,100,21771.4,2685,63,measure
2026-09-11T02:12:59.831+00:00,947.001,305.997,99,21771.4,2685,61,measure
2026-09-11T02:13:00.830+00:00,948.001,312.686,99,21771.4,2685,61,measure
2026-09-11T02:13:01.830+00:00,949.000,312.199,100,21771.4,2685,61,measure
2026-09-11T02:13:02.852+00:00,950.001,318.277,99,21771.4,2685,63,measure
2026-09-11T02:13:03.832+00:00,951.001,325.046,99,21771.4,2685,63,measure
2026-09-11T02:13:04.831+00:00,952.000,315.37,99,21771.4,2685,62,measure
2026-09-11T02:13:05.830+00:00,953.000,317.05,99,21771.4,2685,63,measure
2026-09-11T02:13:06.831+00:00,954.002,315.847,99,21771.4,2685,63,measure
2026-09-11T02:13:07.832+00:00,955.001,312.352,99,21771.4,2685,62,measure
2026-09-11T02:13:08.830+00:00,956.000,312.344,99,21771.4,2685,62,measure
2026-09-11T02:13:09.833+00:00,957.002,314.601,99,21771.4,2685,65,measure
2026-09-11T02:13:10.834+00:00,958.000,317.405,99,21771.4,2685,61,measure
2026-09-11T02:13:11.830+00:00,959.000,330.413,99,21771.4,2685,64,measure
2026-09-11T02:13:12.830+00:00,960.001,331.231,99,21771.4,2685,62,measure
2026-09-11T02:13:13.831+00:00,961.001,329.109,100,21771.4,2685,62,measure
2026-09-11T02:13:14.837+00:00,962.006,318.851,99,21771.4,2685,62,measure
2026-09-11T02:13:15.832+00:00,963.001,317.921,99,21771.4,2685,62,measure
2026-09-11T02:13:16.831+00:00,964.001,315.714,99,21771.4,2685,63,measure
2026-09-11T02:13:17.835+00:00,965.005,318.265,99,21771.4,2685,62,measure
2026-09-11T02:13:18.839+00:00,966.001,320.523,99,21771.4,2685,62,measure
2026-09-11T02:13:17.337+00:00,967.008,320.334,99,21771.4,2685,63,measure
2026-09-11T02:13:18.329+00:00,968.002,310.957,99,21771.4,2685,61,measure
2026-09-11T02:13:19.330+00:00,969.001,312.77,99,21771.4,2685,61,measure
2026-09-11T02:13:20.331+00:00,970.004,308.391,100,21771.4,2685,61,measure
2026-09-11T02:13:21.341+00:00,971.001,321.019,99,21771.4,2685,63,measure
2026-09-11T02:13:22.328+00:00,972.000,316.746,99,21771.4,2685,61,measure
2026-09-11T02:13:23.328+00:00,973.001,323.093,99,21771.4,2685,62,measure
2026-09-11T02:13:24.328+00:00,974.000,321.9,99,21771.4,2685,62,measure
2026-09-11T02:13:25.330+00:00,975.000,344.784,99,21771.4,2685,64,measure
2026-09-11T02:13:26.330+00:00,976.000,355.128,99,21771.4,2685,63,measure
2026-09-11T02:13:27.329+00:00,977.001,344.19,99,21771.4,2685,63,measure
2026-09-11T02:13:28.328+00:00,978.001,360.15,99,21771.4,2640,67,measure
2026-09-11T02:13:29.328+00:00,979.001,331.077,100,21771.4,2685,63,measure
2026-09-11T02:13:30.329+00:00,980.001,328.399,100,21771.4,2685,63,measure
2026-09-11T02:13:31.331+00:00,981.002,303.824,99,21771.4,2685,61,measure
2026-09-11T02:13:32.329+00:00,982.001,306.48,99,21771.4,2685,61,measure
2026-09-11T02:13:33.328+00:00,983.000,299.232,99,21771.4,2685,62,measure
2026-09-11T02:13:34.328+00:00,984.001,320.051,99,21771.4,2685,62,measure
2026-09-11T02:13:35.373+00:00,985.001,319.392,99,21771.4,2685,64,measure
2026-09-11T02:13:36.330+00:00,986.002,326.81,99,21771.4,2685,62,measure
2026-09-11T02:13:37.330+00:00,987.001,310.871,99,21771.4,2685,62,measure
2026-09-11T02:13:38.330+00:00,988.001,321.663,99,21771.4,2685,63,measure
2026-09-11T02:13:39.328+00:00,989.001,325.747,100,21771.4,2685,62,measure
2026-09-11T02:13:40.329+00:00,990.001,335.057,99,21771.4,2685,63,measure
2026-09-11T02:13:41.328+00:00,991.001,341.339,99,21771.4,2685,66,measure
2026-09-11T02:13:42.328+00:00,992.001,346.478,100,21771.4,2685,63,measure
2026-09-11T02:13:43.330+00:00,993.001,332.975,99,21771.4,2685,63,measure
2026-09-11T02:13:44.330+00:00,994.001,333.262,99,21771.4,2685,62,measure
2026-09-11T02:13:45.328+00:00,995.001,344.841,99,21771.4,2685,65,measure
2026-09-11T02:13:46.328+00:00,996.001,333.472,99,21771.4,2685,65,measure
2026-09-11T02:13:47.328+00:00,997.001,333.896,99,21771.4,2685,66,measure
2026-09-11T02:13:48.328+00:00,998.001,315.543,99,21771.4,2685,61,measure
2026-09-11T02:13:49.330+00:00,999.001,313.508,99,21771.4,2685,65,measure
2026-09-11T02:13:47.833+00:00,1000.000,309.558,99,21771.4,2685,61,measure
2026-09-11T02:13:48.833+00:00,1001.000,317.679,99,21771.4,2685,62,measure
2026-09-11T02:13:49.834+00:00,1002.001,320.103,99,21771.4,2685,65,measure
2026-09-11T02:13:50.833+00:00,1003.000,318.273,99,21771.4,2685,62,measure
2026-09-11T02:13:51.833+00:00,1004.001,319.18,99,21771.4,2685,62,measure
2026-09-11T02:13:52.839+00:00,1005.000,316.929,99,21771.4,2685,63,measure
2026-09-11T02:13:53.834+00:00,1006.000,324.594,99,21771.4,2685,64,measure
2026-09-11T02:13:54.833+00:00,1007.000,321.301,99,21771.4,2685,61,measure
2026-09-11T02:13:55.833+00:00,1008.000,315.781,99,21771.4,2685,62,measure
2026-09-11T02:13:56.833+00:00,1009.000,324.086,99,21771.4,2685,62,measure
2026-09-11T02:13:57.833+00:00,1010.000,340.993,99,21771.4,2685,63,measure
2026-09-11T02:13:58.835+00:00,1011.000,345.203,100,21771.4,2670,64,measure
2026-09-11T02:13:59.834+00:00,1012.000,353.388,99,21771.4,2685,65,measure
2026-09-11T02:14:00.835+00:00,1013.002,343.639,100,21771.4,2610,63,measure
2026-09-11T02:14:01.833+00:00,1014.000,338.928,99,21771.4,2685,63,measure
2026-09-11T02:14:02.834+00:00,1015.001,317.514,99,21771.4,2685,62,measure
2026-09-11T02:14:03.833+00:00,1016.000,312.996,99,21771.4,2685,62,measure
2026-09-11T02:14:04.835+00:00,1017.000,316.956,99,21771.4,2685,65,measure
2026-09-11T02:14:05.848+00:00,1018.000,323.938,99,21771.4,2685,63,measure
2026-09-11T02:14:06.833+00:00,1019.000,333.477,99,21771.4,2685,63,measure
2026-09-11T02:14:07.833+00:00,1020.000,330.307,99,21771.4,2685,62,measure
2026-09-11T02:14:08.833+00:00,1021.000,324.815,99,21771.4,2685,63,measure
2026-09-11T02:14:09.834+00:00,1022.000,320.404,99,21771.4,2685,62,measure
2026-09-11T02:14:10.837+00:00,1023.002,332.694,99,21771.4,2685,65,measure
2026-09-11T02:14:11.835+00:00,1024.002,327.079,99,21771.4,2685,62,measure
2026-09-11T02:14:12.834+00:00,1025.001,323.049,100,21771.4,2685,62,measure
2026-09-11T02:14:13.834+00:00,1026.001,316.41,99,21771.4,2685,62,measure
2026-09-11T02:14:14.853+00:00,1027.019,322.682,99,21771.4,2685,62,measure
2026-09-11T02:14:15.838+00:00,1028.003,315.051,99,21771.4,2685,63,measure
2026-09-11T02:14:16.835+00:00,1029.001,322.693,99,21771.4,2685,63,measure
2026-09-11T02:14:17.836+00:00,1030.003,317.082,99,21771.4,2685,62,measure
2026-09-11T02:14:18.833+00:00,1031.000,336.682,99,21771.4,2685,63,measure
2026-09-11T02:14:17.332+00:00,1032.003,354.633,99,21771.4,2685,65,measure
2026-09-11T02:14:18.330+00:00,1033.001,359.069,99,21771.4,2685,65,measure
2026-09-11T02:14:19.329+00:00,1034.001,349.685,99,21771.4,2685,63,measure
2026-09-11T02:14:20.330+00:00,1035.001,357.072,99,21771.4,2685,64,measure
2026-09-11T02:14:21.329+00:00,1036.001,355.085,99,21771.4,2685,63,measure
2026-09-11T02:14:22.330+00:00,1037.001,343.822,99,21771.4,2685,65,measure
2026-09-11T02:14:23.329+00:00,1038.001,323.799,99,21771.4,2685,62,measure
2026-09-11T02:14:24.330+00:00,1039.001,309.095,99,21771.4,2685,62,measure
2026-09-11T02:14:25.330+00:00,1040.001,308.126,99,21771.4,2685,65,measure
2026-09-11T02:14:26.330+00:00,1041.001,315.583,99,21771.4,2685,62,measure
2026-09-11T02:14:27.329+00:00,1042.001,313.143,99,21771.4,2685,65,measure
2026-09-11T02:14:28.329+00:00,1043.000,313.322,99,21771.4,2685,64,measure
2026-09-11T02:14:29.329+00:00,1044.000,325.361,99,21771.4,2685,62,measure
2026-09-11T02:14:30.329+00:00,1045.001,329.111,100,21771.4,2685,63,measure
2026-09-11T02:14:31.331+00:00,1046.001,318.357,99,21771.4,2685,62,measure
2026-09-11T02:14:32.332+00:00,1047.004,315.233,99,21771.4,2685,65,measure
2026-09-11T02:14:33.330+00:00,1048.001,317.611,99,21771.4,2685,62,measure
2026-09-11T02:14:34.329+00:00,1049.001,321.5,99,21771.4,2685,64,measure
2026-09-11T02:14:35.331+00:00,1050.002,333.608,99,21771.4,2685,63,measure
2026-09-11T02:14:36.329+00:00,1051.001,310.344,99,21771.4,2685,65,measure
2026-09-11T02:14:37.330+00:00,1052.000,314.706,99,21771.4,2685,62,measure
2026-09-11T02:14:38.330+00:00,1053.001,324.443,99,21771.4,2685,69,measure
2026-09-11T02:14:39.328+00:00,1054.000,329.604,99,21771.4,2685,63,measure
2026-09-11T02:14:40.329+00:00,1055.001,336.5,99,21771.4,2685,62,measure
2026-09-11T02:14:41.329+00:00,1056.000,330.573,99,21771.4,2685,63,measure
2026-09-11T02:14:42.329+00:00,1057.000,320.796,99,21771.4,2685,62,measure
2026-09-11T02:14:43.376+00:00,1058.001,316.215,99,21771.4,2685,62,measure
2026-09-11T02:14:44.330+00:00,1059.000,320.446,99,21771.4,2685,62,measure
2026-09-11T02:14:45.330+00:00,1060.002,313.609,99,21771.4,2685,62,measure
2026-09-11T02:14:46.330+00:00,1061.001,341.281,99,21771.4,2685,63,measure
2026-09-11T02:14:47.331+00:00,1062.000,339.05,99,21771.4,2685,64,measure
2026-09-11T02:14:48.329+00:00,1063.000,351.095,99,21771.4,2685,64,measure
2026-09-11T02:14:49.329+00:00,1064.000,331.851,99,21771.4,2685,63,measure
2026-09-11T02:14:47.829+00:00,1065.000,328.707,99,21771.4,2685,63,measure
2026-09-11T02:14:48.826+00:00,1066.001,320.709,99,21771.4,2685,63,measure
2026-09-11T02:14:49.826+00:00,1067.001,318.133,99,21771.4,2685,62,measure
2026-09-11T02:14:50.825+00:00,1068.000,311.429,99,21771.4,2685,62,measure
2026-09-11T02:14:51.825+00:00,1069.000,310.605,100,21771.4,2685,62,measure
2026-09-11T02:14:52.826+00:00,1070.000,306.55,99,21771.4,2685,62,measure
2026-09-11T02:14:53.828+00:00,1071.000,304.646,99,21771.4,2685,61,measure
2026-09-11T02:14:54.826+00:00,1072.001,308.36,99,21771.4,2655,63,measure
2026-09-11T02:14:55.825+00:00,1073.000,317.707,99,21771.4,2685,62,measure
2026-09-11T02:14:56.825+00:00,1074.000,308.852,99,21771.4,2685,63,measure
2026-09-11T02:14:57.825+00:00,1075.001,312.658,99,21771.4,2685,63,measure
2026-09-11T02:14:58.827+00:00,1076.000,303.497,99,21771.4,2685,61,measure
2026-09-11T02:14:59.828+00:00,1077.000,310.77,99,21771.4,2685,62,measure
2026-09-11T02:15:00.825+00:00,1078.000,313.663,99,21771.4,2685,62,measure
2026-09-11T02:15:01.826+00:00,1079.001,322.997,99,21771.4,2685,68,measure
2026-09-11T02:15:02.825+00:00,1080.000,324.266,100,21771.4,2685,62,measure
2026-09-11T02:15:03.825+00:00,1081.000,309.048,99,21771.4,2685,61,measure
2026-09-11T02:15:04.827+00:00,1082.000,304.211,99,21771.4,2685,61,measure
2026-09-11T02:15:05.827+00:00,1083.001,314.51,100,21771.4,2685,62,measure
2026-09-11T02:15:06.826+00:00,1084.000,323.737,99,21771.4,2685,62,measure
2026-09-11T02:15:07.826+00:00,1085.001,326.448,100,21771.4,2685,62,measure
2026-09-11T02:15:08.826+00:00,1086.000,307.992,99,21771.4,2685,61,measure
2026-09-11T02:15:09.826+00:00,1087.001,320.756,99,21771.4,2685,62,measure
2026-09-11T02:15:10.827+00:00,1088.000,327.778,99,21771.4,2685,62,measure
2026-09-11T02:15:11.828+00:00,1089.001,349.925,99,21771.4,2685,63,measure
2026-09-11T02:15:12.825+00:00,1090.000,341.226,99,21771.4,2685,63,measure
2026-09-11T02:15:13.825+00:00,1091.001,336.097,100,21771.4,2685,63,measure
2026-09-11T02:15:14.826+00:00,1092.001,320.67,99,21771.4,2685,62,measure
2026-09-11T02:15:15.826+00:00,1093.001,323.142,99,21771.4,2685,64,measure
2026-09-11T02:15:16.830+00:00,1094.001,314.409,99,21771.4,2685,63,measure
2026-09-11T02:15:17.827+00:00,1095.001,338.12,99,21771.4,2685,63,measure
2026-09-11T02:15:18.826+00:00,1096.001,344.583,99,21771.4,2685,63,measure
2026-09-11T02:15:17.324+00:00,1097.000,327.745,99,21771.4,2685,63,measure
2026-09-11T02:15:18.324+00:00,1098.000,325.434,99,21771.4,2685,62,measure
2026-09-11T02:15:19.324+00:00,1099.001,315.195,99,21771.4,2685,63,measure
2026-09-11T02:15:20.325+00:00,1100.001,330.066,100,21771.4,2685,62,measure
2026-09-11T02:15:21.325+00:00,1101.000,313.678,99,21771.4,2685,62,measure
2026-09-11T02:15:22.324+00:00,1102.001,347.443,99,21771.4,2685,64,measure
2026-09-11T02:15:23.324+00:00,1103.000,341.067,99,21771.4,2685,64,measure
2026-09-11T02:15:24.324+00:00,1104.001,358.964,99,21771.4,2685,67,measure
2026-09-11T02:15:25.335+00:00,1105.012,343.874,99,21771.4,2685,63,measure
2026-09-11T02:15:26.325+00:00,1106.001,328.405,99,21771.4,2685,62,measure
2026-09-11T02:15:27.330+00:00,1107.007,310.18,99,21771.4,2685,62,measure
2026-09-11T02:15:28.324+00:00,1108.001,311.851,99,21771.4,2685,61,measure
2026-09-11T02:15:29.328+00:00,1109.003,313.562,99,21771.4,2685,62,measure
2026-09-11T02:15:30.324+00:00,1110.000,309.518,99,21771.4,2685,62,measure
2026-09-11T02:15:31.329+00:00,1111.004,319.26,99,21771.4,2685,62,measure
2026-09-11T02:15:32.329+00:00,1112.000,308.564,99,21771.4,2685,62,measure
2026-09-11T02:15:33.327+00:00,1113.004,307.995,100,21771.4,2685,62,measure
2026-09-11T02:15:34.331+00:00,1114.008,318.621,99,21771.4,2685,61,measure
2026-09-11T02:15:35.325+00:00,1115.001,322.22,99,21771.4,2685,62,measure
2026-09-11T02:15:36.324+00:00,1116.001,332.688,99,21771.4,2685,63,measure
2026-09-11T02:15:37.328+00:00,1117.004,338.138,99,21771.4,2685,64,measure
2026-09-11T02:15:38.331+00:00,1118.007,337.072,99,21771.4,2685,64,measure
2026-09-11T02:15:39.325+00:00,1119.002,325.38,99,21771.4,2685,64,measure
2026-09-11T02:15:40.323+00:00,1120.000,309.455,99,21771.4,2685,62,measure
2026-09-11T02:15:41.324+00:00,1121.000,315.115,99,21771.4,2685,62,measure
2026-09-11T02:15:42.324+00:00,1122.000,309.237,99,21771.4,2685,61,measure
2026-09-11T02:15:43.325+00:00,1123.001,310.169,99,21771.4,2685,61,measure
2026-09-11T02:15:44.325+00:00,1124.000,311.625,99,21771.4,2685,64,measure
2026-09-11T02:15:45.325+00:00,1125.001,305.199,99,21771.4,2685,61,measure
2026-09-11T02:15:46.325+00:00,1126.002,309.359,99,21771.4,2685,62,measure
2026-09-11T02:15:47.324+00:00,1127.001,319.612,99,21771.4,2685,64,measure
2026-09-11T02:15:48.325+00:00,1128.001,337.384,99,21771.4,2685,63,measure
2026-09-11T02:15:49.324+00:00,1129.000,330.737,100,21771.4,2685,63,measure
2026-09-11T02:15:47.837+00:00,1130.001,320.019,100,21771.4,2685,62,measure
2026-09-11T02:15:48.859+00:00,1131.024,295.972,99,21771.4,2685,61,measure
2026-09-11T02:15:49.836+00:00,1132.000,306.795,99,21771.4,2685,62,measure
2026-09-11T02:15:50.836+00:00,1133.000,324.908,99,21771.4,2685,62,measure
2026-09-11T02:15:51.836+00:00,1134.000,327.205,99,21771.4,2685,62,measure
2026-09-11T02:15:52.837+00:00,1135.001,323.599,99,21771.4,2685,62,measure
2026-09-11T02:15:53.840+00:00,1136.001,343.865,99,21771.4,2685,68,measure
2026-09-11T02:15:54.841+00:00,1137.006,338.819,99,21771.4,2685,63,measure
2026-09-11T02:15:55.835+00:00,1138.000,331.761,99,21771.4,2685,63,measure
2026-09-11T02:15:56.838+00:00,1139.000,323.288,99,21771.4,2685,62,measure
2026-09-11T02:15:57.836+00:00,1140.001,308.566,99,21771.4,2685,63,measure
2026-09-11T02:15:58.837+00:00,1141.001,310.652,99,21771.4,2685,62,measure
2026-09-11T02:15:59.837+00:00,1142.001,319.844,99,21771.4,2685,64,measure
2026-09-11T02:16:00.836+00:00,1143.000,316.21,99,21771.4,2685,62,measure
2026-09-11T02:16:01.836+00:00,1144.000,310.533,100,21771.4,2685,61,measure
2026-09-11T02:16:02.836+00:00,1145.001,318.948,99,21771.4,2685,62,measure
2026-09-11T02:16:03.836+00:00,1146.000,329.547,100,21771.4,2685,66,measure
2026-09-11T02:16:04.837+00:00,1147.001,339.356,99,21771.4,2685,63,measure
2026-09-11T02:16:05.839+00:00,1148.001,339.009,99,21771.4,2685,63,measure
2026-09-11T02:16:06.837+00:00,1149.001,325.139,99,21771.4,2685,64,measure
2026-09-11T02:16:07.836+00:00,1150.000,318.334,99,21771.4,2685,63,measure
2026-09-11T02:16:08.836+00:00,1151.000,341.896,99,21771.4,2685,63,measure
2026-09-11T02:16:09.836+00:00,1152.001,356.812,100,21771.4,2685,69,measure
2026-09-11T02:16:10.838+00:00,1153.001,366.339,99,21771.4,2685,67,measure
2026-09-11T02:16:11.837+00:00,1154.000,358.058,99,21771.4,2685,63,measure
2026-09-11T02:16:12.836+00:00,1155.000,348.495,99,21771.4,2685,63,measure
2026-09-11T02:16:13.836+00:00,1156.000,336.183,99,21771.4,2685,63,measure
2026-09-11T02:16:14.836+00:00,1157.000,341.712,99,21771.4,2685,64,measure
2026-09-11T02:16:15.837+00:00,1158.002,335.117,100,21771.4,2685,63,measure
2026-09-11T02:16:16.838+00:00,1159.001,346.157,99,21771.4,2685,66,measure
2026-09-11T02:16:17.843+00:00,1160.007,344.765,99,21771.4,2685,63,measure
2026-09-11T02:16:18.906+00:00,1161.071,334.599,99,21771.4,2685,63,measure
2026-09-11T02:16:17.328+00:00,1162.011,339.04,99,21771.4,2685,65,measure
2026-09-11T02:16:18.340+00:00,1163.024,319.301,99,21771.4,2685,62,measure
2026-09-11T02:16:19.380+00:00,1164.064,313.515,99,21771.4,2685,64,measure
2026-09-11T02:16:20.319+00:00,1165.002,310.492,99,21771.4,2685,62,measure
2026-09-11T02:16:21.319+00:00,1166.001,319.768,99,21771.4,2685,62,measure
2026-09-11T02:16:22.316+00:00,1167.000,327.395,99,21771.4,2685,63,measure
2026-09-11T02:16:23.366+00:00,1168.000,345.348,99,21771.4,2685,63,measure
2026-09-11T02:16:24.318+00:00,1169.000,339.023,99,21771.4,2685,64,measure
2026-09-11T02:16:25.317+00:00,1170.001,330.009,99,21771.4,2685,65,measure
2026-09-11T02:16:26.318+00:00,1171.001,319.159,99,21771.4,2685,62,measure
2026-09-11T02:16:27.320+00:00,1172.000,331.235,99,21771.4,2685,62,measure
2026-09-11T02:16:28.370+00:00,1173.001,341.789,99,21771.4,2685,63,measure
2026-09-11T02:16:29.316+00:00,1174.000,351.546,99,21771.4,2685,63,measure
2026-09-11T02:16:30.316+00:00,1175.000,338.482,99,21771.4,2685,66,measure
2026-09-11T02:16:31.317+00:00,1176.001,317.69,99,21771.4,2685,62,measure
2026-09-11T02:16:32.319+00:00,1177.001,328.259,99,21771.4,2685,64,measure
2026-09-11T02:16:33.319+00:00,1178.001,322.618,99,21771.4,2685,62,measure
2026-09-11T02:16:34.317+00:00,1179.001,339.037,99,21771.4,2685,65,measure
2026-09-11T02:16:35.317+00:00,1180.001,337.405,99,21771.4,2685,63,measure
2026-09-11T02:16:36.316+00:00,1181.000,338.762,99,21771.4,2685,63,measure
2026-09-11T02:16:37.316+00:00,1182.000,317.85,99,21771.4,2685,62,measure
2026-09-11T02:16:38.318+00:00,1183.000,316.796,99,21771.4,2685,63,measure
2026-09-11T02:16:39.318+00:00,1184.001,321.122,99,21771.4,2685,62,measure
2026-09-11T02:16:40.318+00:00,1185.002,309.727,99,21771.4,2685,62,measure
2026-09-11T02:16:41.321+00:00,1186.005,309.198,99,21771.4,2685,62,measure
2026-09-11T02:16:42.316+00:00,1187.000,309.917,100,21771.4,2685,62,measure
2026-09-11T02:16:43.317+00:00,1188.001,303.913,100,21771.4,2685,62,measure
2026-09-11T02:16:44.318+00:00,1189.000,311.928,100,21771.4,2685,62,measure
2026-09-11T02:16:45.318+00:00,1190.001,313.693,99,21771.4,2685,62,measure
2026-09-11T02:16:46.317+00:00,1191.001,306.73,99,21771.4,2685,61,measure
2026-09-11T02:16:47.318+00:00,1192.002,305.086,99,21771.4,2685,61,measure
2026-09-11T02:16:48.318+00:00,1193.001,310.833,99,21771.4,2685,62,measure
2026-09-11T02:16:49.318+00:00,1194.002,308.301,99,21771.4,2685,61,measure
2026-09-11T02:16:47.815+00:00,1195.001,295.298,99,21771.4,2685,61,measure
2026-09-11T02:16:48.815+00:00,1196.000,291.816,99,21771.4,2685,61,measure
2026-09-11T02:16:49.813+00:00,1197.001,294.08,99,21771.4,2685,61,measure
2026-09-11T02:16:50.813+00:00,1198.001,298.239,99,21771.4,2685,61,measure
2026-09-11T02:16:51.814+00:00,1199.001,319.977,99,21771.4,2685,62,measure
2026-09-11T02:16:52.813+00:00,1200.000,324.032,99,21771.4,2685,62,measure
2026-09-11T02:16:53.815+00:00,1201.001,334.484,100,21771.4,2685,63,measure
2026-09-11T02:16:54.814+00:00,1202.001,334.06,99,21771.4,2685,63,measure
2026-09-11T02:16:55.812+00:00,1203.000,338.434,99,21771.4,2685,64,measure
2026-09-11T02:16:56.813+00:00,1204.001,339.42,99,21771.4,2685,66,measure
2026-09-11T02:16:57.813+00:00,1205.001,354.907,99,21771.4,2640,64,measure
2026-09-11T02:16:58.816+00:00,1206.003,350.651,99,21771.4,2685,63,measure
2026-09-11T02:16:59.817+00:00,1207.005,339.298,99,21771.4,2685,64,measure
2026-09-11T02:17:00.816+00:00,1208.004,331.869,99,21771.4,2685,63,measure
2026-09-11T02:17:01.815+00:00,1209.003,316.851,99,21771.4,2685,62,measure
2026-09-11T02:17:02.817+00:00,1210.005,310.951,99,21771.4,2685,62,measure
2026-09-11T02:17:03.812+00:00,1211.001,314.135,100,21771.4,2685,62,measure
2026-09-11T02:17:04.817+00:00,1212.003,303.353,99,21771.4,2685,61,measure
2026-09-11T02:17:05.820+00:00,1213.008,336.847,99,21771.4,2685,62,measure
2026-09-11T02:17:06.844+00:00,1214.032,321.319,99,21771.4,2685,65,measure
2026-09-11T02:17:07.812+00:00,1215.000,323.729,99,21771.4,2685,63,measure
2026-09-11T02:17:08.812+00:00,1216.001,307.639,99,21771.4,2685,61,measure
2026-09-11T02:17:09.813+00:00,1217.001,310.97,100,21771.4,2685,61,measure
2026-09-11T02:17:10.813+00:00,1218.001,326.166,99,21771.4,2685,62,measure
2026-09-11T02:17:11.818+00:00,1219.001,334.606,99,21771.4,2685,63,measure
2026-09-11T02:17:12.814+00:00,1220.002,331.969,100,21771.4,2685,64,measure
2026-09-11T02:17:13.812+00:00,1221.000,351.869,99,21771.4,2685,65,measure
2026-09-11T02:17:14.813+00:00,1222.001,355.498,99,21771.4,2685,63,measure
2026-09-11T02:17:15.814+00:00,1223.002,359.235,99,21771.4,2685,67,measure
2026-09-11T02:17:16.813+00:00,1224.000,327.129,99,21771.4,2685,65,measure
2026-09-11T02:17:17.817+00:00,1225.000,334.101,99,21771.4,2685,63,measure
2026-09-11T02:17:18.813+00:00,1226.001,334.31,99,21771.4,2685,65,measure
2026-09-11T02:17:17.343+00:00,1227.001,335.032,99,21771.4,2685,63,measure
2026-09-11T02:17:18.319+00:00,1228.001,357.606,99,21771.4,2685,63,measure
2026-09-11T02:17:19.313+00:00,1229.001,340.42,99,21771.4,2685,64,measure
2026-09-11T02:17:20.313+00:00,1230.001,334.114,99,21771.4,2685,62,measure
2026-09-11T02:17:21.314+00:00,1231.001,312.964,99,21771.4,2685,62,measure
2026-09-11T02:17:22.313+00:00,1232.001,313.035,100,21771.4,2685,62,measure
2026-09-11T02:17:23.313+00:00,1233.001,315.518,100,21771.4,2685,63,measure
2026-09-11T02:17:24.313+00:00,1234.001,314.381,99,21771.4,2685,62,measure
2026-09-11T02:17:25.312+00:00,1235.000,309.506,99,21771.4,2685,61,measure
2026-09-11T02:17:26.329+00:00,1236.017,306.415,99,21771.4,2685,61,measure
2026-09-11T02:17:27.385+00:00,1237.073,310.541,99,21771.4,2685,62,measure
2026-09-11T02:17:28.348+00:00,1238.036,310.48,100,21771.4,2685,62,measure
2026-09-11T02:17:29.314+00:00,1239.002,316.493,99,21771.4,2685,65,measure
2026-09-11T02:17:30.353+00:00,1240.041,311.432,100,21771.4,2685,62,measure
2026-09-11T02:17:31.313+00:00,1241.001,316.237,99,21771.4,2685,62,measure
2026-09-11T02:17:32.315+00:00,1242.001,323.491,99,21771.4,2685,63,measure
2026-09-11T02:17:33.324+00:00,1243.012,332.276,99,21771.4,2685,63,measure
2026-09-11T02:17:34.319+00:00,1244.007,330.476,100,21771.4,2685,65,measure
2026-09-11T02:17:35.348+00:00,1245.035,331.464,100,21771.4,2685,64,measure
2026-09-11T02:17:36.317+00:00,1246.005,316.079,99,21771.4,2685,62,measure
2026-09-11T02:17:37.321+00:00,1247.007,307.55,99,21771.4,2685,63,measure
2026-09-11T02:17:38.319+00:00,1248.006,305.483,99,21771.4,2685,62,measure
2026-09-11T02:17:39.316+00:00,1249.002,299.745,99,21771.4,2685,62,measure
2026-09-11T02:17:40.313+00:00,1250.001,324.696,99,21771.4,2685,63,measure
2026-09-11T02:17:41.314+00:00,1251.002,325.839,99,21771.4,2685,62,measure
2026-09-11T02:17:42.313+00:00,1252.001,334.247,99,21771.4,2685,65,measure
2026-09-11T02:17:43.313+00:00,1253.001,317.736,99,21771.4,2685,62,measure
2026-09-11T02:17:44.315+00:00,1254.002,308.181,100,21771.4,2685,61,measure
2026-09-11T02:17:45.314+00:00,1255.001,308.278,100,21771.4,2685,61,measure
2026-09-11T02:17:46.313+00:00,1256.001,312.496,99,21771.4,2685,62,measure
2026-09-11T02:17:47.314+00:00,1257.002,316.054,99,21771.4,2685,62,measure
2026-09-11T02:17:48.346+00:00,1258.001,338.568,99,21771.4,2685,63,measure
2026-09-11T02:17:49.313+00:00,1259.001,348.514,99,21771.4,2685,63,measure
2026-09-11T02:17:47.815+00:00,1260.001,336.011,100,21771.4,2685,63,measure
2026-09-11T02:17:48.815+00:00,1261.000,347.189,99,21771.4,2685,63,measure
2026-09-11T02:17:49.818+00:00,1262.005,332.745,99,21771.4,2685,64,measure
2026-09-11T02:17:50.814+00:00,1263.001,332.718,99,21771.4,2685,63,measure
2026-09-11T02:17:51.814+00:00,1264.001,316.467,99,21771.4,2685,62,measure
2026-09-11T02:17:52.824+00:00,1265.008,325.426,99,21771.4,2685,65,measure
2026-09-11T02:17:53.821+00:00,1266.007,335.504,99,21771.4,2685,63,measure
2026-09-11T02:17:54.817+00:00,1267.002,331.503,100,21771.4,2685,63,measure
2026-09-11T02:17:55.819+00:00,1268.006,318.714,99,21771.4,2685,62,measure
2026-09-11T02:17:56.814+00:00,1269.001,303.162,99,21771.4,2685,61,measure
2026-09-11T02:17:57.818+00:00,1270.004,297.463,99,21771.4,2685,61,measure
2026-09-11T02:17:58.824+00:00,1271.011,297.862,100,21771.4,2685,64,measure
2026-09-11T02:17:59.868+00:00,1272.055,307.058,100,21771.4,2685,61,measure
2026-09-11T02:18:00.818+00:00,1273.005,306.97,99,21771.4,2685,61,measure
2026-09-11T02:18:01.818+00:00,1274.004,313.698,99,21771.4,2685,62,measure
2026-09-11T02:18:02.814+00:00,1275.001,330.988,99,21771.4,2685,63,measure
2026-09-11T02:18:03.840+00:00,1276.027,336.542,99,21771.4,2685,63,measure
2026-09-11T02:18:04.815+00:00,1277.001,338.837,99,21771.4,2685,63,measure
2026-09-11T02:18:05.828+00:00,1278.014,358.047,99,21771.4,2685,63,measure
2026-09-11T02:18:06.817+00:00,1279.001,328.943,99,21771.4,2685,63,measure
2026-09-11T02:18:07.816+00:00,1280.002,315.22,99,21771.4,2685,62,measure
2026-09-11T02:18:08.814+00:00,1281.001,299.831,99,21771.4,2685,61,measure
2026-09-11T02:18:09.823+00:00,1282.008,316.228,99,21771.4,2685,62,measure
2026-09-11T02:18:10.832+00:00,1283.019,320.024,100,21771.4,2685,62,measure
2026-09-11T02:18:11.832+00:00,1284.019,336.928,99,21771.4,2685,63,measure
2026-09-11T02:18:12.858+00:00,1285.041,338.938,100,21771.4,2685,63,measure
2026-09-11T02:18:13.814+00:00,1286.000,327.373,99,21771.4,2685,63,measure
2026-09-11T02:18:14.815+00:00,1287.001,313.851,99,21771.4,2685,62,measure
2026-09-11T02:18:15.826+00:00,1288.013,320.888,99,21771.4,2685,63,measure
2026-09-11T02:18:16.817+00:00,1289.003,310.708,99,21771.4,2685,61,measure
2026-09-11T02:18:17.820+00:00,1290.007,311.243,100,21771.4,2685,62,measure
2026-09-11T02:18:18.816+00:00,1291.002,317.29,99,21771.4,2685,62,measure
2026-09-11T02:18:17.335+00:00,1292.005,309.489,99,21771.4,2685,61,measure
2026-09-11T02:18:18.359+00:00,1293.028,322.928,99,21771.4,2685,63,measure
2026-09-11T02:18:19.377+00:00,1294.001,325.598,99,21771.4,2685,64,measure
2026-09-11T02:18:20.337+00:00,1295.006,350.021,99,21771.4,2685,64,measure
2026-09-11T02:18:21.334+00:00,1296.003,360.38,99,21771.4,2685,65,measure
2026-09-11T02:18:22.332+00:00,1297.001,344.483,100,21771.4,2685,63,measure
2026-09-11T02:18:23.332+00:00,1298.001,345.702,99,21771.4,2685,65,measure
2026-09-11T02:18:24.337+00:00,1299.007,324.422,99,21771.4,2685,63,measure
2026-09-11T02:18:25.332+00:00,1300.002,308.844,99,21771.4,2685,63,measure
2026-09-11T02:18:26.338+00:00,1301.006,311.588,99,21771.4,2685,62,measure
2026-09-11T02:18:27.333+00:00,1302.002,313.492,99,21771.4,2685,62,measure
2026-09-11T02:18:28.335+00:00,1303.005,316.435,99,21771.4,2685,64,measure
2026-09-11T02:18:29.331+00:00,1304.001,318.173,99,21771.4,2685,61,measure
2026-09-11T02:18:30.335+00:00,1305.005,320.454,99,21771.4,2685,62,measure
2026-09-11T02:18:31.332+00:00,1306.000,340.709,99,21771.4,2685,63,measure
2026-09-11T02:18:32.337+00:00,1307.005,340.102,99,21771.4,2685,63,measure
2026-09-11T02:18:33.334+00:00,1308.003,355.231,99,21771.4,2685,66,measure
2026-09-11T02:18:34.333+00:00,1309.001,336.323,100,21771.4,2685,63,measure
2026-09-11T02:18:35.333+00:00,1310.003,331.729,99,21771.4,2685,63,measure
2026-09-11T02:18:36.337+00:00,1311.007,322.421,99,21771.4,2685,62,measure
2026-09-11T02:18:37.332+00:00,1312.002,314.918,99,21771.4,2685,65,measure
2026-09-11T02:18:38.336+00:00,1313.003,313.909,100,21771.4,2685,62,measure
2026-09-11T02:18:39.342+00:00,1314.011,313.792,99,21771.4,2685,64,measure
2026-09-11T02:18:40.333+00:00,1315.001,313.697,99,21771.4,2685,63,measure
2026-09-11T02:18:41.331+00:00,1316.001,311.578,99,21771.4,2685,62,measure
2026-09-11T02:18:42.333+00:00,1317.003,313.885,99,21771.4,2685,63,measure
2026-09-11T02:18:43.335+00:00,1318.005,311.706,100,21771.4,2685,61,measure
2026-09-11T02:18:44.339+00:00,1319.008,323.962,99,21771.4,2685,63,measure
2026-09-11T02:18:45.336+00:00,1320.005,340.824,99,21771.4,2685,63,measure
2026-09-11T02:18:46.332+00:00,1321.001,351.099,99,21771.4,2685,65,measure
2026-09-11T02:18:47.335+00:00,1322.005,339.11,99,21771.4,2685,63,measure
2026-09-11T02:18:48.333+00:00,1323.000,328.839,99,21771.4,2685,63,measure
2026-09-11T02:18:49.332+00:00,1324.001,310.051,99,21771.4,2685,62,measure
2026-09-11T02:18:47.833+00:00,1325.001,298.135,99,21771.4,2685,61,measure
2026-09-11T02:18:48.838+00:00,1326.001,297.434,99,21771.4,2685,64,measure
2026-09-11T02:18:49.834+00:00,1327.001,291.848,99,21771.4,2685,61,measure
2026-09-11T02:18:50.833+00:00,1328.000,289.487,99,21771.4,2685,61,measure
2026-09-11T02:18:51.834+00:00,1329.001,292.687,99,21771.4,2685,60,measure
2026-09-11T02:18:52.833+00:00,1330.001,294.846,99,21771.4,2685,61,measure
2026-09-11T02:18:53.834+00:00,1331.001,301.68,99,21771.4,2685,61,measure
2026-09-11T02:18:54.835+00:00,1332.001,314.799,100,21771.4,2685,61,measure
2026-09-11T02:18:55.834+00:00,1333.001,313.551,99,21771.4,2685,63,measure
2026-09-11T02:18:56.835+00:00,1334.002,313.693,99,21771.4,2685,63,measure
2026-09-11T02:18:57.834+00:00,1335.001,315.77,99,21771.4,2685,62,measure
2026-09-11T02:18:58.834+00:00,1336.001,310.489,99,21771.4,2685,62,measure
2026-09-11T02:18:59.861+00:00,1337.001,319.35,99,21771.4,2685,62,measure
2026-09-11T02:19:00.834+00:00,1338.001,316.569,99,21771.4,2685,62,measure
2026-09-11T02:19:01.834+00:00,1339.001,332.019,99,21771.4,2685,63,measure
2026-09-11T02:19:02.833+00:00,1340.001,331.963,99,21771.4,2685,63,measure
2026-09-11T02:19:03.833+00:00,1341.001,306.71,99,21771.4,2685,61,measure
2026-09-11T02:19:04.833+00:00,1342.000,311.932,99,21771.4,2685,61,measure
2026-09-11T02:19:05.833+00:00,1343.001,313.785,99,21771.4,2685,62,measure
2026-09-11T02:19:06.834+00:00,1344.001,319.765,99,21771.4,2685,64,measure
2026-09-11T02:19:07.833+00:00,1345.001,331.67,99,21771.4,2685,64,measure
2026-09-11T02:19:08.835+00:00,1346.002,324.268,99,21771.4,2685,62,measure
2026-09-11T02:19:09.833+00:00,1347.001,312.313,100,21771.4,2685,64,measure
2026-09-11T02:19:10.835+00:00,1348.003,318.424,99,21771.4,2685,61,measure
2026-09-11T02:19:11.834+00:00,1349.001,325.698,100,21771.4,2685,64,measure
2026-09-11T02:19:12.840+00:00,1350.008,308.555,99,21771.4,2685,63,measure
2026-09-11T02:19:13.836+00:00,1351.004,310.099,99,21771.4,2685,61,measure
2026-09-11T02:19:14.835+00:00,1352.003,295.295,100,21771.4,2685,61,measure
2026-09-11T02:19:15.861+00:00,1353.029,308.971,99,21771.4,2685,61,measure
2026-09-11T02:19:16.856+00:00,1354.024,312.938,99,21771.4,2685,61,measure
2026-09-11T02:19:17.836+00:00,1355.001,304.907,99,21771.4,2685,61,measure
2026-09-11T02:19:18.837+00:00,1356.004,324.085,99,21771.4,2685,66,measure
2026-09-11T02:19:17.388+00:00,1357.006,324.135,99,21771.4,2685,61,measure
2026-09-11T02:19:18.369+00:00,1358.015,330.617,99,21771.4,2685,63,measure
2026-09-11T02:19:19.361+00:00,1359.004,328.179,99,21771.4,2685,64,measure
2026-09-11T02:19:20.355+00:00,1360.003,336.51,99,21771.4,2685,63,measure
2026-09-11T02:19:21.359+00:00,1361.004,319.4,99,21771.4,2685,64,measure
2026-09-11T02:19:22.359+00:00,1362.006,315.104,99,21771.4,2685,61,measure
2026-09-11T02:19:23.357+00:00,1363.005,321.783,99,21771.4,2685,63,measure
2026-09-11T02:19:24.355+00:00,1364.003,308.881,99,21771.4,2685,62,measure
2026-09-11T02:19:25.353+00:00,1365.000,307.329,99,21771.4,2685,62,measure
2026-09-11T02:19:26.357+00:00,1366.004,311.825,99,21771.4,2685,62,measure
2026-09-11T02:19:27.356+00:00,1367.002,327.543,99,21771.4,2685,62,measure
2026-09-11T02:19:28.356+00:00,1368.003,346.474,99,21771.4,2685,68,measure
2026-09-11T02:19:29.366+00:00,1369.007,349.223,99,21771.4,2685,68,measure
2026-09-11T02:19:30.369+00:00,1370.004,350.63,99,21771.4,2685,63,measure
2026-09-11T02:19:31.356+00:00,1371.003,328.889,99,21771.4,2685,63,measure
2026-09-11T02:19:32.359+00:00,1372.005,325.738,99,21771.4,2685,62,measure
2026-09-11T02:19:33.360+00:00,1373.003,320.652,99,21771.4,2685,62,measure
2026-09-11T02:19:34.356+00:00,1374.004,323.308,99,21771.4,2685,62,measure
2026-09-11T02:19:35.354+00:00,1375.001,315.969,99,21771.4,2685,62,measure
2026-09-11T02:19:36.357+00:00,1376.005,308.005,99,21771.4,2685,61,measure
2026-09-11T02:19:37.353+00:00,1377.000,305.675,100,21771.4,2685,61,measure
2026-09-11T02:19:38.360+00:00,1378.005,296.235,99,21771.4,2685,61,measure
2026-09-11T02:19:39.355+00:00,1379.001,300.441,99,21771.4,2685,62,measure
2026-09-11T02:19:40.358+00:00,1380.006,333.171,99,21771.4,2685,65,measure
2026-09-11T02:19:41.354+00:00,1381.001,335.76,99,21771.4,2685,63,measure
2026-09-11T02:19:42.354+00:00,1382.001,337.433,99,21771.4,2685,63,measure
2026-09-11T02:19:43.357+00:00,1383.005,331.892,99,21771.4,2685,62,measure
2026-09-11T02:19:44.356+00:00,1384.002,311.388,100,21771.4,2685,62,measure
2026-09-11T02:19:45.355+00:00,1385.000,306.389,100,21771.4,2685,61,measure
2026-09-11T02:19:46.357+00:00,1386.004,314.449,99,21771.4,2685,61,measure
2026-09-11T02:19:47.358+00:00,1387.005,322.881,99,21771.4,2685,63,measure
2026-09-11T02:19:48.355+00:00,1388.002,344.604,99,21771.4,2685,65,measure
2026-09-11T02:19:46.844+00:00,1389.000,351.108,99,21771.4,2685,63,measure
2026-09-11T02:19:47.865+00:00,1390.007,338.587,100,21771.4,2685,63,measure
2026-09-11T02:19:48.848+00:00,1391.004,339.148,99,21771.4,2685,63,measure
2026-09-11T02:19:49.846+00:00,1392.001,317.293,100,21771.4,2685,63,measure
2026-09-11T02:19:50.851+00:00,1393.008,315.772,99,21771.4,2685,62,measure
2026-09-11T02:19:51.849+00:00,1394.006,325.365,99,21771.4,2685,62,measure
2026-09-11T02:19:52.846+00:00,1395.003,308.604,99,21771.4,2685,62,measure
2026-09-11T02:19:53.844+00:00,1396.001,306.858,99,21771.4,2685,62,measure
2026-09-11T02:19:54.845+00:00,1397.000,341.725,99,21771.4,2685,65,measure
2026-09-11T02:19:55.847+00:00,1398.004,350.033,99,21771.4,2685,63,measure
2026-09-11T02:19:56.844+00:00,1399.000,347.67,100,21771.4,2685,63,measure
2026-09-11T02:19:57.849+00:00,1400.005,334.836,99,21771.4,2685,63,measure
2026-09-11T02:19:58.846+00:00,1401.003,317.622,99,21771.4,2685,65,measure
2026-09-11T02:19:59.845+00:00,1402.002,321.314,99,21771.4,2685,62,measure
2026-09-11T02:20:00.849+00:00,1403.002,312.787,99,21771.4,2685,62,measure
2026-09-11T02:20:01.846+00:00,1404.001,318.459,99,21771.4,2685,62,measure
2026-09-11T02:20:02.850+00:00,1405.006,334.764,99,21771.4,2685,63,measure
2026-09-11T02:20:03.846+00:00,1406.003,331.435,99,21771.4,2685,63,measure
2026-09-11T02:20:04.845+00:00,1407.002,332.6,99,21771.4,2685,63,measure
2026-09-11T02:20:05.844+00:00,1408.001,338.142,99,21771.4,2685,62,measure
2026-09-11T02:20:06.890+00:00,1409.000,351.883,99,21771.4,2685,65,measure
2026-09-11T02:20:07.877+00:00,1410.000,342.834,99,21771.4,2685,65,measure
2026-09-11T02:20:08.844+00:00,1411.001,347.375,99,21771.4,2685,63,measure
2026-09-11T02:20:09.844+00:00,1412.000,332.04,99,21771.4,2685,64,measure
2026-09-11T02:20:10.845+00:00,1413.000,353.681,99,21771.4,2685,67,measure
2026-09-11T02:20:11.844+00:00,1414.001,343.306,99,21771.4,2685,64,measure
2026-09-11T02:20:12.847+00:00,1415.002,340.856,99,21771.4,2685,67,measure
2026-09-11T02:20:13.847+00:00,1416.004,324.917,99,21771.4,2685,64,measure
2026-09-11T02:20:14.845+00:00,1417.002,318.179,99,21771.4,2685,64,measure
2026-09-11T02:20:15.844+00:00,1418.000,314.592,99,21771.4,2685,62,measure
2026-09-11T02:20:16.846+00:00,1419.002,315.06,99,21771.4,2685,62,measure
2026-09-11T02:20:17.849+00:00,1420.003,316.532,100,21771.4,2685,62,measure
2026-09-11T02:20:18.849+00:00,1421.005,309.051,99,21771.4,2685,62,measure
2026-09-11T02:20:17.372+00:00,1422.005,298.221,99,21771.4,2685,61,measure
2026-09-11T02:20:18.375+00:00,1423.009,303.653,99,21771.4,2685,63,measure
2026-09-11T02:20:19.369+00:00,1424.002,311.462,99,21771.4,2685,62,measure
2026-09-11T02:20:20.367+00:00,1425.000,330.574,99,21771.4,2685,63,measure
2026-09-11T02:20:21.366+00:00,1426.000,314.772,99,21771.4,2685,62,measure
2026-09-11T02:20:22.368+00:00,1427.000,322.763,99,21771.4,2685,63,measure
2026-09-11T02:20:23.367+00:00,1428.000,301.282,100,21771.4,2685,61,measure
2026-09-11T02:20:24.367+00:00,1429.000,296.867,99,21771.4,2685,61,measure
2026-09-11T02:20:25.367+00:00,1430.000,295.917,99,21771.4,2685,61,measure
2026-09-11T02:20:26.367+00:00,1431.001,316.002,99,21771.4,2685,62,measure
2026-09-11T02:20:27.367+00:00,1432.001,320.403,99,21771.4,2685,61,measure
2026-09-11T02:20:28.372+00:00,1433.001,335.126,100,21771.4,2685,63,measure
2026-09-11T02:20:29.368+00:00,1434.001,326.749,99,21771.4,2685,66,measure
2026-09-11T02:20:30.366+00:00,1435.000,348.548,99,21771.4,2685,64,measure
2026-09-11T02:20:31.366+00:00,1436.000,328.853,99,21771.4,2685,63,measure
2026-09-11T02:20:32.367+00:00,1437.000,321.765,99,21771.4,2685,63,measure
2026-09-11T02:20:33.368+00:00,1438.001,307.539,100,21771.4,2685,61,measure
2026-09-11T02:20:34.368+00:00,1439.000,305.561,99,21771.4,2685,62,measure
2026-09-11T02:20:35.368+00:00,1440.001,321.804,99,21771.4,2685,62,measure
2026-09-11T02:20:36.367+00:00,1441.000,328.299,99,21771.4,2685,63,measure
2026-09-11T02:20:37.367+00:00,1442.000,326.598,99,21771.4,2685,63,measure
2026-09-11T02:20:38.367+00:00,1443.000,314.438,99,21771.4,2685,64,measure
2026-09-11T02:20:39.367+00:00,1444.001,322.939,99,21771.4,2670,63,measure
2026-09-11T02:20:40.369+00:00,1445.000,339.955,100,21771.4,2685,63,measure
2026-09-11T02:20:41.367+00:00,1446.000,327.548,100,21771.4,2685,63,measure
2026-09-11T02:20:42.367+00:00,1447.000,316.976,99,21771.4,2685,62,measure
2026-09-11T02:20:43.367+00:00,1448.000,309.758,99,21771.4,2685,61,measure
2026-09-11T02:20:44.367+00:00,1449.001,314.761,99,21771.4,2685,62,measure
2026-09-11T02:20:45.367+00:00,1450.000,313,99,21771.4,2685,62,measure
2026-09-11T02:20:46.368+00:00,1451.001,311.199,99,21771.4,2685,62,measure
2026-09-11T02:20:47.367+00:00,1452.000,324.76,99,21771.4,2685,65,measure
2026-09-11T02:20:48.367+00:00,1453.001,320.876,99,21771.4,2685,62,measure
2026-09-11T02:20:46.873+00:00,1454.000,310.094,99,21771.4,2685,63,measure
2026-09-11T02:20:47.874+00:00,1455.000,298.397,99,21771.4,2685,62,measure
2026-09-11T02:20:48.873+00:00,1456.000,317.671,99,21771.4,2685,63,measure
2026-09-11T02:20:49.874+00:00,1457.000,319.685,99,21771.4,2685,63,measure
2026-09-11T02:20:50.874+00:00,1458.001,330.061,100,21771.4,2685,63,measure
2026-09-11T02:20:51.873+00:00,1459.001,329.664,99,21771.4,2685,65,measure
2026-09-11T02:20:52.875+00:00,1460.000,313.445,99,21771.4,2685,62,measure
2026-09-11T02:20:53.874+00:00,1461.001,318.236,99,21771.4,2685,63,measure
2026-09-11T02:20:54.873+00:00,1462.000,312.519,99,21771.4,2685,61,measure
2026-09-11T02:20:55.874+00:00,1463.000,308.491,99,21771.4,2685,62,measure
2026-09-11T02:20:56.873+00:00,1464.000,312.387,99,21771.4,2685,62,measure
2026-09-11T02:20:57.873+00:00,1465.000,310.262,99,21771.4,2685,61,measure
2026-09-11T02:20:58.873+00:00,1466.001,323.064,99,21771.4,2685,61,measure
2026-09-11T02:20:59.874+00:00,1467.000,327.175,99,21771.4,2685,63,measure
2026-09-11T02:21:00.875+00:00,1468.001,332.114,99,21771.4,2685,66,measure
2026-09-11T02:21:01.875+00:00,1469.001,330.358,99,21771.4,2685,64,measure
2026-09-11T02:21:02.873+00:00,1470.000,338.769,99,21771.4,2685,65,measure
2026-09-11T02:21:03.873+00:00,1471.000,343.263,99,21771.4,2685,63,measure
2026-09-11T02:21:04.874+00:00,1472.001,347.541,99,21771.4,2685,63,measure
2026-09-11T02:21:05.873+00:00,1473.000,352.029,99,21771.4,2685,64,measure
2026-09-11T02:21:06.875+00:00,1474.001,322.167,100,21771.4,2685,62,measure
2026-09-11T02:21:07.875+00:00,1475.001,324.894,99,21771.4,2685,63,measure
2026-09-11T02:21:08.873+00:00,1476.001,322.228,99,21771.4,2685,63,measure
2026-09-11T02:21:09.873+00:00,1477.000,326.22,99,21771.4,2685,62,measure
2026-09-11T02:21:10.873+00:00,1478.000,322.601,99,21771.4,2685,62,measure
2026-09-11T02:21:11.873+00:00,1479.000,338.864,99,21771.4,2685,65,measure
2026-09-11T02:21:12.875+00:00,1480.001,336.477,99,21771.4,2685,63,measure
2026-09-11T02:21:13.875+00:00,1481.000,357.391,99,21771.4,2655,63,measure
2026-09-11T02:21:14.925+00:00,1482.001,353.232,99,21771.4,2685,63,measure
2026-09-11T02:21:15.894+00:00,1483.021,360.516,99,21771.4,2685,63,measure
2026-09-11T02:21:16.874+00:00,1484.001,333.262,99,21771.4,2685,65,measure
2026-09-11T02:21:17.874+00:00,1485.001,325.993,99,21771.4,2685,63,measure
2026-09-11T02:21:18.875+00:00,1486.000,313.944,99,21771.4,2685,62,measure
2026-09-11T02:21:17.374+00:00,1487.002,325.396,99,21771.4,2685,62,measure
2026-09-11T02:21:18.372+00:00,1488.001,336.126,99,21771.4,2685,63,measure
2026-09-11T02:21:19.371+00:00,1489.000,330.709,99,21771.4,2685,63,measure
2026-09-11T02:21:20.373+00:00,1490.002,320.047,99,21771.4,2685,62,measure
2026-09-11T02:21:21.372+00:00,1491.001,324.127,99,21771.4,2685,62,measure
2026-09-11T02:21:22.373+00:00,1492.001,314.563,99,21771.4,2685,64,measure
2026-09-11T02:21:23.374+00:00,1493.001,309.193,99,21771.4,2685,62,measure
2026-09-11T02:21:24.375+00:00,1494.004,310.067,99,21771.4,2685,63,measure
2026-09-11T02:21:25.371+00:00,1495.000,318.599,99,21771.4,2685,62,measure
2026-09-11T02:21:26.371+00:00,1496.000,311.897,99,21771.4,2685,62,measure
2026-09-11T02:21:27.371+00:00,1497.000,345.661,99,21771.4,2685,63,measure
2026-09-11T02:21:28.373+00:00,1498.000,329.223,99,21771.4,2685,63,measure
2026-09-11T02:21:29.373+00:00,1499.001,330.696,99,21771.4,2685,63,measure
2026-09-11T02:21:30.372+00:00,1500.001,311.054,99,21771.4,2685,62,measure
2026-09-11T02:21:31.371+00:00,1501.000,306.094,99,21771.4,2685,62,measure
2026-09-11T02:21:32.371+00:00,1502.001,317.165,99,21771.4,2685,62,measure
2026-09-11T02:21:33.371+00:00,1503.000,314.961,99,21771.4,2685,62,measure
2026-09-11T02:21:34.373+00:00,1504.001,311.302,100,21771.4,2685,62,measure
2026-09-11T02:21:35.372+00:00,1505.000,318.605,99,21771.4,2685,63,measure
2026-09-11T02:21:36.371+00:00,1506.000,299.506,100,21771.4,2685,61,measure
2026-09-11T02:21:37.371+00:00,1507.000,288.496,99,21771.4,2685,61,measure
2026-09-11T02:21:38.375+00:00,1508.001,136.609,0,21771.4,2700,54,measure
2026-09-11T02:21:39.373+00:00,1509.001,99.948,0,21771.4,2700,54,measure
2026-09-11T02:21:40.373+00:00,1510.002,69.879,0,21771.4,420,53,measure
2026-09-11T02:21:41.375+00:00,1511.004,54.584,0,21771.4,300,52,measure
2026-09-11T02:21:42.374+00:00,1512.002,23.201,1,21771.4,240,51,measure
2026-09-11T02:21:43.374+00:00,1513.003,19.347,0,21771.4,210,51,measure
2026-09-11T02:21:44.372+00:00,1514.001,18.758,0,21771.4,210,50,measure
2026-09-11T02:21:45.372+00:00,1515.000,18.942,0,21771.4,210,50,measure
2026-09-11T02:21:46.372+00:00,1516.001,18.852,0,21771.4,210,50,measure
2026-09-11T02:21:47.372+00:00,1517.001,18.852,0,21771.4,210,50,measure
2026-09-11T02:21:48.379+00:00,1518.007,18.673,0,21771.4,210,49,measure
2026-09-11T02:21:46.856+00:00,1519.005,18.275,0,21771.4,210,49,measure
2026-09-11T02:21:47.857+00:00,1520.006,17.915,0,21771.4,210,49,measure
2026-09-11T02:21:48.933+00:00,1521.083,17.942,0,21771.4,210,48,measure
2026-09-11T02:21:49.851+00:00,1522.000,17.798,0,21771.4,210,48,measure
2026-09-11T02:21:50.890+00:00,1523.001,17.242,0,21771.4,210,48,measure
2026-09-11T02:21:51.852+00:00,1524.001,17.002,0,21771.4,210,48,measure
2026-09-11T02:21:52.855+00:00,1525.004,17.105,0,21771.4,210,48,measure
2026-09-11T02:21:53.852+00:00,1526.000,16.914,0,21771.4,210,48,measure
2026-09-11T02:21:54.857+00:00,1527.006,16.713,0,21771.4,210,47,measure
2026-09-11T02:21:55.853+00:00,1528.002,16.646,0,21771.4,210,47,measure
2026-09-11T02:21:56.854+00:00,1529.003,16.389,0,21771.4,210,47,measure
2026-09-11T02:21:57.855+00:00,1530.004,16.389,0,21771.4,210,47,measure
2026-09-11T02:21:58.854+00:00,1531.003,16.315,0,21771.4,210,47,measure
2026-09-11T02:21:59.856+00:00,1532.005,17.078,0,21771.4,210,46,measure
2026-09-11T02:22:00.854+00:00,1533.003,17.224,0,21771.4,210,46,measure
2026-09-11T02:22:01.860+00:00,1534.008,16.879,0,21771.4,210,46,measure
2026-09-11T02:22:02.852+00:00,1535.001,16.87,0,21771.4,210,46,measure
2026-09-11T02:22:03.854+00:00,1536.003,16.721,0,21771.4,210,46,measure
2026-09-11T02:22:04.852+00:00,1537.001,16.192,0,21771.4,210,46,measure
2026-09-11T02:22:05.856+00:00,1538.005,15.709,0,21771.4,210,46,measure
2026-09-11T02:22:06.855+00:00,1539.004,15.709,0,21771.4,210,45,measure
2026-09-11T02:22:07.855+00:00,1540.005,15.702,0,21771.4,210,45,measure
2026-09-11T02:22:08.852+00:00,1541.001,15.766,0,21771.4,210,45,measure
2026-09-11T02:22:09.853+00:00,1542.002,15.766,0,21771.4,210,45,measure
2026-09-11T02:22:10.852+00:00,1543.001,15.693,0,21771.4,210,45,measure
2026-09-11T02:22:11.855+00:00,1544.004,15.585,0,21771.4,210,45,measure
2026-09-11T02:22:12.851+00:00,1545.000,15.602,0,21771.4,210,45,measure
2026-09-11T02:22:13.853+00:00,1546.002,15.605,0,21771.4,210,44,measure
2026-09-11T02:22:14.852+00:00,1547.001,15.401,0,21771.4,210,44,measure
2026-09-11T02:22:15.855+00:00,1548.004,15.481,0,21771.4,210,44,measure
2026-09-11T02:22:16.858+00:00,1549.007,15.672,0,21771.4,210,44,measure
2026-09-11T02:22:17.854+00:00,1550.003,15.64,0,21771.4,210,44,measure
2026-09-11T02:22:18.855+00:00,1551.004,15.576,0,21771.4,210,44,measure
2026-09-11T02:22:17.397+00:00,1552.043,15.669,0,21771.4,210,44,measure
2026-09-11T02:22:18.401+00:00,1553.049,15.669,0,21771.4,210,44,measure
2026-09-11T02:22:19.353+00:00,1554.002,15.712,0,21771.4,210,44,measure
2026-09-11T02:22:20.352+00:00,1555.000,15.494,0,21771.4,210,44,measure
2026-09-11T02:22:21.354+00:00,1556.003,15.179,0,21771.4,210,43,measure
2026-09-11T02:22:22.359+00:00,1557.007,15.108,0,21771.4,210,43,measure
2026-09-11T02:22:23.356+00:00,1558.004,15.019,0,21771.4,210,43,measure
2026-09-11T02:22:24.353+00:00,1559.001,14.947,0,21771.4,210,43,measure
2026-09-11T02:22:25.358+00:00,1560.007,15.06,0,21771.4,210,43,measure
2026-09-11T02:22:26.352+00:00,1561.000,15,0,21771.4,210,43,measure
2026-09-11T02:22:27.354+00:00,1562.003,14.933,0,21771.4,210,43,measure
