timestamp_iso,t_s,power_w,util_gpu_pct,mem_used_mib,clocks_sm_mhz,temp_c,phase
2026-09-11T01:08:25.193+00:00,0.000,225.232,0,21626.5,2700,54,measure
2026-09-11T01:08:26.195+00:00,1.001,99.072,0,21626.5,2700,53,measure
2026-09-11T01:08:27.191+00:00,2.001,71.996,0,21626.5,510,53,measure
2026-09-11T01:08:28.194+00:00,3.000,54.33,0,21626.5,345,52,measure
2026-09-11T01:08:29.191+00:00,4.000,36.027,0,21626.5,255,51,measure
2026-09-11T01:08:30.192+00:00,5.001,34.789,0,21626.5,210,50,measure
2026-09-11T01:08:31.191+00:00,6.000,34.789,0,21626.5,210,50,measure
2026-09-11T01:08:32.191+00:00,7.000,33.018,0,21626.5,210,49,measure
2026-09-11T01:08:33.191+00:00,8.000,126.503,99,21660.5,2700,55,measure
2026-09-11T01:08:34.191+00:00,9.000,305.631,99,21660.5,2700,58,measure
2026-09-11T01:08:35.199+00:00,10.004,288.613,99,21662.5,2700,59,measure
2026-09-11T01:08:36.194+00:00,11.002,325.731,99,21662.5,2700,60,measure
2026-09-11T01:08:37.192+00:00,12.001,348.384,99,21662.5,2685,63,measure
2026-09-11T01:08:38.191+00:00,13.000,337.397,99,21662.5,2685,60,measure
2026-09-11T01:08:39.192+00:00,14.001,327.201,99,21662.5,2685,62,measure
2026-09-11T01:08:40.192+00:00,15.001,319.622,99,21662.5,2700,59,measure
2026-09-11T01:08:41.193+00:00,16.001,307.902,99,21662.5,2700,59,measure
2026-09-11T01:08:42.193+00:00,17.002,316.794,99,21660.8,2685,59,measure
2026-09-11T01:08:43.192+00:00,18.001,323.859,99,21657.5,2685,61,measure
2026-09-11T01:08:44.193+00:00,19.002,327.531,99,21657.5,2685,60,measure
2026-09-11T01:08:45.191+00:00,20.000,330.232,99,21657.5,2685,61,measure
2026-09-11T01:08:46.191+00:00,21.001,310.668,99,21657.5,2685,61,measure
2026-09-11T01:08:47.193+00:00,22.001,308.49,99,21657.5,2685,59,measure
2026-09-11T01:08:48.194+00:00,23.000,310.468,100,21657.5,2685,59,measure
2026-09-11T01:08:49.192+00:00,24.001,308.051,99,21657.5,2685,59,measure
2026-09-11T01:08:50.192+00:00,25.001,312.305,99,21657.5,2685,61,measure
2026-09-11T01:08:51.193+00:00,26.001,318.558,99,21657.5,2685,61,measure
2026-09-11T01:08:52.191+00:00,27.000,332.486,99,21657.5,2685,61,measure
2026-09-11T01:08:53.194+00:00,28.002,327.011,99,21657.5,2685,61,measure
2026-09-11T01:08:51.721+00:00,29.001,345.122,99,21657.5,2640,62,measure
2026-09-11T01:08:52.709+00:00,30.002,372.308,99,21657.5,2685,64,measure
2026-09-11T01:08:53.709+00:00,31.002,348.528,99,21657.5,2625,61,measure
2026-09-11T01:08:54.709+00:00,32.001,352.704,99,21657.5,2685,63,measure
2026-09-11T01:08:55.709+00:00,33.001,329.406,99,21657.5,2685,63,measure
2026-09-11T01:08:56.709+00:00,34.000,334.94,99,21657.5,2685,62,measure
2026-09-11T01:08:57.710+00:00,35.001,309.872,99,21657.5,2685,60,measure
2026-09-11T01:08:58.709+00:00,36.002,307.427,100,21657.5,2685,61,measure
2026-09-11T01:08:59.708+00:00,37.001,314.647,99,21657.5,2685,60,measure
2026-09-11T01:09:00.708+00:00,38.001,306.506,100,21657.5,2685,61,measure
2026-09-11T01:09:01.708+00:00,39.001,311.285,99,21657.5,2685,60,measure
2026-09-11T01:09:02.711+00:00,40.002,327.497,99,21657.5,2685,61,measure
2026-09-11T01:09:03.709+00:00,41.001,325.659,99,21657.5,2685,66,measure
2026-09-11T01:09:04.708+00:00,42.000,326.802,99,21657.5,2685,61,measure
2026-09-11T01:09:05.709+00:00,43.001,311.613,99,21657.5,2685,60,measure
2026-09-11T01:09:06.708+00:00,44.001,308.601,100,21657.5,2685,60,measure
2026-09-11T01:09:07.708+00:00,45.001,308.802,99,21657.5,2685,60,measure
2026-09-11T01:09:08.714+00:00,46.000,313.635,99,21657.5,2685,63,measure
2026-09-11T01:09:09.708+00:00,47.001,311.873,99,21657.5,2685,60,measure
2026-09-11T01:09:10.709+00:00,48.002,315.135,99,21657.5,2685,60,measure
2026-09-11T01:09:11.709+00:00,49.001,309.442,99,21657.5,2685,61,measure
2026-09-11T01:09:12.709+00:00,50.001,323.258,99,21657.5,2685,61,measure
2026-09-11T01:09:13.708+00:00,51.000,320.804,99,21657.5,2685,60,measure
2026-09-11T01:09:14.766+00:00,52.001,331.047,99,21657.5,2685,62,measure
2026-09-11T01:09:15.740+00:00,53.032,325.482,99,21657.5,2685,61,measure
2026-09-11T01:09:16.710+00:00,54.002,331.184,100,21657.5,2685,64,measure
2026-09-11T01:09:17.713+00:00,55.006,313.747,99,21657.5,2685,60,measure
2026-09-11T01:09:18.709+00:00,56.000,321.592,99,21657.5,2685,60,measure
2026-09-11T01:09:19.712+00:00,57.003,315.601,99,21657.5,2685,60,measure
2026-09-11T01:09:20.713+00:00,58.006,306.927,99,21657.5,2685,63,measure
2026-09-11T01:09:21.710+00:00,59.000,309.1,99,21657.5,2685,60,measure
2026-09-11T01:09:22.709+00:00,60.001,314.639,100,21657.5,2685,63,measure
2026-09-11T01:09:23.709+00:00,61.001,307.593,99,21657.5,2685,61,measure
2026-09-11T01:09:22.212+00:00,62.002,315.122,99,21657.5,2685,64,measure
2026-09-11T01:09:23.212+00:00,63.001,318.35,99,21657.5,2685,61,measure
2026-09-11T01:09:24.212+00:00,64.001,348.97,99,21657.5,2685,62,measure
2026-09-11T01:09:25.212+00:00,65.001,341.041,99,21657.5,2685,62,measure
2026-09-11T01:09:26.211+00:00,66.000,327.027,99,21657.5,2685,61,measure
2026-09-11T01:09:27.211+00:00,67.001,312.08,99,21657.5,2685,63,measure
2026-09-11T01:09:28.212+00:00,68.002,306.381,100,21657.5,2685,62,measure
2026-09-11T01:09:29.214+00:00,69.002,309.526,100,21657.5,2685,61,measure
2026-09-11T01:09:30.217+00:00,70.006,306.448,99,21657.5,2685,60,measure
2026-09-11T01:09:31.212+00:00,71.001,318.451,99,21657.5,2685,61,measure
2026-09-11T01:09:32.216+00:00,72.006,307.28,100,21657.5,2685,61,measure
2026-09-11T01:09:33.214+00:00,73.002,330.65,99,21657.5,2685,65,measure
2026-09-11T01:09:34.211+00:00,74.000,350.149,99,21657.5,2685,63,measure
2026-09-11T01:09:35.211+00:00,75.001,355.242,99,21657.5,2685,62,measure
2026-09-11T01:09:36.215+00:00,76.003,341.495,99,21657.5,2685,62,measure
2026-09-11T01:09:37.212+00:00,77.001,337.252,99,21657.5,2685,62,measure
2026-09-11T01:09:38.211+00:00,78.001,327.733,99,21657.5,2685,62,measure
2026-09-11T01:09:39.211+00:00,79.000,313.221,99,21657.5,2685,61,measure
2026-09-11T01:09:40.213+00:00,80.002,308.331,99,21657.5,2685,61,measure
2026-09-11T01:09:41.212+00:00,81.001,316.104,99,21657.5,2685,61,measure
2026-09-11T01:09:42.213+00:00,82.001,322.165,100,21652.3,2685,61,measure
2026-09-11T01:09:43.212+00:00,83.000,316.076,99,21649,2685,63,measure
2026-09-11T01:09:44.212+00:00,84.001,312.311,99,21649,2685,60,measure
2026-09-11T01:09:45.211+00:00,85.000,308.581,99,21649,2685,61,measure
2026-09-11T01:09:46.211+00:00,86.000,304.159,99,21649,2685,60,measure
2026-09-11T01:09:47.212+00:00,87.001,311.745,99,21649,2685,62,measure
2026-09-11T01:09:48.212+00:00,88.001,308.352,99,21649,2685,60,measure
2026-09-11T01:09:49.211+00:00,89.001,335.899,99,21649,2685,63,measure
2026-09-11T01:09:50.212+00:00,90.001,349.603,99,21649,2685,62,measure
2026-09-11T01:09:51.212+00:00,91.002,330.84,100,21649,2685,62,measure
2026-09-11T01:09:52.211+00:00,92.001,315.873,100,21649,2685,62,measure
2026-09-11T01:09:53.213+00:00,93.001,318.381,99,21649,2685,61,measure
2026-09-11T01:09:51.713+00:00,94.001,306.978,99,21649,2685,61,measure
2026-09-11T01:09:52.710+00:00,95.001,313.534,99,21649,2685,61,measure
2026-09-11T01:09:53.709+00:00,96.000,323.157,99,21649,2685,62,measure
2026-09-11T01:09:54.709+00:00,97.000,337.273,100,21649,2685,62,measure
2026-09-11T01:09:55.710+00:00,98.001,329.32,100,21649,2685,61,measure
2026-09-11T01:09:56.711+00:00,99.001,312.445,99,21649,2685,61,measure
2026-09-11T01:09:57.711+00:00,100.001,302.855,99,21649,2685,60,measure
2026-09-11T01:09:58.710+00:00,101.001,320.55,99,21649,2685,61,measure
2026-09-11T01:09:59.710+00:00,102.001,310.028,99,21649,2685,61,measure
2026-09-11T01:10:00.712+00:00,103.001,321.336,99,21649,2685,64,measure
2026-09-11T01:10:01.709+00:00,104.000,309.746,100,21649,2685,62,measure
2026-09-11T01:10:02.711+00:00,105.000,306.953,99,21649,2685,62,measure
2026-09-11T01:10:03.713+00:00,106.000,313.091,99,21649,2685,61,measure
2026-09-11T01:10:04.709+00:00,107.000,322.441,99,21649,2685,61,measure
2026-09-11T01:10:05.709+00:00,108.001,329.483,99,21649,2685,62,measure
2026-09-11T01:10:06.709+00:00,109.001,334.348,100,21649,2685,62,measure
2026-09-11T01:10:07.754+00:00,110.000,336.703,99,21649,2685,65,measure
2026-09-11T01:10:08.711+00:00,111.001,336.187,99,21649,2685,62,measure
2026-09-11T01:10:09.712+00:00,112.001,333.374,99,21649,2685,62,measure
2026-09-11T01:10:10.709+00:00,113.000,316.263,99,21649,2685,62,measure
2026-09-11T01:10:11.710+00:00,114.002,314.017,99,21649,2685,62,measure
2026-09-11T01:10:12.711+00:00,115.002,310.177,99,21649,2685,61,measure
2026-09-11T01:10:13.710+00:00,116.002,309.233,99,21649,2685,61,measure
2026-09-11T01:10:14.710+00:00,117.000,322.109,99,21649,2685,61,measure
2026-09-11T01:10:15.712+00:00,118.001,335.976,100,21649,2685,62,measure
2026-09-11T01:10:16.710+00:00,119.002,335.268,99,21649,2685,62,measure
2026-09-11T01:10:17.710+00:00,120.001,329.077,99,21649,2685,62,measure
2026-09-11T01:10:18.710+00:00,121.001,340.727,99,21649,2685,62,measure
2026-09-11T01:10:19.721+00:00,122.012,333.031,100,21649,2685,62,measure
2026-09-11T01:10:20.715+00:00,123.005,320.124,99,21649,2685,64,measure
2026-09-11T01:10:21.711+00:00,124.002,314.506,100,21649,2685,61,measure
2026-09-11T01:10:22.709+00:00,125.001,308.702,99,21649,2685,61,measure
2026-09-11T01:10:23.710+00:00,126.002,324.975,99,21649,2685,61,measure
2026-09-11T01:10:22.242+00:00,127.001,328.772,99,21649,2685,63,measure
2026-09-11T01:10:23.207+00:00,128.001,347.019,99,21649,2685,62,measure
2026-09-11T01:10:24.210+00:00,129.002,329.427,100,21649,2685,62,measure
2026-09-11T01:10:25.209+00:00,130.000,326.418,99,21649,2685,63,measure
2026-09-11T01:10:26.208+00:00,131.001,324.671,99,21649,2685,61,measure
2026-09-11T01:10:27.208+00:00,132.002,327.689,99,21649,2685,63,measure
2026-09-11T01:10:28.208+00:00,133.000,321.938,99,21649,2685,62,measure
2026-09-11T01:10:29.207+00:00,134.001,307.309,99,21649,2685,61,measure
2026-09-11T01:10:30.209+00:00,135.002,311.582,99,21649,2685,61,measure
2026-09-11T01:10:31.209+00:00,136.001,313.725,99,21649,2685,62,measure
2026-09-11T01:10:32.207+00:00,137.000,329.122,100,21649,2685,62,measure
2026-09-11T01:10:33.207+00:00,138.001,331.414,99,21649,2685,62,measure
2026-09-11T01:10:34.207+00:00,139.001,337.456,99,21649,2685,63,measure
2026-09-11T01:10:35.206+00:00,140.000,329.212,99,21649,2685,61,measure
2026-09-11T01:10:36.211+00:00,141.001,305.129,99,21649,2685,61,measure
2026-09-11T01:10:37.208+00:00,142.002,306.991,99,21649,2685,61,measure
2026-09-11T01:10:38.208+00:00,143.002,320.028,99,21649,2685,61,measure
2026-09-11T01:10:39.216+00:00,144.001,328.341,99,21649,2685,65,measure
2026-09-11T01:10:40.206+00:00,145.000,339.153,99,21649,2685,64,measure
2026-09-11T01:10:41.207+00:00,146.001,318.33,99,21649,2685,61,measure
2026-09-11T01:10:42.208+00:00,147.001,303.075,99,21648.7,2685,61,measure
2026-09-11T01:10:43.209+00:00,148.002,293.512,99,21644.3,2685,60,measure
2026-09-11T01:10:44.207+00:00,149.001,298.805,100,21644.3,2685,61,measure
2026-09-11T01:10:45.207+00:00,150.001,291.863,99,21644.3,2685,60,measure
2026-09-11T01:10:46.211+00:00,151.005,305.418,99,21644.3,2685,61,measure
2026-09-11T01:10:47.209+00:00,152.002,307.623,99,21644.3,2685,61,measure
2026-09-11T01:10:48.212+00:00,153.005,317.626,99,21644.3,2685,61,measure
2026-09-11T01:10:49.210+00:00,154.004,339.172,99,21644.3,2685,62,measure
2026-09-11T01:10:50.207+00:00,155.001,343.263,99,21644.3,2685,63,measure
2026-09-11T01:10:51.207+00:00,156.001,337.256,99,21644.3,2685,62,measure
2026-09-11T01:10:52.212+00:00,157.005,319.314,99,21644.3,2685,61,measure
2026-09-11T01:10:53.206+00:00,158.000,306.895,99,21644.3,2685,61,measure
2026-09-11T01:10:51.706+00:00,159.005,303.786,99,21644.3,2685,61,measure
2026-09-11T01:10:52.708+00:00,160.007,297.246,99,21644.3,2685,62,measure
2026-09-11T01:10:53.703+00:00,161.002,306.782,99,21644.3,2685,61,measure
2026-09-11T01:10:54.707+00:00,162.006,316.651,99,21644.3,2685,64,measure
2026-09-11T01:10:55.702+00:00,163.001,331.312,100,21644.3,2685,62,measure
2026-09-11T01:10:56.701+00:00,164.000,316.6,99,21644.3,2685,61,measure
2026-09-11T01:10:57.703+00:00,165.001,313.083,99,21644.3,2685,61,measure
2026-09-11T01:10:58.703+00:00,166.002,315.439,100,21644.3,2685,61,measure
2026-09-11T01:10:59.702+00:00,167.001,304.924,99,21644.3,2685,61,measure
2026-09-11T01:11:00.702+00:00,168.001,304.359,99,21644.3,2685,61,measure
2026-09-11T01:11:01.702+00:00,169.000,307.209,100,21644.3,2685,60,measure
2026-09-11T01:11:02.703+00:00,170.001,302.588,99,21644.3,2685,60,measure
2026-09-11T01:11:03.704+00:00,171.002,309.201,99,21644.3,2685,63,measure
2026-09-11T01:11:04.702+00:00,172.000,329.749,99,21644.3,2685,64,measure
2026-09-11T01:11:05.702+00:00,173.001,325.644,99,21644.3,2685,62,measure
2026-09-11T01:11:06.701+00:00,174.000,322.956,99,21644.3,2685,63,measure
2026-09-11T01:11:07.701+00:00,175.000,314.768,99,21644.3,2685,61,measure
2026-09-11T01:11:08.702+00:00,176.001,306.462,100,21644.3,2685,61,measure
2026-09-11T01:11:09.703+00:00,177.000,310.184,100,21644.3,2685,63,measure
2026-09-11T01:11:10.702+00:00,178.000,312.039,99,21644.3,2685,61,measure
2026-09-11T01:11:11.703+00:00,179.002,303.104,99,21644.3,2685,60,measure
2026-09-11T01:11:12.705+00:00,180.001,305.64,100,21644.3,2685,61,measure
2026-09-11T01:11:13.702+00:00,181.001,312.986,99,21644.3,2685,62,measure
2026-09-11T01:11:14.703+00:00,182.001,312.219,99,21644.3,2685,61,measure
2026-09-11T01:11:15.706+00:00,183.001,327.615,99,21644.3,2685,63,measure
2026-09-11T01:11:16.702+00:00,184.001,327.114,99,21644.3,2685,62,measure
2026-09-11T01:11:17.702+00:00,185.001,317.418,99,21644.3,2685,61,measure
2026-09-11T01:11:18.701+00:00,186.000,307.806,99,21644.3,2685,61,measure
2026-09-11T01:11:19.703+00:00,187.001,314.223,100,21644.3,2685,61,measure
2026-09-11T01:11:20.702+00:00,188.001,304.642,99,21644.3,2685,60,measure
2026-09-11T01:11:21.703+00:00,189.001,308.726,99,21644.3,2685,61,measure
2026-09-11T01:11:22.702+00:00,190.000,315.73,99,21644.3,2685,62,measure
2026-09-11T01:11:23.702+00:00,191.000,315.147,99,21644.3,2685,61,measure
2026-09-11T01:11:22.201+00:00,192.000,347.245,99,21644.3,2685,63,measure
2026-09-11T01:11:23.200+00:00,193.000,338.391,99,21644.3,2685,67,measure
2026-09-11T01:11:24.201+00:00,194.000,331.73,99,21644.3,2685,62,measure
2026-09-11T01:11:25.238+00:00,195.001,348.102,99,21644.3,2685,62,measure
2026-09-11T01:11:26.202+00:00,196.002,355.928,99,21644.3,2685,62,measure
2026-09-11T01:11:27.202+00:00,197.001,342.79,99,21644.3,2685,62,measure
2026-09-11T01:11:28.201+00:00,198.001,354.484,99,21644.3,2685,62,measure
2026-09-11T01:11:29.201+00:00,199.001,356.03,99,21644.3,2655,62,measure
2026-09-11T01:11:30.204+00:00,200.002,347.487,99,21644.3,2685,62,measure
2026-09-11T01:11:31.202+00:00,201.000,335.638,99,21644.3,2685,62,measure
2026-09-11T01:11:32.201+00:00,202.001,316.847,99,21644.3,2685,61,measure
2026-09-11T01:11:33.286+00:00,203.083,312.882,99,21644.3,2655,61,measure
2026-09-11T01:11:34.201+00:00,204.000,337.494,99,21644.3,2640,65,measure
2026-09-11T01:11:35.201+00:00,205.000,347.067,99,21644.3,2685,63,measure
2026-09-11T01:11:36.203+00:00,206.001,346.126,100,21644.3,2685,63,measure
2026-09-11T01:11:37.203+00:00,207.001,331.173,99,21644.3,2685,64,measure
2026-09-11T01:11:38.201+00:00,208.001,312.638,100,21644.3,2685,61,measure
2026-09-11T01:11:39.201+00:00,209.001,322.155,99,21644.3,2685,62,measure
2026-09-11T01:11:40.203+00:00,210.000,313.774,99,21644.3,2685,61,measure
2026-09-11T01:11:41.201+00:00,211.000,312.36,99,21644.3,2685,61,measure
2026-09-11T01:11:42.203+00:00,212.001,310.525,99,21644.3,2685,61,measure
2026-09-11T01:11:43.205+00:00,213.000,339.759,99,21643.8,2685,64,measure
2026-09-11T01:11:44.201+00:00,214.000,323.976,100,21643.8,2685,62,measure
2026-09-11T01:11:45.202+00:00,215.002,329.113,99,21643.8,2685,62,measure
2026-09-11T01:11:46.201+00:00,216.000,316.497,99,21643.8,2685,61,measure
2026-09-11T01:11:47.201+00:00,217.000,310.047,99,21643.8,2685,64,measure
2026-09-11T01:11:48.202+00:00,218.000,305.155,99,21643.8,2685,61,measure
2026-09-11T01:11:49.205+00:00,219.001,315.466,99,21643.8,2685,61,measure
2026-09-11T01:11:50.201+00:00,220.001,316.423,99,21643.8,2685,62,measure
2026-09-11T01:11:51.201+00:00,221.000,321.03,100,21643.8,2685,61,measure
2026-09-11T01:11:52.201+00:00,222.000,312.538,99,21643.8,2685,62,measure
2026-09-11T01:11:53.201+00:00,223.000,311.788,99,21643.8,2685,61,measure
2026-09-11T01:11:51.715+00:00,224.000,311.519,99,21643.8,2685,62,measure
2026-09-11T01:11:52.716+00:00,225.002,315.01,99,21643.8,2685,61,measure
2026-09-11T01:11:53.714+00:00,226.000,330.776,99,21643.8,2685,62,measure
2026-09-11T01:11:54.713+00:00,227.000,327.883,99,21643.8,2685,61,measure
2026-09-11T01:11:55.718+00:00,228.005,317.94,99,21643.8,2685,62,measure
2026-09-11T01:11:56.714+00:00,229.001,318.342,99,21643.8,2685,61,measure
2026-09-11T01:11:57.720+00:00,230.004,306.677,99,21643.8,2685,61,measure
2026-09-11T01:11:58.716+00:00,231.000,310.764,99,21643.8,2685,61,measure
2026-09-11T01:11:59.715+00:00,232.002,302.497,99,21643.8,2685,60,measure
2026-09-11T01:12:00.714+00:00,233.001,309.398,99,21643.8,2685,61,measure
2026-09-11T01:12:01.714+00:00,234.002,308.291,99,21643.8,2685,61,measure
2026-09-11T01:12:02.714+00:00,235.000,318.452,99,21643.8,2685,61,measure
2026-09-11T01:12:03.718+00:00,236.004,310.337,99,21643.8,2685,60,measure
2026-09-11T01:12:04.721+00:00,237.008,313.719,99,21643.8,2685,62,measure
2026-09-11T01:12:05.722+00:00,238.009,306.777,99,21643.8,2685,62,measure
2026-09-11T01:12:06.717+00:00,239.004,331.562,99,21643.8,2685,62,measure
2026-09-11T01:12:07.715+00:00,240.002,329.226,99,21643.8,2685,62,measure
2026-09-11T01:12:08.714+00:00,241.001,363.358,99,21643.8,2685,63,measure
2026-09-11T01:12:09.715+00:00,242.001,352.428,99,21643.8,2685,63,measure
2026-09-11T01:12:10.718+00:00,243.005,349.325,99,21643.8,2640,62,measure
2026-09-11T01:12:11.715+00:00,244.001,350.179,100,21643.8,2685,63,measure
2026-09-11T01:12:12.713+00:00,245.000,329.524,99,21643.8,2685,63,measure
2026-09-11T01:12:13.715+00:00,246.001,335.592,99,21643.8,2685,62,measure
2026-09-11T01:12:14.714+00:00,247.001,322.666,99,21643.8,2685,62,measure
2026-09-11T01:12:15.715+00:00,248.001,324.056,99,21643.8,2685,62,measure
2026-09-11T01:12:16.715+00:00,249.001,321.596,99,21643.8,2685,61,measure
2026-09-11T01:12:17.713+00:00,250.000,314.738,99,21643.8,2685,61,measure
2026-09-11T01:12:18.714+00:00,251.001,324.86,99,21643.8,2685,64,measure
2026-09-11T01:12:19.714+00:00,252.001,333.335,99,21643.8,2685,62,measure
2026-09-11T01:12:20.714+00:00,253.000,326.016,100,21643.8,2685,62,measure
2026-09-11T01:12:21.715+00:00,254.000,319.504,99,21643.8,2685,61,measure
2026-09-11T01:12:22.715+00:00,255.000,317.651,99,21643.8,2685,61,measure
2026-09-11T01:12:23.713+00:00,256.000,319.298,99,21643.8,2685,61,measure
2026-09-11T01:12:22.215+00:00,257.001,323.629,99,21643.8,2685,61,measure
2026-09-11T01:12:23.214+00:00,258.000,310.104,99,21643.8,2685,61,measure
2026-09-11T01:12:24.214+00:00,259.000,307.504,99,21643.8,2685,61,measure
2026-09-11T01:12:25.220+00:00,260.000,318.089,99,21643.8,2685,63,measure
2026-09-11T01:12:26.216+00:00,261.001,305.924,99,21643.8,2685,61,measure
2026-09-11T01:12:27.214+00:00,262.000,302.243,99,21643.8,2685,60,measure
2026-09-11T01:12:28.214+00:00,263.001,299.04,99,21643.8,2685,60,measure
2026-09-11T01:12:29.215+00:00,264.001,300.084,99,21643.8,2685,60,measure
2026-09-11T01:12:30.214+00:00,265.001,312.858,99,21643.8,2685,61,measure
2026-09-11T01:12:31.297+00:00,266.083,311.25,99,21643.8,2685,60,measure
2026-09-11T01:12:32.291+00:00,267.076,304.966,99,21643.8,2685,60,measure
2026-09-11T01:12:33.252+00:00,268.036,297.711,99,21643.8,2685,60,measure
2026-09-11T01:12:34.215+00:00,269.001,314.746,99,21643.8,2685,60,measure
2026-09-11T01:12:35.215+00:00,270.001,313.566,99,21643.8,2685,61,measure
2026-09-11T01:12:36.223+00:00,271.006,328.688,100,21643.8,2685,62,measure
2026-09-11T01:12:37.217+00:00,272.001,329.992,100,21643.8,2685,62,measure
2026-09-11T01:12:38.216+00:00,273.000,314.883,99,21643.8,2685,61,measure
2026-09-11T01:12:39.215+00:00,274.000,313.161,100,21643.8,2685,61,measure
2026-09-11T01:12:40.216+00:00,275.002,310.739,100,21643.8,2685,61,measure
2026-09-11T01:12:41.214+00:00,276.000,329.887,99,21643.8,2685,64,measure
2026-09-11T01:12:42.221+00:00,277.003,325.618,100,21643.8,2685,62,measure
2026-09-11T01:12:43.216+00:00,278.000,316.126,99,21643.7,2685,61,measure
2026-09-11T01:12:44.215+00:00,279.000,315.953,99,21643.7,2685,61,measure
2026-09-11T01:12:45.214+00:00,280.000,310.794,99,21643.7,2685,61,measure
2026-09-11T01:12:46.218+00:00,281.001,314.877,99,21643.7,2685,60,measure
2026-09-11T01:12:47.214+00:00,282.000,332.636,99,21643.7,2685,61,measure
2026-09-11T01:12:48.214+00:00,283.000,312.517,99,21643.7,2685,61,measure
2026-09-11T01:12:49.216+00:00,284.001,310.787,99,21643.7,2685,60,measure
2026-09-11T01:12:50.215+00:00,285.000,327.139,99,21643.7,2685,63,measure
2026-09-11T01:12:51.214+00:00,286.000,338.298,100,21643.7,2685,62,measure
2026-09-11T01:12:52.217+00:00,287.001,342.813,99,21643.7,2685,68,measure
2026-09-11T01:12:53.214+00:00,288.000,340.728,99,21643.7,2685,62,measure
2026-09-11T01:12:51.716+00:00,289.000,325.32,99,21643.7,2685,61,measure
2026-09-11T01:12:52.721+00:00,290.002,317.177,99,21643.7,2685,62,measure
2026-09-11T01:12:53.716+00:00,291.001,312.003,99,21643.7,2685,61,measure
2026-09-11T01:12:54.716+00:00,292.001,317.542,99,21643.7,2685,62,measure
2026-09-11T01:12:55.716+00:00,293.000,331.859,99,21643.7,2685,62,measure
2026-09-11T01:12:56.723+00:00,294.006,321.197,99,21643.7,2685,61,measure
2026-09-11T01:12:57.719+00:00,295.002,332.049,99,21643.7,2685,64,measure
2026-09-11T01:12:58.733+00:00,296.000,332.267,99,21643.7,2685,62,measure
2026-09-11T01:12:59.716+00:00,297.001,325.433,99,21643.7,2685,61,measure
2026-09-11T01:13:00.716+00:00,298.001,315.119,99,21643.7,2685,61,measure
2026-09-11T01:13:01.718+00:00,299.003,308.629,99,21643.7,2685,61,measure
2026-09-11T01:13:02.716+00:00,300.001,316.157,99,21643.7,2685,62,measure
2026-09-11T01:13:03.717+00:00,301.001,317.49,99,21643.7,2685,61,measure
2026-09-11T01:13:04.717+00:00,302.000,329.12,99,21643.7,2685,62,measure
2026-09-11T01:13:05.716+00:00,303.000,315.298,99,21643.7,2685,61,measure
2026-09-11T01:13:06.717+00:00,304.001,323.311,99,21643.7,2685,62,measure
2026-09-11T01:13:07.716+00:00,305.001,334.547,99,21643.7,2685,63,measure
2026-09-11T01:13:08.723+00:00,306.006,342.444,99,21643.7,2685,62,measure
2026-09-11T01:13:09.716+00:00,307.000,326.405,99,21643.7,2685,61,measure
2026-09-11T01:13:10.799+00:00,308.083,384.429,99,21643.7,2685,66,measure
2026-09-11T01:13:11.772+00:00,309.056,376.538,99,21643.7,2685,63,measure
2026-09-11T01:13:12.758+00:00,310.038,343.495,99,21643.7,2670,62,measure
2026-09-11T01:13:13.798+00:00,311.080,384.475,99,21643.7,2670,69,measure
2026-09-11T01:13:14.716+00:00,312.000,393.07,99,21643.7,2685,64,measure
2026-09-11T01:13:15.721+00:00,313.004,330.723,100,21643.7,2685,62,measure
2026-09-11T01:13:16.773+00:00,314.002,365.949,99,21643.7,2685,63,measure
2026-09-11T01:13:17.761+00:00,315.006,402.779,99,21643.7,2685,66,measure
2026-09-11T01:13:18.716+00:00,316.001,334.48,99,21643.7,2685,63,measure
2026-09-11T01:13:19.728+00:00,317.000,353.392,99,21643.7,2685,64,measure
2026-09-11T01:13:20.724+00:00,318.007,397.869,99,21643.7,2685,68,measure
2026-09-11T01:13:21.717+00:00,319.001,353.714,99,21643.7,2685,63,measure
2026-09-11T01:13:22.719+00:00,320.001,349.539,99,21643.7,2685,64,measure
2026-09-11T01:13:23.747+00:00,321.001,390.597,99,21643.7,2685,70,measure
2026-09-11T01:13:22.228+00:00,322.000,364.951,99,21643.7,2685,63,measure
2026-09-11T01:13:23.230+00:00,323.002,343.874,99,21643.7,2685,67,measure
2026-09-11T01:13:24.230+00:00,324.002,389.23,99,21643.7,2685,71,measure
2026-09-11T01:13:25.233+00:00,325.003,383.803,100,21643.7,2685,63,measure
2026-09-11T01:13:26.264+00:00,326.006,334.938,99,21643.7,2685,64,measure
2026-09-11T01:13:27.242+00:00,327.000,369.042,99,21643.7,2610,64,measure
2026-09-11T01:13:28.236+00:00,328.007,403.643,99,21643.7,2685,67,measure
2026-09-11T01:13:29.234+00:00,329.006,331.185,99,21643.7,2685,63,measure
2026-09-11T01:13:30.274+00:00,330.001,357.34,99,21643.7,2610,63,measure
2026-09-11T01:13:31.229+00:00,331.001,402.803,99,21643.7,2655,71,measure
2026-09-11T01:13:32.230+00:00,332.000,342.507,99,21643.7,2685,63,measure
2026-09-11T01:13:33.229+00:00,333.001,353.343,99,21643.7,2685,65,measure
2026-09-11T01:13:34.229+00:00,334.000,395.243,99,21643.7,2640,70,measure
2026-09-11T01:13:35.229+00:00,335.001,359.84,99,21643.7,2685,63,measure
2026-09-11T01:13:36.272+00:00,336.001,342.199,99,21643.7,2655,66,measure
2026-09-11T01:13:37.230+00:00,337.000,388.12,99,21643.7,2670,71,measure
2026-09-11T01:13:38.231+00:00,338.001,372.526,99,21643.7,2685,63,measure
2026-09-11T01:13:39.229+00:00,339.001,336.974,99,21643.7,2685,63,measure
2026-09-11T01:13:40.229+00:00,340.001,379.316,99,21643.7,2625,63,measure
2026-09-11T01:13:41.230+00:00,341.001,394.721,99,21643.7,2685,67,measure
2026-09-11T01:13:42.229+00:00,342.001,331.27,100,21643.7,2685,63,measure
2026-09-11T01:13:43.232+00:00,343.003,362.923,99,21643.7,2685,63,measure
2026-09-11T01:13:44.231+00:00,344.001,399.169,99,21643.7,2685,68,measure
2026-09-11T01:13:45.240+00:00,345.011,337.579,99,21643.7,2685,63,measure
2026-09-11T01:13:46.248+00:00,346.020,353.466,99,21643.7,2685,67,measure
2026-09-11T01:13:47.233+00:00,347.005,401.085,99,21643.7,2685,65,measure
2026-09-11T01:13:48.229+00:00,348.001,351.446,99,21643.7,2685,64,measure
2026-09-11T01:13:49.233+00:00,349.003,349.675,99,21643.7,2685,65,measure
2026-09-11T01:13:50.233+00:00,350.001,394.201,99,21643.7,2640,65,measure
2026-09-11T01:13:51.232+00:00,351.004,365.104,99,21643.7,2685,63,measure
2026-09-11T01:13:52.264+00:00,352.002,346.786,99,21643.7,2685,64,measure
2026-09-11T01:13:53.229+00:00,353.000,389.482,99,21643.7,2685,70,measure
2026-09-11T01:13:51.743+00:00,354.005,381.379,100,21643.7,2685,64,measure
2026-09-11T01:13:52.735+00:00,355.001,334.515,99,21643.7,2655,63,measure
2026-09-11T01:13:53.787+00:00,356.001,369.803,99,21643.7,2685,66,measure
2026-09-11T01:13:54.732+00:00,357.000,397.899,99,21643.7,2685,64,measure
2026-09-11T01:13:55.733+00:00,358.001,334.82,99,21643.7,2685,63,measure
2026-09-11T01:13:56.743+00:00,359.000,365.684,100,21643.7,2685,64,measure
2026-09-11T01:13:57.733+00:00,360.001,399.318,99,21643.7,2640,66,measure
2026-09-11T01:13:58.734+00:00,361.000,342.2,99,21643.7,2685,63,measure
2026-09-11T01:13:59.734+00:00,362.000,349.548,99,21643.7,2685,67,measure
2026-09-11T01:14:00.733+00:00,363.000,394.146,99,21643.7,2640,69,measure
2026-09-11T01:14:01.733+00:00,364.000,356.997,100,21643.7,2685,63,measure
2026-09-11T01:14:02.733+00:00,365.000,342.751,99,21643.7,2655,63,measure
2026-09-11T01:14:03.741+00:00,366.004,387.87,99,21643.7,2670,65,measure
2026-09-11T01:14:04.739+00:00,367.002,371.003,99,21643.7,2685,63,measure
2026-09-11T01:14:05.734+00:00,368.001,338.957,99,21643.7,2685,63,measure
2026-09-11T01:14:06.743+00:00,369.000,379.699,99,21643.7,2610,64,measure
2026-09-11T01:14:07.738+00:00,370.005,392.784,99,21643.7,2685,63,measure
2026-09-11T01:14:08.733+00:00,371.001,331.708,99,21643.7,2685,63,measure
2026-09-11T01:14:09.775+00:00,372.005,365.521,100,21643.7,2685,65,measure
2026-09-11T01:14:10.738+00:00,373.003,403.475,99,21643.7,2685,68,measure
2026-09-11T01:14:11.733+00:00,374.001,335.466,99,21643.7,2685,63,measure
2026-09-11T01:14:12.734+00:00,375.001,353.78,99,21643.7,2685,64,measure
2026-09-11T01:14:13.734+00:00,376.002,399.45,99,21643.7,2685,70,measure
2026-09-11T01:14:14.741+00:00,377.007,348.723,99,21643.7,2685,63,measure
2026-09-11T01:14:15.734+00:00,378.001,350.668,99,21643.7,2685,63,measure
2026-09-11T01:14:16.735+00:00,379.002,386.96,99,21643.7,2685,67,measure
2026-09-11T01:14:17.739+00:00,380.006,365.414,99,21643.7,2685,64,measure
2026-09-11T01:14:18.737+00:00,381.004,346.181,99,21643.7,2685,65,measure
2026-09-11T01:14:19.782+00:00,382.002,388.318,99,21643.7,2685,68,measure
2026-09-11T01:14:20.734+00:00,383.001,388.815,99,21643.7,2685,64,measure
2026-09-11T01:14:21.736+00:00,384.002,335.391,99,21643.7,2685,66,measure
2026-09-11T01:14:22.758+00:00,385.001,373.694,99,21643.7,2685,67,measure
2026-09-11T01:14:21.238+00:00,386.005,397.576,99,21643.7,2685,67,measure
2026-09-11T01:14:22.249+00:00,387.014,335.852,100,21643.7,2685,63,measure
2026-09-11T01:14:23.285+00:00,388.003,353.842,99,21643.7,2640,65,measure
2026-09-11T01:14:24.234+00:00,389.001,400.912,99,21643.7,2670,66,measure
2026-09-11T01:14:25.234+00:00,390.001,341.347,99,21643.7,2685,63,measure
2026-09-11T01:14:26.238+00:00,391.004,351.929,99,21643.7,2685,66,measure
2026-09-11T01:14:27.236+00:00,392.000,394.622,99,21643.7,2670,70,measure
2026-09-11T01:14:28.234+00:00,393.001,358.241,99,21643.7,2685,63,measure
2026-09-11T01:14:29.259+00:00,394.001,344.584,99,21643.7,2685,64,measure
2026-09-11T01:14:30.234+00:00,395.001,387.389,99,21643.7,2670,70,measure
2026-09-11T01:14:31.235+00:00,396.001,378.499,99,21643.7,2685,63,measure
2026-09-11T01:14:32.235+00:00,397.000,339.052,99,21643.7,2655,64,measure
2026-09-11T01:14:33.236+00:00,398.000,383.148,99,21643.7,2640,64,measure
2026-09-11T01:14:34.233+00:00,399.000,394.741,99,21643.7,2685,65,measure
2026-09-11T01:14:35.234+00:00,400.001,331.178,99,21643.7,2685,63,measure
2026-09-11T01:14:36.237+00:00,401.001,361.836,99,21643.7,2685,63,measure
2026-09-11T01:14:37.234+00:00,402.000,401.84,99,21643.7,2685,64,measure
2026-09-11T01:14:38.236+00:00,403.000,335.077,99,21643.7,2685,63,measure
2026-09-11T01:14:39.234+00:00,404.000,353.114,99,21643.7,2685,65,measure
2026-09-11T01:14:40.263+00:00,405.000,399.9,99,21643.7,2685,72,measure
2026-09-11T01:14:41.233+00:00,406.000,349.306,99,21643.7,2685,65,measure
2026-09-11T01:14:42.233+00:00,407.000,349.977,99,21643.7,2685,68,measure
2026-09-11T01:14:43.235+00:00,408.001,388.741,99,21643.7,2685,67,measure
2026-09-11T01:14:44.244+00:00,409.011,368.671,99,21643.7,2685,66,measure
2026-09-11T01:14:45.243+00:00,410.010,345.555,99,21643.7,2685,69,measure
2026-09-11T01:14:46.254+00:00,411.007,389.534,99,21643.7,2685,63,measure
2026-09-11T01:14:47.274+00:00,412.041,387.226,99,21643.7,2685,66,measure
2026-09-11T01:14:48.245+00:00,413.009,330.991,99,21643.7,2685,63,measure
2026-09-11T01:14:49.284+00:00,414.000,373.086,99,21643.7,2685,63,measure
2026-09-11T01:14:50.267+00:00,415.034,393.232,99,21643.7,2655,65,measure
2026-09-11T01:14:51.253+00:00,416.019,333.323,99,21643.7,2685,63,measure
2026-09-11T01:14:52.238+00:00,417.006,352.783,99,21643.7,2625,65,measure
2026-09-11T01:14:53.237+00:00,418.004,401.616,99,21643.7,2685,67,measure
2026-09-11T01:14:51.776+00:00,419.044,338.515,99,21643.7,2685,64,measure
2026-09-11T01:14:52.735+00:00,420.003,353.585,99,21643.7,2685,64,measure
2026-09-11T01:14:53.735+00:00,421.001,396.114,99,21643.7,2685,69,measure
2026-09-11T01:14:54.737+00:00,422.006,364.094,99,21643.7,2685,63,measure
2026-09-11T01:14:55.734+00:00,423.003,347.139,99,21643.7,2670,64,measure
2026-09-11T01:14:56.789+00:00,424.009,388.508,99,21643.7,2670,66,measure
2026-09-11T01:14:57.732+00:00,425.001,377.085,99,21643.7,2685,64,measure
2026-09-11T01:14:58.733+00:00,426.001,334.68,99,21643.7,2640,63,measure
2026-09-11T01:14:59.747+00:00,427.000,387.877,99,21643.7,2640,69,measure
2026-09-11T01:15:00.733+00:00,428.001,392.994,99,21643.7,2685,64,measure
2026-09-11T01:15:01.732+00:00,429.001,330.808,99,21643.7,2685,63,measure
2026-09-11T01:15:02.732+00:00,430.000,360.23,99,21643.7,2685,67,measure
2026-09-11T01:15:03.732+00:00,431.000,402.826,99,21643.7,2685,67,measure
2026-09-11T01:15:04.733+00:00,432.000,335.083,100,21643.7,2685,63,measure
2026-09-11T01:15:05.735+00:00,433.001,353.42,99,21643.7,2685,68,measure
2026-09-11T01:15:06.733+00:00,434.000,398.316,99,21643.7,2685,69,measure
2026-09-11T01:15:07.732+00:00,435.000,356.874,99,21643.7,2685,63,measure
2026-09-11T01:15:08.765+00:00,436.000,349.671,99,21643.7,2685,65,measure
2026-09-11T01:15:09.732+00:00,437.000,391.337,99,21643.7,2685,64,measure
2026-09-11T01:15:10.734+00:00,438.001,366.122,99,21643.7,2685,63,measure
2026-09-11T01:15:11.733+00:00,439.000,340.053,99,21643.7,2685,63,measure
2026-09-11T01:15:12.786+00:00,440.000,392.596,99,21643.7,2580,68,measure
2026-09-11T01:15:13.732+00:00,441.000,387.049,99,21643.7,2685,67,measure
2026-09-11T01:15:14.732+00:00,442.001,334.097,99,21643.7,2685,63,measure
2026-09-11T01:15:15.735+00:00,443.000,364.3,99,21643.7,2655,64,measure
2026-09-11T01:15:16.733+00:00,444.000,394.043,99,21643.7,2685,71,measure
2026-09-11T01:15:17.733+00:00,445.000,331.689,100,21643.7,2685,63,measure
2026-09-11T01:15:18.766+00:00,446.001,353.524,99,21643.7,2685,64,measure
2026-09-11T01:15:19.733+00:00,447.001,395.92,99,21643.7,2685,67,measure
2026-09-11T01:15:20.732+00:00,448.001,347.503,99,21643.7,2685,63,measure
2026-09-11T01:15:21.732+00:00,449.001,353.035,99,21643.7,2685,64,measure
2026-09-11T01:15:22.734+00:00,450.001,395.752,99,21643.7,2685,68,measure
2026-09-11T01:15:21.236+00:00,451.001,364.221,99,21643.7,2685,64,measure
2026-09-11T01:15:22.234+00:00,452.000,346.407,99,21643.7,2670,65,measure
2026-09-11T01:15:23.242+00:00,453.001,390.872,99,21643.7,2685,71,measure
2026-09-11T01:15:24.235+00:00,454.001,376.801,99,21643.7,2685,64,measure
2026-09-11T01:15:25.234+00:00,455.001,334.99,99,21643.7,2640,67,measure
2026-09-11T01:15:26.274+00:00,456.000,372.915,99,21643.7,2610,72,measure
2026-09-11T01:15:27.235+00:00,457.001,393.807,99,21643.7,2685,65,measure
2026-09-11T01:15:28.234+00:00,458.001,331.604,99,21643.7,2685,63,measure
2026-09-11T01:15:29.234+00:00,459.001,363.99,99,21643.7,2685,64,measure
2026-09-11T01:15:30.236+00:00,460.002,403.632,99,21643.7,2685,68,measure
2026-09-11T01:15:31.236+00:00,461.002,335.691,99,21643.7,2685,63,measure
2026-09-11T01:15:32.272+00:00,462.002,353.39,99,21643.7,2685,64,measure
2026-09-11T01:15:33.238+00:00,463.002,396.936,99,21643.7,2685,71,measure
2026-09-11T01:15:34.233+00:00,464.000,353.324,99,21643.7,2685,63,measure
2026-09-11T01:15:35.233+00:00,465.000,348.627,99,21643.7,2685,64,measure
2026-09-11T01:15:36.280+00:00,466.001,392.208,99,21643.7,2685,71,measure
2026-09-11T01:15:37.233+00:00,467.000,365.408,99,21643.7,2685,63,measure
2026-09-11T01:15:38.258+00:00,468.000,342.263,99,21643.7,2640,68,measure
2026-09-11T01:15:39.237+00:00,469.001,385.142,99,21643.7,2685,64,measure
2026-09-11T01:15:40.234+00:00,470.001,386.035,99,21643.7,2685,64,measure
2026-09-11T01:15:41.234+00:00,471.000,334.968,99,21643.7,2685,63,measure
2026-09-11T01:15:42.277+00:00,472.000,371.814,99,21643.7,2625,63,measure
2026-09-11T01:15:43.255+00:00,473.000,401.628,99,21643.7,2685,64,measure
2026-09-11T01:15:44.237+00:00,474.000,331.033,99,21643.7,2685,63,measure
2026-09-11T01:15:45.237+00:00,475.001,354.363,99,21643.7,2625,63,measure
2026-09-11T01:15:46.234+00:00,476.001,397.256,99,21643.7,2685,67,measure
2026-09-11T01:15:47.234+00:00,477.000,344.624,100,21643.7,2685,65,measure
2026-09-11T01:15:48.234+00:00,478.001,348.946,99,21643.7,2685,69,measure
2026-09-11T01:15:49.256+00:00,479.000,398.146,99,21643.7,2685,66,measure
2026-09-11T01:15:50.241+00:00,480.008,361.951,99,21643.7,2685,64,measure
2026-09-11T01:15:51.238+00:00,481.005,344.681,99,21643.7,2670,66,measure
2026-09-11T01:15:52.234+00:00,482.001,390.291,99,21643.7,2640,65,measure
2026-09-11T01:15:53.233+00:00,483.000,373.464,99,21643.7,2685,65,measure
2026-09-11T01:15:51.757+00:00,484.001,335.981,99,21643.7,2685,63,measure
2026-09-11T01:15:52.733+00:00,485.000,377.375,99,21643.7,2610,69,measure
2026-09-11T01:15:53.735+00:00,486.000,396.375,99,21643.7,2685,64,measure
2026-09-11T01:15:54.733+00:00,487.001,332.019,100,21643.7,2685,63,measure
2026-09-11T01:15:55.765+00:00,488.000,364.907,99,21643.7,2685,70,measure
2026-09-11T01:15:56.733+00:00,489.001,398.931,99,21643.7,2685,69,measure
2026-09-11T01:15:57.733+00:00,490.000,339.258,99,21643.7,2685,63,measure
2026-09-11T01:15:58.734+00:00,491.001,353.771,99,21643.7,2685,64,measure
2026-09-11T01:15:59.738+00:00,492.000,398.952,99,21643.7,2685,67,measure
2026-09-11T01:16:00.734+00:00,493.000,354.986,99,21643.7,2685,63,measure
2026-09-11T01:16:01.763+00:00,494.000,351.902,99,21643.7,2685,66,measure
2026-09-11T01:16:02.733+00:00,495.001,387.197,99,21643.7,2685,68,measure
2026-09-11T01:16:03.735+00:00,496.001,365.401,99,21643.7,2685,64,measure
2026-09-11T01:16:04.733+00:00,497.000,345.034,99,21643.7,2685,63,measure
2026-09-11T01:16:05.735+00:00,498.000,389.595,99,21643.7,2625,65,measure
2026-09-11T01:16:06.734+00:00,499.001,397.557,99,21643.7,2685,64,measure
2026-09-11T01:16:07.733+00:00,500.000,335.138,99,21643.7,2685,63,measure
2026-09-11T01:16:08.735+00:00,501.000,368.24,99,21643.7,2610,64,measure
2026-09-11T01:16:09.733+00:00,502.000,400.032,99,21643.7,2685,69,measure
2026-09-11T01:16:10.736+00:00,503.002,335.603,99,21643.7,2685,63,measure
2026-09-11T01:16:11.735+00:00,504.001,357.99,99,21643.7,2685,65,measure
2026-09-11T01:16:12.756+00:00,505.001,401.454,99,21643.7,2685,68,measure
2026-09-11T01:16:13.734+00:00,506.001,343.841,99,21643.7,2685,63,measure
2026-09-11T01:16:14.733+00:00,507.000,351.324,99,21643.7,2685,64,measure
2026-09-11T01:16:15.734+00:00,508.000,393.561,99,21643.7,2640,68,measure
2026-09-11T01:16:16.736+00:00,509.001,361.203,99,21643.7,2685,67,measure
2026-09-11T01:16:17.749+00:00,510.000,343.659,99,21643.7,2685,63,measure
2026-09-11T01:16:18.744+00:00,511.000,392.025,99,21643.7,2685,70,measure
2026-09-11T01:16:19.734+00:00,512.001,384.988,100,21643.7,2685,65,measure
2026-09-11T01:16:20.781+00:00,513.002,337.422,99,21643.7,2685,63,measure
2026-09-11T01:16:21.776+00:00,514.000,380.853,99,21643.7,2610,66,measure
2026-09-11T01:16:22.734+00:00,515.000,394.873,99,21643.7,2685,67,measure
2026-09-11T01:16:21.253+00:00,516.000,332.714,100,21643.7,2685,63,measure
2026-09-11T01:16:22.252+00:00,517.000,365.713,99,21643.7,2685,64,measure
2026-09-11T01:16:23.251+00:00,518.000,401.848,99,21643.7,2685,70,measure
2026-09-11T01:16:24.252+00:00,519.001,338.997,99,21643.7,2685,63,measure
2026-09-11T01:16:25.251+00:00,520.000,354.688,99,21643.7,2685,68,measure
2026-09-11T01:16:26.253+00:00,521.000,401.428,99,21643.7,2685,71,measure
2026-09-11T01:16:27.255+00:00,522.001,352.966,99,21643.7,2685,64,measure
2026-09-11T01:16:28.252+00:00,523.000,350.879,99,21643.7,2685,68,measure
2026-09-11T01:16:29.302+00:00,524.000,390.414,99,21643.7,2670,72,measure
2026-09-11T01:16:30.252+00:00,525.000,374.266,99,21643.7,2685,64,measure
2026-09-11T01:16:31.275+00:00,526.000,346.963,99,21643.7,2670,65,measure
2026-09-11T01:16:32.253+00:00,527.000,389.98,99,21643.7,2625,70,measure
2026-09-11T01:16:33.253+00:00,528.000,393.359,99,21643.7,2685,69,measure
2026-09-11T01:16:34.254+00:00,529.000,332.256,99,21643.7,2685,63,measure
2026-09-11T01:16:35.282+00:00,530.000,371.898,100,21643.7,2685,64,measure
2026-09-11T01:16:36.254+00:00,531.000,400.505,99,21643.7,2685,66,measure
2026-09-11T01:16:37.252+00:00,532.001,336.415,99,21643.7,2685,63,measure
2026-09-11T01:16:38.253+00:00,533.000,354.932,99,21643.7,2685,64,measure
2026-09-11T01:16:39.259+00:00,534.000,397.577,99,21643.7,2685,70,measure
2026-09-11T01:16:40.252+00:00,535.001,343.069,99,21643.7,2685,63,measure
2026-09-11T01:16:41.279+00:00,536.001,349.941,99,21643.7,2685,68,measure
2026-09-11T01:16:42.251+00:00,537.000,396.797,99,21643.7,2610,71,measure
2026-09-11T01:16:43.252+00:00,538.001,364.668,99,21643.7,2685,63,measure
2026-09-11T01:16:44.252+00:00,539.000,343.416,99,21643.7,2685,65,measure
2026-09-11T01:16:45.289+00:00,540.002,391.355,99,21643.7,2685,71,measure
2026-09-11T01:16:46.252+00:00,541.001,380.753,99,21643.7,2685,64,measure
2026-09-11T01:16:47.251+00:00,542.000,335.302,99,21643.7,2685,63,measure
2026-09-11T01:16:48.253+00:00,543.001,382.68,99,21643.7,2595,63,measure
2026-09-11T01:16:49.251+00:00,544.000,395.567,99,21643.7,2685,67,measure
2026-09-11T01:16:50.254+00:00,545.000,331.906,99,21643.7,2685,63,measure
2026-09-11T01:16:51.257+00:00,546.006,358.529,99,21643.7,2685,63,measure
2026-09-11T01:16:52.256+00:00,547.004,403.069,99,21643.7,2685,66,measure
2026-09-11T01:16:53.253+00:00,548.001,336.833,99,21643.7,2685,64,measure
2026-09-11T01:16:51.732+00:00,549.001,353.973,99,21643.7,2685,66,measure
2026-09-11T01:16:52.734+00:00,550.002,395.389,99,21643.7,2685,65,measure
2026-09-11T01:16:53.733+00:00,551.000,350.67,99,21643.7,2685,64,measure
2026-09-11T01:16:54.734+00:00,552.002,350.849,99,21643.7,2685,65,measure
2026-09-11T01:16:55.732+00:00,553.001,389.409,99,21643.7,2685,67,measure
2026-09-11T01:16:56.732+00:00,554.000,372.001,99,21643.7,2685,64,measure
2026-09-11T01:16:57.781+00:00,555.001,338.558,99,21643.7,2670,63,measure
2026-09-11T01:16:58.774+00:00,556.001,389.145,99,21643.7,2640,69,measure
2026-09-11T01:16:59.734+00:00,557.001,391.08,99,21643.7,2685,64,measure
2026-09-11T01:17:00.736+00:00,558.002,331.826,100,21643.7,2685,63,measure
2026-09-11T01:17:01.735+00:00,559.003,365.709,99,21643.7,2610,67,measure
2026-09-11T01:17:02.732+00:00,560.001,395.613,99,21643.7,2685,67,measure
2026-09-11T01:17:03.733+00:00,561.000,336.175,99,21643.7,2685,63,measure
2026-09-11T01:17:04.732+00:00,562.001,353.624,99,21643.7,2685,66,measure
2026-09-11T01:17:05.749+00:00,563.001,400.553,99,21643.7,2685,68,measure
2026-09-11T01:17:06.732+00:00,564.001,342.209,99,21643.7,2685,63,measure
2026-09-11T01:17:07.732+00:00,565.001,351.449,99,21643.7,2685,68,measure
2026-09-11T01:17:08.732+00:00,566.000,395.785,99,21643.7,2610,67,measure
2026-09-11T01:17:09.732+00:00,567.000,365.982,99,21643.7,2685,64,measure
2026-09-11T01:17:10.752+00:00,568.000,346.262,99,21643.7,2685,63,measure
2026-09-11T01:17:11.733+00:00,569.000,388.58,99,21643.7,2685,64,measure
2026-09-11T01:17:12.736+00:00,570.000,380.125,99,21643.7,2670,64,measure
2026-09-11T01:17:13.732+00:00,571.001,335.147,100,21643.7,2685,63,measure
2026-09-11T01:17:14.762+00:00,572.001,372.605,99,21643.7,2640,64,measure
2026-09-11T01:17:15.732+00:00,573.000,394.709,99,21643.7,2685,68,measure
2026-09-11T01:17:16.732+00:00,574.001,331.934,99,21643.7,2685,63,measure
2026-09-11T01:17:17.733+00:00,575.000,361.58,100,21643.7,2640,65,measure
2026-09-11T01:17:18.797+00:00,576.000,396.563,99,21643.7,2685,69,measure
2026-09-11T01:17:19.732+00:00,577.000,336.282,99,21643.7,2685,63,measure
2026-09-11T01:17:20.733+00:00,578.001,353.897,99,21643.7,2685,64,measure
2026-09-11T01:17:21.735+00:00,579.001,397.759,99,21643.7,2685,71,measure
2026-09-11T01:17:22.732+00:00,580.001,358.831,100,21643.7,2685,65,measure
2026-09-11T01:17:21.291+00:00,581.001,349.952,99,21643.7,2685,63,measure
2026-09-11T01:17:22.236+00:00,582.001,386.01,99,21643.7,2640,66,measure
2026-09-11T01:17:23.262+00:00,583.001,371.19,99,21643.7,2685,64,measure
2026-09-11T01:17:24.247+00:00,584.000,339.312,99,21643.7,2685,65,measure
2026-09-11T01:17:25.232+00:00,585.000,383.515,99,21643.7,2625,69,measure
2026-09-11T01:17:26.233+00:00,586.001,389.619,99,21643.7,2685,69,measure
2026-09-11T01:17:27.234+00:00,587.001,331.595,99,21643.7,2685,63,measure
2026-09-11T01:17:28.266+00:00,588.000,368.974,99,21643.7,2685,67,measure
2026-09-11T01:17:29.265+00:00,589.033,396.802,99,21643.7,2685,67,measure
2026-09-11T01:17:30.233+00:00,590.001,336.234,99,21643.7,2685,63,measure
2026-09-11T01:17:31.233+00:00,591.001,354.457,99,21643.7,2685,65,measure
2026-09-11T01:17:32.275+00:00,592.002,403.263,99,21643.7,2685,66,measure
2026-09-11T01:17:33.238+00:00,593.006,350.549,99,21643.7,2685,64,measure
2026-09-11T01:17:34.236+00:00,594.002,353.386,99,21643.7,2655,66,measure
2026-09-11T01:17:35.232+00:00,595.000,396.394,99,21643.7,2610,70,measure
2026-09-11T01:17:36.232+00:00,596.000,366.216,99,21643.7,2685,64,measure
2026-09-11T01:17:37.279+00:00,597.000,346.828,99,21643.7,2685,65,measure
2026-09-11T01:17:38.273+00:00,598.002,388.784,99,21643.7,2685,71,measure
2026-09-11T01:17:39.234+00:00,599.001,377.897,99,21643.7,2685,66,measure
2026-09-11T01:17:40.233+00:00,600.000,335.906,99,21643.7,2685,63,measure
2026-09-11T01:17:41.232+00:00,601.001,373.854,99,21643.7,2610,64,measure
2026-09-11T01:17:42.232+00:00,602.000,396.696,99,21643.7,2685,65,measure
2026-09-11T01:17:43.234+00:00,603.002,332.116,100,21643.7,2685,63,measure
2026-09-11T01:17:44.233+00:00,604.000,361.65,100,21643.7,2685,64,measure
2026-09-11T01:17:45.233+00:00,605.000,401.707,99,21643.7,2685,65,measure
2026-09-11T01:17:46.232+00:00,606.000,342.066,99,21643.7,2685,63,measure
2026-09-11T01:17:47.232+00:00,607.000,354.66,99,21643.7,2685,65,measure
2026-09-11T01:17:48.278+00:00,608.001,397.52,99,21643.7,2685,72,measure
2026-09-11T01:17:49.232+00:00,609.000,357.986,100,21643.7,2685,65,measure
2026-09-11T01:17:50.251+00:00,610.000,344.809,99,21643.7,2670,64,measure
2026-09-11T01:17:51.234+00:00,611.001,391.036,99,21643.7,2685,69,measure
2026-09-11T01:17:52.233+00:00,612.000,371.143,99,21643.7,2685,64,measure
2026-09-11T01:17:53.284+00:00,613.001,339.617,99,21643.7,2685,63,measure
2026-09-11T01:17:51.736+00:00,614.002,385.869,99,21643.7,2625,68,measure
2026-09-11T01:17:52.736+00:00,615.001,391.545,99,21643.7,2685,64,measure
2026-09-11T01:17:53.736+00:00,616.001,332.565,99,21643.7,2685,63,measure
2026-09-11T01:17:54.736+00:00,617.000,364.256,99,21643.7,2685,67,measure
2026-09-11T01:17:55.736+00:00,618.000,403.146,99,21643.7,2685,64,measure
2026-09-11T01:17:56.735+00:00,619.001,336.067,100,21643.7,2685,63,measure
2026-09-11T01:17:57.735+00:00,620.001,353.668,99,21643.7,2685,68,measure
2026-09-11T01:17:58.735+00:00,621.001,400.569,99,21643.7,2685,67,measure
2026-09-11T01:17:59.736+00:00,622.001,349.934,99,21643.7,2685,63,measure
2026-09-11T01:18:00.738+00:00,623.001,350.433,99,21643.7,2685,68,measure
2026-09-11T01:18:01.737+00:00,624.000,397.066,99,21643.7,2640,69,measure
2026-09-11T01:18:02.735+00:00,625.000,365.301,99,21643.7,2685,64,measure
2026-09-11T01:18:03.740+00:00,626.001,347.336,99,21643.7,2685,63,measure
2026-09-11T01:18:04.734+00:00,627.000,391.724,99,21643.7,2685,64,measure
2026-09-11T01:18:05.736+00:00,628.000,376.075,99,21643.7,2685,64,measure
2026-09-11T01:18:06.736+00:00,629.000,336.061,99,21643.7,2685,63,measure
2026-09-11T01:18:07.736+00:00,630.001,371.516,99,21643.7,2625,68,measure
2026-09-11T01:18:08.736+00:00,631.001,393.483,99,21643.7,2685,67,measure
2026-09-11T01:18:09.736+00:00,632.002,335.176,99,21643.7,2685,63,measure
2026-09-11T01:18:10.735+00:00,633.000,361.889,99,21643.7,2685,64,measure
2026-09-11T01:18:11.737+00:00,634.001,403.709,99,21643.7,2685,71,measure
2026-09-11T01:18:12.736+00:00,635.000,339.856,100,21643.7,2685,63,measure
2026-09-11T01:18:13.734+00:00,636.000,354.803,99,21643.7,2685,64,measure
2026-09-11T01:18:14.735+00:00,637.000,395.624,99,21643.7,2685,67,measure
2026-09-11T01:18:15.737+00:00,638.001,357.044,99,21643.7,2685,64,measure
2026-09-11T01:18:16.735+00:00,639.001,348.095,99,21643.7,2685,67,measure
2026-09-11T01:18:17.736+00:00,640.001,390.292,99,21643.7,2685,69,measure
2026-09-11T01:18:18.738+00:00,641.000,365.972,99,21643.7,2685,64,measure
2026-09-11T01:18:19.736+00:00,642.001,340.994,99,21643.7,2670,65,measure
2026-09-11T01:18:20.737+00:00,643.003,385.223,99,21643.7,2625,71,measure
2026-09-11T01:18:21.737+00:00,644.002,394.813,100,21643.7,2685,64,measure
2026-09-11T01:18:22.736+00:00,645.001,332.316,99,21643.7,2685,63,measure
2026-09-11T01:18:21.271+00:00,646.001,365.122,99,21643.7,2685,65,measure
2026-09-11T01:18:22.254+00:00,647.001,401.012,99,21643.7,2685,67,measure
2026-09-11T01:18:23.251+00:00,648.001,335.663,99,21643.7,2685,63,measure
2026-09-11T01:18:24.251+00:00,649.001,353.072,99,21643.7,2685,64,measure
2026-09-11T01:18:25.297+00:00,650.001,397.604,99,21643.7,2685,68,measure
2026-09-11T01:18:26.253+00:00,651.003,348.549,99,21643.7,2685,64,measure
2026-09-11T01:18:27.253+00:00,652.001,350.351,99,21643.7,2685,64,measure
2026-09-11T01:18:28.256+00:00,653.001,393.387,99,21643.7,2685,72,measure
2026-09-11T01:18:29.251+00:00,654.001,365.743,99,21643.7,2685,63,measure
2026-09-11T01:18:30.299+00:00,655.000,346.112,99,21643.7,2685,65,measure
2026-09-11T01:18:31.276+00:00,656.001,390.233,99,21643.7,2685,71,measure
2026-09-11T01:18:32.251+00:00,657.000,388.725,99,21643.7,2685,63,measure
2026-09-11T01:18:33.252+00:00,658.001,336.972,99,21643.7,2685,63,measure
2026-09-11T01:18:34.255+00:00,659.001,374.829,99,21643.7,2640,64,measure
2026-09-11T01:18:35.251+00:00,660.000,395.358,99,21643.7,2685,64,measure
2026-09-11T01:18:36.251+00:00,661.000,332.425,99,21643.7,2685,63,measure
2026-09-11T01:18:37.275+00:00,662.000,353.839,99,21643.7,2610,63,measure
2026-09-11T01:18:38.253+00:00,663.000,406.955,99,21643.7,2685,64,measure
2026-09-11T01:18:39.252+00:00,664.000,339.695,100,21643.7,2685,67,measure
2026-09-11T01:18:40.253+00:00,665.001,354.025,99,21643.7,2685,68,measure
2026-09-11T01:18:41.284+00:00,666.001,399.008,99,21643.7,2685,67,measure
2026-09-11T01:18:42.251+00:00,667.000,355.752,99,21643.7,2685,65,measure
2026-09-11T01:18:43.255+00:00,668.001,349.967,99,21643.7,2685,69,measure
2026-09-11T01:18:44.250+00:00,669.000,389.399,99,21643.7,2685,65,measure
2026-09-11T01:18:45.252+00:00,670.000,376.838,99,21643.7,2685,64,measure
2026-09-11T01:18:46.255+00:00,671.001,343.227,99,21643.7,2670,63,measure
2026-09-11T01:18:47.277+00:00,672.001,387.812,99,21643.7,2625,67,measure
2026-09-11T01:18:48.251+00:00,673.000,394.533,99,21643.7,2685,65,measure
2026-09-11T01:18:49.251+00:00,674.001,332.124,99,21643.7,2685,63,measure
2026-09-11T01:18:50.251+00:00,675.001,363.183,99,21643.7,2685,70,measure
2026-09-11T01:18:51.252+00:00,676.000,401.087,99,21643.7,2685,64,measure
2026-09-11T01:18:52.251+00:00,677.001,336.595,99,21643.7,2685,64,measure
2026-09-11T01:18:53.251+00:00,678.000,354.248,99,21643.7,2685,64,measure
2026-09-11T01:18:51.758+00:00,679.000,400.409,99,21643.7,2685,70,measure
2026-09-11T01:18:52.753+00:00,680.001,345.471,100,21643.7,2685,64,measure
2026-09-11T01:18:53.753+00:00,681.000,350.446,99,21643.7,2685,64,measure
2026-09-11T01:18:54.754+00:00,682.000,390.719,99,21643.7,2685,66,measure
2026-09-11T01:18:55.754+00:00,683.000,365.124,99,21643.7,2685,63,measure
2026-09-11T01:18:56.752+00:00,684.000,345.057,99,21643.7,2685,63,measure
2026-09-11T01:18:57.753+00:00,685.001,393.458,99,21643.7,2685,67,measure
2026-09-11T01:18:58.752+00:00,686.000,386.787,99,21643.7,2685,64,measure
2026-09-11T01:18:59.753+00:00,687.001,335.607,99,21643.7,2685,63,measure
2026-09-11T01:19:00.760+00:00,688.000,375.978,99,21643.7,2640,65,measure
2026-09-11T01:19:01.754+00:00,689.001,392.048,99,21643.7,2685,64,measure
2026-09-11T01:19:02.752+00:00,690.001,332.112,99,21643.7,2685,63,measure
2026-09-11T01:19:03.752+00:00,691.000,355.579,99,21643.7,2685,66,measure
2026-09-11T01:19:04.754+00:00,692.001,398.084,99,21643.7,2685,70,measure
2026-09-11T01:19:05.752+00:00,693.000,339.911,99,21643.7,2685,63,measure
2026-09-11T01:19:06.754+00:00,694.001,353.863,99,21643.7,2685,65,measure
2026-09-11T01:19:07.756+00:00,695.000,394.603,99,21643.7,2685,67,measure
2026-09-11T01:19:08.753+00:00,696.000,363.443,99,21643.7,2685,63,measure
2026-09-11T01:19:09.753+00:00,697.000,351.623,99,21643.7,2685,63,measure
2026-09-11T01:19:10.778+00:00,698.001,391.902,99,21643.7,2655,69,measure
2026-09-11T01:19:11.753+00:00,699.001,376.595,99,21643.7,2685,66,measure
2026-09-11T01:19:12.754+00:00,700.000,335.675,99,21643.7,2685,63,measure
2026-09-11T01:19:13.756+00:00,701.000,385.342,99,21643.7,2625,68,measure
2026-09-11T01:19:14.752+00:00,702.000,393.792,99,21643.7,2685,65,measure
2026-09-11T01:19:15.753+00:00,703.001,332.085,100,21643.7,2685,63,measure
2026-09-11T01:19:16.752+00:00,704.000,369.565,99,21643.7,2685,64,measure
2026-09-11T01:19:17.758+00:00,705.005,403.231,99,21643.7,2685,68,measure
2026-09-11T01:19:18.754+00:00,706.001,336.025,99,21643.7,2685,63,measure
2026-09-11T01:19:19.753+00:00,707.001,354.719,99,21643.7,2685,65,measure
2026-09-11T01:19:20.752+00:00,708.000,399.224,99,21643.7,2685,69,measure
2026-09-11T01:19:21.753+00:00,709.000,354.649,100,21643.7,2685,63,measure
2026-09-11T01:19:22.752+00:00,710.000,351.038,99,21643.7,2685,65,measure
2026-09-11T01:19:21.261+00:00,711.001,392.245,99,21643.7,2685,71,measure
2026-09-11T01:19:22.258+00:00,712.001,364.289,99,21643.7,2685,64,measure
2026-09-11T01:19:23.289+00:00,713.001,344.821,99,21643.7,2685,68,measure
2026-09-11T01:19:24.291+00:00,714.001,391.101,99,21643.7,2610,72,measure
2026-09-11T01:19:25.256+00:00,715.001,382.987,99,21643.7,2685,64,measure
2026-09-11T01:19:26.253+00:00,716.000,336.033,99,21643.7,2685,63,measure
2026-09-11T01:19:27.253+00:00,717.000,367.732,100,21643.7,2685,64,measure
2026-09-11T01:19:28.254+00:00,718.000,394.865,99,21643.7,2685,67,measure
2026-09-11T01:19:29.254+00:00,719.001,332.701,100,21643.7,2685,63,measure
2026-09-11T01:19:30.263+00:00,720.000,357.782,99,21643.7,2610,64,measure
2026-09-11T01:19:31.253+00:00,721.001,396.945,99,21643.7,2685,66,measure
2026-09-11T01:19:32.254+00:00,722.001,343.446,99,21643.7,2685,63,measure
2026-09-11T01:19:33.295+00:00,723.001,354.298,99,21643.7,2685,65,measure
2026-09-11T01:19:34.254+00:00,724.000,396.457,99,21643.7,2640,71,measure
2026-09-11T01:19:35.254+00:00,725.000,361.346,99,21643.7,2685,64,measure
2026-09-11T01:19:36.260+00:00,726.000,344.813,99,21643.7,2685,67,measure
2026-09-11T01:19:37.254+00:00,727.001,390.985,99,21643.7,2685,71,measure
2026-09-11T01:19:38.254+00:00,728.001,371.934,100,21643.7,2685,64,measure
2026-09-11T01:19:39.291+00:00,729.001,336.933,99,21643.7,2685,67,measure
2026-09-11T01:19:40.255+00:00,730.000,380.906,99,21643.7,2625,64,measure
2026-09-11T01:19:41.253+00:00,731.000,393.542,99,21643.7,2685,65,measure
2026-09-11T01:19:42.253+00:00,732.001,332.688,99,21643.7,2685,63,measure
2026-09-11T01:19:43.298+00:00,733.001,366.113,99,21643.7,2685,64,measure
2026-09-11T01:19:44.253+00:00,734.000,401.835,99,21643.7,2685,68,measure
2026-09-11T01:19:45.254+00:00,735.000,336.33,99,21643.7,2685,63,measure
2026-09-11T01:19:46.254+00:00,736.000,354.665,99,21643.7,2685,69,measure
2026-09-11T01:19:47.253+00:00,737.000,402.831,99,21643.7,2685,65,measure
2026-09-11T01:19:48.253+00:00,738.000,353.678,99,21643.7,2685,64,measure
2026-09-11T01:19:49.253+00:00,739.000,351.327,99,21643.7,2685,65,measure
2026-09-11T01:19:50.285+00:00,740.001,397.561,99,21643.7,2685,64,measure
2026-09-11T01:19:51.254+00:00,741.000,364.839,99,21643.7,2685,64,measure
2026-09-11T01:19:52.254+00:00,742.000,346.765,99,21643.7,2685,63,measure
2026-09-11T01:19:50.772+00:00,743.001,386.927,99,21643.7,2685,70,measure
2026-09-11T01:19:51.772+00:00,744.000,381.545,99,21643.7,2685,64,measure
2026-09-11T01:19:52.775+00:00,745.001,334.748,99,21643.7,2685,63,measure
2026-09-11T01:19:53.772+00:00,746.000,370.477,99,21643.7,2685,67,measure
2026-09-11T01:19:54.774+00:00,747.001,401.257,99,21643.7,2685,64,measure
2026-09-11T01:19:55.774+00:00,748.001,332.499,99,21643.7,2685,63,measure
2026-09-11T01:19:56.824+00:00,749.000,360.09,99,21643.7,2610,64,measure
2026-09-11T01:19:57.772+00:00,750.000,402.37,99,21643.7,2685,66,measure
2026-09-11T01:19:58.772+00:00,751.000,343.095,99,21643.7,2685,64,measure
2026-09-11T01:19:59.772+00:00,752.000,350.304,99,21643.7,2685,67,measure
2026-09-11T01:20:00.773+00:00,753.000,397.206,99,21643.7,2685,69,measure
2026-09-11T01:20:01.775+00:00,754.000,359.931,99,21643.7,2685,64,measure
2026-09-11T01:20:02.812+00:00,755.001,342.621,99,21643.7,2655,68,measure
2026-09-11T01:20:03.773+00:00,756.001,389.64,99,21643.7,2640,65,measure
2026-09-11T01:20:04.776+00:00,757.004,371.652,99,21643.7,2685,64,measure
2026-09-11T01:20:05.772+00:00,758.001,338.75,99,21643.7,2685,63,measure
2026-09-11T01:20:06.773+00:00,759.000,380.795,99,21643.7,2640,65,measure
2026-09-11T01:20:07.775+00:00,760.000,393.18,99,21643.7,2685,64,measure
2026-09-11T01:20:08.773+00:00,761.000,332.47,99,21643.7,2685,63,measure
2026-09-11T01:20:09.781+00:00,762.001,363.692,99,21643.7,2685,65,measure
2026-09-11T01:20:10.772+00:00,763.001,400.354,99,21643.7,2685,67,measure
2026-09-11T01:20:11.772+00:00,764.001,337.421,100,21643.7,2685,63,measure
2026-09-11T01:20:12.773+00:00,765.000,354.255,99,21643.7,2685,65,measure
2026-09-11T01:20:13.803+00:00,766.002,403.692,99,21643.7,2640,70,measure
2026-09-11T01:20:14.776+00:00,767.004,351.884,99,21643.7,2685,63,measure
2026-09-11T01:20:15.775+00:00,768.001,350.063,99,21643.7,2685,63,measure
2026-09-11T01:20:16.773+00:00,769.001,386.817,99,21643.7,2595,69,measure
2026-09-11T01:20:17.782+00:00,770.007,364.717,99,21643.7,2685,65,measure
2026-09-11T01:20:18.811+00:00,771.001,346.694,99,21643.7,2685,63,measure
2026-09-11T01:20:19.775+00:00,772.003,390.855,99,21643.7,2685,67,measure
2026-09-11T01:20:20.782+00:00,773.002,391.156,99,21643.7,2685,64,measure
2026-09-11T01:20:21.772+00:00,774.000,335.749,99,21643.7,2685,67,measure
2026-09-11T01:20:22.774+00:00,775.000,371.197,99,21643.7,2685,66,measure
2026-09-11T01:20:21.281+00:00,776.004,394.795,99,21643.7,2685,69,measure
2026-09-11T01:20:22.309+00:00,777.034,332.217,99,21643.7,2685,63,measure
2026-09-11T01:20:23.281+00:00,778.006,361.627,99,21643.7,2610,67,measure
2026-09-11T01:20:24.282+00:00,779.005,409.017,99,21643.7,2685,66,measure
2026-09-11T01:20:25.280+00:00,780.005,343.016,100,21643.7,2685,63,measure
2026-09-11T01:20:26.275+00:00,781.000,349.601,99,21643.7,2685,68,measure
2026-09-11T01:20:27.275+00:00,782.001,394.465,99,21643.7,2685,72,measure
2026-09-11T01:20:28.277+00:00,783.001,358.19,99,21643.7,2685,64,measure
2026-09-11T01:20:29.279+00:00,784.001,343.252,99,21643.7,2670,65,measure
2026-09-11T01:20:30.275+00:00,785.001,390.99,99,21643.7,2655,71,measure
2026-09-11T01:20:31.277+00:00,786.002,380.884,100,21643.7,2685,64,measure
2026-09-11T01:20:32.307+00:00,787.001,339.202,99,21643.7,2685,64,measure
2026-09-11T01:20:33.293+00:00,788.000,382.487,99,21643.7,2595,64,measure
2026-09-11T01:20:34.276+00:00,789.000,393.075,99,21643.7,2685,66,measure
2026-09-11T01:20:35.275+00:00,790.001,331.819,99,21643.7,2685,63,measure
2026-09-11T01:20:36.275+00:00,791.001,365.099,100,21643.7,2685,64,measure
2026-09-11T01:20:37.275+00:00,792.000,401.044,99,21643.7,2685,65,measure
2026-09-11T01:20:38.276+00:00,793.001,335.619,99,21643.7,2685,63,measure
2026-09-11T01:20:39.280+00:00,794.004,354.246,99,21643.7,2685,68,measure
2026-09-11T01:20:40.285+00:00,795.000,400.945,99,21643.7,2685,71,measure
2026-09-11T01:20:41.276+00:00,796.001,349.003,99,21643.7,2685,64,measure
2026-09-11T01:20:42.307+00:00,797.000,349.912,99,21643.7,2685,65,measure
2026-09-11T01:20:43.275+00:00,798.001,393.995,99,21643.7,2685,70,measure
2026-09-11T01:20:44.275+00:00,799.000,371.901,99,21643.7,2685,67,measure
2026-09-11T01:20:45.275+00:00,800.001,346.267,99,21643.7,2685,68,measure
2026-09-11T01:20:46.331+00:00,801.000,389.48,99,21643.7,2610,64,measure
2026-09-11T01:20:47.276+00:00,802.000,388.997,99,21643.7,2685,68,measure
2026-09-11T01:20:48.275+00:00,803.000,332.043,99,21643.7,2655,63,measure
2026-09-11T01:20:49.282+00:00,804.000,376.495,99,21643.7,2685,64,measure
2026-09-11T01:20:50.275+00:00,805.001,397.206,99,21643.7,2685,66,measure
2026-09-11T01:20:51.282+00:00,806.004,335.021,99,21643.7,2685,63,measure
2026-09-11T01:20:52.313+00:00,807.001,354.612,99,21643.7,2625,66,measure
2026-09-11T01:20:50.780+00:00,808.000,401.141,99,21643.7,2655,65,measure
2026-09-11T01:20:51.774+00:00,809.001,341.299,99,21643.7,2685,64,measure
2026-09-11T01:20:52.778+00:00,810.001,352.829,99,21643.7,2685,65,measure
2026-09-11T01:20:53.773+00:00,811.000,396.279,99,21643.7,2685,68,measure
2026-09-11T01:20:54.773+00:00,812.000,358.06,99,21643.7,2685,64,measure
2026-09-11T01:20:55.810+00:00,813.000,345.468,99,21643.7,2685,64,measure
2026-09-11T01:20:56.787+00:00,814.004,387.252,99,21643.7,2685,69,measure
2026-09-11T01:20:57.773+00:00,815.000,376.308,99,21643.7,2685,64,measure
2026-09-11T01:20:58.773+00:00,816.000,335.215,99,21643.7,2670,63,measure
2026-09-11T01:20:59.773+00:00,817.000,381.682,99,21643.7,2685,67,measure
2026-09-11T01:21:00.777+00:00,818.002,364.467,99,21643.7,2685,64,measure
2026-09-11T01:21:01.774+00:00,819.000,365.281,99,21643.7,2685,65,measure
2026-09-11T01:21:02.773+00:00,820.000,337.334,99,21643.7,2685,64,measure
2026-09-11T01:21:03.774+00:00,821.000,326.987,99,21643.7,2685,62,measure
2026-09-11T01:21:04.775+00:00,822.000,317.33,99,21643.7,2685,62,measure
2026-09-11T01:21:05.773+00:00,823.000,313.568,99,21643.7,2685,61,measure
2026-09-11T01:21:06.774+00:00,824.000,333.068,99,21643.7,2685,63,measure
2026-09-11T01:21:07.774+00:00,825.000,317.799,99,21643.7,2685,61,measure
2026-09-11T01:21:08.773+00:00,826.000,341.233,99,21643.7,2685,63,measure
2026-09-11T01:21:09.773+00:00,827.000,354.683,99,21643.7,2685,64,measure
2026-09-11T01:21:10.773+00:00,828.000,335.015,99,21643.7,2685,63,measure
2026-09-11T01:21:11.785+00:00,829.008,316.711,99,21643.7,2685,65,measure
2026-09-11T01:21:12.796+00:00,830.022,309.032,99,21643.7,2685,64,measure
2026-09-11T01:21:13.781+00:00,831.008,305.058,99,21643.7,2685,61,measure
2026-09-11T01:21:14.778+00:00,832.006,313.744,99,21643.7,2685,62,measure
2026-09-11T01:21:15.781+00:00,833.008,326.081,99,21643.7,2685,64,measure
2026-09-11T01:21:16.816+00:00,834.043,318.854,99,21643.7,2685,62,measure
2026-09-11T01:21:17.832+00:00,835.059,332.792,99,21643.7,2685,63,measure
2026-09-11T01:21:18.802+00:00,836.025,338.712,99,21643.7,2685,66,measure
2026-09-11T01:21:19.830+00:00,837.055,339.066,99,21643.7,2685,63,measure
2026-09-11T01:21:20.774+00:00,838.001,334.958,99,21643.7,2685,63,measure
2026-09-11T01:21:21.774+00:00,839.001,317.873,100,21643.7,2685,61,measure
2026-09-11T01:21:22.773+00:00,840.000,334.183,99,21643.7,2685,63,measure
2026-09-11T01:21:21.287+00:00,841.000,330.165,99,21643.7,2685,62,measure
2026-09-11T01:21:22.294+00:00,842.000,358.221,99,21643.7,2685,62,measure
2026-09-11T01:21:23.345+00:00,843.001,352.24,99,21643.7,2685,62,measure
2026-09-11T01:21:24.329+00:00,844.001,342.78,99,21643.7,2685,62,measure
2026-09-11T01:21:25.287+00:00,845.000,336.307,99,21643.7,2685,62,measure
2026-09-11T01:21:26.287+00:00,846.000,317.258,99,21643.7,2685,61,measure
2026-09-11T01:21:27.308+00:00,847.019,318.493,99,21643.7,2685,61,measure
2026-09-11T01:21:28.289+00:00,848.001,313.406,99,21643.7,2685,61,measure
2026-09-11T01:21:29.290+00:00,849.001,307.989,99,21643.7,2685,63,measure
2026-09-11T01:21:30.289+00:00,850.000,297.988,99,21643.7,2595,60,measure
2026-09-11T01:21:31.287+00:00,851.000,312.747,99,21643.7,2685,61,measure
2026-09-11T01:21:32.289+00:00,852.001,311.261,99,21643.7,2685,61,measure
2026-09-11T01:21:33.287+00:00,853.001,302.891,100,21643.7,2685,61,measure
2026-09-11T01:21:34.289+00:00,854.001,310.461,99,21643.7,2685,61,measure
2026-09-11T01:21:35.290+00:00,855.001,320.594,100,21643.7,2685,62,measure
2026-09-11T01:21:36.295+00:00,856.006,323.296,99,21643.7,2685,62,measure
2026-09-11T01:21:37.287+00:00,857.000,328.556,99,21643.7,2685,62,measure
2026-09-11T01:21:38.287+00:00,858.000,326.233,99,21643.7,2685,61,measure
2026-09-11T01:21:39.287+00:00,859.000,335.211,99,21643.7,2685,62,measure
2026-09-11T01:21:40.288+00:00,860.000,330.132,99,21643.7,2685,62,measure
2026-09-11T01:21:41.288+00:00,861.001,331.437,100,21643.7,2685,62,measure
2026-09-11T01:21:42.288+00:00,862.001,332.873,99,21643.7,2685,63,measure
2026-09-11T01:21:43.287+00:00,863.000,314.123,99,21643.7,2685,61,measure
2026-09-11T01:21:44.287+00:00,864.000,335.835,99,21643.7,2685,62,measure
2026-09-11T01:21:45.287+00:00,865.001,341.145,99,21643.7,2685,63,measure
2026-09-11T01:21:46.289+00:00,866.001,335.568,100,21643.7,2685,62,measure
2026-09-11T01:21:47.297+00:00,867.011,319.36,99,21643.7,2685,61,measure
2026-09-11T01:21:48.292+00:00,868.005,297.826,99,21643.7,2685,60,measure
2026-09-11T01:21:49.289+00:00,869.002,292.843,99,21643.7,2685,60,measure
2026-09-11T01:21:50.291+00:00,870.004,322.242,99,21643.7,2685,64,measure
2026-09-11T01:21:51.292+00:00,871.003,310.719,99,21643.7,2685,60,measure
2026-09-11T01:21:52.303+00:00,872.017,315.002,99,21643.7,2685,61,measure
2026-09-11T01:21:50.773+00:00,873.001,316.314,99,21643.7,2685,61,measure
2026-09-11T01:21:51.788+00:00,874.017,319.463,99,21643.7,2685,60,measure
2026-09-11T01:21:52.773+00:00,875.003,334.726,99,21643.7,2685,62,measure
2026-09-11T01:21:53.784+00:00,876.009,338.36,99,21643.7,2685,62,measure
2026-09-11T01:21:54.777+00:00,877.005,337.788,99,21643.7,2685,62,measure
2026-09-11T01:21:55.776+00:00,878.004,319.389,99,21643.7,2685,61,measure
2026-09-11T01:21:56.794+00:00,879.022,316.781,99,21643.7,2685,65,measure
2026-09-11T01:21:57.791+00:00,880.019,307.09,99,21643.7,2685,63,measure
2026-09-11T01:21:58.791+00:00,881.020,309.386,99,21643.7,2685,61,measure
2026-09-11T01:21:59.789+00:00,882.019,309.868,100,21643.7,2685,61,measure
2026-09-11T01:22:00.776+00:00,883.004,304.838,99,21643.7,2685,60,measure
2026-09-11T01:22:01.776+00:00,884.005,307.196,99,21643.7,2685,63,measure
2026-09-11T01:22:02.771+00:00,885.001,314.834,99,21643.7,2685,62,measure
2026-09-11T01:22:03.776+00:00,886.005,317.645,100,21643.7,2685,61,measure
2026-09-11T01:22:04.772+00:00,887.001,317.807,99,21643.7,2685,60,measure
2026-09-11T01:22:05.774+00:00,888.003,333.718,99,21643.7,2685,62,measure
2026-09-11T01:22:06.773+00:00,889.002,332.133,99,21643.7,2685,62,measure
2026-09-11T01:22:07.776+00:00,890.005,329.268,99,21643.7,2685,64,measure
2026-09-11T01:22:08.772+00:00,891.002,312.268,99,21643.7,2685,62,measure
2026-09-11T01:22:09.778+00:00,892.008,317.868,99,21643.7,2685,65,measure
2026-09-11T01:22:10.774+00:00,893.004,305.063,99,21643.7,2685,60,measure
2026-09-11T01:22:11.771+00:00,894.001,307.77,99,21643.7,2685,60,measure
2026-09-11T01:22:12.780+00:00,895.006,333.196,99,21643.7,2685,63,measure
2026-09-11T01:22:13.776+00:00,896.002,326.487,99,21643.7,2685,63,measure
2026-09-11T01:22:14.775+00:00,897.005,335.63,99,21643.7,2685,62,measure
2026-09-11T01:22:15.774+00:00,898.003,338.282,99,21643.7,2685,62,measure
2026-09-11T01:22:16.775+00:00,899.003,360.116,99,21643.7,2655,62,measure
2026-09-11T01:22:17.774+00:00,900.004,349.744,99,21643.7,2685,62,measure
2026-09-11T01:22:18.777+00:00,901.005,336.468,99,21675.7,2685,61,measure
2026-09-11T01:22:19.776+00:00,902.005,356.108,99,21675.7,2685,62,measure
2026-09-11T01:22:20.773+00:00,903.003,325.498,100,21675.7,2685,62,measure
2026-09-11T01:22:21.773+00:00,904.002,330.575,99,21675.7,2685,62,measure
2026-09-11T01:22:22.780+00:00,905.009,311.365,100,21675.7,2685,61,measure
2026-09-11T01:22:21.292+00:00,906.020,312.345,99,21675.7,2685,62,measure
2026-09-11T01:22:22.292+00:00,907.017,310.58,100,21675.7,2685,61,measure
2026-09-11T01:22:23.276+00:00,908.002,304.433,99,21675.7,2685,61,measure
2026-09-11T01:22:24.275+00:00,909.002,311.768,99,21675.7,2685,60,measure
2026-09-11T01:22:25.279+00:00,910.006,306.47,100,21675.7,2685,62,measure
2026-09-11T01:22:26.276+00:00,911.003,311.751,99,21675.7,2685,63,measure
2026-09-11T01:22:27.274+00:00,912.001,313.515,99,21675.7,2685,60,measure
2026-09-11T01:22:28.275+00:00,913.001,315.653,99,21675.7,2685,61,measure
2026-09-11T01:22:29.278+00:00,914.002,329.261,99,21675.7,2685,65,measure
2026-09-11T01:22:30.279+00:00,915.007,334.795,99,21675.7,2685,62,measure
2026-09-11T01:22:31.274+00:00,916.001,330.98,99,21675.7,2685,61,measure
2026-09-11T01:22:32.276+00:00,917.003,320.956,99,21675.7,2685,61,measure
2026-09-11T01:22:33.274+00:00,918.001,339.509,99,21675.7,2685,66,measure
2026-09-11T01:22:34.274+00:00,919.000,333.417,99,21675.7,2685,63,measure
2026-09-11T01:22:35.277+00:00,920.004,333.618,99,21675.7,2685,62,measure
2026-09-11T01:22:36.274+00:00,921.000,329.402,99,21675.7,2685,61,measure
2026-09-11T01:22:37.278+00:00,922.006,322.423,99,21675.7,2685,61,measure
2026-09-11T01:22:38.274+00:00,923.001,332.406,99,21675.7,2685,62,measure
2026-09-11T01:22:39.283+00:00,924.008,316.109,99,21675.7,2685,60,measure
2026-09-11T01:22:40.281+00:00,925.006,314.614,99,21675.7,2685,61,measure
2026-09-11T01:22:41.277+00:00,926.002,309.086,99,21675.7,2685,62,measure
2026-09-11T01:22:42.274+00:00,927.000,307.085,99,21675.7,2685,61,measure
2026-09-11T01:22:43.273+00:00,928.000,307.932,99,21675.7,2685,60,measure
2026-09-11T01:22:44.277+00:00,929.004,326.717,99,21675.7,2685,61,measure
2026-09-11T01:22:45.274+00:00,930.001,329.478,99,21675.7,2685,61,measure
2026-09-11T01:22:46.274+00:00,931.000,320.044,99,21675.7,2685,61,measure
2026-09-11T01:22:47.278+00:00,932.005,311.608,99,21675.7,2685,61,measure
2026-09-11T01:22:48.273+00:00,933.000,313.837,100,21675.7,2685,62,measure
2026-09-11T01:22:49.273+00:00,934.001,305.917,99,21675.7,2685,60,measure
2026-09-11T01:22:50.277+00:00,935.004,324.888,99,21675.7,2685,61,measure
2026-09-11T01:22:51.275+00:00,936.002,312.318,99,21675.7,2685,62,measure
2026-09-11T01:22:52.276+00:00,937.002,333.705,99,21675.7,2685,66,measure
2026-09-11T01:22:50.774+00:00,938.000,317.201,100,21675.7,2685,61,measure
2026-09-11T01:22:51.791+00:00,939.016,320.291,99,21675.7,2685,60,measure
2026-09-11T01:22:52.779+00:00,940.006,335.171,99,21675.7,2685,64,measure
2026-09-11T01:22:53.778+00:00,941.005,329.746,99,21675.7,2685,61,measure
2026-09-11T01:22:54.774+00:00,942.002,328.586,99,21675.7,2685,61,measure
2026-09-11T01:22:55.774+00:00,943.000,325.535,99,21675.7,2685,63,measure
2026-09-11T01:22:56.775+00:00,944.001,322.632,99,21675.7,2685,61,measure
2026-09-11T01:22:57.773+00:00,945.000,322.582,100,21675.7,2685,61,measure
2026-09-11T01:22:58.783+00:00,946.001,311.225,99,21675.7,2685,60,measure
2026-09-11T01:22:59.773+00:00,947.000,317.498,100,21675.7,2685,61,measure
2026-09-11T01:23:00.773+00:00,948.000,312.762,99,21675.7,2685,60,measure
2026-09-11T01:23:01.775+00:00,949.001,304.611,100,21675.7,2685,60,measure
2026-09-11T01:23:02.775+00:00,950.000,308.013,99,21675.7,2685,60,measure
2026-09-11T01:23:03.773+00:00,951.000,312.197,99,21675.7,2685,62,measure
2026-09-11T01:23:04.773+00:00,952.000,308.804,99,21675.7,2685,61,measure
2026-09-11T01:23:05.774+00:00,953.001,320.076,99,21675.7,2685,61,measure
2026-09-11T01:23:06.773+00:00,954.000,317.13,99,21675.7,2685,61,measure
2026-09-11T01:23:07.774+00:00,955.000,316.407,100,21675.7,2685,60,measure
2026-09-11T01:23:08.776+00:00,956.000,313.778,99,21675.7,2685,60,measure
2026-09-11T01:23:09.774+00:00,957.001,316.406,99,21675.7,2685,62,measure
2026-09-11T01:23:10.773+00:00,958.000,308.145,99,21675.7,2685,60,measure
2026-09-11T01:23:11.776+00:00,959.001,307.045,100,21675.7,2685,60,measure
2026-09-11T01:23:12.773+00:00,960.000,315.85,100,21675.7,2685,60,measure
2026-09-11T01:23:13.775+00:00,961.001,316.019,99,21675.7,2685,62,measure
2026-09-11T01:23:14.777+00:00,962.001,335.522,99,21675.7,2685,61,measure
2026-09-11T01:23:15.773+00:00,963.000,332.502,99,21675.7,2685,63,measure
2026-09-11T01:23:16.774+00:00,964.001,320.035,99,21675.7,2685,60,measure
2026-09-11T01:23:17.775+00:00,965.002,309.978,100,21675.7,2685,60,measure
2026-09-11T01:23:18.773+00:00,966.000,316.541,99,21675.7,2685,63,measure
2026-09-11T01:23:19.775+00:00,967.001,319.913,100,21675.7,2685,61,measure
2026-09-11T01:23:20.776+00:00,968.001,312.464,99,21675.7,2685,61,measure
2026-09-11T01:23:21.773+00:00,969.000,312.808,99,21675.7,2685,60,measure
2026-09-11T01:23:22.773+00:00,970.000,314.343,100,21675.7,2685,62,measure
2026-09-11T01:23:21.274+00:00,971.000,310.745,99,21675.7,2685,63,measure
2026-09-11T01:23:22.275+00:00,972.001,312.019,99,21675.7,2685,60,measure
2026-09-11T01:23:23.275+00:00,973.000,317.099,99,21675.7,2685,63,measure
2026-09-11T01:23:24.276+00:00,974.000,328.872,100,21675.7,2685,61,measure
2026-09-11T01:23:25.278+00:00,975.005,310.772,99,21675.7,2685,60,measure
2026-09-11T01:23:26.274+00:00,976.001,321.758,99,21675.7,2685,64,measure
2026-09-11T01:23:27.274+00:00,977.001,317.039,99,21675.7,2685,61,measure
2026-09-11T01:23:28.275+00:00,978.001,353.905,99,21675.7,2685,62,measure
2026-09-11T01:23:29.279+00:00,979.001,351.774,99,21675.7,2685,63,measure
2026-09-11T01:23:30.276+00:00,980.000,352.194,99,21675.7,2685,62,measure
2026-09-11T01:23:31.274+00:00,981.000,347.07,100,21675.7,2685,62,measure
2026-09-11T01:23:32.274+00:00,982.000,329.52,99,21675.7,2685,62,measure
2026-09-11T01:23:33.274+00:00,983.000,316.781,99,21675.7,2685,61,measure
2026-09-11T01:23:34.274+00:00,984.001,303.943,99,21675.7,2685,60,measure
2026-09-11T01:23:35.284+00:00,985.010,298.583,99,21675.7,2685,60,measure
2026-09-11T01:23:36.280+00:00,986.006,308.138,99,21675.7,2685,61,measure
2026-09-11T01:23:37.277+00:00,987.004,307.271,100,21675.7,2685,60,measure
2026-09-11T01:23:38.274+00:00,988.000,326.624,99,21675.7,2685,62,measure
2026-09-11T01:23:39.275+00:00,989.000,320.033,99,21675.7,2685,61,measure
2026-09-11T01:23:40.274+00:00,990.000,314.056,99,21675.7,2685,60,measure
2026-09-11T01:23:41.275+00:00,991.000,323.715,99,21675.7,2685,61,measure
2026-09-11T01:23:42.276+00:00,992.001,329.838,99,21675.7,2685,63,measure
2026-09-11T01:23:43.274+00:00,993.000,333.245,99,21675.7,2685,61,measure
2026-09-11T01:23:44.274+00:00,994.000,351.498,99,21675.7,2685,62,measure
2026-09-11T01:23:45.274+00:00,995.000,330.902,99,21675.7,2685,61,measure
2026-09-11T01:23:46.276+00:00,996.002,333.209,99,21675.7,2685,62,measure
2026-09-11T01:23:47.276+00:00,997.000,333.981,99,21675.7,2685,63,measure
2026-09-11T01:23:48.278+00:00,998.004,343.993,99,21675.7,2685,63,measure
2026-09-11T01:23:49.274+00:00,999.001,323.193,99,21675.7,2685,62,measure
2026-09-11T01:23:50.276+00:00,1000.002,324.183,99,21675.7,2685,61,measure
2026-09-11T01:23:51.276+00:00,1001.003,307.295,99,21675.7,2685,60,measure
2026-09-11T01:23:52.279+00:00,1002.004,315.718,99,21675.7,2685,60,measure
2026-09-11T01:23:50.778+00:00,1003.001,309.721,99,21675.7,2685,60,measure
2026-09-11T01:23:51.777+00:00,1004.000,325.562,99,21675.7,2685,61,measure
2026-09-11T01:23:52.776+00:00,1005.000,314.905,99,21675.7,2685,61,measure
2026-09-11T01:23:53.776+00:00,1006.000,316.58,99,21675.7,2685,61,measure
2026-09-11T01:23:54.776+00:00,1007.000,318.237,100,21675.7,2685,60,measure
2026-09-11T01:23:55.776+00:00,1008.000,316.35,99,21675.7,2685,61,measure
2026-09-11T01:23:56.781+00:00,1009.001,326.566,100,21675.7,2685,62,measure
2026-09-11T01:23:57.777+00:00,1010.000,314.574,99,21675.7,2685,61,measure
2026-09-11T01:23:58.780+00:00,1011.004,311.75,99,21675.7,2685,61,measure
2026-09-11T01:23:59.783+00:00,1012.008,326.286,99,21675.7,2685,63,measure
2026-09-11T01:24:00.827+00:00,1013.051,343.931,99,21675.7,2685,65,measure
2026-09-11T01:24:01.859+00:00,1014.034,344.58,99,21675.7,2640,65,measure
2026-09-11T01:24:02.778+00:00,1015.001,352.525,99,21675.7,2685,62,measure
2026-09-11T01:24:03.800+00:00,1016.025,346.801,99,21675.7,2685,64,measure
2026-09-11T01:24:04.785+00:00,1017.010,319.549,99,21675.7,2685,62,measure
2026-09-11T01:24:05.789+00:00,1018.013,317.207,99,21675.7,2685,62,measure
2026-09-11T01:24:06.789+00:00,1019.014,309.112,99,21675.7,2685,64,measure
2026-09-11T01:24:07.780+00:00,1020.003,318.138,99,21675.7,2685,61,measure
2026-09-11T01:24:08.780+00:00,1021.004,327.049,99,21675.7,2685,62,measure
2026-09-11T01:24:09.777+00:00,1022.001,336.287,99,21675.7,2685,62,measure
2026-09-11T01:24:10.784+00:00,1023.009,323.198,99,21675.7,2685,61,measure
2026-09-11T01:24:11.775+00:00,1024.000,332.077,99,21675.7,2685,62,measure
2026-09-11T01:24:12.776+00:00,1025.000,321.889,99,21675.7,2685,61,measure
2026-09-11T01:24:13.777+00:00,1026.001,331.028,99,21675.7,2685,61,measure
2026-09-11T01:24:14.777+00:00,1027.000,327.373,99,21675.7,2685,62,measure
2026-09-11T01:24:15.776+00:00,1028.000,317.567,100,21675.7,2685,61,measure
2026-09-11T01:24:16.776+00:00,1029.001,320.086,99,21675.7,2685,61,measure
2026-09-11T01:24:17.776+00:00,1030.000,320.11,99,21675.7,2685,61,measure
2026-09-11T01:24:18.776+00:00,1031.001,313.435,99,21675.7,2685,61,measure
2026-09-11T01:24:19.819+00:00,1032.000,317.53,99,21675.7,2685,61,measure
2026-09-11T01:24:20.777+00:00,1033.001,328.975,99,21675.7,2685,62,measure
2026-09-11T01:24:21.776+00:00,1034.000,339.595,99,21675.7,2685,63,measure
2026-09-11T01:24:22.776+00:00,1035.000,350.603,99,21675.7,2685,66,measure
2026-09-11T01:24:21.261+00:00,1036.002,354.781,99,21675.7,2685,62,measure
2026-09-11T01:24:22.258+00:00,1037.000,349.563,99,21675.7,2685,67,measure
2026-09-11T01:24:23.259+00:00,1038.001,353.023,99,21675.7,2685,62,measure
2026-09-11T01:24:24.259+00:00,1039.000,338.892,99,21675.7,2685,62,measure
2026-09-11T01:24:25.258+00:00,1040.000,337.075,99,21675.7,2685,62,measure
2026-09-11T01:24:26.259+00:00,1041.001,315.5,99,21675.7,2685,61,measure
2026-09-11T01:24:27.258+00:00,1042.000,306.299,100,21675.7,2685,61,measure
2026-09-11T01:24:28.260+00:00,1043.001,309.46,99,21675.7,2685,62,measure
2026-09-11T01:24:29.260+00:00,1044.001,311.147,99,21675.7,2685,61,measure
2026-09-11T01:24:30.259+00:00,1045.000,312.576,99,21675.7,2685,63,measure
2026-09-11T01:24:31.258+00:00,1046.001,323.929,99,21675.7,2685,62,measure
2026-09-11T01:24:32.258+00:00,1047.001,326.41,99,21675.7,2685,63,measure
2026-09-11T01:24:33.258+00:00,1048.000,326.965,100,21675.7,2685,64,measure
2026-09-11T01:24:34.258+00:00,1049.000,307.856,99,21675.7,2685,61,measure
2026-09-11T01:24:35.259+00:00,1050.000,319.103,99,21675.7,2685,61,measure
2026-09-11T01:24:36.259+00:00,1051.000,313.32,99,21675.7,2685,62,measure
2026-09-11T01:24:37.258+00:00,1052.000,334.657,99,21675.7,2685,64,measure
2026-09-11T01:24:38.258+00:00,1053.000,322.207,99,21675.7,2685,61,measure
2026-09-11T01:24:39.258+00:00,1054.000,310.397,99,21675.7,2685,61,measure
2026-09-11T01:24:40.259+00:00,1055.001,316.543,99,21675.7,2685,61,measure
2026-09-11T01:24:41.265+00:00,1056.004,325.483,99,21675.7,2685,63,measure
2026-09-11T01:24:42.265+00:00,1057.007,319.712,100,21675.7,2685,62,measure
2026-09-11T01:24:43.259+00:00,1058.001,328.875,99,21675.7,2685,62,measure
2026-09-11T01:24:44.258+00:00,1059.000,326.347,99,21675.7,2685,62,measure
2026-09-11T01:24:45.258+00:00,1060.000,316.86,100,21675.7,2685,61,measure
2026-09-11T01:24:46.258+00:00,1061.001,324.231,99,21675.7,2685,64,measure
2026-09-11T01:24:47.259+00:00,1062.000,312.584,99,21675.7,2685,61,measure
2026-09-11T01:24:48.261+00:00,1063.000,326.743,99,21675.7,2685,63,measure
2026-09-11T01:24:49.298+00:00,1064.000,335.682,99,21675.7,2595,62,measure
2026-09-11T01:24:50.288+00:00,1065.000,345.758,99,21675.7,2685,65,measure
2026-09-11T01:24:51.260+00:00,1066.001,341.472,99,21675.7,2685,62,measure
2026-09-11T01:24:52.258+00:00,1067.000,327.826,100,21675.7,2685,62,measure
2026-09-11T01:24:53.260+00:00,1068.001,323.273,100,21675.7,2685,62,measure
2026-09-11T01:24:51.773+00:00,1069.001,319.548,99,21675.7,2685,62,measure
2026-09-11T01:24:52.769+00:00,1070.001,313.464,99,21675.7,2685,63,measure
2026-09-11T01:24:53.768+00:00,1071.001,313.254,99,21675.7,2685,62,measure
2026-09-11T01:24:54.769+00:00,1072.001,307.658,100,21675.7,2685,61,measure
2026-09-11T01:24:55.769+00:00,1073.000,308.924,99,21675.7,2685,61,measure
2026-09-11T01:24:56.770+00:00,1074.000,307.626,99,21675.7,2685,60,measure
2026-09-11T01:24:57.771+00:00,1075.001,314.378,99,21675.7,2685,63,measure
2026-09-11T01:24:58.768+00:00,1076.000,308.363,100,21675.7,2685,61,measure
2026-09-11T01:24:59.768+00:00,1077.000,303.2,100,21675.7,2685,61,measure
2026-09-11T01:25:00.768+00:00,1078.000,310.489,100,21675.7,2685,60,measure
2026-09-11T01:25:01.768+00:00,1079.000,303.172,99,21675.7,2685,60,measure
2026-09-11T01:25:02.770+00:00,1080.000,318.945,99,21675.7,2685,61,measure
2026-09-11T01:25:03.771+00:00,1081.000,310.165,99,21675.7,2685,61,measure
2026-09-11T01:25:04.776+00:00,1082.008,332.472,99,21675.7,2685,62,measure
2026-09-11T01:25:05.768+00:00,1083.000,307.089,100,21675.7,2685,61,measure
2026-09-11T01:25:06.768+00:00,1084.000,312.118,99,21675.7,2685,61,measure
2026-09-11T01:25:07.769+00:00,1085.000,306.619,99,21675.7,2685,63,measure
2026-09-11T01:25:08.770+00:00,1086.001,318.863,99,21675.7,2685,61,measure
2026-09-11T01:25:09.770+00:00,1087.001,330.642,100,21675.7,2685,62,measure
2026-09-11T01:25:10.768+00:00,1088.001,311.863,100,21675.7,2685,62,measure
2026-09-11T01:25:11.768+00:00,1089.000,311.994,99,21675.7,2685,66,measure
2026-09-11T01:25:12.768+00:00,1090.000,317.362,100,21675.7,2685,61,measure
2026-09-11T01:25:13.769+00:00,1091.001,343.75,99,21675.7,2685,62,measure
2026-09-11T01:25:14.784+00:00,1092.001,351.478,99,21675.7,2685,62,measure
2026-09-11T01:25:15.770+00:00,1093.000,341.505,99,21675.7,2685,64,measure
2026-09-11T01:25:16.768+00:00,1094.000,333.674,99,21675.7,2685,62,measure
2026-09-11T01:25:17.769+00:00,1095.001,313.351,99,21675.7,2685,62,measure
2026-09-11T01:25:18.769+00:00,1096.000,320.002,99,21675.7,2685,61,measure
2026-09-11T01:25:19.769+00:00,1097.001,322.586,99,21675.7,2685,64,measure
2026-09-11T01:25:20.770+00:00,1098.001,345.675,99,21675.7,2685,68,measure
2026-09-11T01:25:21.769+00:00,1099.001,330.15,100,21675.7,2685,63,measure
2026-09-11T01:25:22.768+00:00,1100.001,327.884,99,21675.7,2685,62,measure
2026-09-11T01:25:21.276+00:00,1101.002,315.781,99,21675.7,2685,61,measure
2026-09-11T01:25:22.274+00:00,1102.000,312.986,99,21675.7,2685,62,measure
2026-09-11T01:25:23.275+00:00,1103.000,314.156,99,21675.7,2685,61,measure
2026-09-11T01:25:24.276+00:00,1104.001,328.837,99,21675.7,2685,62,measure
2026-09-11T01:25:25.276+00:00,1105.000,345.027,99,21675.7,2685,62,measure
2026-09-11T01:25:26.359+00:00,1106.083,340.833,99,21675.7,2685,62,measure
2026-09-11T01:25:27.352+00:00,1107.076,352.92,100,21675.7,2685,64,measure
2026-09-11T01:25:28.351+00:00,1108.077,333.072,99,21675.7,2685,62,measure
2026-09-11T01:25:29.329+00:00,1109.055,318.664,100,21675.7,2685,61,measure
2026-09-11T01:25:30.279+00:00,1110.000,302.934,99,21675.7,2685,60,measure
2026-09-11T01:25:31.276+00:00,1111.001,312.439,99,21675.7,2685,61,measure
2026-09-11T01:25:32.276+00:00,1112.002,307.874,99,21675.7,2685,61,measure
2026-09-11T01:25:33.275+00:00,1113.000,319.932,100,21675.7,2685,61,measure
2026-09-11T01:25:34.275+00:00,1114.001,307.664,99,21675.7,2685,61,measure
2026-09-11T01:25:35.275+00:00,1115.001,311.748,99,21675.7,2685,62,measure
2026-09-11T01:25:36.280+00:00,1116.000,312.244,99,21675.7,2685,61,measure
2026-09-11T01:25:37.275+00:00,1117.000,315.484,99,21675.7,2685,61,measure
2026-09-11T01:25:38.276+00:00,1118.002,316.756,99,21675.7,2685,61,measure
2026-09-11T01:25:39.275+00:00,1119.001,331.327,99,21675.7,2685,63,measure
2026-09-11T01:25:40.282+00:00,1120.006,331.498,99,21675.7,2685,62,measure
2026-09-11T01:25:41.280+00:00,1121.005,328.194,99,21675.7,2685,62,measure
2026-09-11T01:25:42.278+00:00,1122.003,313.072,99,21675.7,2685,61,measure
2026-09-11T01:25:43.276+00:00,1123.002,311.663,99,21675.7,2685,61,measure
2026-09-11T01:25:44.294+00:00,1124.020,309.829,100,21675.7,2685,61,measure
2026-09-11T01:25:45.294+00:00,1125.019,309.72,99,21675.7,2685,62,measure
2026-09-11T01:25:46.293+00:00,1126.019,309.553,99,21675.7,2685,61,measure
2026-09-11T01:25:47.293+00:00,1127.019,309.227,99,21675.7,2685,64,measure
2026-09-11T01:25:48.293+00:00,1128.018,305.866,99,21675.7,2685,61,measure
2026-09-11T01:25:49.294+00:00,1129.018,311.134,99,21675.7,2685,61,measure
2026-09-11T01:25:50.294+00:00,1130.018,329.324,99,21675.7,2685,62,measure
2026-09-11T01:25:51.292+00:00,1131.018,336.065,99,21675.7,2685,62,measure
2026-09-11T01:25:52.292+00:00,1132.018,328.418,99,21675.7,2685,62,measure
2026-09-11T01:25:50.792+00:00,1133.017,306.778,100,21675.7,2685,61,measure
2026-09-11T01:25:51.790+00:00,1134.013,298.915,99,21675.7,2685,60,measure
2026-09-11T01:25:52.788+00:00,1135.013,315.379,99,21675.7,2685,62,measure
2026-09-11T01:25:53.790+00:00,1136.013,332.015,100,21675.7,2685,62,measure
2026-09-11T01:25:54.791+00:00,1137.013,320.675,99,21675.7,2685,61,measure
2026-09-11T01:25:55.787+00:00,1138.012,327.58,99,21675.7,2685,61,measure
2026-09-11T01:25:56.795+00:00,1139.012,344.255,99,21675.7,2685,63,measure
2026-09-11T01:25:57.787+00:00,1140.012,340.42,100,21675.7,2685,64,measure
2026-09-11T01:25:58.779+00:00,1141.004,328.687,99,21675.7,2685,61,measure
2026-09-11T01:25:59.784+00:00,1142.009,318.808,99,21675.7,2685,63,measure
2026-09-11T01:26:00.785+00:00,1143.009,308.58,99,21675.7,2685,61,measure
2026-09-11T01:26:01.786+00:00,1144.010,316.982,99,21675.7,2685,61,measure
2026-09-11T01:26:02.785+00:00,1145.010,315.058,99,21675.7,2685,61,measure
2026-09-11T01:26:03.779+00:00,1146.004,311.935,99,21675.7,2685,64,measure
2026-09-11T01:26:04.786+00:00,1147.009,307.935,99,21675.7,2685,61,measure
2026-09-11T01:26:05.777+00:00,1148.002,326.962,99,21675.7,2685,61,measure
2026-09-11T01:26:06.783+00:00,1149.008,336.094,99,21675.7,2685,62,measure
2026-09-11T01:26:07.785+00:00,1150.007,338.493,100,21675.7,2685,62,measure
2026-09-11T01:26:08.783+00:00,1151.007,326.099,99,21675.7,2685,61,measure
2026-09-11T01:26:09.782+00:00,1152.007,316.816,100,21675.7,2685,62,measure
2026-09-11T01:26:10.780+00:00,1153.005,330.35,99,21675.7,2685,61,measure
2026-09-11T01:26:11.803+00:00,1154.002,341.914,99,21675.7,2595,62,measure
2026-09-11T01:26:12.781+00:00,1155.006,372.07,99,21675.7,2685,63,measure
2026-09-11T01:26:13.782+00:00,1156.005,359.841,99,21675.7,2685,62,measure
2026-09-11T01:26:14.783+00:00,1157.003,349.813,99,21675.7,2685,63,measure
2026-09-11T01:26:15.779+00:00,1158.004,346.617,99,21675.7,2685,65,measure
2026-09-11T01:26:16.779+00:00,1159.005,339.403,99,21675.7,2685,62,measure
2026-09-11T01:26:17.781+00:00,1160.004,347.903,99,21675.7,2685,62,measure
2026-09-11T01:26:18.779+00:00,1161.004,342.114,99,21675.7,2685,64,measure
2026-09-11T01:26:19.780+00:00,1162.004,351.568,100,21675.7,2685,63,measure
2026-09-11T01:26:20.783+00:00,1163.004,333.716,99,21675.7,2685,63,measure
2026-09-11T01:26:21.776+00:00,1164.000,331.001,99,21675.7,2685,65,measure
2026-09-11T01:26:22.776+00:00,1165.001,332.001,100,21675.7,2685,63,measure
2026-09-11T01:26:21.273+00:00,1166.001,314.707,99,21675.7,2685,62,measure
2026-09-11T01:26:22.272+00:00,1167.000,312.67,99,21675.7,2685,62,measure
2026-09-11T01:26:23.273+00:00,1168.000,306.968,99,21675.7,2685,61,measure
2026-09-11T01:26:24.274+00:00,1169.000,321.263,99,21675.7,2685,61,measure
2026-09-11T01:26:25.276+00:00,1170.000,343.489,99,21675.7,2685,65,measure
2026-09-11T01:26:26.273+00:00,1171.001,348.849,99,21675.7,2685,63,measure
2026-09-11T01:26:27.273+00:00,1172.001,331.134,99,21675.7,2685,62,measure
2026-09-11T01:26:28.275+00:00,1173.001,324.833,99,21675.7,2685,61,measure
2026-09-11T01:26:29.274+00:00,1174.002,320.97,99,21675.7,2685,62,measure
2026-09-11T01:26:30.293+00:00,1175.001,335.856,99,21675.7,2685,63,measure
2026-09-11T01:26:31.287+00:00,1176.000,341.227,99,21675.7,2685,65,measure
2026-09-11T01:26:32.273+00:00,1177.001,351.104,99,21675.7,2685,64,measure
2026-09-11T01:26:33.274+00:00,1178.002,326.353,100,21675.7,2685,62,measure
2026-09-11T01:26:34.309+00:00,1179.032,319.026,99,21675.7,2685,63,measure
2026-09-11T01:26:35.304+00:00,1180.031,315.897,99,21675.7,2685,61,measure
2026-09-11T01:26:36.326+00:00,1181.054,331.366,99,21675.7,2685,63,measure
2026-09-11T01:26:37.341+00:00,1182.065,336.029,100,21675.7,2685,62,measure
2026-09-11T01:26:38.282+00:00,1183.009,336.726,99,21675.7,2685,62,measure
2026-09-11T01:26:39.280+00:00,1184.007,331.409,99,21675.7,2685,63,measure
2026-09-11T01:26:40.275+00:00,1185.003,308.823,99,21675.7,2685,61,measure
2026-09-11T01:26:41.273+00:00,1186.001,315.828,99,21675.7,2685,62,measure
2026-09-11T01:26:42.274+00:00,1187.000,311.17,100,21675.7,2685,61,measure
2026-09-11T01:26:43.275+00:00,1188.002,311.055,99,21675.7,2685,63,measure
2026-09-11T01:26:44.293+00:00,1189.020,303.535,100,21675.7,2685,61,measure
2026-09-11T01:26:45.297+00:00,1190.025,307.261,100,21675.7,2685,61,measure
2026-09-11T01:26:46.273+00:00,1191.001,311.218,99,21675.7,2685,62,measure
2026-09-11T01:26:47.282+00:00,1192.007,307.947,99,21675.7,2685,61,measure
2026-09-11T01:26:48.275+00:00,1193.001,309.041,99,21675.7,2685,61,measure
2026-09-11T01:26:49.275+00:00,1194.001,299.039,100,21675.7,2685,62,measure
2026-09-11T01:26:50.274+00:00,1195.001,309.229,99,21675.7,2685,63,measure
2026-09-11T01:26:51.273+00:00,1196.001,312.71,99,21675.7,2685,61,measure
2026-09-11T01:26:52.276+00:00,1197.004,304.731,99,21675.7,2685,61,measure
2026-09-11T01:26:50.789+00:00,1198.016,292.462,99,21675.7,2685,60,measure
2026-09-11T01:26:51.778+00:00,1199.001,292.443,99,21675.7,2685,60,measure
2026-09-11T01:26:52.776+00:00,1200.001,299.89,99,21675.7,2685,60,measure
2026-09-11T01:26:53.775+00:00,1201.001,308.383,99,21675.7,2685,61,measure
2026-09-11T01:26:54.775+00:00,1202.001,324.162,99,21675.7,2685,62,measure
2026-09-11T01:26:55.775+00:00,1203.000,327.429,99,21675.7,2685,62,measure
2026-09-11T01:26:56.774+00:00,1204.001,333.061,99,21675.7,2685,63,measure
2026-09-11T01:26:57.777+00:00,1205.001,336.774,99,21675.7,2685,62,measure
2026-09-11T01:26:58.797+00:00,1206.023,333.236,99,21675.7,2685,62,measure
2026-09-11T01:26:59.785+00:00,1207.012,345.666,99,21675.7,2685,63,measure
2026-09-11T01:27:00.791+00:00,1208.014,362.993,99,21675.7,2685,63,measure
2026-09-11T01:27:01.774+00:00,1209.000,338.98,99,21675.7,2685,66,measure
2026-09-11T01:27:02.786+00:00,1210.013,345.2,99,21675.7,2685,63,measure
2026-09-11T01:27:03.782+00:00,1211.008,329.012,99,21675.7,2685,64,measure
2026-09-11T01:27:04.781+00:00,1212.007,307.838,100,21675.7,2685,61,measure
2026-09-11T01:27:05.777+00:00,1213.003,311.86,99,21675.7,2685,61,measure
2026-09-11T01:27:06.774+00:00,1214.000,305.379,99,21675.7,2685,61,measure
2026-09-11T01:27:07.776+00:00,1215.002,321.518,99,21675.7,2685,65,measure
2026-09-11T01:27:08.774+00:00,1216.001,333.55,100,21675.7,2685,62,measure
2026-09-11T01:27:09.776+00:00,1217.001,318.153,99,21675.7,2685,62,measure
2026-09-11T01:27:10.775+00:00,1218.001,320.823,99,21675.7,2685,64,measure
2026-09-11T01:27:11.774+00:00,1219.000,307.344,99,21675.7,2685,62,measure
2026-09-11T01:27:12.779+00:00,1220.003,314.305,99,21675.7,2685,64,measure
2026-09-11T01:27:13.774+00:00,1221.000,330.746,99,21675.7,2685,62,measure
2026-09-11T01:27:14.776+00:00,1222.002,334.056,99,21675.7,2685,62,measure
2026-09-11T01:27:15.780+00:00,1223.001,340.62,99,21675.7,2685,63,measure
2026-09-11T01:27:16.775+00:00,1224.001,349.357,99,21675.7,2685,66,measure
2026-09-11T01:27:17.774+00:00,1225.001,351.645,99,21675.7,2685,62,measure
2026-09-11T01:27:18.774+00:00,1226.000,344.697,99,21675.7,2685,62,measure
2026-09-11T01:27:19.776+00:00,1227.002,330.447,99,21675.7,2685,65,measure
2026-09-11T01:27:20.775+00:00,1228.001,337.1,99,21675.7,2685,64,measure
2026-09-11T01:27:21.801+00:00,1229.025,330.125,99,21675.7,2685,63,measure
2026-09-11T01:27:22.776+00:00,1230.003,349.669,99,21675.7,2685,69,measure
2026-09-11T01:27:21.302+00:00,1231.019,339.883,99,21675.7,2685,63,measure
2026-09-11T01:27:22.288+00:00,1232.006,338.201,99,21675.7,2685,63,measure
2026-09-11T01:27:23.283+00:00,1233.000,319.898,99,21675.7,2685,61,measure
2026-09-11T01:27:24.283+00:00,1234.001,310.373,100,21675.7,2685,63,measure
2026-09-11T01:27:25.285+00:00,1235.001,316.899,99,21675.7,2685,61,measure
2026-09-11T01:27:26.284+00:00,1236.001,312.088,99,21675.7,2685,61,measure
2026-09-11T01:27:27.283+00:00,1237.001,308.857,99,21675.7,2685,62,measure
2026-09-11T01:27:28.283+00:00,1238.001,305.947,100,21675.7,2685,62,measure
2026-09-11T01:27:29.283+00:00,1239.000,309.73,99,21675.7,2685,61,measure
2026-09-11T01:27:30.284+00:00,1240.001,309.555,99,21675.7,2685,61,measure
2026-09-11T01:27:31.287+00:00,1241.001,315.163,99,21675.7,2685,63,measure
2026-09-11T01:27:32.283+00:00,1242.001,310.712,99,21675.7,2685,62,measure
2026-09-11T01:27:33.293+00:00,1243.010,313.112,99,21675.7,2685,61,measure
2026-09-11T01:27:34.283+00:00,1244.001,319.081,99,21675.7,2685,61,measure
2026-09-11T01:27:35.284+00:00,1245.001,321.14,99,21675.7,2685,61,measure
2026-09-11T01:27:36.283+00:00,1246.000,332.478,99,21675.7,2685,63,measure
2026-09-11T01:27:37.284+00:00,1247.001,327.872,99,21675.7,2685,62,measure
2026-09-11T01:27:38.283+00:00,1248.001,331.143,99,21675.7,2685,61,measure
2026-09-11T01:27:39.283+00:00,1249.000,308.788,99,21675.7,2685,61,measure
2026-09-11T01:27:40.286+00:00,1250.002,304.697,99,21675.7,2685,61,measure
2026-09-11T01:27:41.284+00:00,1251.002,300.716,99,21675.7,2685,61,measure
2026-09-11T01:27:42.285+00:00,1252.001,311.585,99,21675.7,2685,63,measure
2026-09-11T01:27:43.287+00:00,1253.001,323.085,99,21675.7,2685,63,measure
2026-09-11T01:27:44.283+00:00,1254.001,326.81,99,21675.7,2685,62,measure
2026-09-11T01:27:45.283+00:00,1255.001,330.312,99,21675.7,2685,64,measure
2026-09-11T01:27:46.283+00:00,1256.001,308.136,100,21675.7,2685,63,measure
2026-09-11T01:27:47.294+00:00,1257.007,307.476,100,21675.7,2685,61,measure
2026-09-11T01:27:48.297+00:00,1258.014,303.11,99,21675.7,2685,60,measure
2026-09-11T01:27:49.286+00:00,1259.001,323.606,99,21675.7,2685,63,measure
2026-09-11T01:27:50.283+00:00,1260.001,322.797,99,21675.7,2685,62,measure
2026-09-11T01:27:51.283+00:00,1261.000,350.849,99,21675.7,2685,62,measure
2026-09-11T01:27:52.284+00:00,1262.002,331.723,99,21675.7,2685,62,measure
2026-09-11T01:27:53.283+00:00,1263.000,344.923,99,21675.7,2685,62,measure
2026-09-11T01:27:51.764+00:00,1264.001,337.168,99,21675.7,2685,62,measure
2026-09-11T01:27:52.762+00:00,1265.000,333.988,100,21675.7,2685,62,measure
2026-09-11T01:27:53.762+00:00,1266.001,320.945,100,21675.7,2685,61,measure
2026-09-11T01:27:54.761+00:00,1267.000,312.926,99,21675.7,2685,62,measure
2026-09-11T01:27:55.761+00:00,1268.001,330.037,99,21675.7,2685,62,measure
2026-09-11T01:27:56.763+00:00,1269.002,332.695,99,21675.7,2685,62,measure
2026-09-11T01:27:57.780+00:00,1270.000,326.766,99,21675.7,2685,62,measure
2026-09-11T01:27:58.764+00:00,1271.002,309.11,99,21675.7,2685,61,measure
2026-09-11T01:27:59.762+00:00,1272.002,295.598,99,21675.7,2685,60,measure
2026-09-11T01:28:00.762+00:00,1273.001,295.366,99,21675.7,2685,60,measure
2026-09-11T01:28:01.762+00:00,1274.001,306.567,99,21675.7,2685,61,measure
2026-09-11T01:28:02.761+00:00,1275.000,302.479,99,21675.7,2685,61,measure
2026-09-11T01:28:03.762+00:00,1276.001,307.826,99,21675.7,2685,61,measure
2026-09-11T01:28:04.764+00:00,1277.001,317.55,99,21675.7,2685,61,measure
2026-09-11T01:28:05.762+00:00,1278.001,333.685,99,21675.7,2685,63,measure
2026-09-11T01:28:06.761+00:00,1279.000,335.475,99,21675.7,2685,62,measure
2026-09-11T01:28:07.763+00:00,1280.001,353.1,99,21675.7,2685,64,measure
2026-09-11T01:28:08.761+00:00,1281.001,338.688,99,21675.7,2685,63,measure
2026-09-11T01:28:09.763+00:00,1282.001,323.976,99,21675.7,2685,62,measure
2026-09-11T01:28:10.765+00:00,1283.002,303.183,99,21675.7,2685,61,measure
2026-09-11T01:28:11.762+00:00,1284.002,305.52,99,21675.7,2685,61,measure
2026-09-11T01:28:12.761+00:00,1285.001,316.608,99,21675.7,2685,61,measure
2026-09-11T01:28:13.762+00:00,1286.002,329.975,99,21675.7,2685,63,measure
2026-09-11T01:28:14.767+00:00,1287.004,342.182,99,21675.7,2685,62,measure
2026-09-11T01:28:15.768+00:00,1288.002,336.5,99,21675.7,2685,62,measure
2026-09-11T01:28:16.774+00:00,1289.013,315.23,100,21675.7,2685,61,measure
2026-09-11T01:28:17.773+00:00,1290.013,317.287,99,21675.7,2685,62,measure
2026-09-11T01:28:18.777+00:00,1291.012,307.655,100,21675.7,2685,61,measure
2026-09-11T01:28:19.774+00:00,1292.012,312.108,99,21675.7,2685,65,measure
2026-09-11T01:28:20.773+00:00,1293.012,316.285,99,21675.7,2685,65,measure
2026-09-11T01:28:21.770+00:00,1294.009,321.142,99,21675.7,2685,61,measure
2026-09-11T01:28:22.771+00:00,1295.010,305.558,100,21675.7,2685,61,measure
2026-09-11T01:28:21.267+00:00,1296.008,319.874,99,21675.7,2685,61,measure
2026-09-11T01:28:22.268+00:00,1297.009,337.222,99,21675.7,2640,63,measure
2026-09-11T01:28:23.272+00:00,1298.008,354.331,99,21675.7,2685,68,measure
2026-09-11T01:28:24.266+00:00,1299.006,361.497,99,21675.7,2685,63,measure
2026-09-11T01:28:25.261+00:00,1300.000,348.058,99,21675.7,2685,63,measure
2026-09-11T01:28:26.261+00:00,1301.000,327.795,99,21675.7,2685,62,measure
2026-09-11T01:28:27.260+00:00,1302.000,318.263,99,21675.7,2685,61,measure
2026-09-11T01:28:28.259+00:00,1303.000,304.891,99,21675.7,2685,60,measure
2026-09-11T01:28:29.266+00:00,1304.006,316.306,99,21675.7,2685,61,measure
2026-09-11T01:28:30.267+00:00,1305.006,311.69,100,21675.7,2685,61,measure
2026-09-11T01:28:31.265+00:00,1306.005,312.188,100,21675.7,2685,61,measure
2026-09-11T01:28:32.264+00:00,1307.005,317.785,99,21675.7,2685,63,measure
2026-09-11T01:28:33.263+00:00,1308.004,330.939,99,21675.7,2685,61,measure
2026-09-11T01:28:34.308+00:00,1309.003,350.992,99,21675.7,2685,62,measure
2026-09-11T01:28:35.262+00:00,1310.003,345.475,99,21675.7,2610,63,measure
2026-09-11T01:28:36.262+00:00,1311.002,348.798,99,21675.7,2685,62,measure
2026-09-11T01:28:37.262+00:00,1312.001,333.131,99,21675.7,2685,64,measure
2026-09-11T01:28:38.261+00:00,1313.000,328.709,99,21675.7,2685,62,measure
2026-09-11T01:28:39.261+00:00,1314.002,308.665,99,21675.7,2685,61,measure
2026-09-11T01:28:40.264+00:00,1315.004,319.797,99,21675.7,2685,63,measure
2026-09-11T01:28:41.266+00:00,1316.006,307.999,99,21675.7,2685,61,measure
2026-09-11T01:28:42.264+00:00,1317.003,315.256,99,21675.7,2685,61,measure
2026-09-11T01:28:43.262+00:00,1318.001,307.774,99,21675.7,2685,61,measure
2026-09-11T01:28:44.261+00:00,1319.001,312.662,99,21675.7,2685,61,measure
2026-09-11T01:28:45.260+00:00,1320.001,317.031,99,21675.7,2685,62,measure
2026-09-11T01:28:46.264+00:00,1321.004,311.286,99,21675.7,2685,61,measure
2026-09-11T01:28:47.263+00:00,1322.004,330.556,99,21675.7,2685,65,measure
2026-09-11T01:28:48.264+00:00,1323.003,343.33,99,21675.7,2685,62,measure
2026-09-11T01:28:49.265+00:00,1324.002,349.608,100,21675.7,2640,62,measure
2026-09-11T01:28:50.261+00:00,1325.001,333.73,99,21675.7,2685,62,measure
2026-09-11T01:28:51.259+00:00,1326.000,319.537,99,21675.7,2685,64,measure
2026-09-11T01:28:52.259+00:00,1327.000,305.326,99,21675.7,2685,61,measure
2026-09-11T01:28:53.260+00:00,1328.001,294.055,99,21675.7,2685,60,measure
2026-09-11T01:28:51.756+00:00,1329.000,293.942,99,21675.7,2685,60,measure
2026-09-11T01:28:52.762+00:00,1330.000,288.378,99,21675.7,2685,60,measure
2026-09-11T01:28:53.757+00:00,1331.000,290.548,99,21675.7,2685,60,measure
2026-09-11T01:28:54.756+00:00,1332.000,292.284,99,21675.7,2685,60,measure
2026-09-11T01:28:55.756+00:00,1333.001,291.787,100,21675.7,2685,60,measure
2026-09-11T01:28:56.757+00:00,1334.001,306.548,99,21675.7,2685,61,measure
2026-09-11T01:28:57.756+00:00,1335.001,311.772,99,21675.7,2685,61,measure
2026-09-11T01:28:58.760+00:00,1336.002,313.322,99,21675.7,2685,64,measure
2026-09-11T01:28:59.758+00:00,1337.001,317.252,99,21675.7,2685,63,measure
2026-09-11T01:29:00.756+00:00,1338.000,313.315,100,21675.7,2685,63,measure
2026-09-11T01:29:01.756+00:00,1339.000,314.936,99,21675.7,2685,61,measure
2026-09-11T01:29:02.756+00:00,1340.000,320.216,99,21675.7,2685,62,measure
2026-09-11T01:29:03.757+00:00,1341.001,320.157,99,21675.7,2685,61,measure
2026-09-11T01:29:04.758+00:00,1342.001,339.004,99,21675.7,2685,64,measure
2026-09-11T01:29:05.756+00:00,1343.001,317.424,100,21675.7,2685,61,measure
2026-09-11T01:29:06.756+00:00,1344.000,308.562,99,21675.7,2685,61,measure
2026-09-11T01:29:07.756+00:00,1345.000,313.2,99,21675.7,2685,61,measure
2026-09-11T01:29:08.756+00:00,1346.000,311.526,99,21675.7,2685,61,measure
2026-09-11T01:29:09.758+00:00,1347.002,322.137,99,21675.7,2685,62,measure
2026-09-11T01:29:10.757+00:00,1348.000,326.82,99,21675.7,2685,62,measure
2026-09-11T01:29:11.756+00:00,1349.000,312.799,99,21675.7,2685,61,measure
2026-09-11T01:29:12.756+00:00,1350.001,317.299,99,21675.7,2685,63,measure
2026-09-11T01:29:13.757+00:00,1351.001,318.132,99,21675.7,2685,63,measure
2026-09-11T01:29:14.756+00:00,1352.001,320.806,99,21675.7,2685,61,measure
2026-09-11T01:29:15.756+00:00,1353.000,307.437,99,21675.7,2685,61,measure
2026-09-11T01:29:16.757+00:00,1354.000,301.041,99,21675.7,2685,61,measure
2026-09-11T01:29:17.756+00:00,1355.001,298.687,99,21675.7,2685,63,measure
2026-09-11T01:29:18.756+00:00,1356.000,315.448,99,21675.7,2685,62,measure
2026-09-11T01:29:19.759+00:00,1357.001,310.136,100,21675.7,2685,61,measure
2026-09-11T01:29:20.756+00:00,1358.000,305.864,99,21675.7,2685,61,measure
2026-09-11T01:29:21.818+00:00,1359.063,322.118,99,21675.7,2685,62,measure
2026-09-11T01:29:22.833+00:00,1360.078,318.612,99,21675.7,2685,62,measure
2026-09-11T01:29:21.286+00:00,1361.034,328.629,99,21675.7,2685,62,measure
2026-09-11T01:29:22.285+00:00,1362.033,331.868,99,21675.7,2685,63,measure
2026-09-11T01:29:23.286+00:00,1363.033,331.742,99,21675.7,2685,62,measure
2026-09-11T01:29:24.285+00:00,1364.033,312.862,100,21675.7,2685,61,measure
2026-09-11T01:29:25.285+00:00,1365.032,312.427,99,21675.7,2685,61,measure
2026-09-11T01:29:26.263+00:00,1366.010,317.443,99,21675.7,2685,64,measure
2026-09-11T01:29:27.284+00:00,1367.032,305.814,99,21675.7,2685,61,measure
2026-09-11T01:29:28.260+00:00,1368.007,309.595,100,21675.7,2685,62,measure
2026-09-11T01:29:29.272+00:00,1369.019,320.657,99,21675.7,2685,64,measure
2026-09-11T01:29:30.348+00:00,1370.031,338.926,99,21675.7,2685,62,measure
2026-09-11T01:29:31.254+00:00,1371.001,348.299,99,21675.7,2685,62,measure
2026-09-11T01:29:32.256+00:00,1372.000,353.926,99,21675.7,2685,66,measure
2026-09-11T01:29:33.253+00:00,1373.000,329.687,99,21675.7,2685,63,measure
2026-09-11T01:29:34.252+00:00,1374.000,324.278,99,21675.7,2685,62,measure
2026-09-11T01:29:35.253+00:00,1375.001,321.35,99,21675.7,2685,61,measure
2026-09-11T01:29:36.253+00:00,1376.000,317.892,99,21675.7,2685,62,measure
2026-09-11T01:29:37.254+00:00,1377.000,323.678,99,21675.7,2685,63,measure
2026-09-11T01:29:38.256+00:00,1378.001,311.866,99,21675.7,2685,61,measure
2026-09-11T01:29:39.253+00:00,1379.000,305.934,99,21675.7,2685,62,measure
2026-09-11T01:29:40.254+00:00,1380.001,299.828,99,21675.7,2685,60,measure
2026-09-11T01:29:41.253+00:00,1381.000,297.156,99,21675.7,2685,60,measure
2026-09-11T01:29:42.253+00:00,1382.000,309.488,99,21675.7,2685,62,measure
2026-09-11T01:29:43.254+00:00,1383.000,339.574,99,21675.7,2685,64,measure
2026-09-11T01:29:44.254+00:00,1384.000,331.315,100,21675.7,2685,62,measure
2026-09-11T01:29:45.253+00:00,1385.001,337.431,99,21675.7,2685,63,measure
2026-09-11T01:29:46.260+00:00,1386.007,318.052,100,21675.7,2685,63,measure
2026-09-11T01:29:47.255+00:00,1387.002,308.814,99,21675.7,2685,62,measure
2026-09-11T01:29:48.263+00:00,1388.008,308.415,100,21675.7,2685,61,measure
2026-09-11T01:29:49.255+00:00,1389.001,319.065,99,21675.7,2685,62,measure
2026-09-11T01:29:50.256+00:00,1390.000,331.678,99,21675.7,2685,64,measure
2026-09-11T01:29:51.253+00:00,1391.000,360.472,99,21675.7,2685,62,measure
2026-09-11T01:29:52.253+00:00,1392.000,349.495,100,21675.7,2685,63,measure
2026-09-11T01:29:53.253+00:00,1393.000,333.744,99,21675.7,2685,63,measure
2026-09-11T01:29:51.755+00:00,1394.000,330.585,99,21675.7,2685,62,measure
2026-09-11T01:29:52.756+00:00,1395.000,310.448,99,21675.7,2685,65,measure
2026-09-11T01:29:53.758+00:00,1396.000,316.318,99,21675.7,2685,62,measure
2026-09-11T01:29:54.755+00:00,1397.000,316.661,100,21675.7,2685,61,measure
2026-09-11T01:29:55.755+00:00,1398.000,307.229,99,21675.7,2685,61,measure
2026-09-11T01:29:56.755+00:00,1399.000,321.843,99,21675.7,2685,61,measure
2026-09-11T01:29:57.755+00:00,1400.001,352.597,99,21675.7,2685,65,measure
2026-09-11T01:29:58.756+00:00,1401.000,349.704,99,21675.7,2685,62,measure
2026-09-11T01:29:59.758+00:00,1402.000,339.317,100,21675.7,2685,64,measure
2026-09-11T01:30:00.755+00:00,1403.000,317.858,99,21675.7,2685,61,measure
2026-09-11T01:30:01.756+00:00,1404.001,319.515,99,21675.7,2685,62,measure
2026-09-11T01:30:02.755+00:00,1405.000,313.259,99,21675.7,2685,61,measure
2026-09-11T01:30:03.755+00:00,1406.001,318.709,99,21675.7,2685,61,measure
2026-09-11T01:30:04.757+00:00,1407.000,317.672,99,21675.7,2685,63,measure
2026-09-11T01:30:05.757+00:00,1408.001,332.656,99,21675.7,2685,62,measure
2026-09-11T01:30:06.755+00:00,1409.001,335.426,99,21675.7,2685,64,measure
2026-09-11T01:30:07.755+00:00,1410.001,330.335,99,21675.7,2685,62,measure
2026-09-11T01:30:08.755+00:00,1411.001,342.26,99,21675.7,2685,67,measure
2026-09-11T01:30:09.756+00:00,1412.001,347.968,99,21675.7,2685,64,measure
2026-09-11T01:30:10.757+00:00,1413.000,346.454,99,21675.7,2685,65,measure
2026-09-11T01:30:11.757+00:00,1414.000,334.6,99,21675.7,2685,62,measure
2026-09-11T01:30:12.756+00:00,1415.001,347.422,99,21675.7,2685,64,measure
2026-09-11T01:30:13.760+00:00,1416.005,348.883,99,21675.7,2685,65,measure
2026-09-11T01:30:14.756+00:00,1417.000,343.441,99,21675.7,2685,62,measure
2026-09-11T01:30:15.759+00:00,1418.003,335.984,99,21675.7,2685,65,measure
2026-09-11T01:30:16.760+00:00,1419.001,313.954,99,21675.7,2685,62,measure
2026-09-11T01:30:17.760+00:00,1420.005,318.736,99,21675.7,2685,61,measure
2026-09-11T01:30:18.755+00:00,1421.001,311.198,99,21675.7,2685,62,measure
2026-09-11T01:30:19.758+00:00,1422.003,320.432,99,21675.7,2685,64,measure
2026-09-11T01:30:20.755+00:00,1423.001,312.608,99,21675.7,2685,61,measure
2026-09-11T01:30:21.765+00:00,1424.007,306.059,99,21675.7,2685,61,measure
2026-09-11T01:30:22.760+00:00,1425.004,297.315,99,21675.7,2685,60,measure
2026-09-11T01:30:21.298+00:00,1426.008,310.639,99,21675.7,2685,61,measure
2026-09-11T01:30:22.298+00:00,1427.008,320.237,99,21675.7,2685,64,measure
2026-09-11T01:30:23.297+00:00,1428.006,331.953,99,21675.7,2685,62,measure
2026-09-11T01:30:24.293+00:00,1429.003,313.946,100,21675.7,2685,62,measure
2026-09-11T01:30:25.298+00:00,1430.007,310,100,21675.7,2685,61,measure
2026-09-11T01:30:26.294+00:00,1431.002,296.643,100,21675.7,2685,60,measure
2026-09-11T01:30:27.296+00:00,1432.006,292.503,99,21675.7,2685,60,measure
2026-09-11T01:30:28.292+00:00,1433.001,311.222,99,21675.7,2685,61,measure
2026-09-11T01:30:29.290+00:00,1434.000,315.121,100,21675.7,2685,61,measure
2026-09-11T01:30:30.299+00:00,1435.006,322.404,100,21675.7,2685,62,measure
2026-09-11T01:30:31.297+00:00,1436.005,325.234,99,21675.7,2685,61,measure
2026-09-11T01:30:32.296+00:00,1437.003,337.161,99,21675.7,2685,64,measure
2026-09-11T01:30:33.291+00:00,1438.001,340.786,99,21675.7,2685,63,measure
2026-09-11T01:30:34.291+00:00,1439.001,324.858,99,21675.7,2685,62,measure
2026-09-11T01:30:35.294+00:00,1440.003,312.871,99,21675.7,2685,62,measure
2026-09-11T01:30:36.292+00:00,1441.002,303.341,99,21675.7,2685,60,measure
2026-09-11T01:30:37.291+00:00,1442.001,319.709,99,21675.7,2685,61,measure
2026-09-11T01:30:38.292+00:00,1443.000,324.026,99,21675.7,2685,62,measure
2026-09-11T01:30:39.291+00:00,1444.000,323.274,100,21675.7,2685,62,measure
2026-09-11T01:30:40.291+00:00,1445.001,322.776,99,21675.7,2685,61,measure
2026-09-11T01:30:41.291+00:00,1446.001,312.57,99,21675.7,2685,61,measure
2026-09-11T01:30:42.315+00:00,1447.001,335.119,99,21675.7,2685,63,measure
2026-09-11T01:30:43.290+00:00,1448.000,332.279,99,21675.7,2685,63,measure
2026-09-11T01:30:44.292+00:00,1449.000,327.582,99,21675.7,2685,63,measure
2026-09-11T01:30:45.292+00:00,1450.000,313.672,99,21675.7,2685,61,measure
2026-09-11T01:30:46.291+00:00,1451.000,316.035,99,21675.7,2685,61,measure
2026-09-11T01:30:47.290+00:00,1452.000,314.595,99,21675.7,2685,61,measure
2026-09-11T01:30:48.292+00:00,1453.002,311.202,99,21675.7,2685,62,measure
2026-09-11T01:30:49.292+00:00,1454.001,310.087,99,21675.7,2685,61,measure
2026-09-11T01:30:50.292+00:00,1455.000,332.693,99,21675.7,2685,62,measure
2026-09-11T01:30:51.291+00:00,1456.001,308.772,99,21675.7,2685,62,measure
2026-09-11T01:30:52.292+00:00,1457.002,308.058,100,21675.7,2685,61,measure
2026-09-11T01:30:50.794+00:00,1458.001,301.843,99,21675.7,2685,60,measure
2026-09-11T01:30:51.794+00:00,1459.001,317.848,99,21675.7,2685,61,measure
2026-09-11T01:30:52.794+00:00,1460.000,329.297,99,21675.7,2685,63,measure
2026-09-11T01:30:53.798+00:00,1461.001,325.656,99,21675.7,2685,62,measure
2026-09-11T01:30:54.794+00:00,1462.001,318.959,100,21675.7,2685,61,measure
2026-09-11T01:30:55.793+00:00,1463.000,314.926,99,21675.7,2685,61,measure
2026-09-11T01:30:56.796+00:00,1464.000,315.495,99,21675.7,2685,61,measure
2026-09-11T01:30:57.794+00:00,1465.000,305.071,99,21675.7,2685,61,measure
2026-09-11T01:30:58.795+00:00,1466.001,306.845,99,21675.7,2685,61,measure
2026-09-11T01:30:59.795+00:00,1467.000,310.346,100,21675.7,2685,61,measure
2026-09-11T01:31:00.794+00:00,1468.001,311.32,99,21675.7,2685,63,measure
2026-09-11T01:31:01.794+00:00,1469.000,322.194,99,21675.7,2685,64,measure
2026-09-11T01:31:02.796+00:00,1470.002,329.578,99,21675.7,2685,61,measure
2026-09-11T01:31:03.795+00:00,1471.001,333.111,100,21675.7,2685,62,measure
2026-09-11T01:31:04.795+00:00,1472.000,331.952,99,21675.7,2685,63,measure
2026-09-11T01:31:05.795+00:00,1473.001,336.837,99,21675.7,2685,65,measure
2026-09-11T01:31:06.814+00:00,1474.001,347.117,99,21675.7,2685,63,measure
2026-09-11T01:31:07.801+00:00,1475.001,348.733,99,21675.7,2685,64,measure
2026-09-11T01:31:08.794+00:00,1476.001,339.138,99,21675.7,2685,62,measure
2026-09-11T01:31:09.794+00:00,1477.000,322.453,99,21675.7,2685,61,measure
2026-09-11T01:31:10.801+00:00,1478.005,326.025,99,21675.7,2685,61,measure
2026-09-11T01:31:11.801+00:00,1479.008,322.74,99,21675.7,2685,62,measure
2026-09-11T01:31:12.796+00:00,1480.003,321.163,99,21675.7,2685,62,measure
2026-09-11T01:31:13.800+00:00,1481.004,328.249,99,21675.7,2685,63,measure
2026-09-11T01:31:14.796+00:00,1482.002,336.634,99,21675.7,2685,66,measure
2026-09-11T01:31:15.799+00:00,1483.004,345.261,99,21675.7,2685,63,measure
2026-09-11T01:31:16.795+00:00,1484.000,350.452,99,21675.7,2685,65,measure
2026-09-11T01:31:17.797+00:00,1485.003,349.185,99,21675.7,2685,65,measure
2026-09-11T01:31:18.795+00:00,1486.002,348.156,99,21675.7,2685,63,measure
2026-09-11T01:31:19.800+00:00,1487.007,330.211,99,21675.7,2685,65,measure
2026-09-11T01:31:20.797+00:00,1488.003,323.383,100,21675.7,2685,62,measure
2026-09-11T01:31:21.798+00:00,1489.003,320.952,99,21675.7,2685,61,measure
2026-09-11T01:31:20.320+00:00,1490.007,326.609,100,21675.7,2685,62,measure
2026-09-11T01:31:21.316+00:00,1491.002,335.155,99,21675.7,2685,65,measure
2026-09-11T01:31:22.335+00:00,1492.019,323.397,99,21675.7,2685,62,measure
2026-09-11T01:31:23.317+00:00,1493.004,326.112,99,21675.7,2685,62,measure
2026-09-11T01:31:24.316+00:00,1494.001,317.007,99,21675.7,2685,64,measure
2026-09-11T01:31:25.315+00:00,1495.002,312.583,99,21675.7,2685,61,measure
2026-09-11T01:31:26.316+00:00,1496.001,310.016,99,21675.7,2685,62,measure
2026-09-11T01:31:27.317+00:00,1497.001,321.143,99,21675.7,2685,61,measure
2026-09-11T01:31:28.314+00:00,1498.000,310.87,99,21675.7,2685,61,measure
2026-09-11T01:31:29.315+00:00,1499.001,329.961,99,21675.7,2685,64,measure
2026-09-11T01:31:30.314+00:00,1500.001,340.122,99,21675.7,2685,63,measure
2026-09-11T01:31:31.315+00:00,1501.001,326.61,99,21675.7,2685,63,measure
2026-09-11T01:31:32.315+00:00,1502.001,318.441,99,21675.7,2685,62,measure
2026-09-11T01:31:33.315+00:00,1503.001,310.652,100,21675.7,2685,61,measure
2026-09-11T01:31:34.314+00:00,1504.000,312.227,99,21675.7,2685,62,measure
2026-09-11T01:31:35.314+00:00,1505.000,321.667,99,21675.7,2685,63,measure
2026-09-11T01:31:36.314+00:00,1506.000,304.87,100,21675.7,2685,61,measure
2026-09-11T01:31:37.314+00:00,1507.001,319.181,99,21675.7,2685,62,measure
2026-09-11T01:31:38.315+00:00,1508.000,307.833,99,21675.7,2685,61,measure
2026-09-11T01:31:39.314+00:00,1509.001,295.8,100,21675.7,2685,61,measure
2026-09-11T01:31:40.319+00:00,1510.003,222.118,0,21675.7,2700,60,measure
2026-09-11T01:31:41.314+00:00,1511.000,108.637,0,21675.7,2700,54,measure
2026-09-11T01:31:42.319+00:00,1512.005,65.688,0,21675.7,630,52,measure
2026-09-11T01:31:43.323+00:00,1513.007,39.342,0,21675.7,450,51,measure
2026-09-11T01:31:44.315+00:00,1514.001,36.937,0,21675.7,315,51,measure
2026-09-11T01:31:45.318+00:00,1515.005,35.198,0,21675.7,240,51,measure
2026-09-11T01:31:46.317+00:00,1516.002,33.115,0,21675.7,210,50,measure
2026-09-11T01:31:47.316+00:00,1517.002,28.07,0,21675.7,210,50,measure
2026-09-11T01:31:48.320+00:00,1518.006,22.994,0,21675.7,210,50,measure
2026-09-11T01:31:49.317+00:00,1519.003,19.461,0,21675.7,210,49,measure
2026-09-11T01:31:50.315+00:00,1520.001,17.893,0,21675.7,210,49,measure
2026-09-11T01:31:51.320+00:00,1521.006,17.893,0,21675.7,210,49,measure
2026-09-11T01:31:52.315+00:00,1522.002,17.741,0,21675.7,210,48,measure
2026-09-11T01:31:50.892+00:00,1523.060,17.603,0,21675.7,210,48,measure
2026-09-11T01:31:51.910+00:00,1524.078,17.354,0,21675.7,210,48,measure
2026-09-11T01:31:52.834+00:00,1525.002,17.363,0,21675.7,210,48,measure
2026-09-11T01:31:53.840+00:00,1526.008,17.466,0,21675.7,210,47,measure
2026-09-11T01:31:54.838+00:00,1527.006,17.194,0,21675.7,210,47,measure
2026-09-11T01:31:55.835+00:00,1528.003,17.078,0,21675.7,210,47,measure
2026-09-11T01:31:56.833+00:00,1529.001,17.096,0,21675.7,210,47,measure
2026-09-11T01:31:57.839+00:00,1530.007,16.654,0,21675.7,210,47,measure
2026-09-11T01:31:58.834+00:00,1531.001,16.433,0,21675.7,210,47,measure
2026-09-11T01:31:59.839+00:00,1532.007,16.768,0,21675.7,210,46,measure
2026-09-11T01:32:00.836+00:00,1533.004,16.768,0,21675.7,210,46,measure
2026-09-11T01:32:01.834+00:00,1534.002,16.417,0,21675.7,210,46,measure
2026-09-11T01:32:02.838+00:00,1535.006,16.212,0,21675.7,210,46,measure
2026-09-11T01:32:03.836+00:00,1536.004,16.06,0,21675.7,210,46,measure
2026-09-11T01:32:04.834+00:00,1537.002,16.266,0,21675.7,210,46,measure
2026-09-11T01:32:05.834+00:00,1538.001,16.312,0,21675.7,210,45,measure
2026-09-11T01:32:06.834+00:00,1539.001,16.071,0,21675.7,210,45,measure
2026-09-11T01:32:07.833+00:00,1540.001,15.874,0,21675.7,210,45,measure
2026-09-11T01:32:08.838+00:00,1541.005,15.58,0,21675.7,210,45,measure
2026-09-11T01:32:09.833+00:00,1542.001,15.433,0,21675.7,210,45,measure
2026-09-11T01:32:10.834+00:00,1543.002,15.216,0,21675.7,210,45,measure
2026-09-11T01:32:11.834+00:00,1544.002,14.994,0,21675.7,210,45,measure
2026-09-11T01:32:12.838+00:00,1545.005,15.062,0,21675.7,210,45,measure
2026-09-11T01:32:13.838+00:00,1546.006,15.062,0,21675.7,210,44,measure
2026-09-11T01:32:14.837+00:00,1547.005,15.174,0,21675.7,210,44,measure
2026-09-11T01:32:15.834+00:00,1548.001,15.088,0,21675.7,210,44,measure
2026-09-11T01:32:16.840+00:00,1549.005,15.205,0,21675.7,210,44,measure
2026-09-11T01:32:17.836+00:00,1550.004,15.236,0,21675.7,210,44,measure
2026-09-11T01:32:18.833+00:00,1551.002,15.108,0,21675.7,210,44,measure
2026-09-11T01:32:19.838+00:00,1552.006,15.098,0,21675.7,210,44,measure
2026-09-11T01:32:20.837+00:00,1553.005,14.857,0,21675.7,210,44,measure
2026-09-11T01:32:21.834+00:00,1554.001,14.683,0,21675.7,210,44,measure
2026-09-11T01:32:20.357+00:00,1555.023,14.798,0,21675.7,210,43,measure
2026-09-11T01:32:21.416+00:00,1556.081,14.728,0,21675.7,210,43,measure
2026-09-11T01:32:22.377+00:00,1557.043,14.763,0,21675.7,210,43,measure
2026-09-11T01:32:23.335+00:00,1558.001,14.927,0,21675.7,210,43,measure
2026-09-11T01:32:24.336+00:00,1559.002,14.927,0,21675.7,210,43,measure
2026-09-11T01:32:25.336+00:00,1560.001,14.869,0,21675.7,210,43,measure
2026-09-11T01:32:26.339+00:00,1561.005,14.797,0,21675.7,210,43,measure
2026-09-11T01:32:27.336+00:00,1562.001,14.813,0,21675.7,210,43,measure
2026-09-11T01:32:28.337+00:00,1563.002,14.637,0,21675.7,210,43,measure
2026-09-11T01:32:29.342+00:00,1564.008,14.48,0,21675.7,210,42,measure
2026-09-11T01:32:30.338+00:00,1565.003,14.61,0,21675.7,210,42,measure
2026-09-11T01:32:31.338+00:00,1566.004,14.714,0,21675.7,210,42,measure
2026-09-11T01:32:32.346+00:00,1567.004,14.665,0,21675.7,210,42,measure
2026-09-11T01:32:33.335+00:00,1568.000,14.449,0,21675.7,210,42,measure
2026-09-11T01:32:34.338+00:00,1569.004,14.311,0,21675.7,210,42,measure
2026-09-11T01:32:35.334+00:00,1570.000,14.374,0,21675.7,210,42,measure
2026-09-11T01:32:36.339+00:00,1571.001,14.373,0,21675.7,210,42,measure
