timestamp_iso,t_s,power_w,util_gpu_pct,mem_used_mib,clocks_sm_mhz,temp_c,phase
2026-09-12T13:43:30.770+00:00,0.000,88.972,0,22484.9,2700,51,measure
2026-09-12T13:43:31.776+00:00,1.005,70.927,0,22484.9,555,50,measure
2026-09-12T13:43:32.778+00:00,2.008,40.731,0,22484.9,405,48,measure
2026-09-12T13:43:33.773+00:00,3.002,32.969,0,22484.9,285,48,measure
2026-09-12T13:43:34.778+00:00,4.000,32.734,0,22484.9,225,48,measure
2026-09-12T13:43:35.771+00:00,5.002,33.07,0,22484.9,210,48,measure
2026-09-12T13:43:36.774+00:00,6.003,32.987,0,22484.9,210,47,measure
2026-09-12T13:43:37.776+00:00,7.004,25.734,0,22484.9,210,47,measure
2026-09-12T13:43:38.777+00:00,8.006,23.579,0,22484.9,210,47,measure
2026-09-12T13:43:39.773+00:00,9.003,20.463,0,22484.9,210,47,measure
2026-09-12T13:43:40.771+00:00,10.001,20.061,0,22484.9,210,46,measure
2026-09-12T13:43:41.811+00:00,11.040,20.046,0,22484.9,210,46,measure
2026-09-12T13:43:42.851+00:00,12.080,20.106,0,22484.9,210,46,measure
2026-09-12T13:43:43.810+00:00,13.039,20.007,0,22484.9,210,46,measure
2026-09-12T13:43:44.788+00:00,14.018,19.951,0,22484.9,210,46,measure
2026-09-12T13:43:45.774+00:00,15.004,19.883,0,22484.9,210,45,measure
2026-09-12T13:43:46.770+00:00,16.001,20.118,0,22484.9,210,45,measure
2026-09-12T13:43:47.771+00:00,17.000,19.941,0,22484.9,210,45,measure
2026-09-12T13:43:48.770+00:00,18.000,20.112,0,22484.9,210,45,measure
2026-09-12T13:43:49.770+00:00,19.001,19.918,0,22484.9,210,45,measure
2026-09-12T13:43:50.772+00:00,20.000,19.759,0,22484.9,210,45,measure
2026-09-12T13:43:51.771+00:00,21.000,183.177,99,22484.9,2700,54,measure
2026-09-12T13:43:52.769+00:00,22.000,312.098,99,22484.9,2700,57,measure
2026-09-12T13:43:51.275+00:00,23.000,326.54,99,22484.9,2685,60,measure
2026-09-12T13:43:52.275+00:00,24.000,330.685,99,22484.9,2685,56,measure
2026-09-12T13:43:53.275+00:00,25.001,315.041,99,22484.9,2685,59,measure
2026-09-12T13:43:54.275+00:00,26.000,358.305,99,22484.9,2685,63,measure
2026-09-12T13:43:55.276+00:00,27.000,361.808,99,22484.9,2685,60,measure
2026-09-12T13:43:56.275+00:00,28.000,354.181,99,22484.9,2685,60,measure
2026-09-12T13:43:57.275+00:00,29.000,354.111,99,22484.9,2685,60,measure
2026-09-12T13:43:58.275+00:00,30.000,329.939,99,22484.9,2685,58,measure
2026-09-12T13:43:59.275+00:00,31.001,317.51,99,22484.9,2685,57,measure
2026-09-12T13:44:00.277+00:00,32.001,322.433,99,22484.9,2685,61,measure
2026-09-12T13:44:01.278+00:00,33.000,322.703,99,22484.9,2685,58,measure
2026-09-12T13:44:02.275+00:00,34.000,310.881,99,22484.9,2685,61,measure
2026-09-12T13:44:03.276+00:00,35.001,329.915,99,22484.9,2685,61,measure
2026-09-12T13:44:04.274+00:00,36.000,320.38,99,22484.9,2685,61,measure
2026-09-12T13:44:05.275+00:00,37.001,314.12,99,22484.9,2685,60,measure
2026-09-12T13:44:06.277+00:00,38.000,359.152,99,22484.9,2685,62,measure
2026-09-12T13:44:07.278+00:00,39.000,350.489,99,22484.9,2685,62,measure
2026-09-12T13:44:08.275+00:00,40.000,352.951,99,22484.9,2685,61,measure
2026-09-12T13:44:09.275+00:00,41.000,330.68,99,22484.9,2685,63,measure
2026-09-12T13:44:10.275+00:00,42.000,325.493,99,22484.9,2685,58,measure
2026-09-12T13:44:11.275+00:00,43.000,320.998,99,22484.9,2685,63,measure
2026-09-12T13:44:12.277+00:00,44.001,355.557,99,22484.9,2685,62,measure
2026-09-12T13:44:13.277+00:00,45.001,335.49,99,22484.9,2685,60,measure
2026-09-12T13:44:14.275+00:00,46.001,320.022,99,22484.9,2685,60,measure
2026-09-12T13:44:15.275+00:00,47.000,332.312,99,22484.9,2685,63,measure
2026-09-12T13:44:16.277+00:00,48.000,329.186,99,22484.9,2685,60,measure
2026-09-12T13:44:17.275+00:00,49.000,345.02,99,22484.9,2685,63,measure
2026-09-12T13:44:18.276+00:00,50.000,361.453,99,22484.9,2685,63,measure
2026-09-12T13:44:19.277+00:00,51.000,352.183,99,22484.9,2685,62,measure
2026-09-12T13:44:20.275+00:00,52.000,361.37,99,22484.9,2685,64,measure
2026-09-12T13:44:21.280+00:00,53.000,351.968,99,22484.9,2685,62,measure
2026-09-12T13:44:22.275+00:00,54.000,349.636,99,22484.9,2685,63,measure
2026-09-12T13:44:20.775+00:00,55.000,356.407,99,22484.9,2685,63,measure
2026-09-12T13:44:21.776+00:00,56.000,353.31,99,22484.9,2685,62,measure
2026-09-12T13:44:22.777+00:00,57.000,336.229,99,22484.9,2685,62,measure
2026-09-12T13:44:23.775+00:00,58.000,311.065,99,22484.9,2685,62,measure
2026-09-12T13:44:24.775+00:00,59.001,327.972,99,22484.9,2685,60,measure
2026-09-12T13:44:25.775+00:00,60.000,305.178,99,22484.9,2685,58,measure
2026-09-12T13:44:26.775+00:00,61.001,321.454,99,22484.9,2685,62,measure
2026-09-12T13:44:27.777+00:00,62.001,310.642,99,22484.9,2685,60,measure
2026-09-12T13:44:28.776+00:00,63.000,317.307,99,22484.9,2685,59,measure
2026-09-12T13:44:29.775+00:00,64.001,316.596,99,22484.9,2685,61,measure
2026-09-12T13:44:30.775+00:00,65.001,303.975,99,22484.9,2685,59,measure
2026-09-12T13:44:31.775+00:00,66.000,319.092,99,22484.9,2685,61,measure
2026-09-12T13:44:32.775+00:00,67.001,311.118,99,22484.9,2685,63,measure
2026-09-12T13:44:33.777+00:00,68.001,312.308,99,22484.9,2685,59,measure
2026-09-12T13:44:34.775+00:00,69.001,337.878,99,22484.9,2685,63,measure
2026-09-12T13:44:35.775+00:00,70.000,368.693,99,22484.9,2685,62,measure
2026-09-12T13:44:36.775+00:00,71.001,374.777,99,22484.9,2685,65,measure
2026-09-12T13:44:37.775+00:00,72.000,380.197,99,22484.9,2685,64,measure
2026-09-12T13:44:38.775+00:00,73.001,372.748,99,22484.9,2685,64,measure
2026-09-12T13:44:39.777+00:00,74.001,364.217,99,22484.9,2685,63,measure
2026-09-12T13:44:40.776+00:00,75.001,351.249,99,22484.9,2685,62,measure
2026-09-12T13:44:41.778+00:00,76.003,345.224,99,22484.9,2685,63,measure
2026-09-12T13:44:42.775+00:00,77.000,331.272,99,22484.9,2685,63,measure
2026-09-12T13:44:43.775+00:00,78.000,322.558,99,22484.9,2685,62,measure
2026-09-12T13:44:44.775+00:00,79.001,312.407,99,22484.9,2685,61,measure
2026-09-12T13:44:45.777+00:00,80.001,318.988,99,22484.9,2685,60,measure
2026-09-12T13:44:46.776+00:00,81.001,334.879,99,22484.9,2685,64,measure
2026-09-12T13:44:47.775+00:00,82.000,361.937,99,22484.9,2685,64,measure
2026-09-12T13:44:48.775+00:00,83.000,358.84,99,22484.9,2685,63,measure
2026-09-12T13:44:49.776+00:00,84.001,368.028,99,22484.9,2685,66,measure
2026-09-12T13:44:50.777+00:00,85.001,359.597,99,22484.9,2685,64,measure
2026-09-12T13:44:51.778+00:00,86.000,357.681,99,22484.9,2685,64,measure
2026-09-12T13:44:52.775+00:00,87.000,322.922,99,22484.9,2685,61,measure
2026-09-12T13:44:51.273+00:00,88.000,307.15,99,22484.9,2685,59,measure
2026-09-12T13:44:52.297+00:00,89.024,320.174,99,22484.9,2685,63,measure
2026-09-12T13:44:53.273+00:00,90.000,314.541,99,22484.9,2685,61,measure
2026-09-12T13:44:54.273+00:00,91.000,323.448,99,22484.9,2685,60,measure
2026-09-12T13:44:55.274+00:00,92.000,325.921,99,22484.9,2685,63,measure
2026-09-12T13:44:56.274+00:00,93.001,336.042,99,22484.9,2685,63,measure
2026-09-12T13:44:57.273+00:00,94.000,358.112,99,22484.9,2685,64,measure
2026-09-12T13:44:58.276+00:00,95.001,358.679,99,22484.9,2685,65,measure
2026-09-12T13:44:59.273+00:00,96.000,357.429,99,22484.9,2685,63,measure
2026-09-12T13:45:00.275+00:00,97.001,353.697,99,22484.9,2685,63,measure
2026-09-12T13:45:01.278+00:00,98.000,358.463,99,22484.9,2685,65,measure
2026-09-12T13:45:02.274+00:00,99.000,362.437,99,22484.9,2685,63,measure
2026-09-12T13:45:03.274+00:00,100.001,383.077,99,22484.9,2685,67,measure
2026-09-12T13:45:04.273+00:00,101.001,375.129,99,22484.9,2685,64,measure
2026-09-12T13:45:05.274+00:00,102.001,372.969,99,22484.9,2685,64,measure
2026-09-12T13:45:06.274+00:00,103.001,368.402,99,22484.9,2685,64,measure
2026-09-12T13:45:07.275+00:00,104.001,356.214,99,22484.9,2685,63,measure
2026-09-12T13:45:08.276+00:00,105.003,362.792,99,22484.9,2685,65,measure
2026-09-12T13:45:09.274+00:00,106.001,368.909,99,22484.9,2685,64,measure
2026-09-12T13:45:10.274+00:00,107.001,362.394,99,22484.9,2685,64,measure
2026-09-12T13:45:11.275+00:00,108.002,361.652,99,22484.9,2685,65,measure
2026-09-12T13:45:12.277+00:00,109.003,361.028,99,22484.9,2685,65,measure
2026-09-12T13:45:13.274+00:00,110.000,357.094,99,22484.9,2685,65,measure
2026-09-12T13:45:14.277+00:00,111.004,328.146,99,22484.9,2685,65,measure
2026-09-12T13:45:15.273+00:00,112.001,323.687,99,22484.9,2685,65,measure
2026-09-12T13:45:16.280+00:00,113.007,317.812,99,22484.9,2685,61,measure
2026-09-12T13:45:17.276+00:00,114.003,345.338,99,22484.9,2685,66,measure
2026-09-12T13:45:18.279+00:00,115.004,365.501,99,22484.9,2685,64,measure
2026-09-12T13:45:19.274+00:00,116.000,359.136,99,22484.9,2685,64,measure
2026-09-12T13:45:20.274+00:00,117.001,358.459,99,22484.9,2685,66,measure
2026-09-12T13:45:21.274+00:00,118.000,350.841,99,22484.9,2685,62,measure
2026-09-12T13:45:22.274+00:00,119.001,363.296,99,22484.9,2685,66,measure
2026-09-12T13:45:20.774+00:00,120.001,360.766,99,22484.9,2685,66,measure
2026-09-12T13:45:21.776+00:00,121.001,361.154,99,22484.9,2685,66,measure
2026-09-12T13:45:22.775+00:00,122.001,363.447,99,22484.9,2685,66,measure
2026-09-12T13:45:23.774+00:00,123.000,363.956,99,22484.9,2685,66,measure
2026-09-12T13:45:24.773+00:00,124.000,358.226,99,22484.9,2685,65,measure
2026-09-12T13:45:25.775+00:00,125.000,341.731,99,22484.9,2685,65,measure
2026-09-12T13:45:26.774+00:00,126.001,313.013,99,22484.9,2685,61,measure
2026-09-12T13:45:27.774+00:00,127.000,327.819,99,22484.9,2685,63,measure
2026-09-12T13:45:28.775+00:00,128.000,331.593,99,22484.9,2685,63,measure
2026-09-12T13:45:29.774+00:00,129.002,350.099,99,22484.9,2685,64,measure
2026-09-12T13:45:30.774+00:00,130.001,322.321,99,22484.9,2685,64,measure
2026-09-12T13:45:31.774+00:00,131.001,327.496,99,22484.9,2685,64,measure
2026-09-12T13:45:32.774+00:00,132.001,317.214,99,22484.9,2685,62,measure
2026-09-12T13:45:33.775+00:00,133.001,331.675,99,22484.9,2685,65,measure
2026-09-12T13:45:34.775+00:00,134.000,324.927,99,22483.4,2685,65,measure
2026-09-12T13:45:35.773+00:00,135.000,341.344,99,22484.9,2685,64,measure
2026-09-12T13:45:36.774+00:00,136.001,365.547,99,22484.9,2685,65,measure
2026-09-12T13:45:37.778+00:00,137.006,361.414,99,22484.9,2685,66,measure
2026-09-12T13:45:38.773+00:00,138.000,374.237,99,22484.9,2685,66,measure
2026-09-12T13:45:39.776+00:00,139.001,372.582,99,22484.9,2685,65,measure
2026-09-12T13:45:40.775+00:00,140.001,357.272,99,22484.9,2685,64,measure
2026-09-12T13:45:41.774+00:00,141.001,354.252,99,22484.9,2685,65,measure
2026-09-12T13:45:42.773+00:00,142.000,333.939,99,22484.9,2685,62,measure
2026-09-12T13:45:43.774+00:00,143.001,338.775,99,22484.9,2685,65,measure
2026-09-12T13:45:44.774+00:00,144.001,351.817,99,22484.9,2685,65,measure
2026-09-12T13:45:45.775+00:00,145.000,348.051,99,22484.9,2685,62,measure
2026-09-12T13:45:46.776+00:00,146.002,322.775,99,22484.9,2685,61,measure
2026-09-12T13:45:47.778+00:00,147.005,339.405,99,22484.9,2685,64,measure
2026-09-12T13:45:48.786+00:00,148.011,332.638,99,22484.9,2685,61,measure
2026-09-12T13:45:49.821+00:00,149.001,329.657,99,22484.9,2685,65,measure
2026-09-12T13:45:50.773+00:00,150.000,325.453,99,22484.9,2685,61,measure
2026-09-12T13:45:51.776+00:00,151.002,328.612,99,22484.9,2685,62,measure
2026-09-12T13:45:52.776+00:00,152.000,319.448,99,22484.9,2685,63,measure
2026-09-12T13:45:51.275+00:00,153.000,317.459,99,22484.9,2685,64,measure
2026-09-12T13:45:52.275+00:00,154.000,315.289,99,22484.9,2685,62,measure
2026-09-12T13:45:53.277+00:00,155.000,321.144,99,22484.9,2685,63,measure
2026-09-12T13:45:54.275+00:00,156.000,312.594,99,22484.9,2685,62,measure
2026-09-12T13:45:55.277+00:00,157.001,315.956,99,22483.4,2685,64,measure
2026-09-12T13:45:56.278+00:00,158.000,336.493,99,22484.9,2685,63,measure
2026-09-12T13:45:57.275+00:00,159.001,334.233,99,22484.9,2685,65,measure
2026-09-12T13:45:58.276+00:00,160.001,345.836,99,22484.9,2685,64,measure
2026-09-12T13:45:59.275+00:00,161.000,337.418,99,22484.9,2685,64,measure
2026-09-12T13:46:00.276+00:00,162.001,323.203,99,22484.9,2685,61,measure
2026-09-12T13:46:01.276+00:00,163.000,350.773,99,22484.9,2685,66,measure
2026-09-12T13:46:02.279+00:00,164.004,363.378,99,22484.9,2685,66,measure
2026-09-12T13:46:03.275+00:00,165.000,355.78,99,22484.9,2685,64,measure
2026-09-12T13:46:04.276+00:00,166.002,362.187,99,22484.9,2685,66,measure
2026-09-12T13:46:05.275+00:00,167.000,373.636,99,22484.9,2685,68,measure
2026-09-12T13:46:06.275+00:00,168.000,368.524,99,22484.9,2685,65,measure
2026-09-12T13:46:07.277+00:00,169.000,375.597,99,22484.9,2685,67,measure
2026-09-12T13:46:08.277+00:00,170.000,371.394,99,22484.9,2685,66,measure
2026-09-12T13:46:09.275+00:00,171.001,369.312,99,22484.9,2685,65,measure
2026-09-12T13:46:10.275+00:00,172.000,370.221,99,22484.9,2685,65,measure
2026-09-12T13:46:11.275+00:00,173.001,357.103,99,22484.9,2685,64,measure
2026-09-12T13:46:12.275+00:00,174.000,340.472,99,22484.9,2685,65,measure
2026-09-12T13:46:13.279+00:00,175.001,361.83,99,22484.9,2685,66,measure
2026-09-12T13:46:14.277+00:00,176.000,349.769,99,22484.9,2685,65,measure
2026-09-12T13:46:15.275+00:00,177.000,354.276,99,22484.9,2685,65,measure
2026-09-12T13:46:16.288+00:00,178.001,332.916,99,22484.9,2685,63,measure
2026-09-12T13:46:17.275+00:00,179.001,324.446,99,22484.9,2685,64,measure
2026-09-12T13:46:18.275+00:00,180.001,315.624,99,22484.9,2685,61,measure
2026-09-12T13:46:19.277+00:00,181.001,318.507,99,22484.9,2685,61,measure
2026-09-12T13:46:20.277+00:00,182.001,304.826,99,22484.9,2685,61,measure
2026-09-12T13:46:21.286+00:00,183.000,330.49,99,22484.9,2685,62,measure
2026-09-12T13:46:22.275+00:00,184.000,318.063,99,22484.9,2685,64,measure
2026-09-12T13:46:20.776+00:00,185.001,328.651,99,22484.9,2685,62,measure
2026-09-12T13:46:21.818+00:00,186.001,329.879,99,22484.9,2685,65,measure
2026-09-12T13:46:22.777+00:00,187.000,344.769,99,22484.9,2685,64,measure
2026-09-12T13:46:23.777+00:00,188.000,355.653,99,22484.9,2685,64,measure
2026-09-12T13:46:24.776+00:00,189.001,360.055,99,22484.9,2685,64,measure
2026-09-12T13:46:25.775+00:00,190.000,352.801,99,22484.9,2685,65,measure
2026-09-12T13:46:26.822+00:00,191.000,338.647,99,22484.9,2685,66,measure
2026-09-12T13:46:27.776+00:00,192.001,321.748,99,22484.9,2685,64,measure
2026-09-12T13:46:28.777+00:00,193.001,315.318,99,22484.9,2685,62,measure
2026-09-12T13:46:29.777+00:00,194.002,325.481,99,22484.9,2685,61,measure
2026-09-12T13:46:30.778+00:00,195.003,338.779,99,22484.9,2685,65,measure
2026-09-12T13:46:31.779+00:00,196.004,314.295,99,22484.9,2685,61,measure
2026-09-12T13:46:32.778+00:00,197.004,346.586,99,22484.9,2685,67,measure
2026-09-12T13:46:33.776+00:00,198.001,338.116,99,22484.9,2685,63,measure
2026-09-12T13:46:34.777+00:00,199.001,360.738,99,22484.9,2685,65,measure
2026-09-12T13:46:35.778+00:00,200.003,365.76,99,22484.9,2685,66,measure
2026-09-12T13:46:36.775+00:00,201.000,358.532,99,22484.9,2685,64,measure
2026-09-12T13:46:37.779+00:00,202.002,361.97,99,22484.9,2685,65,measure
2026-09-12T13:46:38.776+00:00,203.001,359.033,99,22484.9,2685,65,measure
2026-09-12T13:46:39.779+00:00,204.003,354.83,99,22484.9,2685,64,measure
2026-09-12T13:46:40.783+00:00,205.007,331.979,99,22484.9,2685,63,measure
2026-09-12T13:46:41.777+00:00,206.003,323.431,99,22484.9,2685,65,measure
2026-09-12T13:46:42.777+00:00,207.002,310.577,99,22484.9,2685,62,measure
2026-09-12T13:46:43.775+00:00,208.000,305.765,99,22484.9,2685,62,measure
2026-09-12T13:46:44.776+00:00,209.001,304.439,99,22484.9,2685,61,measure
2026-09-12T13:46:45.778+00:00,210.002,307.1,99,22484.9,2685,63,measure
2026-09-12T13:46:46.779+00:00,211.003,326.163,99,22484.9,2685,64,measure
2026-09-12T13:46:47.779+00:00,212.004,325.453,99,22484.9,2685,64,measure
2026-09-12T13:46:48.776+00:00,213.002,341.518,99,22484.9,2685,64,measure
2026-09-12T13:46:49.775+00:00,214.000,335.378,99,22484.9,2685,64,measure
2026-09-12T13:46:50.781+00:00,215.005,340.973,99,22484.9,2685,64,measure
2026-09-12T13:46:51.778+00:00,216.002,344.059,99,22484.9,2685,65,measure
2026-09-12T13:46:52.779+00:00,217.004,365.412,99,22484.9,2685,66,measure
2026-09-12T13:46:51.271+00:00,218.000,365.707,99,22484.9,2685,65,measure
2026-09-12T13:46:52.271+00:00,219.000,375.358,99,22484.9,2685,67,measure
2026-09-12T13:46:53.271+00:00,220.001,372.554,99,22484.9,2685,66,measure
2026-09-12T13:46:54.270+00:00,221.000,376.713,99,22484.9,2685,67,measure
2026-09-12T13:46:55.271+00:00,222.000,376.803,99,22484.9,2685,67,measure
2026-09-12T13:46:56.274+00:00,223.002,364.79,99,22484.9,2685,64,measure
2026-09-12T13:46:57.271+00:00,224.001,363.719,99,22484.9,2685,64,measure
2026-09-12T13:46:58.272+00:00,225.001,356.742,99,22484.9,2685,64,measure
2026-09-12T13:46:59.272+00:00,226.001,342.298,99,22484.9,2685,66,measure
2026-09-12T13:47:00.291+00:00,227.019,338.339,99,22484.9,2685,68,measure
2026-09-12T13:47:01.278+00:00,228.007,326.599,99,22484.9,2685,65,measure
2026-09-12T13:47:02.272+00:00,229.001,368.662,99,22484.9,2685,65,measure
2026-09-12T13:47:03.271+00:00,230.001,371.693,99,22484.9,2685,66,measure
2026-09-12T13:47:04.273+00:00,231.003,379.573,99,22484.9,2685,68,measure
2026-09-12T13:47:05.273+00:00,232.000,376.343,99,22484.9,2685,66,measure
2026-09-12T13:47:06.271+00:00,233.000,363.017,99,22484.9,2685,66,measure
2026-09-12T13:47:07.313+00:00,234.001,353.401,99,22484.9,2685,64,measure
2026-09-12T13:47:08.287+00:00,235.002,320.293,99,22484.9,2685,64,measure
2026-09-12T13:47:09.272+00:00,236.002,321.449,99,22484.9,2685,65,measure
2026-09-12T13:47:10.275+00:00,237.005,324.835,99,22484.9,2685,65,measure
2026-09-12T13:47:11.318+00:00,238.017,315.897,99,22484.9,2685,63,measure
2026-09-12T13:47:12.271+00:00,239.000,323.59,99,22484.9,2685,63,measure
2026-09-12T13:47:13.272+00:00,240.001,311.963,99,22484.9,2685,61,measure
2026-09-12T13:47:14.272+00:00,241.000,314.669,99,22484.9,2685,63,measure
2026-09-12T13:47:15.276+00:00,242.006,321.147,99,22483.4,2685,62,measure
2026-09-12T13:47:16.271+00:00,243.001,324.111,99,22484.9,2685,62,measure
2026-09-12T13:47:17.271+00:00,244.000,346.525,99,22484.9,2685,67,measure
2026-09-12T13:47:18.271+00:00,245.001,317.593,99,22484.9,2685,61,measure
2026-09-12T13:47:19.272+00:00,246.000,312.16,99,22484.9,2685,62,measure
2026-09-12T13:47:20.272+00:00,247.000,329.295,99,22484.9,2685,65,measure
2026-09-12T13:47:21.274+00:00,248.003,333.553,99,22484.9,2685,62,measure
2026-09-12T13:47:22.271+00:00,249.000,367.068,99,22484.9,2685,66,measure
2026-09-12T13:47:20.773+00:00,250.000,358.949,99,22484.9,2685,65,measure
2026-09-12T13:47:21.791+00:00,251.000,353.364,99,22484.9,2685,64,measure
2026-09-12T13:47:22.785+00:00,252.013,371.806,99,22484.9,2685,65,measure
2026-09-12T13:47:23.776+00:00,253.004,359.457,99,22484.9,2685,65,measure
2026-09-12T13:47:24.772+00:00,254.000,355.347,99,22484.9,2685,65,measure
2026-09-12T13:47:25.773+00:00,255.001,362.84,99,22484.9,2685,65,measure
2026-09-12T13:47:26.774+00:00,256.002,361.457,99,22484.9,2685,64,measure
2026-09-12T13:47:27.774+00:00,257.001,348.754,99,22484.9,2685,65,measure
2026-09-12T13:47:28.775+00:00,258.002,348.004,99,22484.9,2685,64,measure
2026-09-12T13:47:29.776+00:00,259.002,316.677,99,22484.9,2685,62,measure
2026-09-12T13:47:30.777+00:00,260.004,316.75,99,22484.9,2685,61,measure
2026-09-12T13:47:31.779+00:00,261.007,320.219,99,22484.9,2685,61,measure
2026-09-12T13:47:32.775+00:00,262.001,323.154,99,22484.9,2685,62,measure
2026-09-12T13:47:33.777+00:00,263.003,349.647,99,22484.9,2685,64,measure
2026-09-12T13:47:34.779+00:00,264.006,357.027,99,22483.4,2685,65,measure
2026-09-12T13:47:35.781+00:00,265.008,356.806,99,22484.9,2685,65,measure
2026-09-12T13:47:36.780+00:00,266.006,362.811,99,22484.9,2685,66,measure
2026-09-12T13:47:37.779+00:00,267.007,360.316,99,22484.9,2685,65,measure
2026-09-12T13:47:38.779+00:00,268.006,359.068,99,22484.9,2685,66,measure
2026-09-12T13:47:39.775+00:00,269.002,339.201,99,22484.9,2685,65,measure
2026-09-12T13:47:40.856+00:00,270.083,324.897,99,22484.9,2685,62,measure
2026-09-12T13:47:41.779+00:00,271.007,313.917,99,22484.9,2685,62,measure
2026-09-12T13:47:42.773+00:00,272.001,332.499,99,22484.9,2685,64,measure
2026-09-12T13:47:43.776+00:00,273.004,346.823,99,22484.9,2685,66,measure
2026-09-12T13:47:44.781+00:00,274.007,365.717,99,22484.9,2685,66,measure
2026-09-12T13:47:45.773+00:00,275.001,359.923,99,22484.9,2685,65,measure
2026-09-12T13:47:46.793+00:00,276.021,351.911,99,22484.9,2685,63,measure
2026-09-12T13:47:47.775+00:00,277.003,325.84,99,22484.9,2685,64,measure
2026-09-12T13:47:48.773+00:00,278.000,324.82,99,22484.9,2685,61,measure
2026-09-12T13:47:49.776+00:00,279.002,325.446,99,22484.9,2685,64,measure
2026-09-12T13:47:50.774+00:00,280.002,328.567,99,22484.9,2685,64,measure
2026-09-12T13:47:51.817+00:00,281.022,355.267,99,22484.9,2685,64,measure
2026-09-12T13:47:52.775+00:00,282.001,335.469,99,22484.9,2685,68,measure
2026-09-12T13:47:51.258+00:00,283.000,375.684,99,22484.9,2685,65,measure
2026-09-12T13:47:52.257+00:00,284.001,372.975,99,22484.9,2685,66,measure
2026-09-12T13:47:53.257+00:00,285.001,377.224,99,22484.9,2685,64,measure
2026-09-12T13:47:54.257+00:00,286.000,368.717,99,22484.9,2685,66,measure
2026-09-12T13:47:55.257+00:00,287.001,359.224,99,22484.9,2685,64,measure
2026-09-12T13:47:56.258+00:00,288.001,362.555,99,22484.9,2685,65,measure
2026-09-12T13:47:57.258+00:00,289.001,364,99,22484.9,2685,66,measure
2026-09-12T13:47:58.257+00:00,290.001,357.581,99,22484.9,2685,64,measure
2026-09-12T13:47:59.256+00:00,291.000,351.648,99,22483.4,2685,65,measure
2026-09-12T13:48:00.257+00:00,292.000,360.649,99,22484.9,2685,65,measure
2026-09-12T13:48:01.259+00:00,293.001,366.118,99,22484.9,2685,66,measure
2026-09-12T13:48:02.258+00:00,294.000,356.262,99,22484.9,2685,66,measure
2026-09-12T13:48:03.258+00:00,295.000,357.696,99,22484.9,2685,67,measure
2026-09-12T13:48:04.309+00:00,296.000,358.64,99,22484.9,2685,65,measure
2026-09-12T13:48:05.260+00:00,297.003,354.586,99,22484.9,2685,65,measure
2026-09-12T13:48:06.257+00:00,298.001,363.268,99,22484.9,2685,66,measure
2026-09-12T13:48:07.257+00:00,299.001,361.828,99,22484.9,2685,67,measure
2026-09-12T13:48:08.258+00:00,300.001,360.414,99,22484.9,2685,64,measure
2026-09-12T13:48:09.257+00:00,301.001,354.274,99,22484.9,2685,66,measure
2026-09-12T13:48:10.257+00:00,302.001,316.982,99,22484.9,2685,61,measure
2026-09-12T13:48:11.256+00:00,303.000,322.468,99,22484.9,2685,63,measure
2026-09-12T13:48:12.257+00:00,304.000,332.621,99,22484.9,2685,64,measure
2026-09-12T13:48:13.257+00:00,305.000,358.235,99,22484.9,2685,65,measure
2026-09-12T13:48:14.262+00:00,306.001,360.923,99,22484.9,2685,66,measure
2026-09-12T13:48:15.257+00:00,307.000,358.404,99,22484.9,2685,65,measure
2026-09-12T13:48:16.257+00:00,308.001,365.031,99,22484.9,2685,65,measure
2026-09-12T13:48:17.259+00:00,309.001,348.409,99,22484.9,2685,64,measure
2026-09-12T13:48:18.257+00:00,310.000,341.472,99,22484.9,2685,66,measure
2026-09-12T13:48:19.261+00:00,311.003,315.54,99,22484.9,2685,64,measure
2026-09-12T13:48:20.261+00:00,312.001,311.904,99,22484.9,2685,63,measure
2026-09-12T13:48:21.257+00:00,313.001,326.165,99,22484.9,2685,62,measure
2026-09-12T13:48:22.258+00:00,314.002,337.987,99,22484.9,2685,65,measure
2026-09-12T13:48:20.780+00:00,315.002,360.566,99,22484.9,2685,66,measure
2026-09-12T13:48:21.778+00:00,316.000,360.029,99,22484.9,2685,65,measure
2026-09-12T13:48:22.779+00:00,317.000,361.076,99,22484.9,2685,65,measure
2026-09-12T13:48:23.780+00:00,318.000,358.746,99,22484.9,2685,66,measure
2026-09-12T13:48:24.779+00:00,319.001,358.479,99,22484.9,2685,66,measure
2026-09-12T13:48:25.779+00:00,320.000,358.403,99,22484.9,2685,65,measure
2026-09-12T13:48:26.779+00:00,321.001,395.223,99,22484.9,2685,67,measure
2026-09-12T13:48:27.779+00:00,322.001,390.566,99,22484.9,2685,68,measure
2026-09-12T13:48:28.781+00:00,323.002,405.695,99,22484.9,2685,70,measure
2026-09-12T13:48:29.780+00:00,324.000,388.455,100,22484.9,2685,68,measure
2026-09-12T13:48:30.778+00:00,325.000,386.648,99,22484.9,2685,67,measure
2026-09-12T13:48:31.779+00:00,326.001,396.787,100,22484.9,2685,69,measure
2026-09-12T13:48:32.779+00:00,327.001,402,99,22484.9,2685,68,measure
2026-09-12T13:48:33.781+00:00,328.002,405.091,100,22484.9,2685,70,measure
2026-09-12T13:48:34.779+00:00,329.000,409.264,99,22484.9,2685,68,measure
2026-09-12T13:48:35.780+00:00,330.000,383.647,100,22484.9,2685,67,measure
2026-09-12T13:48:36.778+00:00,331.000,386.644,99,22484.9,2685,67,measure
2026-09-12T13:48:37.779+00:00,332.001,399.55,100,22484.9,2685,70,measure
2026-09-12T13:48:38.779+00:00,333.001,403.032,100,22484.9,2685,68,measure
2026-09-12T13:48:39.779+00:00,334.001,410.56,100,22586.9,2685,70,measure
2026-09-12T13:48:40.780+00:00,335.001,410.442,99,22586.9,2685,68,measure
2026-09-12T13:48:41.780+00:00,336.001,384.517,100,22586.9,2685,68,measure
2026-09-12T13:48:42.779+00:00,337.000,385.958,99,22586.9,2685,67,measure
2026-09-12T13:48:43.779+00:00,338.001,401.152,99,22586.9,2685,70,measure
2026-09-12T13:48:44.779+00:00,339.000,398.917,99,22586.9,2685,67,measure
2026-09-12T13:48:45.779+00:00,340.001,403.496,100,22586.9,2685,70,measure
2026-09-12T13:48:46.779+00:00,341.000,411.16,99,22586.9,2685,68,measure
2026-09-12T13:48:47.780+00:00,342.000,384.813,100,22586.9,2685,68,measure
2026-09-12T13:48:48.779+00:00,343.000,389.298,99,22586.9,2685,67,measure
2026-09-12T13:48:49.779+00:00,344.000,399.814,100,22586.9,2685,68,measure
2026-09-12T13:48:50.778+00:00,345.000,399.884,99,22586.9,2685,69,measure
2026-09-12T13:48:51.783+00:00,346.003,404.018,100,22586.9,2685,70,measure
2026-09-12T13:48:52.785+00:00,347.006,411.403,99,22586.9,2685,68,measure
2026-09-12T13:48:51.276+00:00,348.000,387.253,99,22586.9,2685,68,measure
2026-09-12T13:48:52.274+00:00,349.001,390.252,100,22586.9,2685,68,measure
2026-09-12T13:48:53.279+00:00,350.006,400.736,100,22586.9,2685,68,measure
2026-09-12T13:48:54.274+00:00,351.000,399.854,99,22586.9,2685,68,measure
2026-09-12T13:48:55.274+00:00,352.000,410.084,99,22586.9,2685,69,measure
2026-09-12T13:48:56.275+00:00,353.000,406.867,99,22586.9,2685,69,measure
2026-09-12T13:48:57.275+00:00,354.001,387.813,99,22586.9,2685,69,measure
2026-09-12T13:48:58.274+00:00,355.001,392.187,100,22586.9,2685,69,measure
2026-09-12T13:48:59.274+00:00,356.001,408.815,100,22586.9,2685,70,measure
2026-09-12T13:49:00.274+00:00,357.000,399.597,100,22586.9,2685,68,measure
2026-09-12T13:49:01.274+00:00,358.000,402.929,99,22586.9,2685,69,measure
2026-09-12T13:49:02.275+00:00,359.000,407.881,99,22586.9,2685,69,measure
2026-09-12T13:49:03.275+00:00,360.000,388.335,99,22586.9,2685,68,measure
2026-09-12T13:49:04.274+00:00,361.000,392.807,99,22586.9,2685,70,measure
2026-09-12T13:49:05.274+00:00,362.000,409.914,100,22586.9,2685,70,measure
2026-09-12T13:49:06.275+00:00,363.002,393.75,100,22586.9,2685,69,measure
2026-09-12T13:49:07.275+00:00,364.001,406.285,100,22586.9,2685,69,measure
2026-09-12T13:49:08.276+00:00,365.002,405.565,100,22586.9,2685,69,measure
2026-09-12T13:49:09.274+00:00,366.001,389.241,100,22586.9,2685,68,measure
2026-09-12T13:49:10.274+00:00,367.000,393.795,99,22586.9,2685,69,measure
2026-09-12T13:49:11.275+00:00,368.002,405.981,100,22586.9,2685,68,measure
2026-09-12T13:49:12.276+00:00,369.000,394.414,100,22586.9,2685,68,measure
2026-09-12T13:49:13.274+00:00,370.001,408.853,99,22586.9,2685,69,measure
2026-09-12T13:49:14.275+00:00,371.000,408.622,100,22586.9,2685,68,measure
2026-09-12T13:49:15.276+00:00,372.001,388.533,100,22585.4,2685,68,measure
2026-09-12T13:49:16.274+00:00,373.000,395.732,100,22586.9,2685,68,measure
2026-09-12T13:49:17.274+00:00,374.000,407.808,99,22586.9,2685,68,measure
2026-09-12T13:49:18.274+00:00,375.000,392.451,100,22586.9,2685,68,measure
2026-09-12T13:49:19.274+00:00,376.000,400.815,99,22586.9,2685,69,measure
2026-09-12T13:49:20.275+00:00,377.000,402.506,100,22586.9,2685,69,measure
2026-09-12T13:49:21.276+00:00,378.001,390.376,100,22586.9,2685,69,measure
2026-09-12T13:49:22.277+00:00,379.003,395.528,100,22586.9,2685,69,measure
2026-09-12T13:49:20.779+00:00,380.004,409.204,100,22586.9,2685,69,measure
2026-09-12T13:49:21.776+00:00,381.002,393.218,99,22586.9,2685,69,measure
2026-09-12T13:49:22.775+00:00,382.001,404.113,99,22586.9,2685,68,measure
2026-09-12T13:49:23.777+00:00,383.001,404.482,100,22586.9,2685,69,measure
2026-09-12T13:49:24.777+00:00,384.002,393.589,99,22586.9,2685,69,measure
2026-09-12T13:49:25.776+00:00,385.001,396.048,99,22586.9,2685,69,measure
2026-09-12T13:49:26.775+00:00,386.000,407.7,100,22586.9,2685,69,measure
2026-09-12T13:49:27.776+00:00,387.002,392.94,99,22586.9,2685,69,measure
2026-09-12T13:49:28.775+00:00,388.001,401.963,99,22586.9,2685,68,measure
2026-09-12T13:49:29.778+00:00,389.002,405.984,100,22586.9,2685,69,measure
2026-09-12T13:49:30.776+00:00,390.001,392.727,100,22586.9,2685,69,measure
2026-09-12T13:49:31.776+00:00,391.001,392.634,99,22586.9,2685,69,measure
2026-09-12T13:49:32.775+00:00,392.001,397.832,100,22586.9,2685,68,measure
2026-09-12T13:49:33.775+00:00,393.001,413.335,99,22586.9,2685,69,measure
2026-09-12T13:49:34.775+00:00,394.000,407.546,99,22586.9,2685,69,measure
2026-09-12T13:49:35.780+00:00,395.001,399.994,99,22586.9,2685,70,measure
2026-09-12T13:49:36.783+00:00,396.009,392.574,99,22586.9,2685,68,measure
2026-09-12T13:49:37.777+00:00,397.002,397.123,100,22586.9,2685,69,measure
2026-09-12T13:49:38.777+00:00,398.002,396.67,100,22586.9,2685,69,measure
2026-09-12T13:49:39.776+00:00,399.002,412.869,99,22586.9,2685,69,measure
2026-09-12T13:49:40.778+00:00,400.003,404.577,99,22586.9,2685,70,measure
2026-09-12T13:49:41.778+00:00,401.002,399.849,99,22586.9,2685,71,measure
2026-09-12T13:49:42.776+00:00,402.000,389.248,100,22586.9,2685,67,measure
2026-09-12T13:49:43.775+00:00,403.000,395.234,100,22586.9,2685,68,measure
2026-09-12T13:49:44.775+00:00,404.000,394.556,99,22586.9,2685,70,measure
2026-09-12T13:49:45.775+00:00,405.000,409.889,100,22586.9,2685,70,measure
2026-09-12T13:49:46.775+00:00,406.000,402.32,100,22586.9,2685,70,measure
2026-09-12T13:49:47.779+00:00,407.003,398.645,99,22586.9,2685,68,measure
2026-09-12T13:49:48.775+00:00,408.000,392.556,100,22586.9,2685,68,measure
2026-09-12T13:49:49.776+00:00,409.001,393.233,99,22586.9,2685,69,measure
2026-09-12T13:49:50.775+00:00,410.000,395.752,100,22586.9,2685,69,measure
2026-09-12T13:49:51.775+00:00,411.000,412.788,100,22586.9,2685,70,measure
2026-09-12T13:49:52.776+00:00,412.001,409.339,99,22586.9,2685,69,measure
2026-09-12T13:49:51.278+00:00,413.000,397.598,100,22586.9,2685,69,measure
2026-09-12T13:49:52.289+00:00,414.013,390.885,99,22586.9,2685,67,measure
2026-09-12T13:49:53.276+00:00,415.000,392.975,100,22586.9,2685,68,measure
2026-09-12T13:49:54.280+00:00,416.001,398.967,100,22586.9,2685,69,measure
2026-09-12T13:49:55.276+00:00,417.000,410.877,100,22586.9,2685,71,measure
2026-09-12T13:49:56.277+00:00,418.000,406.218,99,22586.9,2685,70,measure
2026-09-12T13:49:57.280+00:00,419.001,395.807,99,22586.9,2685,69,measure
2026-09-12T13:49:58.277+00:00,420.001,390.377,99,22586.9,2685,69,measure
2026-09-12T13:49:59.277+00:00,421.001,393.035,100,22586.9,2685,68,measure
2026-09-12T13:50:00.276+00:00,422.000,399.699,100,22586.9,2685,70,measure
2026-09-12T13:50:01.279+00:00,423.003,410.084,100,22586.9,2685,70,measure
2026-09-12T13:50:02.277+00:00,424.001,405.657,99,22586.9,2685,69,measure
2026-09-12T13:50:03.278+00:00,425.000,394.307,99,22586.9,2685,69,measure
2026-09-12T13:50:04.277+00:00,426.001,391.846,99,22586.9,2685,69,measure
2026-09-12T13:50:05.277+00:00,427.000,393.706,100,22586.9,2685,69,measure
2026-09-12T13:50:06.278+00:00,428.001,399.802,100,22586.9,2685,70,measure
2026-09-12T13:50:07.278+00:00,429.002,412.981,99,22586.9,2685,70,measure
2026-09-12T13:50:08.277+00:00,430.001,405.085,100,22586.9,2685,70,measure
2026-09-12T13:50:09.279+00:00,431.001,397.893,99,22586.9,2685,69,measure
2026-09-12T13:50:10.276+00:00,432.000,392.471,100,22586.9,2685,67,measure
2026-09-12T13:50:11.277+00:00,433.000,393.633,100,22586.9,2685,70,measure
2026-09-12T13:50:12.277+00:00,434.001,409.098,100,22586.9,2685,70,measure
2026-09-12T13:50:13.277+00:00,435.001,412.937,100,22586.9,2685,71,measure
2026-09-12T13:50:14.278+00:00,436.001,406.328,100,22586.9,2685,69,measure
2026-09-12T13:50:15.279+00:00,437.000,397.287,99,22586.9,2685,69,measure
2026-09-12T13:50:16.277+00:00,438.000,388.006,100,22586.9,2685,67,measure
2026-09-12T13:50:17.276+00:00,439.000,397.004,100,22586.9,2685,69,measure
2026-09-12T13:50:18.276+00:00,440.000,407.916,100,22586.9,2685,71,measure
2026-09-12T13:50:19.276+00:00,441.000,410.948,99,22586.9,2685,71,measure
2026-09-12T13:50:20.278+00:00,442.001,407.166,100,22586.9,2685,70,measure
2026-09-12T13:50:21.278+00:00,443.000,391.75,99,22586.9,2685,68,measure
2026-09-12T13:50:22.276+00:00,444.000,387.155,99,22586.9,2685,67,measure
2026-09-12T13:50:20.797+00:00,445.001,402.29,99,22586.9,2685,70,measure
2026-09-12T13:50:21.799+00:00,446.000,412.753,99,22586.9,2685,69,measure
2026-09-12T13:50:22.797+00:00,447.000,411.965,99,22586.9,2685,70,measure
2026-09-12T13:50:23.799+00:00,448.001,407.357,99,22586.9,2685,70,measure
2026-09-12T13:50:24.798+00:00,449.000,391.872,99,22586.9,2685,69,measure
2026-09-12T13:50:25.796+00:00,450.000,387.168,99,22586.9,2685,68,measure
2026-09-12T13:50:26.798+00:00,451.001,407.876,99,22586.9,2685,70,measure
2026-09-12T13:50:27.796+00:00,452.000,407.903,99,22586.9,2685,70,measure
2026-09-12T13:50:28.798+00:00,453.002,409.026,99,22586.9,2685,70,measure
2026-09-12T13:50:29.836+00:00,454.003,403.327,99,22586.9,2685,68,measure
2026-09-12T13:50:30.798+00:00,455.000,396.024,99,22586.9,2685,70,measure
2026-09-12T13:50:31.805+00:00,456.001,392.953,100,22586.9,2685,69,measure
2026-09-12T13:50:32.797+00:00,457.001,408.827,100,22586.9,2685,70,measure
2026-09-12T13:50:33.797+00:00,458.000,405.737,99,22586.9,2685,70,measure
2026-09-12T13:50:34.797+00:00,459.001,412.229,100,22586.9,2685,69,measure
2026-09-12T13:50:35.798+00:00,460.000,397.53,100,22586.9,2685,68,measure
2026-09-12T13:50:36.799+00:00,461.000,392.249,99,22586.9,2685,68,measure
2026-09-12T13:50:37.797+00:00,462.000,398.448,100,22586.9,2685,70,measure
2026-09-12T13:50:38.796+00:00,463.000,412.718,100,22586.9,2685,69,measure
2026-09-12T13:50:39.797+00:00,464.001,406.729,100,22586.9,2685,70,measure
2026-09-12T13:50:40.796+00:00,465.000,411.695,100,22586.9,2685,71,measure
2026-09-12T13:50:41.798+00:00,466.000,397.914,100,22586.9,2685,69,measure
2026-09-12T13:50:42.799+00:00,467.000,388.68,100,22586.9,2685,68,measure
2026-09-12T13:50:43.800+00:00,468.004,398.067,100,22586.9,2685,70,measure
2026-09-12T13:50:44.798+00:00,469.002,406.969,100,22586.9,2685,70,measure
2026-09-12T13:50:45.798+00:00,470.002,404.74,99,22586.9,2685,70,measure
2026-09-12T13:50:46.797+00:00,471.000,406.398,100,22586.9,2685,70,measure
2026-09-12T13:50:47.799+00:00,472.001,394.987,99,22586.9,2685,70,measure
2026-09-12T13:50:48.799+00:00,473.002,388.594,99,22586.9,2685,67,measure
2026-09-12T13:50:49.797+00:00,474.001,402.115,99,22586.9,2685,69,measure
2026-09-12T13:50:50.797+00:00,475.001,409.106,99,22586.9,2685,71,measure
2026-09-12T13:50:51.798+00:00,476.000,402.406,99,22586.9,2685,70,measure
2026-09-12T13:50:50.309+00:00,477.001,406.633,100,22586.9,2685,71,measure
2026-09-12T13:50:51.310+00:00,478.001,393.966,100,22586.9,2685,70,measure
2026-09-12T13:50:52.310+00:00,479.001,386.946,99,22586.9,2685,67,measure
2026-09-12T13:50:53.310+00:00,480.003,405.81,100,22585.4,2685,70,measure
2026-09-12T13:50:54.308+00:00,481.000,415.735,100,22586.9,2685,71,measure
2026-09-12T13:50:55.308+00:00,482.000,405.198,99,22586.9,2685,70,measure
2026-09-12T13:50:56.308+00:00,483.000,406.753,100,22586.9,2685,71,measure
2026-09-12T13:50:57.312+00:00,484.001,391.711,99,22586.9,2685,69,measure
2026-09-12T13:50:58.310+00:00,485.000,385.954,99,22586.9,2685,69,measure
2026-09-12T13:50:59.308+00:00,486.000,403.081,100,22586.9,2685,70,measure
2026-09-12T13:51:00.310+00:00,487.002,409.976,99,22586.9,2685,70,measure
2026-09-12T13:51:01.311+00:00,488.003,404.209,100,22586.9,2685,69,measure
2026-09-12T13:51:02.309+00:00,489.001,408.517,99,22586.9,2685,69,measure
2026-09-12T13:51:03.310+00:00,490.000,393.364,100,22586.9,2685,69,measure
2026-09-12T13:51:04.310+00:00,491.000,387.07,100,22586.9,2685,69,measure
2026-09-12T13:51:05.309+00:00,492.001,404.544,100,22586.9,2685,70,measure
2026-09-12T13:51:06.308+00:00,493.001,408.305,100,22586.9,2685,70,measure
2026-09-12T13:51:07.311+00:00,494.003,404.734,99,22586.9,2685,69,measure
2026-09-12T13:51:08.308+00:00,495.000,404.28,99,22586.9,2685,70,measure
2026-09-12T13:51:09.310+00:00,496.001,392.522,99,22586.9,2685,69,measure
2026-09-12T13:51:10.308+00:00,497.001,388.392,99,22586.9,2685,69,measure
2026-09-12T13:51:11.308+00:00,498.000,409.42,100,22586.9,2685,70,measure
2026-09-12T13:51:12.308+00:00,499.000,408.687,100,22586.9,2685,71,measure
2026-09-12T13:51:13.312+00:00,500.004,405.724,99,22586.9,2685,70,measure
2026-09-12T13:51:14.309+00:00,501.001,405.163,100,22586.9,2685,69,measure
2026-09-12T13:51:15.309+00:00,502.000,392.896,99,22586.9,2685,68,measure
2026-09-12T13:51:16.309+00:00,503.000,389.027,99,22586.9,2685,69,measure
2026-09-12T13:51:17.308+00:00,504.000,407.535,100,22586.9,2685,71,measure
2026-09-12T13:51:18.308+00:00,505.000,410.312,99,22591.6,2685,71,measure
2026-09-12T13:51:19.309+00:00,506.001,401.885,99,22591.6,2685,70,measure
2026-09-12T13:51:20.331+00:00,507.001,404.255,100,22590.1,2685,69,measure
2026-09-12T13:51:21.309+00:00,508.000,392.409,99,22591.6,2685,68,measure
2026-09-12T13:51:22.308+00:00,509.000,395.903,100,22591.6,2685,71,measure
2026-09-12T13:51:20.820+00:00,510.007,407.395,100,22591.6,2685,70,measure
2026-09-12T13:51:21.813+00:00,511.000,407.642,100,22591.6,2685,69,measure
2026-09-12T13:51:22.812+00:00,512.000,407.688,100,22591.6,2685,70,measure
2026-09-12T13:51:23.813+00:00,513.000,402.432,99,22591.6,2685,69,measure
2026-09-12T13:51:24.814+00:00,514.000,389.653,100,22591.6,2685,68,measure
2026-09-12T13:51:25.813+00:00,515.001,396.208,99,22591.6,2685,70,measure
2026-09-12T13:51:26.812+00:00,516.000,402.044,100,22591.6,2685,69,measure
2026-09-12T13:51:27.813+00:00,517.001,408.118,100,22591.6,2685,70,measure
2026-09-12T13:51:28.813+00:00,518.001,406.31,99,22591.6,2685,71,measure
2026-09-12T13:51:29.813+00:00,519.001,398.455,100,22591.6,2685,70,measure
2026-09-12T13:51:30.814+00:00,520.000,387.9,99,22590.1,2685,68,measure
2026-09-12T13:51:31.813+00:00,521.001,395.436,99,22591.6,2685,70,measure
2026-09-12T13:51:32.813+00:00,522.000,405.203,99,22591.6,2685,68,measure
2026-09-12T13:51:33.816+00:00,523.002,411.484,99,22591.6,2685,69,measure
2026-09-12T13:51:34.812+00:00,524.000,410.086,100,22591.6,2685,71,measure
2026-09-12T13:51:35.812+00:00,525.000,398.147,99,22591.6,2685,69,measure
2026-09-12T13:51:36.817+00:00,526.001,388.248,99,22591.6,2685,67,measure
2026-09-12T13:51:37.813+00:00,527.000,397.801,99,22591.6,2685,69,measure
2026-09-12T13:51:38.812+00:00,528.000,406.009,100,22591.6,2685,70,measure
2026-09-12T13:51:39.814+00:00,529.002,413.029,99,22591.6,2685,70,measure
2026-09-12T13:51:40.814+00:00,530.001,404.734,99,22591.6,2685,70,measure
2026-09-12T13:51:41.814+00:00,531.001,395.805,100,22591.6,2685,68,measure
2026-09-12T13:51:42.814+00:00,532.000,390.108,99,22591.6,2685,67,measure
2026-09-12T13:51:43.816+00:00,533.004,401.729,100,22591.6,2685,71,measure
2026-09-12T13:51:44.812+00:00,534.001,410.549,100,22591.6,2685,70,measure
2026-09-12T13:51:45.812+00:00,535.000,407.868,99,22591.5,2685,70,measure
2026-09-12T13:51:46.895+00:00,536.083,399.694,100,22591.5,2685,68,measure
2026-09-12T13:51:47.888+00:00,537.076,391.599,99,22591.5,2685,67,measure
2026-09-12T13:51:48.839+00:00,538.027,390.086,99,22591.5,2685,67,measure
2026-09-12T13:51:49.825+00:00,539.013,403.168,100,22591.5,2685,70,measure
2026-09-12T13:51:50.877+00:00,540.065,408.159,99,22591.5,2685,69,measure
2026-09-12T13:51:51.813+00:00,541.000,409.821,99,22591.5,2685,70,measure
2026-09-12T13:51:50.314+00:00,542.000,402.757,99,22591.5,2685,70,measure
2026-09-12T13:51:51.315+00:00,543.000,391.26,100,22590,2685,68,measure
2026-09-12T13:51:52.315+00:00,544.000,393.174,99,22591.5,2685,70,measure
2026-09-12T13:51:53.314+00:00,545.001,403.525,99,22591.5,2685,70,measure
2026-09-12T13:51:54.314+00:00,546.000,411.294,100,22591.5,2685,71,measure
2026-09-12T13:51:55.315+00:00,547.001,406.322,99,22591.5,2685,70,measure
2026-09-12T13:51:56.314+00:00,548.000,401.566,100,22591.5,2685,71,measure
2026-09-12T13:51:57.314+00:00,549.000,391.606,100,22591.5,2685,67,measure
2026-09-12T13:51:58.317+00:00,550.000,393.527,100,22591.5,2685,69,measure
2026-09-12T13:51:59.317+00:00,551.004,404.262,100,22591.5,2685,70,measure
2026-09-12T13:52:00.314+00:00,552.001,411.075,100,22591.5,2685,71,measure
2026-09-12T13:52:01.317+00:00,553.003,409.117,100,22591.5,2685,69,measure
2026-09-12T13:52:02.314+00:00,554.001,397.413,99,22591.5,2685,68,measure
2026-09-12T13:52:03.316+00:00,555.001,389.41,100,22591.5,2685,67,measure
2026-09-12T13:52:04.315+00:00,556.000,400.263,99,22591.5,2685,70,measure
2026-09-12T13:52:05.314+00:00,557.000,404.64,100,22591.5,2685,70,measure
2026-09-12T13:52:06.316+00:00,558.003,410.003,99,22591.5,2685,70,measure
2026-09-12T13:52:07.318+00:00,559.004,407.933,100,22591.5,2685,69,measure
2026-09-12T13:52:08.314+00:00,560.001,397.993,99,22591.5,2685,68,measure
2026-09-12T13:52:09.315+00:00,561.000,390.758,99,22591.5,2685,67,measure
2026-09-12T13:52:10.316+00:00,562.000,405.286,100,22591.5,2685,70,measure
2026-09-12T13:52:11.314+00:00,563.001,402.662,100,22591.5,2685,68,measure
2026-09-12T13:52:12.314+00:00,564.000,405.326,100,22591.5,2685,70,measure
2026-09-12T13:52:13.315+00:00,565.002,410.808,100,22591.5,2685,71,measure
2026-09-12T13:52:14.313+00:00,566.000,393.338,100,22591.5,2685,69,measure
2026-09-12T13:52:15.315+00:00,567.000,390.879,99,22591.5,2685,69,measure
2026-09-12T13:52:16.317+00:00,568.000,405.784,100,22591.5,2685,70,measure
2026-09-12T13:52:17.314+00:00,569.001,397.804,99,22591.5,2685,69,measure
2026-09-12T13:52:18.313+00:00,570.000,412.76,99,22591.5,2685,71,measure
2026-09-12T13:52:19.314+00:00,571.000,412.062,100,22591.5,2685,71,measure
2026-09-12T13:52:20.314+00:00,572.000,392.822,100,22591.5,2685,68,measure
2026-09-12T13:52:21.315+00:00,573.000,397.229,99,22591.5,2685,70,measure
2026-09-12T13:52:19.816+00:00,574.001,404.159,100,22591.5,2685,69,measure
2026-09-12T13:52:20.844+00:00,575.003,395.078,99,22591.5,2685,70,measure
2026-09-12T13:52:21.814+00:00,576.001,417.214,100,22591.5,2685,71,measure
2026-09-12T13:52:22.814+00:00,577.001,407.963,99,22591.5,2685,70,measure
2026-09-12T13:52:23.814+00:00,578.000,389.375,100,22591.5,2685,68,measure
2026-09-12T13:52:24.815+00:00,579.000,401.569,100,22591.5,2685,70,measure
2026-09-12T13:52:25.816+00:00,580.002,403.208,100,22591.5,2685,70,measure
2026-09-12T13:52:26.817+00:00,581.004,399.972,99,22591.5,2685,70,measure
2026-09-12T13:52:27.814+00:00,582.001,416.953,100,22591.5,2685,71,measure
2026-09-12T13:52:28.815+00:00,583.001,407.293,100,22591.5,2685,69,measure
2026-09-12T13:52:29.814+00:00,584.001,392.068,100,22591.5,2685,68,measure
2026-09-12T13:52:30.816+00:00,585.001,406.737,99,22591.5,2685,70,measure
2026-09-12T13:52:31.815+00:00,586.000,398.133,99,22591.5,2685,68,measure
2026-09-12T13:52:32.814+00:00,587.000,402.395,100,22591.5,2685,71,measure
2026-09-12T13:52:33.814+00:00,588.001,415.092,100,22591.5,2685,71,measure
2026-09-12T13:52:34.814+00:00,589.000,397.879,100,22591.5,2685,68,measure
2026-09-12T13:52:35.814+00:00,590.001,391.212,100,22591.5,2685,69,measure
2026-09-12T13:52:36.816+00:00,591.001,403.536,99,22591.5,2685,70,measure
2026-09-12T13:52:37.816+00:00,592.000,395.15,100,22591.5,2685,69,measure
2026-09-12T13:52:38.815+00:00,593.001,404.617,99,22591.5,2685,70,measure
2026-09-12T13:52:39.815+00:00,594.001,410.133,100,22591.5,2685,71,measure
2026-09-12T13:52:40.814+00:00,595.001,393.646,100,22591.5,2685,68,measure
2026-09-12T13:52:41.814+00:00,596.000,396.775,99,22591.5,2685,69,measure
2026-09-12T13:52:42.816+00:00,597.001,405.848,99,22591.5,2685,70,measure
2026-09-12T13:52:43.815+00:00,598.000,396.081,100,22591.5,2685,69,measure
2026-09-12T13:52:44.815+00:00,599.001,407.573,99,22591.5,2685,70,measure
2026-09-12T13:52:45.814+00:00,600.000,410.754,100,22591.5,2685,70,measure
2026-09-12T13:52:46.814+00:00,601.001,393.46,100,22591.5,2685,68,measure
2026-09-12T13:52:47.817+00:00,602.002,399.772,100,22591.5,2685,71,measure
2026-09-12T13:52:48.816+00:00,603.001,402.097,99,22591.5,2685,69,measure
2026-09-12T13:52:49.817+00:00,604.004,394.375,99,22591.5,2685,69,measure
2026-09-12T13:52:50.814+00:00,605.001,407.252,99,22591.5,2685,71,measure
2026-09-12T13:52:51.816+00:00,606.003,413.409,99,22591.5,2685,71,measure
2026-09-12T13:52:50.335+00:00,607.000,394.143,100,22591.5,2685,68,measure
2026-09-12T13:52:51.336+00:00,608.001,400.9,100,22591.5,2685,70,measure
2026-09-12T13:52:52.337+00:00,609.000,403.321,100,22591.5,2685,68,measure
2026-09-12T13:52:53.336+00:00,610.001,393.697,99,22591.5,2685,69,measure
2026-09-12T13:52:54.335+00:00,611.000,408.276,100,22591.5,2685,70,measure
2026-09-12T13:52:55.335+00:00,612.000,408.413,100,22591.5,2685,71,measure
2026-09-12T13:52:56.336+00:00,613.001,392.391,100,22591.5,2685,68,measure
2026-09-12T13:52:57.335+00:00,614.000,401.663,99,22591.5,2685,71,measure
2026-09-12T13:52:58.340+00:00,615.000,400.641,100,22591.5,2685,68,measure
2026-09-12T13:52:59.336+00:00,616.001,396.702,100,22591.5,2685,69,measure
2026-09-12T13:53:00.335+00:00,617.000,412.11,99,22591.5,2685,70,measure
2026-09-12T13:53:01.341+00:00,618.000,409.645,99,22591.5,2685,70,measure
2026-09-12T13:53:02.335+00:00,619.000,390.909,99,22591.5,2685,69,measure
2026-09-12T13:53:03.335+00:00,620.000,404.23,100,22591.5,2685,71,measure
2026-09-12T13:53:04.337+00:00,621.001,390.264,100,22591.5,2685,69,measure
2026-09-12T13:53:05.336+00:00,622.000,393.419,99,22591.5,2685,69,measure
2026-09-12T13:53:06.336+00:00,623.001,379.971,99,22591.5,2685,69,measure
2026-09-12T13:53:07.335+00:00,624.000,367.876,99,22591.5,2685,66,measure
2026-09-12T13:53:08.335+00:00,625.000,369.174,99,22591.5,2685,67,measure
2026-09-12T13:53:09.336+00:00,626.001,336.825,99,22591.5,2685,63,measure
2026-09-12T13:53:10.337+00:00,627.000,320.462,99,22591.5,2685,63,measure
2026-09-12T13:53:11.348+00:00,628.001,314.207,99,22591.5,2685,62,measure
2026-09-12T13:53:12.335+00:00,629.000,309.02,99,22591.5,2685,67,measure
2026-09-12T13:53:13.338+00:00,630.001,313.839,99,22591.5,2685,63,measure
2026-09-12T13:53:14.381+00:00,631.001,334.228,99,22591.5,2685,66,measure
2026-09-12T13:53:15.336+00:00,632.001,361.398,99,22591.5,2685,67,measure
2026-09-12T13:53:16.340+00:00,633.001,358.475,99,22591.5,2685,65,measure
2026-09-12T13:53:17.337+00:00,634.002,370.148,99,22591.5,2685,68,measure
2026-09-12T13:53:18.335+00:00,635.001,370.495,99,22591.5,2685,66,measure
2026-09-12T13:53:19.335+00:00,636.000,362.549,99,22591.5,2685,67,measure
2026-09-12T13:53:20.335+00:00,637.000,357.565,99,22591.5,2685,67,measure
2026-09-12T13:53:21.336+00:00,638.000,353.417,99,22591.5,2685,64,measure
2026-09-12T13:53:19.851+00:00,639.000,328.164,99,22591.5,2685,64,measure
2026-09-12T13:53:20.850+00:00,640.001,345.832,99,22591.5,2685,65,measure
2026-09-12T13:53:21.853+00:00,641.003,356.953,99,22591.5,2685,66,measure
2026-09-12T13:53:22.850+00:00,642.000,355.631,99,22591.5,2685,66,measure
2026-09-12T13:53:23.850+00:00,643.001,363.325,99,22591.5,2685,67,measure
2026-09-12T13:53:24.850+00:00,644.000,343.192,99,22591.5,2685,63,measure
2026-09-12T13:53:25.853+00:00,645.003,377.154,99,22591.5,2685,66,measure
2026-09-12T13:53:26.853+00:00,646.004,378.338,99,22591.5,2685,67,measure
2026-09-12T13:53:27.850+00:00,647.000,378.792,99,22591.5,2685,65,measure
2026-09-12T13:53:28.850+00:00,648.001,373.031,99,22591.5,2685,67,measure
2026-09-12T13:53:29.850+00:00,649.001,363.703,99,22591.5,2685,67,measure
2026-09-12T13:53:30.851+00:00,650.000,366.4,99,22591.5,2685,67,measure
2026-09-12T13:53:31.851+00:00,651.001,360.449,99,22590,2685,67,measure
2026-09-12T13:53:32.854+00:00,652.004,367.815,99,22591.5,2685,67,measure
2026-09-12T13:53:33.852+00:00,653.003,364.01,99,22591.5,2685,66,measure
2026-09-12T13:53:34.851+00:00,654.001,364.672,99,22591.5,2685,66,measure
2026-09-12T13:53:35.850+00:00,655.000,356.356,99,22591.5,2685,68,measure
2026-09-12T13:53:36.852+00:00,656.001,326.415,99,22591.5,2685,62,measure
2026-09-12T13:53:37.853+00:00,657.001,301.298,99,22591.5,2685,65,measure
2026-09-12T13:53:38.853+00:00,658.003,321.191,99,22591.5,2685,66,measure
2026-09-12T13:53:39.850+00:00,659.001,331.072,99,22591.5,2685,63,measure
2026-09-12T13:53:40.852+00:00,660.001,360.582,99,22591.5,2685,65,measure
2026-09-12T13:53:41.851+00:00,661.001,359.593,99,22591.5,2685,65,measure
2026-09-12T13:53:42.851+00:00,662.000,362.513,99,22591.5,2685,65,measure
2026-09-12T13:53:43.853+00:00,663.003,362.522,99,22591.5,2685,65,measure
2026-09-12T13:53:44.850+00:00,664.001,352.664,99,22591.5,2685,66,measure
2026-09-12T13:53:45.850+00:00,665.001,330.427,99,22591.5,2685,63,measure
2026-09-12T13:53:46.850+00:00,666.000,314.834,99,22591.5,2685,62,measure
2026-09-12T13:53:47.850+00:00,667.001,319.764,99,22591.5,2685,65,measure
2026-09-12T13:53:48.851+00:00,668.000,335.347,99,22591.5,2685,65,measure
2026-09-12T13:53:49.855+00:00,669.006,338.76,99,22591.5,2685,63,measure
2026-09-12T13:53:50.850+00:00,670.001,358.107,99,22591.5,2685,65,measure
2026-09-12T13:53:49.369+00:00,671.000,363.914,99,22591.5,2685,64,measure
2026-09-12T13:53:50.370+00:00,672.001,370.926,99,22591.5,2685,67,measure
2026-09-12T13:53:51.370+00:00,673.001,375.51,99,22591.5,2685,65,measure
2026-09-12T13:53:52.371+00:00,674.000,373.577,99,22590,2685,66,measure
2026-09-12T13:53:53.372+00:00,675.001,379.748,99,22591.5,2685,65,measure
2026-09-12T13:53:54.370+00:00,676.000,374.429,99,22591.5,2685,65,measure
2026-09-12T13:53:55.369+00:00,677.000,383.255,99,22591.5,2685,68,measure
2026-09-12T13:53:56.370+00:00,678.001,374.77,99,22591.5,2685,66,measure
2026-09-12T13:53:57.370+00:00,679.000,364.179,99,22591.5,2685,66,measure
2026-09-12T13:53:58.371+00:00,680.000,365.822,99,22591.5,2685,64,measure
2026-09-12T13:53:59.372+00:00,681.000,364.039,99,22591.5,2685,66,measure
2026-09-12T13:54:00.370+00:00,682.001,365.464,99,22591.5,2685,65,measure
2026-09-12T13:54:01.369+00:00,683.000,371.542,99,22591.5,2685,67,measure
2026-09-12T13:54:02.370+00:00,684.001,377.414,99,22591.5,2685,67,measure
2026-09-12T13:54:03.370+00:00,685.001,366.776,99,22591.5,2685,66,measure
2026-09-12T13:54:04.383+00:00,686.000,355.05,99,22591.5,2685,65,measure
2026-09-12T13:54:05.372+00:00,687.000,341.304,99,22591.5,2685,66,measure
2026-09-12T13:54:06.373+00:00,688.004,320.631,99,22591.5,2685,65,measure
2026-09-12T13:54:07.369+00:00,689.000,318.141,99,22591.5,2685,65,measure
2026-09-12T13:54:08.371+00:00,690.000,324.882,99,22591.5,2685,64,measure
2026-09-12T13:54:09.369+00:00,691.000,324.197,99,22591.5,2685,63,measure
2026-09-12T13:54:10.371+00:00,692.000,320.488,99,22591.5,2685,62,measure
2026-09-12T13:54:11.370+00:00,693.001,307.441,99,22591.5,2685,61,measure
2026-09-12T13:54:12.370+00:00,694.001,318.29,99,22591.5,2685,65,measure
2026-09-12T13:54:13.369+00:00,695.000,320.865,99,22591.5,2685,62,measure
2026-09-12T13:54:14.370+00:00,696.001,324.026,99,22591.5,2685,61,measure
2026-09-12T13:54:15.370+00:00,697.000,325.73,99,22591.5,2685,62,measure
2026-09-12T13:54:16.371+00:00,698.001,314.377,99,22591.5,2685,63,measure
2026-09-12T13:54:17.370+00:00,699.000,343.098,99,22591.5,2685,61,measure
2026-09-12T13:54:18.370+00:00,700.001,320.806,99,22591.5,2685,61,measure
2026-09-12T13:54:19.369+00:00,701.000,345.926,99,22591.5,2685,64,measure
2026-09-12T13:54:20.370+00:00,702.001,345.803,99,22591.5,2685,61,measure
2026-09-12T13:54:21.369+00:00,703.000,358.968,99,22591.5,2685,66,measure
2026-09-12T13:54:19.872+00:00,704.000,363.785,99,22591.5,2685,66,measure
2026-09-12T13:54:20.870+00:00,705.000,361.103,99,22591.5,2685,65,measure
2026-09-12T13:54:21.871+00:00,706.001,362.932,99,22591.5,2685,66,measure
2026-09-12T13:54:22.877+00:00,707.001,353.01,99,22591.5,2685,66,measure
2026-09-12T13:54:23.871+00:00,708.001,347.149,99,22591.5,2685,65,measure
2026-09-12T13:54:24.878+00:00,709.007,340.706,99,22591.5,2685,62,measure
2026-09-12T13:54:25.871+00:00,710.000,345.958,99,22619.3,2685,65,measure
2026-09-12T13:54:26.871+00:00,711.001,368.855,99,22620.8,2685,67,measure
2026-09-12T13:54:27.871+00:00,712.001,373.395,99,22620.8,2685,67,measure
2026-09-12T13:54:28.870+00:00,713.000,365.73,99,22612.6,2685,66,measure
2026-09-12T13:54:29.870+00:00,714.000,361.393,99,22606.6,2685,64,measure
2026-09-12T13:54:30.870+00:00,715.000,365.613,99,22603.8,2685,64,measure
2026-09-12T13:54:31.871+00:00,716.000,367.061,99,22598.6,2685,66,measure
2026-09-12T13:54:32.872+00:00,717.000,354.83,99,22588.9,2685,64,measure
2026-09-12T13:54:33.870+00:00,718.000,355.767,99,22590.4,2685,64,measure
2026-09-12T13:54:34.870+00:00,719.000,336.343,99,22590.4,2685,63,measure
2026-09-12T13:54:35.872+00:00,720.001,341.287,99,22590.4,2685,62,measure
2026-09-12T13:54:36.870+00:00,721.000,360.852,99,22587.6,2685,69,measure
2026-09-12T13:54:37.872+00:00,722.001,359.113,99,22585.6,2685,66,measure
2026-09-12T13:54:38.871+00:00,723.000,364.302,99,22585.6,2685,65,measure
2026-09-12T13:54:39.871+00:00,724.001,355.545,99,22585.6,2685,64,measure
2026-09-12T13:54:40.870+00:00,725.000,331.984,99,22585.6,2685,66,measure
2026-09-12T13:54:41.871+00:00,726.001,325.59,99,22585.5,2685,62,measure
2026-09-12T13:54:42.872+00:00,727.001,299.515,99,22595.1,2685,62,measure
2026-09-12T13:54:43.872+00:00,728.000,298.928,99,22590.1,2685,62,measure
2026-09-12T13:54:44.871+00:00,729.000,315.141,99,22590.1,2685,63,measure
2026-09-12T13:54:45.872+00:00,730.002,309.082,99,22597.1,2685,61,measure
2026-09-12T13:54:46.870+00:00,731.000,313.12,99,22607.1,2685,60,measure
2026-09-12T13:54:47.870+00:00,732.000,319.801,99,22607.1,2685,64,measure
2026-09-12T13:54:48.871+00:00,733.001,318.501,99,22607.1,2685,62,measure
2026-09-12T13:54:49.872+00:00,734.001,321.882,99,22607.1,2685,63,measure
2026-09-12T13:54:50.871+00:00,735.000,354.232,99,22600.1,2685,64,measure
2026-09-12T13:54:49.376+00:00,736.001,354.517,99,22600.1,2685,66,measure
2026-09-12T13:54:50.378+00:00,737.000,356.311,99,22600.1,2685,64,measure
2026-09-12T13:54:51.376+00:00,738.001,359.652,99,22600.1,2685,66,measure
2026-09-12T13:54:52.376+00:00,739.001,357.408,99,22594.7,2685,64,measure
2026-09-12T13:54:53.380+00:00,740.001,351.589,99,22599.1,2685,63,measure
2026-09-12T13:54:54.376+00:00,741.000,360.779,99,22599.1,2685,64,measure
2026-09-12T13:54:55.375+00:00,742.000,330.758,99,22599.1,2685,65,measure
2026-09-12T13:54:56.375+00:00,743.000,317.737,99,22599.1,2685,64,measure
2026-09-12T13:54:57.375+00:00,744.000,341.882,99,22609.1,2685,66,measure
2026-09-12T13:54:58.376+00:00,745.000,352.539,99,22609.1,2685,64,measure
2026-09-12T13:54:59.378+00:00,746.000,351.802,99,22631.5,2685,65,measure
2026-09-12T13:55:00.375+00:00,747.000,331.921,99,22422.5,2685,63,measure
2026-09-12T13:55:01.375+00:00,748.000,313.181,99,22422,2685,64,measure
2026-09-12T13:55:02.376+00:00,749.000,311.443,99,22421.1,2685,62,measure
2026-09-12T13:55:03.375+00:00,750.000,328.888,99,22418.9,2685,64,measure
2026-09-12T13:55:04.376+00:00,751.000,336.551,99,22413.8,2685,66,measure
2026-09-12T13:55:05.377+00:00,752.000,357.2,99,22412.8,2685,66,measure
2026-09-12T13:55:06.376+00:00,753.001,359.546,99,22412.8,2685,65,measure
2026-09-12T13:55:07.376+00:00,754.001,340.56,99,22412.7,2685,64,measure
2026-09-12T13:55:08.379+00:00,755.004,324.996,99,22412.7,2685,64,measure
2026-09-12T13:55:09.375+00:00,756.000,339.165,99,22412.7,2685,62,measure
2026-09-12T13:55:10.377+00:00,757.001,319.02,99,22412.7,2685,62,measure
2026-09-12T13:55:11.379+00:00,758.001,309.362,99,22412.7,2685,61,measure
2026-09-12T13:55:12.376+00:00,759.000,320.685,99,22412.7,2685,61,measure
2026-09-12T13:55:13.375+00:00,760.000,315.102,99,22412.7,2685,62,measure
2026-09-12T13:55:14.376+00:00,761.000,318.779,99,22412.7,2685,61,measure
2026-09-12T13:55:15.377+00:00,762.002,326.026,99,22413.4,2685,65,measure
2026-09-12T13:55:16.379+00:00,763.003,328.94,99,22413.4,2685,63,measure
2026-09-12T13:55:17.378+00:00,764.002,351.146,99,22401.7,2685,67,measure
2026-09-12T13:55:18.380+00:00,765.004,353.973,99,22400.2,2685,65,measure
2026-09-12T13:55:19.404+00:00,766.029,356.643,99,22397.9,2685,63,measure
2026-09-12T13:55:20.378+00:00,767.000,365.066,99,22393.9,2685,66,measure
2026-09-12T13:55:21.375+00:00,768.000,370.966,99,22393.9,2685,65,measure
2026-09-12T13:55:19.873+00:00,769.007,368.025,99,22380.1,2685,65,measure
2026-09-12T13:55:20.868+00:00,770.000,372.639,99,22380.1,2685,64,measure
2026-09-12T13:55:21.867+00:00,771.000,369.664,99,22378.2,2685,64,measure
2026-09-12T13:55:22.867+00:00,772.001,360.81,99,22378.2,2685,64,measure
2026-09-12T13:55:23.867+00:00,773.001,359.282,99,22378.2,2685,67,measure
2026-09-12T13:55:24.867+00:00,774.001,355.976,99,22378.3,2685,65,measure
2026-09-12T13:55:25.868+00:00,775.001,354.179,99,22378.3,2685,65,measure
2026-09-12T13:55:26.870+00:00,776.000,350.594,99,22378.3,2685,65,measure
2026-09-12T13:55:27.867+00:00,777.001,353.649,99,22378.3,2685,66,measure
2026-09-12T13:55:28.867+00:00,778.000,351.735,99,22378.3,2685,64,measure
2026-09-12T13:55:29.867+00:00,779.001,320.901,99,22378.8,2685,62,measure
2026-09-12T13:55:30.866+00:00,780.000,321.223,99,22378.8,2685,62,measure
2026-09-12T13:55:31.868+00:00,781.000,321.98,99,22378.8,2685,61,measure
2026-09-12T13:55:32.869+00:00,782.002,360.979,99,22378.8,2685,64,measure
2026-09-12T13:55:33.867+00:00,783.000,360.867,99,22378.8,2685,65,measure
2026-09-12T13:55:34.867+00:00,784.001,361.751,99,22378.8,2685,65,measure
2026-09-12T13:55:35.867+00:00,785.000,368.404,99,22378.8,2685,67,measure
2026-09-12T13:55:36.867+00:00,786.000,356.702,99,22378.8,2685,65,measure
2026-09-12T13:55:37.874+00:00,787.001,360.36,99,22379.1,2685,66,measure
2026-09-12T13:55:38.871+00:00,788.004,350.16,99,22379.1,2685,65,measure
2026-09-12T13:55:39.869+00:00,789.002,332.996,99,22379.1,2685,64,measure
2026-09-12T13:55:40.950+00:00,790.083,323.885,99,22379.1,2685,62,measure
2026-09-12T13:55:41.908+00:00,791.041,307.613,99,22379.1,2685,64,measure
2026-09-12T13:55:42.946+00:00,792.080,314.89,99,22379,2685,62,measure
2026-09-12T13:55:43.906+00:00,793.039,341.896,99,22379,2685,65,measure
2026-09-12T13:55:44.884+00:00,794.017,352.329,99,22379,2685,64,measure
2026-09-12T13:55:45.897+00:00,795.025,335.783,99,22379,2685,62,measure
2026-09-12T13:55:46.948+00:00,796.081,320.317,99,22379,2685,62,measure
2026-09-12T13:55:47.880+00:00,797.011,318.337,99,22379,2685,64,measure
2026-09-12T13:55:48.951+00:00,798.082,333.807,99,22379,2685,65,measure
2026-09-12T13:55:49.872+00:00,799.006,357.306,99,22381.9,2685,64,measure
2026-09-12T13:55:50.968+00:00,800.054,356.44,99,22381.7,2685,66,measure
2026-09-12T13:55:49.437+00:00,801.075,360.468,99,22381.7,2685,64,measure
2026-09-12T13:55:50.427+00:00,802.065,332.186,99,22382.4,2685,61,measure
2026-09-12T13:55:51.400+00:00,803.039,323.988,99,22381.5,2685,65,measure
2026-09-12T13:55:52.415+00:00,804.051,309.87,99,22381.5,2685,64,measure
2026-09-12T13:55:53.440+00:00,805.079,313.646,99,22385.4,2685,62,measure
2026-09-12T13:55:54.398+00:00,806.037,321.565,99,22388.6,2685,62,measure
2026-09-12T13:55:55.367+00:00,807.004,318.792,99,22401.9,2685,62,measure
2026-09-12T13:55:56.363+00:00,808.002,346.185,99,22401.9,2685,64,measure
2026-09-12T13:55:57.367+00:00,809.005,363.136,99,22401.9,2685,67,measure
2026-09-12T13:55:58.364+00:00,810.002,367.225,99,22401.6,2685,65,measure
2026-09-12T13:55:59.366+00:00,811.005,366.882,99,22401.6,2685,64,measure
2026-09-12T13:56:00.363+00:00,812.002,353.772,99,22401.6,2685,65,measure
2026-09-12T13:56:01.362+00:00,813.001,358.71,99,22401.6,2685,65,measure
2026-09-12T13:56:02.370+00:00,814.009,324.394,99,22401.6,2685,61,measure
2026-09-12T13:56:03.362+00:00,815.001,322.894,99,22401.6,2685,64,measure
2026-09-12T13:56:04.363+00:00,816.001,317.636,99,22401.6,2685,61,measure
2026-09-12T13:56:05.367+00:00,817.003,317.594,99,22401.6,2685,61,measure
2026-09-12T13:56:06.364+00:00,818.003,326.661,99,22401.6,2685,64,measure
2026-09-12T13:56:07.364+00:00,819.003,316.274,99,22401.6,2685,61,measure
2026-09-12T13:56:08.366+00:00,820.005,338.425,99,22401.6,2685,65,measure
2026-09-12T13:56:09.374+00:00,821.009,359.021,99,22401.6,2685,65,measure
2026-09-12T13:56:10.364+00:00,822.002,361.978,99,22401.6,2685,64,measure
2026-09-12T13:56:11.366+00:00,823.002,359.577,99,22401.6,2685,64,measure
2026-09-12T13:56:12.369+00:00,824.008,358.838,99,22401.6,2685,65,measure
2026-09-12T13:56:13.364+00:00,825.003,360.901,99,22401.6,2685,66,measure
2026-09-12T13:56:14.367+00:00,826.005,356.413,99,22401.6,2685,66,measure
2026-09-12T13:56:15.364+00:00,827.002,360.802,99,22401.6,2685,67,measure
2026-09-12T13:56:16.363+00:00,828.001,359.063,99,22401.6,2685,66,measure
2026-09-12T13:56:17.368+00:00,829.007,358.464,99,22401.6,2685,65,measure
2026-09-12T13:56:18.417+00:00,830.000,345.229,99,22401.6,2685,65,measure
2026-09-12T13:56:19.363+00:00,831.001,324.169,99,22401.6,2685,61,measure
2026-09-12T13:56:20.362+00:00,832.001,311.135,99,22401.6,2685,61,measure
2026-09-12T13:56:21.362+00:00,833.000,306.891,99,22401.6,2685,62,measure
2026-09-12T13:56:19.861+00:00,834.001,340.053,99,22401.6,2685,64,measure
2026-09-12T13:56:20.865+00:00,835.006,342.038,99,22401.6,2685,66,measure
2026-09-12T13:56:21.860+00:00,836.002,365.347,99,22401.6,2685,65,measure
2026-09-12T13:56:22.859+00:00,837.000,372.723,99,22401.6,2685,66,measure
2026-09-12T13:56:23.861+00:00,838.002,361.612,99,22401.6,2685,65,measure
2026-09-12T13:56:24.859+00:00,839.001,360.949,99,22401.6,2685,65,measure
2026-09-12T13:56:25.860+00:00,840.001,367.789,99,22401.6,2685,65,measure
2026-09-12T13:56:26.860+00:00,841.001,373.474,99,22401.6,2685,66,measure
2026-09-12T13:56:27.859+00:00,842.000,363.659,99,22401.6,2685,67,measure
2026-09-12T13:56:28.859+00:00,843.001,358.154,99,22401.6,2685,65,measure
2026-09-12T13:56:29.861+00:00,844.000,351.984,99,22401.6,2685,63,measure
2026-09-12T13:56:30.870+00:00,845.007,362.433,99,22401.6,2685,67,measure
2026-09-12T13:56:31.859+00:00,846.000,361.097,99,22401.6,2685,65,measure
2026-09-12T13:56:32.863+00:00,847.001,360.439,99,22401.6,2685,65,measure
2026-09-12T13:56:33.859+00:00,848.001,363.724,99,22401.6,2685,65,measure
2026-09-12T13:56:34.859+00:00,849.001,357.41,99,22401.6,2685,65,measure
2026-09-12T13:56:35.860+00:00,850.001,371.186,99,22401.6,2685,67,measure
2026-09-12T13:56:36.861+00:00,851.003,376.879,99,22401.6,2685,65,measure
2026-09-12T13:56:37.860+00:00,852.001,358.586,99,22401.6,2685,66,measure
2026-09-12T13:56:38.863+00:00,853.001,365.691,99,22401.6,2685,66,measure
2026-09-12T13:56:39.859+00:00,854.000,353.036,99,22401.6,2685,65,measure
2026-09-12T13:56:40.859+00:00,855.001,358.602,99,22401.6,2685,65,measure
2026-09-12T13:56:41.861+00:00,856.002,354.911,99,22401.6,2685,66,measure
2026-09-12T13:56:42.860+00:00,857.001,357.034,99,22401.6,2685,65,measure
2026-09-12T13:56:43.864+00:00,858.004,336.504,99,22401.6,2685,65,measure
2026-09-12T13:56:44.865+00:00,859.007,329.12,99,22401.6,2685,66,measure
2026-09-12T13:56:45.863+00:00,860.004,359.434,99,22401.6,2685,64,measure
2026-09-12T13:56:46.860+00:00,861.002,336.795,99,22401.6,2685,63,measure
2026-09-12T13:56:47.859+00:00,862.000,332.168,99,22401.6,2685,66,measure
2026-09-12T13:56:48.861+00:00,863.002,319.683,99,22401.6,2685,64,measure
2026-09-12T13:56:49.861+00:00,864.001,303.277,99,22401.6,2685,61,measure
2026-09-12T13:56:50.860+00:00,865.000,309.977,99,22401.6,2685,63,measure
2026-09-12T13:56:49.377+00:00,866.007,319.011,99,22401.6,2685,66,measure
2026-09-12T13:56:50.371+00:00,867.002,323.685,99,22401.6,2685,64,measure
2026-09-12T13:56:51.373+00:00,868.003,343.921,99,22401.6,2685,62,measure
2026-09-12T13:56:52.372+00:00,869.003,346.036,99,22401.6,2685,68,measure
2026-09-12T13:56:53.371+00:00,870.000,348.15,99,22401.6,2685,65,measure
2026-09-12T13:56:54.373+00:00,871.000,324.189,99,22401.6,2685,62,measure
2026-09-12T13:56:55.423+00:00,872.000,326.123,99,22401.6,2685,65,measure
2026-09-12T13:56:56.401+00:00,873.000,335.339,99,22401.6,2685,63,measure
2026-09-12T13:56:57.372+00:00,874.001,352.688,99,22401.6,2685,65,measure
2026-09-12T13:56:58.370+00:00,875.001,364.886,99,22401.6,2685,67,measure
2026-09-12T13:56:59.372+00:00,876.000,359.925,99,22401.6,2685,66,measure
2026-09-12T13:57:00.373+00:00,877.000,363.156,99,22401.6,2685,66,measure
2026-09-12T13:57:01.370+00:00,878.000,341.643,99,22401.6,2685,62,measure
2026-09-12T13:57:02.370+00:00,879.000,334.473,99,22401.6,2685,62,measure
2026-09-12T13:57:03.370+00:00,880.000,324.042,99,22401.6,2685,65,measure
2026-09-12T13:57:04.370+00:00,881.000,330.519,99,22401.6,2685,66,measure
2026-09-12T13:57:05.371+00:00,882.001,348.208,99,22401.6,2685,66,measure
2026-09-12T13:57:06.373+00:00,883.003,347.692,99,22400.1,2685,65,measure
2026-09-12T13:57:07.371+00:00,884.001,309.78,99,22401.6,2685,62,measure
2026-09-12T13:57:08.374+00:00,885.004,309.304,99,22401.6,2685,61,measure
2026-09-12T13:57:09.371+00:00,886.001,323.064,99,22401.6,2685,63,measure
2026-09-12T13:57:10.370+00:00,887.001,329.444,99,22401.6,2685,66,measure
2026-09-12T13:57:11.410+00:00,888.004,342.002,99,22401.6,2685,67,measure
2026-09-12T13:57:12.372+00:00,889.000,343.848,99,22401.6,2685,63,measure
2026-09-12T13:57:13.370+00:00,890.001,352.947,99,22401.6,2685,64,measure
2026-09-12T13:57:14.372+00:00,891.002,357.382,99,22401.6,2685,67,measure
2026-09-12T13:57:15.370+00:00,892.000,328.529,99,22401.6,2685,65,measure
2026-09-12T13:57:16.370+00:00,893.001,336.739,99,22401.6,2685,66,measure
2026-09-12T13:57:17.371+00:00,894.000,364.917,99,22401.6,2685,66,measure
2026-09-12T13:57:18.385+00:00,895.003,368.869,99,22401.6,2685,68,measure
2026-09-12T13:57:19.371+00:00,896.001,366.162,99,22401.6,2685,65,measure
2026-09-12T13:57:20.379+00:00,897.009,365.531,99,22401.6,2685,65,measure
2026-09-12T13:57:21.371+00:00,898.002,347.109,99,22401.6,2685,64,measure
2026-09-12T13:57:19.893+00:00,899.004,318.766,99,22401.6,2685,66,measure
2026-09-12T13:57:20.852+00:00,900.000,329.062,99,22401.6,2685,64,measure
2026-09-12T13:57:21.853+00:00,901.002,321.096,99,22401.6,2685,61,measure
2026-09-12T13:57:22.852+00:00,902.001,320.756,99,22401.6,2685,62,measure
2026-09-12T13:57:23.851+00:00,903.001,326.482,99,22401.6,2685,62,measure
2026-09-12T13:57:24.852+00:00,904.000,315.822,99,22401.6,2685,63,measure
2026-09-12T13:57:25.852+00:00,905.001,335.89,99,22401.6,2685,66,measure
2026-09-12T13:57:26.857+00:00,906.006,356.095,99,22401.6,2685,65,measure
2026-09-12T13:57:27.854+00:00,907.001,358.453,99,22401.6,2685,65,measure
2026-09-12T13:57:28.852+00:00,908.002,363.122,99,22401.6,2685,66,measure
2026-09-12T13:57:29.852+00:00,909.001,361.841,99,22401.6,2685,66,measure
2026-09-12T13:57:30.851+00:00,910.000,359.02,99,22401.6,2685,66,measure
2026-09-12T13:57:31.855+00:00,911.003,362.047,99,22401.6,2685,65,measure
2026-09-12T13:57:32.854+00:00,912.002,360.968,99,22401.6,2685,65,measure
2026-09-12T13:57:33.851+00:00,913.000,355.816,99,22401.6,2685,65,measure
2026-09-12T13:57:34.851+00:00,914.000,328.382,99,22401.6,2685,63,measure
2026-09-12T13:57:35.851+00:00,915.000,319.754,99,22401.6,2685,63,measure
2026-09-12T13:57:36.858+00:00,916.006,320.18,99,22401.6,2685,63,measure
2026-09-12T13:57:37.863+00:00,917.013,349.663,99,22401.6,2685,66,measure
2026-09-12T13:57:38.853+00:00,918.001,335.238,99,22401.6,2685,64,measure
2026-09-12T13:57:39.856+00:00,919.006,369.837,99,22401.6,2685,66,measure
2026-09-12T13:57:40.851+00:00,920.000,353.767,99,22401.6,2685,65,measure
2026-09-12T13:57:41.851+00:00,921.000,348.521,99,22401.6,2685,66,measure
2026-09-12T13:57:42.851+00:00,922.000,333.795,99,22401.6,2685,65,measure
2026-09-12T13:57:43.851+00:00,923.001,324.147,99,22401.6,2685,64,measure
2026-09-12T13:57:44.855+00:00,924.000,347.2,99,22401.6,2685,66,measure
2026-09-12T13:57:45.852+00:00,925.000,359.033,99,22401.6,2685,65,measure
2026-09-12T13:57:46.851+00:00,926.000,356.376,99,22401.6,2685,66,measure
2026-09-12T13:57:47.851+00:00,927.001,367.848,99,22401.6,2685,66,measure
2026-09-12T13:57:48.851+00:00,928.001,365.478,99,22401.6,2685,65,measure
2026-09-12T13:57:49.851+00:00,929.000,356.273,99,22401.6,2685,65,measure
2026-09-12T13:57:50.855+00:00,930.003,362.487,99,22401.6,2685,65,measure
2026-09-12T13:57:51.853+00:00,931.002,361.27,99,22401.6,2685,66,measure
2026-09-12T13:57:50.355+00:00,932.000,365.221,99,22401.6,2685,65,measure
2026-09-12T13:57:51.355+00:00,933.000,359.344,99,22401.6,2685,66,measure
2026-09-12T13:57:52.355+00:00,934.001,367.323,99,22401.6,2685,66,measure
2026-09-12T13:57:53.361+00:00,935.005,363.421,99,22401.6,2685,66,measure
2026-09-12T13:57:54.362+00:00,936.007,350.579,99,22401.6,2685,62,measure
2026-09-12T13:57:55.356+00:00,937.000,364.557,99,22401.6,2685,66,measure
2026-09-12T13:57:56.357+00:00,938.002,344.657,99,22401.6,2685,65,measure
2026-09-12T13:57:57.355+00:00,939.000,330.91,99,22401.6,2685,64,measure
2026-09-12T13:57:58.362+00:00,940.006,334.441,99,22400.1,2685,65,measure
2026-09-12T13:57:59.355+00:00,941.000,324.991,99,22401.6,2685,65,measure
2026-09-12T13:58:00.357+00:00,942.000,328.727,99,22401.6,2685,64,measure
2026-09-12T13:58:01.356+00:00,943.000,329.034,99,22401.6,2685,63,measure
2026-09-12T13:58:02.357+00:00,944.002,316.447,99,22401.6,2685,62,measure
2026-09-12T13:58:03.356+00:00,945.001,324.497,99,22401.6,2685,64,measure
2026-09-12T13:58:04.356+00:00,946.001,314.189,99,22401.6,2685,63,measure
2026-09-12T13:58:05.358+00:00,947.001,330.448,99,22401.6,2685,65,measure
2026-09-12T13:58:06.357+00:00,948.001,331.425,99,22401.6,2685,62,measure
2026-09-12T13:58:07.356+00:00,949.001,315.851,99,22401.6,2685,62,measure
2026-09-12T13:58:08.355+00:00,950.000,320.196,99,22401.6,2685,64,measure
2026-09-12T13:58:09.358+00:00,951.002,321.976,99,22401.6,2685,62,measure
2026-09-12T13:58:10.356+00:00,952.001,325.355,99,22401.6,2685,62,measure
2026-09-12T13:58:11.358+00:00,953.002,325.973,99,22401.6,2685,62,measure
2026-09-12T13:58:12.363+00:00,954.001,341.347,99,22401.6,2685,65,measure
2026-09-12T13:58:13.355+00:00,955.000,328.564,99,22401.6,2685,64,measure
2026-09-12T13:58:14.357+00:00,956.002,314.363,99,22401.6,2685,64,measure
2026-09-12T13:58:15.355+00:00,957.000,319.56,99,22401.6,2685,65,measure
2026-09-12T13:58:16.355+00:00,958.000,318.324,99,22401.6,2685,61,measure
2026-09-12T13:58:17.356+00:00,959.000,311.654,99,22401.6,2685,62,measure
2026-09-12T13:58:18.357+00:00,960.000,327.247,99,22401.6,2685,64,measure
2026-09-12T13:58:19.355+00:00,961.000,328.873,99,22401.6,2685,63,measure
2026-09-12T13:58:20.355+00:00,962.001,331.11,99,22401.6,2685,64,measure
2026-09-12T13:58:21.355+00:00,963.000,367.237,99,22401.6,2685,67,measure
2026-09-12T13:58:19.854+00:00,964.001,357.855,99,22401.6,2685,64,measure
2026-09-12T13:58:20.857+00:00,965.002,362.951,99,22401.6,2685,68,measure
2026-09-12T13:58:21.857+00:00,966.000,362.563,99,22401.6,2685,65,measure
2026-09-12T13:58:22.854+00:00,967.000,364.713,99,22401.6,2685,66,measure
2026-09-12T13:58:23.854+00:00,968.000,369.805,99,22401.6,2685,66,measure
2026-09-12T13:58:24.855+00:00,969.001,362.623,99,22401.6,2685,66,measure
2026-09-12T13:58:25.855+00:00,970.002,366.375,99,22401.6,2685,66,measure
2026-09-12T13:58:26.856+00:00,971.001,370.751,99,22401.6,2685,66,measure
2026-09-12T13:58:27.855+00:00,972.001,359.301,99,22401.6,2685,65,measure
2026-09-12T13:58:28.856+00:00,973.002,372.643,99,22401.6,2685,66,measure
2026-09-12T13:58:29.855+00:00,974.001,379.239,99,22401.6,2685,67,measure
2026-09-12T13:58:30.855+00:00,975.001,352.67,99,22401.6,2685,66,measure
2026-09-12T13:58:31.855+00:00,976.001,357.317,99,22401.6,2685,66,measure
2026-09-12T13:58:32.861+00:00,977.005,336.323,99,22401.6,2685,66,measure
2026-09-12T13:58:33.857+00:00,978.003,359.321,99,22401.6,2685,65,measure
2026-09-12T13:58:34.866+00:00,979.003,362.974,99,22401.6,2685,67,measure
2026-09-12T13:58:35.855+00:00,980.001,367.697,99,22401.6,2685,66,measure
2026-09-12T13:58:36.856+00:00,981.001,358.631,99,22401.6,2685,65,measure
2026-09-12T13:58:37.854+00:00,982.000,361.066,99,22401.6,2685,66,measure
2026-09-12T13:58:38.860+00:00,983.007,351.887,99,22401.6,2685,64,measure
2026-09-12T13:58:39.857+00:00,984.002,329.372,99,22401.6,2685,63,measure
2026-09-12T13:58:40.855+00:00,985.001,333.587,99,22401.6,2685,65,measure
2026-09-12T13:58:41.855+00:00,986.001,316.292,99,22401.6,2685,64,measure
2026-09-12T13:58:42.854+00:00,987.001,319.155,99,22401.6,2685,62,measure
2026-09-12T13:58:43.855+00:00,988.001,326.605,99,22401.6,2685,63,measure
2026-09-12T13:58:44.873+00:00,989.000,325.381,99,22401.6,2685,62,measure
2026-09-12T13:58:45.856+00:00,990.003,349.72,99,22401.6,2685,66,measure
2026-09-12T13:58:46.855+00:00,991.001,363.182,99,22400.1,2685,65,measure
2026-09-12T13:58:47.856+00:00,992.002,357.366,99,22401.6,2685,66,measure
2026-09-12T13:58:48.854+00:00,993.000,367.581,99,22401.6,2685,65,measure
2026-09-12T13:58:49.854+00:00,994.001,362.059,99,22401.6,2685,66,measure
2026-09-12T13:58:50.856+00:00,995.001,364.468,99,22401.6,2685,65,measure
2026-09-12T13:58:51.854+00:00,996.001,354.004,99,22401.6,2685,66,measure
2026-09-12T13:58:50.367+00:00,997.005,365.135,99,22401.6,2685,65,measure
2026-09-12T13:58:51.362+00:00,998.001,366.907,99,22401.6,2685,65,measure
2026-09-12T13:58:52.362+00:00,999.000,360.137,99,22401.6,2685,67,measure
2026-09-12T13:58:53.362+00:00,1000.001,359.204,99,22401.6,2685,65,measure
2026-09-12T13:58:54.368+00:00,1001.001,344.083,99,22401.6,2685,64,measure
2026-09-12T13:58:55.364+00:00,1002.000,324.607,99,22401.6,2685,64,measure
2026-09-12T13:58:56.362+00:00,1003.000,346.029,99,22401.6,2685,67,measure
2026-09-12T13:58:57.363+00:00,1004.001,359.737,99,22401.6,2685,67,measure
2026-09-12T13:58:58.362+00:00,1005.001,367.003,99,22401.6,2685,67,measure
2026-09-12T13:58:59.362+00:00,1006.000,379.016,99,22401.6,2685,68,measure
2026-09-12T13:59:00.363+00:00,1007.000,367.845,99,22401.6,2685,66,measure
2026-09-12T13:59:01.364+00:00,1008.000,366.202,99,22401.6,2685,65,measure
2026-09-12T13:59:02.362+00:00,1009.001,368.991,99,22401.6,2685,67,measure
2026-09-12T13:59:03.363+00:00,1010.001,348.878,99,22401.6,2685,66,measure
2026-09-12T13:59:04.363+00:00,1011.000,317.638,99,22401.6,2685,62,measure
2026-09-12T13:59:05.362+00:00,1012.000,310.552,99,22401.6,2685,62,measure
2026-09-12T13:59:06.363+00:00,1013.000,300.377,99,22401.6,2685,62,measure
2026-09-12T13:59:07.399+00:00,1014.000,320.513,99,22400.1,2685,62,measure
2026-09-12T13:59:08.391+00:00,1015.000,333.439,99,22401.6,2685,65,measure
2026-09-12T13:59:09.363+00:00,1016.001,350.708,99,22401.6,2685,66,measure
2026-09-12T13:59:10.363+00:00,1017.002,351.29,99,22401.6,2685,67,measure
2026-09-12T13:59:11.362+00:00,1018.000,368.661,99,22401.6,2685,68,measure
2026-09-12T13:59:12.363+00:00,1019.000,364.12,99,22401.6,2685,66,measure
2026-09-12T13:59:13.362+00:00,1020.000,371.014,99,22401.6,2685,67,measure
2026-09-12T13:59:14.362+00:00,1021.001,364.455,99,22401.6,2685,67,measure
2026-09-12T13:59:15.362+00:00,1022.000,357.385,99,22401.6,2685,65,measure
2026-09-12T13:59:16.362+00:00,1023.001,339.764,99,22401.6,2685,63,measure
2026-09-12T13:59:17.362+00:00,1024.000,311.855,99,22401.6,2685,64,measure
2026-09-12T13:59:18.363+00:00,1025.000,330.822,99,22401.6,2685,63,measure
2026-09-12T13:59:19.376+00:00,1026.001,328.569,99,22401.6,2685,64,measure
2026-09-12T13:59:20.362+00:00,1027.001,362.956,99,22401.6,2685,67,measure
2026-09-12T13:59:21.362+00:00,1028.000,357.544,99,22401.6,2685,65,measure
2026-09-12T13:59:19.862+00:00,1029.000,358.476,99,22401.6,2685,65,measure
2026-09-12T13:59:20.863+00:00,1030.001,350.289,99,22401.6,2685,67,measure
2026-09-12T13:59:21.863+00:00,1031.001,312.872,99,22401.6,2685,65,measure
2026-09-12T13:59:22.863+00:00,1032.000,314.411,99,22401.6,2685,64,measure
2026-09-12T13:59:23.862+00:00,1033.000,314.026,99,22401.6,2685,63,measure
2026-09-12T13:59:24.864+00:00,1034.002,326.595,99,22401.6,2685,63,measure
2026-09-12T13:59:25.908+00:00,1035.001,314.193,99,22401.6,2685,63,measure
2026-09-12T13:59:26.862+00:00,1036.000,334.679,99,22401.6,2685,66,measure
2026-09-12T13:59:27.864+00:00,1037.001,343.325,99,22401.6,2685,67,measure
2026-09-12T13:59:28.863+00:00,1038.001,357.927,99,22401.6,2685,65,measure
2026-09-12T13:59:29.864+00:00,1039.002,327.099,99,22401.6,2685,65,measure
2026-09-12T13:59:30.865+00:00,1040.003,333.405,99,22401.6,2685,64,measure
2026-09-12T13:59:31.863+00:00,1041.001,351.284,99,22401.6,2685,66,measure
2026-09-12T13:59:32.863+00:00,1042.000,373.621,99,22401.6,2685,68,measure
2026-09-12T13:59:33.864+00:00,1043.000,381.095,99,22401.6,2685,68,measure
2026-09-12T13:59:34.863+00:00,1044.000,387.144,99,22401.6,2685,67,measure
2026-09-12T13:59:35.863+00:00,1045.001,368.225,99,22401.6,2685,65,measure
2026-09-12T13:59:36.862+00:00,1046.000,363.967,99,22401.6,2685,65,measure
2026-09-12T13:59:37.862+00:00,1047.000,363.383,99,22401.6,2685,68,measure
2026-09-12T13:59:38.865+00:00,1048.001,344.141,99,22401.6,2685,66,measure
2026-09-12T13:59:39.863+00:00,1049.000,355.512,99,22401.6,2685,65,measure
2026-09-12T13:59:40.913+00:00,1050.001,331.049,99,22401.6,2685,64,measure
2026-09-12T13:59:41.863+00:00,1051.001,314.452,99,22401.6,2685,64,measure
2026-09-12T13:59:42.863+00:00,1052.001,328.124,99,22401.6,2685,63,measure
2026-09-12T13:59:43.862+00:00,1053.000,336.004,99,22401.6,2685,62,measure
2026-09-12T13:59:44.864+00:00,1054.001,371.407,99,22401.6,2685,66,measure
2026-09-12T13:59:45.866+00:00,1055.000,376.523,99,22401.6,2685,68,measure
2026-09-12T13:59:46.863+00:00,1056.001,371.723,99,22401.6,2685,68,measure
2026-09-12T13:59:47.862+00:00,1057.000,368.323,99,22401.6,2685,67,measure
2026-09-12T13:59:48.864+00:00,1058.000,365.385,99,22401.6,2685,66,measure
2026-09-12T13:59:49.862+00:00,1059.000,362.108,99,22401.6,2685,67,measure
2026-09-12T13:59:50.863+00:00,1060.000,361.296,99,22401.6,2685,66,measure
2026-09-12T13:59:49.375+00:00,1061.001,366.733,99,22401.6,2685,67,measure
2026-09-12T13:59:50.371+00:00,1062.000,364.525,99,22401.6,2685,68,measure
2026-09-12T13:59:51.384+00:00,1063.012,363.013,99,22401.6,2685,67,measure
2026-09-12T13:59:52.413+00:00,1064.043,360.756,99,22401.6,2685,65,measure
2026-09-12T13:59:53.434+00:00,1065.048,339.731,99,22401.6,2685,63,measure
2026-09-12T13:59:54.443+00:00,1066.069,343.93,99,22401.6,2685,66,measure
2026-09-12T13:59:55.372+00:00,1067.000,323.853,99,22401.6,2685,62,measure
2026-09-12T13:59:56.384+00:00,1068.002,336.094,99,22401.6,2685,65,measure
2026-09-12T13:59:57.420+00:00,1069.048,325.682,99,22401.6,2685,64,measure
2026-09-12T13:59:58.450+00:00,1070.079,315.092,99,22401.6,2685,62,measure
2026-09-12T13:59:59.413+00:00,1071.042,317.206,99,22401.6,2685,63,measure
2026-09-12T14:00:00.452+00:00,1072.080,326.843,99,22401.6,2685,65,measure
2026-09-12T14:00:01.404+00:00,1073.034,314.265,99,22401.6,2685,62,measure
2026-09-12T14:00:02.372+00:00,1074.002,328.614,99,22401.6,2685,66,measure
2026-09-12T14:00:03.371+00:00,1075.001,343.931,99,22401.6,2685,65,measure
2026-09-12T14:00:04.371+00:00,1076.001,339.261,99,22400.1,2685,67,measure
2026-09-12T14:00:05.373+00:00,1077.002,376.016,99,22401.6,2685,68,measure
2026-09-12T14:00:06.372+00:00,1078.000,378.991,99,22401.6,2685,68,measure
2026-09-12T14:00:07.374+00:00,1079.001,380.724,99,22401.6,2685,67,measure
2026-09-12T14:00:08.372+00:00,1080.001,382.157,99,22401.6,2685,68,measure
2026-09-12T14:00:09.372+00:00,1081.001,377.996,99,22401.6,2685,66,measure
2026-09-12T14:00:10.418+00:00,1082.003,370.396,99,22401.6,2685,66,measure
2026-09-12T14:00:11.371+00:00,1083.000,363.571,99,22401.6,2685,66,measure
2026-09-12T14:00:12.374+00:00,1084.002,334.547,99,22401.6,2685,67,measure
2026-09-12T14:00:13.374+00:00,1085.001,319.5,99,22401.6,2685,65,measure
2026-09-12T14:00:14.371+00:00,1086.001,318.542,99,22401.6,2685,64,measure
2026-09-12T14:00:15.371+00:00,1087.001,350.749,99,22401.6,2685,65,measure
2026-09-12T14:00:16.373+00:00,1088.000,364.315,99,22401.6,2685,68,measure
2026-09-12T14:00:17.371+00:00,1089.000,358.608,99,22401.6,2685,65,measure
2026-09-12T14:00:18.373+00:00,1090.001,345.979,99,22401.6,2685,66,measure
2026-09-12T14:00:19.374+00:00,1091.001,327.407,99,22401.6,2685,62,measure
2026-09-12T14:00:20.371+00:00,1092.001,318.926,99,22401.6,2685,63,measure
2026-09-12T14:00:21.371+00:00,1093.000,314.335,99,22401.6,2685,64,measure
2026-09-12T14:00:19.860+00:00,1094.000,318.453,99,22401.6,2685,64,measure
2026-09-12T14:00:20.861+00:00,1095.002,323.523,99,22401.6,2685,64,measure
2026-09-12T14:00:21.862+00:00,1096.001,330.393,99,22401.6,2685,64,measure
2026-09-12T14:00:22.863+00:00,1097.000,335.267,99,22401.6,2685,65,measure
2026-09-12T14:00:23.863+00:00,1098.003,325.432,99,22401.6,2685,64,measure
2026-09-12T14:00:24.868+00:00,1099.008,323.607,99,22401.6,2685,62,measure
2026-09-12T14:00:25.861+00:00,1100.001,332.37,99,22401.6,2685,62,measure
2026-09-12T14:00:26.861+00:00,1101.002,321.36,99,22401.6,2685,62,measure
2026-09-12T14:00:27.866+00:00,1102.002,349.956,99,22401.6,2685,67,measure
2026-09-12T14:00:28.862+00:00,1103.000,363.954,99,22401.6,2685,65,measure
2026-09-12T14:00:29.860+00:00,1104.000,367.79,99,22401.6,2685,67,measure
2026-09-12T14:00:30.862+00:00,1105.001,376.621,99,22401.6,2685,68,measure
2026-09-12T14:00:31.860+00:00,1106.000,382.307,99,22401.6,2685,66,measure
2026-09-12T14:00:32.860+00:00,1107.000,364.534,99,22401.6,2685,67,measure
2026-09-12T14:00:33.866+00:00,1108.001,360.204,99,22401.6,2685,66,measure
2026-09-12T14:00:34.862+00:00,1109.000,360.973,99,22401.6,2685,67,measure
2026-09-12T14:00:35.861+00:00,1110.002,354.059,99,22401.6,2685,64,measure
2026-09-12T14:00:36.860+00:00,1111.000,361.734,99,22401.6,2685,66,measure
2026-09-12T14:00:37.862+00:00,1112.002,363.531,99,22401.6,2685,69,measure
2026-09-12T14:00:38.903+00:00,1113.002,367.545,99,22401.6,2685,67,measure
2026-09-12T14:00:39.862+00:00,1114.001,363.435,99,22401.6,2685,65,measure
2026-09-12T14:00:40.863+00:00,1115.004,356.161,99,22401.6,2685,68,measure
2026-09-12T14:00:41.868+00:00,1116.002,348.427,99,22401.6,2685,66,measure
2026-09-12T14:00:42.860+00:00,1117.001,321.75,99,22401.6,2685,65,measure
2026-09-12T14:00:43.865+00:00,1118.005,331.967,99,22401.6,2685,63,measure
2026-09-12T14:00:44.860+00:00,1119.000,330.834,99,22401.6,2685,62,measure
2026-09-12T14:00:45.878+00:00,1120.001,330.01,99,22401.6,2685,63,measure
2026-09-12T14:00:46.862+00:00,1121.001,348.922,99,22401.6,2685,67,measure
2026-09-12T14:00:47.861+00:00,1122.001,357.971,99,22400.1,2685,65,measure
2026-09-12T14:00:48.860+00:00,1123.000,351.28,99,22401.6,2685,66,measure
2026-09-12T14:00:49.861+00:00,1124.001,332.957,99,22401.6,2685,66,measure
2026-09-12T14:00:50.860+00:00,1125.000,332.688,99,22401.6,2685,66,measure
2026-09-12T14:00:49.404+00:00,1126.001,347.048,99,22401.6,2685,65,measure
2026-09-12T14:00:50.386+00:00,1127.001,328.049,99,22401.6,2685,63,measure
2026-09-12T14:00:51.385+00:00,1128.000,313.059,99,22401.6,2685,65,measure
2026-09-12T14:00:52.385+00:00,1129.000,319.955,99,22401.6,2685,64,measure
2026-09-12T14:00:53.386+00:00,1130.000,312.529,99,22401.6,2685,64,measure
2026-09-12T14:00:54.385+00:00,1131.000,322.234,99,22401.6,2685,65,measure
2026-09-12T14:00:55.387+00:00,1132.001,318.757,99,22401.6,2685,64,measure
2026-09-12T14:00:56.386+00:00,1133.000,317.253,99,22401.6,2685,65,measure
2026-09-12T14:00:57.385+00:00,1134.001,330.481,99,22401.6,2685,67,measure
2026-09-12T14:00:58.388+00:00,1135.001,352.733,99,22401.6,2685,67,measure
2026-09-12T14:00:59.385+00:00,1136.001,362.724,99,22401.6,2685,66,measure
2026-09-12T14:01:00.385+00:00,1137.000,359.37,99,22401.6,2685,65,measure
2026-09-12T14:01:01.387+00:00,1138.000,341.606,99,22401.6,2685,66,measure
2026-09-12T14:01:02.439+00:00,1139.001,329.66,99,22401.6,2685,63,measure
2026-09-12T14:01:03.418+00:00,1140.001,318.617,99,22401.6,2685,62,measure
2026-09-12T14:01:04.410+00:00,1141.000,324.526,99,22401.6,2685,65,measure
2026-09-12T14:01:05.385+00:00,1142.000,346.717,99,22401.6,2685,67,measure
2026-09-12T14:01:06.385+00:00,1143.000,363.04,99,22401.6,2685,66,measure
2026-09-12T14:01:07.388+00:00,1144.000,377.73,99,22401.6,2685,66,measure
2026-09-12T14:01:08.386+00:00,1145.000,371.84,99,22401.6,2685,66,measure
2026-09-12T14:01:09.385+00:00,1146.000,368.022,99,22401.6,2685,65,measure
2026-09-12T14:01:10.386+00:00,1147.001,359.542,99,22401.6,2685,67,measure
2026-09-12T14:01:11.385+00:00,1148.000,356.642,99,22401.6,2685,66,measure
2026-09-12T14:01:12.386+00:00,1149.001,356.341,99,22401.6,2685,67,measure
2026-09-12T14:01:13.387+00:00,1150.000,350.168,99,22401.6,2685,66,measure
2026-09-12T14:01:14.386+00:00,1151.002,362,99,22401.6,2685,66,measure
2026-09-12T14:01:15.385+00:00,1152.000,359.842,99,22401.6,2685,67,measure
2026-09-12T14:01:16.386+00:00,1153.001,361.227,99,22401.6,2685,66,measure
2026-09-12T14:01:17.385+00:00,1154.000,344.205,99,22401.6,2685,62,measure
2026-09-12T14:01:18.388+00:00,1155.001,306.604,99,22401.6,2685,64,measure
2026-09-12T14:01:19.387+00:00,1156.000,308.753,99,22401.6,2685,64,measure
2026-09-12T14:01:20.385+00:00,1157.000,306.781,99,22401.6,2685,64,measure
2026-09-12T14:01:21.390+00:00,1158.000,317.464,99,22401.6,2685,65,measure
2026-09-12T14:01:19.855+00:00,1159.000,323.937,99,22401.6,2685,63,measure
2026-09-12T14:01:20.855+00:00,1160.000,328.655,99,22401.6,2685,66,measure
2026-09-12T14:01:21.894+00:00,1161.001,343.499,99,22401.6,2685,65,measure
2026-09-12T14:01:22.857+00:00,1162.000,345.663,99,22401.6,2685,68,measure
2026-09-12T14:01:23.856+00:00,1163.001,357.854,99,22401.6,2685,65,measure
2026-09-12T14:01:24.856+00:00,1164.001,361.403,99,22401.6,2685,67,measure
2026-09-12T14:01:25.857+00:00,1165.000,363.904,99,22401.6,2685,68,measure
2026-09-12T14:01:26.855+00:00,1166.001,373.766,99,22401.6,2685,68,measure
2026-09-12T14:01:27.856+00:00,1167.000,375.21,99,22401.6,2685,67,measure
2026-09-12T14:01:28.859+00:00,1168.000,386.344,99,22401.6,2685,68,measure
2026-09-12T14:01:29.855+00:00,1169.000,374.976,99,22401.6,2685,68,measure
2026-09-12T14:01:30.855+00:00,1170.000,373.229,99,22401.6,2685,68,measure
2026-09-12T14:01:31.855+00:00,1171.000,364.089,99,22400.1,2685,66,measure
2026-09-12T14:01:32.855+00:00,1172.000,360.428,99,22401.6,2685,66,measure
2026-09-12T14:01:33.857+00:00,1173.001,361.355,99,22401.6,2685,67,measure
2026-09-12T14:01:34.857+00:00,1174.001,364.728,99,22401.6,2685,66,measure
2026-09-12T14:01:35.855+00:00,1175.001,363.083,99,22401.6,2685,65,measure
2026-09-12T14:01:36.856+00:00,1176.001,365.9,99,22401.6,2685,65,measure
2026-09-12T14:01:37.855+00:00,1177.000,362.321,99,22401.6,2685,66,measure
2026-09-12T14:01:38.855+00:00,1178.000,365.951,99,22401.6,2685,66,measure
2026-09-12T14:01:39.856+00:00,1179.000,358.433,99,22401.6,2685,67,measure
2026-09-12T14:01:40.857+00:00,1180.001,360.243,99,22401.6,2685,65,measure
2026-09-12T14:01:41.856+00:00,1181.001,368.502,99,22401.6,2685,67,measure
2026-09-12T14:01:42.855+00:00,1182.000,369.087,99,22401.6,2685,67,measure
2026-09-12T14:01:43.855+00:00,1183.000,379.312,99,22401.6,2685,67,measure
2026-09-12T14:01:44.855+00:00,1184.000,367.434,99,22401.6,2685,66,measure
2026-09-12T14:01:45.857+00:00,1185.000,368.23,99,22401.6,2685,68,measure
2026-09-12T14:01:46.859+00:00,1186.000,364.834,99,22401.6,2685,67,measure
2026-09-12T14:01:47.890+00:00,1187.001,333.469,99,22401.6,2685,67,measure
2026-09-12T14:01:48.855+00:00,1188.000,372.762,99,22401.6,2685,68,measure
2026-09-12T14:01:49.855+00:00,1189.000,367.225,99,22401.6,2685,68,measure
2026-09-12T14:01:50.855+00:00,1190.001,358.674,99,22401.6,2685,66,measure
2026-09-12T14:01:51.856+00:00,1191.000,362.752,99,22401.6,2685,67,measure
2026-09-12T14:01:50.391+00:00,1192.001,321.955,99,22401.6,2685,66,measure
2026-09-12T14:01:51.356+00:00,1193.001,360.855,99,22401.6,2685,66,measure
2026-09-12T14:01:52.356+00:00,1194.001,358.497,99,22401.6,2685,66,measure
2026-09-12T14:01:53.357+00:00,1195.000,365.123,99,22401.6,2685,67,measure
2026-09-12T14:01:54.356+00:00,1196.002,348.196,99,22401.6,2685,64,measure
2026-09-12T14:01:55.356+00:00,1197.000,344.478,99,22401.6,2685,63,measure
2026-09-12T14:01:56.356+00:00,1198.000,332.262,99,22401.6,2685,63,measure
2026-09-12T14:01:57.355+00:00,1199.000,340.096,99,22401.6,2685,65,measure
2026-09-12T14:01:58.355+00:00,1200.001,320.905,99,22401.6,2685,64,measure
2026-09-12T14:01:59.356+00:00,1201.001,332.677,99,22401.6,2685,64,measure
2026-09-12T14:02:00.356+00:00,1202.001,341.78,99,22401.6,2685,67,measure
2026-09-12T14:02:01.360+00:00,1203.003,362.181,99,22401.6,2685,67,measure
2026-09-12T14:02:02.357+00:00,1204.001,350.242,99,22401.6,2685,65,measure
2026-09-12T14:02:03.357+00:00,1205.002,344.258,99,22401.6,2685,65,measure
2026-09-12T14:02:04.357+00:00,1206.002,320.529,99,22401.6,2685,64,measure
2026-09-12T14:02:05.358+00:00,1207.003,329.901,99,22400.1,2685,64,measure
2026-09-12T14:02:06.358+00:00,1208.002,325.974,99,22401.6,2685,66,measure
2026-09-12T14:02:07.359+00:00,1209.002,336.312,99,22401.6,2685,65,measure
2026-09-12T14:02:08.360+00:00,1210.005,367.885,99,22401.6,2685,69,measure
2026-09-12T14:02:09.358+00:00,1211.003,359.579,99,22401.6,2685,65,measure
2026-09-12T14:02:10.356+00:00,1212.001,362.193,99,22401.6,2685,66,measure
2026-09-12T14:02:11.364+00:00,1213.008,362.477,99,22401.6,2685,66,measure
2026-09-12T14:02:12.359+00:00,1214.003,357.549,99,22401.6,2685,66,measure
2026-09-12T14:02:13.359+00:00,1215.002,334.903,99,22401.6,2685,66,measure
2026-09-12T14:02:14.357+00:00,1216.000,319.752,99,22401.6,2685,63,measure
2026-09-12T14:02:15.355+00:00,1217.000,324.707,99,22401.6,2685,63,measure
2026-09-12T14:02:16.355+00:00,1218.000,329.694,99,22401.6,2685,64,measure
2026-09-12T14:02:17.355+00:00,1219.000,345.335,99,22401.6,2685,67,measure
2026-09-12T14:02:18.356+00:00,1220.001,359.751,99,22401.6,2685,67,measure
2026-09-12T14:02:19.357+00:00,1221.001,367.141,99,22401.6,2685,65,measure
2026-09-12T14:02:20.357+00:00,1222.001,372.17,99,22401.6,2685,66,measure
2026-09-12T14:02:21.356+00:00,1223.000,363.127,99,22401.6,2685,67,measure
2026-09-12T14:02:19.857+00:00,1224.001,357.848,99,22401.6,2685,68,measure
2026-09-12T14:02:20.858+00:00,1225.001,340.78,99,22401.6,2685,66,measure
2026-09-12T14:02:21.877+00:00,1226.020,350.063,99,22401.6,2685,67,measure
2026-09-12T14:02:22.860+00:00,1227.002,350.632,99,22401.6,2685,66,measure
2026-09-12T14:02:23.863+00:00,1228.006,356.868,99,22401.6,2685,65,measure
2026-09-12T14:02:24.888+00:00,1229.005,371.639,99,22401.6,2685,67,measure
2026-09-12T14:02:25.857+00:00,1230.001,376.224,99,22401.6,2685,68,measure
2026-09-12T14:02:26.860+00:00,1231.004,378.111,99,22401.6,2685,69,measure
2026-09-12T14:02:27.857+00:00,1232.000,368.176,99,22401.6,2685,68,measure
2026-09-12T14:02:28.862+00:00,1233.006,365.596,99,22401.6,2685,67,measure
2026-09-12T14:02:29.899+00:00,1234.000,351.083,99,22401.6,2685,67,measure
2026-09-12T14:02:30.857+00:00,1235.001,317.739,99,22401.6,2685,66,measure
2026-09-12T14:02:31.877+00:00,1236.012,328.464,99,22401.6,2685,66,measure
2026-09-12T14:02:32.860+00:00,1237.004,313.619,99,22401.6,2685,62,measure
2026-09-12T14:02:33.860+00:00,1238.003,316.077,99,22401.6,2685,64,measure
2026-09-12T14:02:34.858+00:00,1239.000,312.061,99,22401.6,2685,63,measure
2026-09-12T14:02:35.858+00:00,1240.000,320.808,99,22401.6,2685,64,measure
2026-09-12T14:02:36.858+00:00,1241.001,327.018,99,22401.6,2685,65,measure
2026-09-12T14:02:37.862+00:00,1242.000,317.959,99,22401.6,2685,62,measure
2026-09-12T14:02:38.857+00:00,1243.000,353.094,99,22401.6,2685,65,measure
2026-09-12T14:02:39.857+00:00,1244.000,367.079,99,22401.6,2685,67,measure
2026-09-12T14:02:40.866+00:00,1245.010,354.027,99,22401.6,2685,65,measure
2026-09-12T14:02:42.857+00:00,1247.000,322.06,99,22401.6,2685,64,measure
2026-09-12T14:02:43.856+00:00,1248.000,309.666,99,22401.6,2685,62,measure
2026-09-12T14:02:44.857+00:00,1249.001,314.931,99,22401.6,2685,63,measure
2026-09-12T14:02:45.865+00:00,1250.006,329.368,99,22401.6,2685,63,measure
2026-09-12T14:02:46.862+00:00,1251.006,319.118,99,22401.6,2685,64,measure
2026-09-12T14:02:47.862+00:00,1252.006,338.273,99,22401.6,2685,66,measure
2026-09-12T14:02:48.862+00:00,1253.006,342.682,99,22401.6,2685,64,measure
2026-09-12T14:02:49.857+00:00,1254.000,348.083,99,22401.6,2685,67,measure
2026-09-12T14:02:50.857+00:00,1255.001,348.792,99,22401.6,2685,68,measure
2026-09-12T14:02:49.365+00:00,1256.008,361.611,99,22401.6,2685,66,measure
2026-09-12T14:02:50.362+00:00,1257.005,352.873,99,22400.1,2685,66,measure
2026-09-12T14:02:51.366+00:00,1258.010,343.269,99,22401.6,2685,66,measure
2026-09-12T14:02:52.416+00:00,1259.039,309.245,99,22401.6,2685,62,measure
2026-09-12T14:02:53.368+00:00,1260.010,305.346,99,22401.6,2685,61,measure
2026-09-12T14:02:54.373+00:00,1261.017,319.268,99,22401.6,2685,62,measure
2026-09-12T14:02:55.376+00:00,1262.018,317.097,99,22401.6,2685,62,measure
2026-09-12T14:02:56.359+00:00,1263.001,325.78,99,22401.6,2685,62,measure
2026-09-12T14:02:57.357+00:00,1264.001,315.411,99,22401.6,2685,63,measure
2026-09-12T14:02:58.357+00:00,1265.001,338.295,99,22401.6,2685,65,measure
2026-09-12T14:02:59.385+00:00,1266.001,325.052,99,22401.6,2685,64,measure
2026-09-12T14:03:00.357+00:00,1267.000,327.149,99,22401.6,2685,62,measure
2026-09-12T14:03:01.358+00:00,1268.000,319.477,99,22401.6,2685,62,measure
2026-09-12T14:03:02.360+00:00,1269.001,313.096,99,22401.6,2685,62,measure
2026-09-12T14:03:03.357+00:00,1270.000,329.743,99,22401.6,2685,65,measure
2026-09-12T14:03:04.357+00:00,1271.000,344.213,99,22400.1,2685,65,measure
2026-09-12T14:03:05.360+00:00,1272.001,355.692,99,22400.1,2685,66,measure
2026-09-12T14:03:06.357+00:00,1273.000,344.825,99,22400.1,2685,64,measure
2026-09-12T14:03:07.359+00:00,1274.001,323.905,99,22401.6,2685,65,measure
2026-09-12T14:03:08.361+00:00,1275.000,333.16,99,22401.6,2685,65,measure
2026-09-12T14:03:09.357+00:00,1276.001,358.941,99,22401.6,2685,65,measure
2026-09-12T14:03:10.357+00:00,1277.000,361.978,99,22401.6,2685,66,measure
2026-09-12T14:03:11.358+00:00,1278.002,361.967,99,22401.6,2685,67,measure
2026-09-12T14:03:12.358+00:00,1279.001,346.22,99,22401.6,2685,66,measure
2026-09-12T14:03:13.358+00:00,1280.000,337.267,99,22401.6,2685,66,measure
2026-09-12T14:03:14.396+00:00,1281.001,342.793,99,22401.6,2685,66,measure
2026-09-12T14:03:15.357+00:00,1282.001,318.405,99,22401.6,2685,62,measure
2026-09-12T14:03:16.357+00:00,1283.000,328.086,99,22401.6,2685,65,measure
2026-09-12T14:03:17.360+00:00,1284.000,329.474,99,22401.6,2685,67,measure
2026-09-12T14:03:18.358+00:00,1285.001,348.991,99,22401.6,2685,65,measure
2026-09-12T14:03:19.359+00:00,1286.001,362.642,99,22401.6,2685,66,measure
2026-09-12T14:03:20.360+00:00,1287.001,367.95,99,22401.6,2685,67,measure
2026-09-12T14:03:21.357+00:00,1288.001,364.525,99,22401.6,2685,65,measure
2026-09-12T14:03:19.857+00:00,1289.001,354.423,99,22401.6,2685,65,measure
2026-09-12T14:03:20.857+00:00,1290.001,340.594,99,22401.6,2685,66,measure
2026-09-12T14:03:21.857+00:00,1291.000,329.762,99,22401.6,2685,65,measure
2026-09-12T14:03:22.858+00:00,1292.001,325.505,99,22401.6,2685,65,measure
2026-09-12T14:03:23.860+00:00,1293.000,316.982,99,22401.6,2685,63,measure
2026-09-12T14:03:24.857+00:00,1294.001,306.766,99,22401.6,2685,63,measure
2026-09-12T14:03:25.857+00:00,1295.001,312.536,99,22401.6,2685,62,measure
2026-09-12T14:03:26.857+00:00,1296.001,319.99,99,22401.6,2685,66,measure
2026-09-12T14:03:27.857+00:00,1297.000,332.176,99,22401.6,2685,63,measure
2026-09-12T14:03:28.859+00:00,1298.002,340.078,99,22401.6,2685,66,measure
2026-09-12T14:03:29.860+00:00,1299.000,366.644,99,22401.6,2685,66,measure
2026-09-12T14:03:30.857+00:00,1300.000,366.408,99,22401.6,2685,66,measure
2026-09-12T14:03:31.858+00:00,1301.001,363.792,99,22401.6,2685,66,measure
2026-09-12T14:03:32.858+00:00,1302.000,351.203,99,22401.6,2685,67,measure
2026-09-12T14:03:33.856+00:00,1303.000,326.721,99,22401.6,2685,64,measure
2026-09-12T14:03:34.859+00:00,1304.001,319.931,99,22401.6,2685,66,measure
2026-09-12T14:03:35.859+00:00,1305.000,329.364,99,22401.6,2685,64,measure
2026-09-12T14:03:36.857+00:00,1306.000,330.292,99,22401.6,2685,66,measure
2026-09-12T14:03:37.856+00:00,1307.000,342.556,99,22401.6,2685,63,measure
2026-09-12T14:03:38.882+00:00,1308.001,322.864,99,22401.6,2685,65,measure
2026-09-12T14:03:39.857+00:00,1309.001,316.813,99,22401.6,2685,64,measure
2026-09-12T14:03:40.858+00:00,1310.001,315.428,99,22401.6,2685,63,measure
2026-09-12T14:03:41.859+00:00,1311.000,322.098,99,22401.6,2685,64,measure
2026-09-12T14:03:42.857+00:00,1312.001,321.029,99,22401.6,2685,65,measure
2026-09-12T14:03:43.856+00:00,1313.000,322.531,99,22401.6,2685,64,measure
2026-09-12T14:03:44.857+00:00,1314.000,328.541,99,22401.6,2685,65,measure
2026-09-12T14:03:45.856+00:00,1315.000,363.006,99,22401.6,2685,66,measure
2026-09-12T14:03:46.859+00:00,1316.000,369.577,99,22401.6,2685,66,measure
2026-09-12T14:03:47.859+00:00,1317.000,376.538,99,22401.6,2685,67,measure
2026-09-12T14:03:48.857+00:00,1318.001,373.682,99,22401.6,2685,67,measure
2026-09-12T14:03:49.857+00:00,1319.001,374.032,99,22401.6,2685,69,measure
2026-09-12T14:03:50.857+00:00,1320.001,354.921,99,22401.6,2685,67,measure
2026-09-12T14:03:49.373+00:00,1321.000,336.886,99,22401.6,2685,62,measure
2026-09-12T14:03:50.379+00:00,1322.001,335.371,99,22401.6,2685,66,measure
2026-09-12T14:03:51.375+00:00,1323.000,309.994,99,22401.6,2685,65,measure
2026-09-12T14:03:52.373+00:00,1324.000,318.487,99,22401.6,2685,65,measure
2026-09-12T14:03:53.373+00:00,1325.001,328.997,99,22401.6,2685,65,measure
2026-09-12T14:03:54.372+00:00,1326.000,318.101,99,22401.6,2685,65,measure
2026-09-12T14:03:55.373+00:00,1327.001,313.989,99,22401.6,2685,62,measure
2026-09-12T14:03:56.374+00:00,1328.000,318.95,99,22401.6,2685,63,measure
2026-09-12T14:03:57.406+00:00,1329.001,295.383,99,22487.3,2685,64,measure
2026-09-12T14:03:58.373+00:00,1330.000,318.476,99,22497.6,2685,63,measure
2026-09-12T14:03:59.374+00:00,1331.001,343.357,99,22513.6,2685,63,measure
2026-09-12T14:04:00.373+00:00,1332.000,358.28,99,22512.6,2685,65,measure
2026-09-12T14:04:01.373+00:00,1333.000,357.273,99,22449.7,2685,66,measure
2026-09-12T14:04:02.374+00:00,1334.000,349.019,99,22436.7,2685,66,measure
2026-09-12T14:04:03.375+00:00,1335.000,331.839,99,22418.1,2685,65,measure
2026-09-12T14:04:04.372+00:00,1336.000,349.517,99,22413,2685,66,measure
2026-09-12T14:04:05.373+00:00,1337.000,322.779,99,22394.4,2685,62,measure
2026-09-12T14:04:06.372+00:00,1338.000,324.999,99,22390.3,2685,62,measure
2026-09-12T14:04:07.373+00:00,1339.000,343.683,99,22390.5,2685,64,measure
2026-09-12T14:04:08.374+00:00,1340.001,331.187,99,22388.8,2685,63,measure
2026-09-12T14:04:09.374+00:00,1341.000,351.829,99,22388.8,2685,67,measure
2026-09-12T14:04:10.373+00:00,1342.000,362.108,99,22388.8,2685,65,measure
2026-09-12T14:04:11.373+00:00,1343.000,369.722,99,22388.8,2685,67,measure
2026-09-12T14:04:12.416+00:00,1344.000,374.08,99,22390.1,2685,69,measure
2026-09-12T14:04:13.372+00:00,1345.000,350.838,99,22390.1,2685,65,measure
2026-09-12T14:04:14.374+00:00,1346.000,381.104,99,22390.1,2685,68,measure
2026-09-12T14:04:15.374+00:00,1347.000,381.032,99,22390.4,2685,66,measure
2026-09-12T14:04:16.372+00:00,1348.000,377.786,99,22390.4,2685,67,measure
2026-09-12T14:04:17.373+00:00,1349.000,366.268,99,22422.4,2685,68,measure
2026-09-12T14:04:18.374+00:00,1350.001,371.003,99,22443.9,2685,68,measure
2026-09-12T14:04:19.373+00:00,1351.000,362.582,99,22455.4,2685,67,measure
2026-09-12T14:04:20.374+00:00,1352.001,369.433,99,22455.8,2685,66,measure
2026-09-12T14:04:21.373+00:00,1353.000,366.794,99,22446.3,2685,66,measure
2026-09-12T14:04:19.925+00:00,1354.000,367.081,99,22511.2,2685,68,measure
2026-09-12T14:04:20.876+00:00,1355.001,380.55,99,22516,2685,67,measure
2026-09-12T14:04:21.877+00:00,1356.001,362.009,99,22427.7,2685,66,measure
2026-09-12T14:04:22.876+00:00,1357.000,367.489,99,22508.8,2685,68,measure
2026-09-12T14:04:23.878+00:00,1358.001,361.737,99,22519.4,2685,65,measure
2026-09-12T14:04:24.877+00:00,1359.000,357.316,99,22508.2,2685,67,measure
2026-09-12T14:04:25.876+00:00,1360.000,349.743,99,22502.1,2685,66,measure
2026-09-12T14:04:26.876+00:00,1361.000,346.184,99,22400.6,2685,66,measure
2026-09-12T14:04:27.876+00:00,1362.000,355.27,99,22400.5,2685,66,measure
2026-09-12T14:04:28.877+00:00,1363.000,329.67,99,22407.5,2685,65,measure
2026-09-12T14:04:29.881+00:00,1364.001,340.639,99,22404.6,2685,65,measure
2026-09-12T14:04:30.877+00:00,1365.000,323.787,99,22404.7,2685,63,measure
2026-09-12T14:04:31.877+00:00,1366.000,330.812,99,22395.9,2685,65,measure
2026-09-12T14:04:32.877+00:00,1367.001,347.958,99,22548.7,2685,66,measure
2026-09-12T14:04:33.880+00:00,1368.003,346.781,99,22540.7,2685,65,measure
2026-09-12T14:04:34.880+00:00,1369.002,356.942,99,22583,2685,67,measure
2026-09-12T14:04:35.878+00:00,1370.001,346.047,99,22582.5,2685,65,measure
2026-09-12T14:04:36.877+00:00,1371.000,355.589,99,22584.8,2685,67,measure
2026-09-12T14:04:37.877+00:00,1372.001,355.099,99,22585.9,2685,67,measure
2026-09-12T14:04:38.877+00:00,1373.001,347.025,99,22595.4,2685,67,measure
2026-09-12T14:04:39.880+00:00,1374.004,352.164,99,22619.4,2685,67,measure
2026-09-12T14:04:40.880+00:00,1375.002,342.374,99,22744.4,2685,66,measure
2026-09-12T14:04:41.883+00:00,1376.008,340.585,99,22773,2685,65,measure
2026-09-12T14:04:42.880+00:00,1377.004,347.228,99,22764.6,2685,67,measure
2026-09-12T14:04:43.877+00:00,1378.001,342.406,99,22764.6,2685,66,measure
2026-09-12T14:04:44.879+00:00,1379.001,344.293,99,22781.5,2685,67,measure
2026-09-12T14:04:45.881+00:00,1380.004,345.081,99,22813.5,2685,67,measure
2026-09-12T14:04:46.877+00:00,1381.000,349.098,99,22805,2685,66,measure
2026-09-12T14:04:47.880+00:00,1382.000,345.541,99,22796.6,2685,65,measure
2026-09-12T14:04:48.877+00:00,1383.001,346.912,99,22796.6,2685,65,measure
2026-09-12T14:04:49.877+00:00,1384.001,318.825,99,22788.6,2685,62,measure
2026-09-12T14:04:50.878+00:00,1385.002,323.354,99,22736.6,2685,62,measure
2026-09-12T14:04:49.437+00:00,1386.002,315.43,99,22736.6,2685,65,measure
2026-09-12T14:04:50.397+00:00,1387.002,337.125,99,22736.6,2685,65,measure
2026-09-12T14:04:51.395+00:00,1388.000,338.355,99,22760.7,2685,65,measure
2026-09-12T14:04:52.400+00:00,1389.000,348.601,99,22758.3,2685,66,measure
2026-09-12T14:04:53.397+00:00,1390.003,365.779,99,22752.5,2685,67,measure
2026-09-12T14:04:54.397+00:00,1391.004,357.297,99,22745.3,2685,66,measure
2026-09-12T14:04:55.416+00:00,1392.022,368.06,99,22741.5,2685,66,measure
2026-09-12T14:04:56.394+00:00,1393.000,355.595,99,22739.5,2685,67,measure
2026-09-12T14:04:57.397+00:00,1394.003,360.687,99,22677,2685,67,measure
2026-09-12T14:04:58.394+00:00,1395.001,371.906,99,22660.1,2685,68,measure
2026-09-12T14:04:59.396+00:00,1396.002,353.159,99,22660.1,2685,66,measure
2026-09-12T14:05:00.396+00:00,1397.002,351.884,99,22660.1,2685,67,measure
2026-09-12T14:05:01.395+00:00,1398.001,339.104,99,22660.1,2685,64,measure
2026-09-12T14:05:02.400+00:00,1399.007,320.045,99,22660.1,2685,66,measure
2026-09-12T14:05:03.396+00:00,1400.003,356.731,99,22660.1,2685,65,measure
2026-09-12T14:05:04.395+00:00,1401.002,350.962,99,22660.1,2685,65,measure
2026-09-12T14:05:05.398+00:00,1402.004,359.612,99,22660.1,2685,66,measure
2026-09-12T14:05:06.396+00:00,1403.003,356.487,99,22660.1,2685,67,measure
2026-09-12T14:05:07.399+00:00,1404.004,354.036,99,22660.1,2685,65,measure
2026-09-12T14:05:08.396+00:00,1405.001,358.873,99,22660.1,2685,67,measure
2026-09-12T14:05:09.397+00:00,1406.000,358.791,99,22660.1,2685,67,measure
2026-09-12T14:05:10.394+00:00,1407.000,358.741,99,22664.8,2685,65,measure
2026-09-12T14:05:11.394+00:00,1408.000,357.157,99,22675.2,2685,66,measure
2026-09-12T14:05:12.395+00:00,1409.000,363.603,99,22675.2,2685,65,measure
2026-09-12T14:05:13.394+00:00,1410.001,370.504,99,22692.1,2685,66,measure
2026-09-12T14:05:14.395+00:00,1411.001,356.46,99,22693.7,2685,67,measure
2026-09-12T14:05:15.396+00:00,1412.001,362.164,99,22693.7,2685,67,measure
2026-09-12T14:05:16.393+00:00,1413.000,357.965,99,22693.7,2685,65,measure
2026-09-12T14:05:17.393+00:00,1414.000,352.135,99,22693.7,2685,67,measure
2026-09-12T14:05:18.394+00:00,1415.000,348.854,99,22693.7,2685,66,measure
2026-09-12T14:05:19.394+00:00,1416.001,338.413,99,22693.7,2685,63,measure
2026-09-12T14:05:20.395+00:00,1417.000,303.976,99,22693.7,2685,63,measure
2026-09-12T14:05:21.396+00:00,1418.000,310.25,99,22693.7,2685,63,measure
2026-09-12T14:05:19.895+00:00,1419.001,318.275,99,22693.7,2685,62,measure
2026-09-12T14:05:20.895+00:00,1420.001,320.266,99,22693.7,2685,66,measure
2026-09-12T14:05:21.895+00:00,1421.000,345.992,99,22693.7,2685,66,measure
2026-09-12T14:05:22.939+00:00,1422.006,359.835,99,22701.3,2685,65,measure
2026-09-12T14:05:23.896+00:00,1423.000,359.522,99,22701.3,2685,66,measure
2026-09-12T14:05:24.896+00:00,1424.000,352.657,99,22701.3,2685,65,measure
2026-09-12T14:05:25.895+00:00,1425.001,345.788,99,22701.3,2685,66,measure
2026-09-12T14:05:26.894+00:00,1426.000,304.61,98,22701.3,2685,66,measure
2026-09-12T14:05:27.897+00:00,1427.003,366.416,99,22712.1,2685,67,measure
2026-09-12T14:05:28.895+00:00,1428.001,361.774,99,22712.1,2685,66,measure
2026-09-12T14:05:29.900+00:00,1429.001,367.127,99,22712.1,2685,66,measure
2026-09-12T14:05:30.896+00:00,1430.000,372.596,99,22712.1,2685,65,measure
2026-09-12T14:05:31.895+00:00,1431.000,359.174,99,22712.1,2685,68,measure
2026-09-12T14:05:32.909+00:00,1432.014,373.108,99,22711.5,2685,68,measure
2026-09-12T14:05:33.915+00:00,1433.020,367.274,99,22699.8,2685,66,measure
2026-09-12T14:05:34.904+00:00,1434.006,357.64,99,22712.8,2685,69,measure
2026-09-12T14:05:35.897+00:00,1435.001,366.775,99,22712.8,2685,67,measure
2026-09-12T14:05:36.895+00:00,1436.000,357.214,99,22712.8,2685,66,measure
2026-09-12T14:05:37.895+00:00,1437.001,343.386,99,22710.3,2685,65,measure
2026-09-12T14:05:38.895+00:00,1438.001,333.656,99,22709.3,2685,65,measure
2026-09-12T14:05:39.896+00:00,1439.001,327.891,99,22710.3,2685,68,measure
2026-09-12T14:05:40.896+00:00,1440.001,348.164,99,22678.1,2685,68,measure
2026-09-12T14:05:41.896+00:00,1441.000,358.205,99,22678.1,2685,66,measure
2026-09-12T14:05:42.895+00:00,1442.000,362.687,99,22678.1,2685,66,measure
2026-09-12T14:05:43.895+00:00,1443.000,360.38,99,22678.1,2685,67,measure
2026-09-12T14:05:44.895+00:00,1444.001,345.044,99,22675.1,2685,65,measure
2026-09-12T14:05:45.911+00:00,1445.017,346.031,99,22675.1,2685,67,measure
2026-09-12T14:05:46.895+00:00,1446.000,324.499,99,22675.1,2685,62,measure
2026-09-12T14:05:47.896+00:00,1447.000,308.494,99,22675.1,2685,66,measure
2026-09-12T14:05:48.896+00:00,1448.001,305.592,99,22675.1,2685,63,measure
2026-09-12T14:05:49.927+00:00,1449.001,312.305,99,22675.1,2685,62,measure
2026-09-12T14:05:50.895+00:00,1450.001,317.241,99,22677.1,2685,63,measure
2026-09-12T14:05:49.398+00:00,1451.003,321.502,99,22677.1,2685,65,measure
2026-09-12T14:05:50.398+00:00,1452.002,325.141,99,22719.6,2685,64,measure
2026-09-12T14:05:51.411+00:00,1453.017,310.585,99,22736.6,2685,64,measure
2026-09-12T14:05:52.429+00:00,1454.001,324.698,99,22723.6,2685,65,measure
2026-09-12T14:05:53.395+00:00,1455.001,339.049,99,22711.6,2685,64,measure
2026-09-12T14:05:54.397+00:00,1456.001,347.857,99,22722.6,2685,64,measure
2026-09-12T14:05:55.395+00:00,1457.001,362.364,99,22722.6,2685,66,measure
2026-09-12T14:05:56.394+00:00,1458.000,356.039,99,22725.6,2685,67,measure
2026-09-12T14:05:57.401+00:00,1459.006,330.295,99,22710.6,2685,65,measure
2026-09-12T14:05:58.395+00:00,1460.001,326.53,99,22710.6,2685,62,measure
2026-09-12T14:05:59.398+00:00,1461.004,340.227,99,22692.2,2685,66,measure
2026-09-12T14:06:00.395+00:00,1462.000,365.046,99,22695.2,2685,66,measure
2026-09-12T14:06:01.396+00:00,1463.001,357.993,99,22695.2,2685,65,measure
2026-09-12T14:06:02.395+00:00,1464.000,363.775,99,22695.2,2685,66,measure
2026-09-12T14:06:03.396+00:00,1465.000,346.546,99,22695.2,2685,63,measure
2026-09-12T14:06:04.395+00:00,1466.000,325.293,99,22695.2,2685,65,measure
2026-09-12T14:06:05.395+00:00,1467.000,330.031,99,22695.2,2685,65,measure
2026-09-12T14:06:06.395+00:00,1468.000,307.5,99,22695.2,2685,62,measure
2026-09-12T14:06:07.447+00:00,1469.001,310.415,99,22695.2,2685,63,measure
2026-09-12T14:06:08.433+00:00,1470.000,323.113,99,22695.2,2685,61,measure
2026-09-12T14:06:09.396+00:00,1471.000,332.177,99,22695.2,2685,63,measure
2026-09-12T14:06:10.395+00:00,1472.001,345.593,99,22695.2,2685,66,measure
2026-09-12T14:06:11.400+00:00,1473.003,365.555,99,22695.2,2685,66,measure
2026-09-12T14:06:12.395+00:00,1474.000,355.48,99,22695.2,2685,66,measure
2026-09-12T14:06:13.437+00:00,1475.001,329.173,99,22695.2,2685,67,measure
2026-09-12T14:06:14.416+00:00,1476.001,351.68,99,22695.2,2685,66,measure
2026-09-12T14:06:15.396+00:00,1477.000,331.676,99,22695.2,2685,65,measure
2026-09-12T14:06:16.395+00:00,1478.001,358.338,99,22695.2,2685,66,measure
2026-09-12T14:06:17.395+00:00,1479.000,347.075,99,22695.2,2685,66,measure
2026-09-12T14:06:18.395+00:00,1480.001,348.917,99,22695.2,2685,67,measure
2026-09-12T14:06:19.400+00:00,1481.004,342.481,99,22695.2,2685,66,measure
2026-09-12T14:06:20.412+00:00,1482.000,337.123,99,22695.2,2685,64,measure
2026-09-12T14:06:21.396+00:00,1483.000,328.155,99,22698.5,2685,62,measure
2026-09-12T14:06:19.896+00:00,1484.000,320.158,99,22726.5,2685,65,measure
2026-09-12T14:06:20.896+00:00,1485.000,340.473,99,22731,2685,64,measure
2026-09-12T14:06:21.898+00:00,1486.000,337.148,99,22745,2685,66,measure
2026-09-12T14:06:22.897+00:00,1487.001,362.825,99,22744,2685,67,measure
2026-09-12T14:06:23.897+00:00,1488.000,364.866,99,22744,2685,66,measure
2026-09-12T14:06:24.900+00:00,1489.002,357.703,99,22744,2685,66,measure
2026-09-12T14:06:25.896+00:00,1490.000,333.644,99,22718,2685,65,measure
2026-09-12T14:06:26.897+00:00,1491.001,314.044,99,22727,2685,66,measure
2026-09-12T14:06:27.896+00:00,1492.000,333.16,99,22728,2685,65,measure
2026-09-12T14:06:28.897+00:00,1493.000,350.794,99,22728,2685,65,measure
2026-09-12T14:06:29.898+00:00,1494.001,354.764,99,22728,2685,66,measure
2026-09-12T14:06:30.900+00:00,1495.000,355.804,99,22728,2685,67,measure
2026-09-12T14:06:31.897+00:00,1496.001,342.253,99,22729,2685,67,measure
2026-09-12T14:06:32.897+00:00,1497.001,352.548,99,22724,2685,66,measure
2026-09-12T14:06:33.897+00:00,1498.001,356.502,99,22695.5,2685,66,measure
2026-09-12T14:06:34.896+00:00,1499.001,367.923,99,22684.7,2685,67,measure
2026-09-12T14:06:35.897+00:00,1500.000,358.736,99,22686.7,2685,68,measure
2026-09-12T14:06:36.899+00:00,1501.000,366.165,99,22686.7,2685,66,measure
2026-09-12T14:06:37.897+00:00,1502.001,362.783,99,22686.7,2685,66,measure
2026-09-12T14:06:38.897+00:00,1503.001,372.526,99,22686.7,2685,69,measure
2026-09-12T14:06:39.896+00:00,1504.000,383.653,99,22686.7,2685,69,measure
2026-09-12T14:06:40.896+00:00,1505.000,378.637,99,22686.7,2685,69,measure
2026-09-12T14:06:41.898+00:00,1506.000,376.273,99,22686.7,2685,66,measure
2026-09-12T14:06:42.899+00:00,1507.001,366.598,99,22686.7,2685,65,measure
2026-09-12T14:06:43.897+00:00,1508.001,356.781,99,22686.7,2685,67,measure
2026-09-12T14:06:44.896+00:00,1509.000,321.983,99,22679.7,2685,63,measure
2026-09-12T14:06:45.897+00:00,1510.001,313.219,99,22679.7,2685,63,measure
2026-09-12T14:06:46.940+00:00,1511.001,314.804,99,22679.7,2685,63,measure
2026-09-12T14:06:47.898+00:00,1512.000,321.143,99,22679.7,2685,65,measure
2026-09-12T14:06:48.899+00:00,1513.000,333.073,99,22679.7,2685,66,measure
2026-09-12T14:06:49.896+00:00,1514.000,359.691,99,22679.7,2685,65,measure
2026-09-12T14:06:50.896+00:00,1515.000,364.238,99,22679.7,2685,67,measure
2026-09-12T14:06:49.399+00:00,1516.000,357.79,99,22679.7,2685,66,measure
2026-09-12T14:06:50.398+00:00,1517.001,362.905,99,22679.7,2685,66,measure
2026-09-12T14:06:51.399+00:00,1518.000,331.994,99,22681.3,2685,64,measure
2026-09-12T14:06:52.400+00:00,1519.000,319.512,99,22681.3,2685,66,measure
2026-09-12T14:06:53.398+00:00,1520.000,305.432,99,22723.3,2685,62,measure
2026-09-12T14:06:54.398+00:00,1521.001,274.287,99,22710,2685,61,measure
2026-09-12T14:06:55.398+00:00,1522.000,263.857,99,22710,2685,60,measure
2026-09-12T14:06:56.398+00:00,1523.001,162.105,0,22710,2700,54,measure
2026-09-12T14:06:57.399+00:00,1524.000,73.775,0,22710,2700,53,measure
2026-09-12T14:06:58.398+00:00,1525.000,56.222,1,22702,450,52,measure
2026-09-12T14:06:59.398+00:00,1526.000,36.748,0,22699,330,51,measure
2026-09-12T14:07:00.401+00:00,1527.003,36.188,0,22699,255,51,measure
2026-09-12T14:07:01.398+00:00,1528.001,34.79,7,22713,240,50,measure
2026-09-12T14:07:02.398+00:00,1529.001,26.38,0,22713,210,50,measure
2026-09-12T14:07:03.400+00:00,1530.001,24.809,0,22713,210,49,measure
2026-09-12T14:07:04.400+00:00,1531.001,20.952,0,22713,210,49,measure
2026-09-12T14:07:05.399+00:00,1532.001,20.96,6,22711,225,49,measure
2026-09-12T14:07:06.398+00:00,1533.000,21.157,1,22714,225,49,measure
2026-09-12T14:07:07.398+00:00,1534.001,21.14,7,22686.6,240,48,measure
2026-09-12T14:07:08.398+00:00,1535.001,21.023,0,22681.6,225,48,measure
2026-09-12T14:07:09.404+00:00,1536.001,21.013,5,22682.6,225,48,measure
2026-09-12T14:07:10.400+00:00,1537.001,20.797,0,22680.6,210,48,measure
2026-09-12T14:07:11.398+00:00,1538.001,20.67,0,22680.6,210,48,measure
2026-09-12T14:07:12.398+00:00,1539.000,20.361,0,22679.6,210,47,measure
2026-09-12T14:07:13.405+00:00,1540.006,20.391,2,22671.6,210,47,measure
2026-09-12T14:07:14.400+00:00,1541.002,20.46,0,22667.6,210,47,measure
2026-09-12T14:07:15.403+00:00,1542.006,20.385,0,22667.6,210,47,measure
2026-09-12T14:07:16.405+00:00,1543.008,20.262,0,22667.6,210,47,measure
2026-09-12T14:07:17.400+00:00,1544.003,20.031,1,22676.6,210,47,measure
2026-09-12T14:07:18.401+00:00,1545.004,19.743,0,22676.6,210,46,measure
2026-09-12T14:07:19.400+00:00,1546.002,19.654,0,22676.6,210,46,measure
2026-09-12T14:07:20.407+00:00,1547.003,19.657,0,22676.6,210,46,measure
2026-09-12T14:07:21.399+00:00,1548.001,19.763,0,22676.6,210,46,measure
2026-09-12T14:07:19.909+00:00,1549.004,19.669,0,22676.6,210,46,measure
2026-09-12T14:07:20.907+00:00,1550.006,19.635,3,22676.6,210,46,measure
2026-09-12T14:07:21.901+00:00,1551.001,19.708,0,22676.6,210,46,measure
2026-09-12T14:07:22.902+00:00,1552.003,19.735,0,22676.6,210,45,measure
2026-09-12T14:07:23.904+00:00,1553.001,19.8,0,22676.6,210,45,measure
2026-09-12T14:07:24.904+00:00,1554.004,19.897,0,22667.6,210,45,measure
2026-09-12T14:07:25.902+00:00,1555.002,19.752,0,22667.6,210,45,measure
2026-09-12T14:07:26.906+00:00,1556.007,19.894,0,22667.6,210,45,measure
2026-09-12T14:07:27.903+00:00,1557.003,19.779,0,22667.6,210,45,measure
2026-09-12T14:07:28.901+00:00,1558.002,19.829,0,22667.6,210,45,measure
2026-09-12T14:07:29.902+00:00,1559.002,20.08,0,22676.6,210,45,measure
2026-09-12T14:07:30.906+00:00,1560.007,19.763,0,22676.6,210,44,measure
2026-09-12T14:07:31.905+00:00,1561.005,19.992,0,22676.6,210,44,measure
2026-09-12T14:07:32.900+00:00,1562.001,20.019,5,22676.6,210,44,measure
2026-09-12T14:07:33.906+00:00,1563.006,20.007,0,22676.6,210,44,measure
2026-09-12T14:07:34.901+00:00,1564.002,19.611,0,22676.6,210,44,measure
2026-09-12T14:07:35.904+00:00,1565.002,19.772,0,22667.6,210,44,measure
2026-09-12T14:07:36.907+00:00,1566.007,19.501,0,22667.6,210,44,measure
2026-09-12T14:07:37.904+00:00,1567.005,19.796,0,22667.6,210,44,measure
2026-09-12T14:07:38.901+00:00,1568.001,19.781,0,22667.6,210,44,measure
2026-09-12T14:07:39.901+00:00,1569.001,19.767,0,22667.6,210,44,measure
2026-09-12T14:07:40.904+00:00,1570.004,19.681,0,22667.6,210,43,measure
2026-09-12T14:07:41.900+00:00,1571.000,19.589,0,22667.6,210,43,measure
2026-09-12T14:07:42.906+00:00,1572.006,19.51,0,22667.6,210,43,measure
2026-09-12T14:07:43.903+00:00,1573.004,19.431,0,22667.6,210,43,measure
2026-09-12T14:07:44.901+00:00,1574.001,19.224,0,22667.6,210,43,measure
2026-09-12T14:07:45.907+00:00,1575.007,19.066,0,22667.6,210,43,measure
2026-09-12T14:07:46.902+00:00,1576.002,19.029,0,22667.6,210,43,measure
2026-09-12T14:07:47.904+00:00,1577.004,19.04,0,22667.6,210,43,measure
2026-09-12T14:07:48.901+00:00,1578.002,19.149,0,22667.6,210,43,measure
2026-09-12T14:07:49.900+00:00,1579.001,19.279,5,22667.6,225,43,measure
2026-09-12T14:07:50.901+00:00,1580.001,19.039,0,22667.6,210,43,measure
2026-09-12T14:07:49.397+00:00,1581.001,18.567,0,22667.6,210,42,measure
2026-09-12T14:07:50.400+00:00,1582.004,18.686,0,22667.6,210,42,measure
2026-09-12T14:07:51.439+00:00,1583.042,18.836,0,22667.6,210,42,measure
2026-09-12T14:07:52.404+00:00,1584.008,18.903,0,22667.6,210,42,measure
2026-09-12T14:07:53.398+00:00,1585.001,18.862,3,22667.6,210,42,measure
2026-09-12T14:07:54.402+00:00,1586.006,18.866,0,22659.6,210,42,measure
2026-09-12T14:07:55.399+00:00,1587.002,19.004,0,22665.6,210,42,measure
2026-09-12T14:07:56.403+00:00,1588.006,18.936,0,22665.6,210,42,measure
2026-09-12T14:07:57.404+00:00,1589.006,18.748,1,22665.6,210,42,measure
2026-09-12T14:07:58.400+00:00,1590.004,18.798,0,22665.6,210,42,measure
2026-09-12T14:07:59.397+00:00,1591.001,19.17,7,22667.6,255,42,measure
2026-09-12T14:08:00.401+00:00,1592.004,19.462,0,22669.1,225,42,measure
2026-09-12T14:08:01.399+00:00,1593.003,18.484,0,22669.1,210,42,measure
2026-09-12T14:08:02.401+00:00,1594.005,18.51,0,22669.1,210,41,measure
2026-09-12T14:08:03.401+00:00,1595.003,18.642,4,22669.1,210,41,measure
2026-09-12T14:08:04.401+00:00,1596.002,18.763,0,22668.3,210,41,measure
2026-09-12T14:08:05.397+00:00,1597.001,18.797,2,22673.7,225,41,measure
2026-09-12T14:08:06.399+00:00,1598.001,18.459,0,22673.7,210,41,measure
2026-09-12T14:08:07.397+00:00,1599.001,18.313,0,22673.7,210,41,measure
2026-09-12T14:08:08.398+00:00,1600.001,17.984,0,22673.7,210,41,measure
2026-09-12T14:08:09.404+00:00,1601.006,18.526,0,22664.9,225,41,measure
2026-09-12T14:08:10.411+00:00,1602.014,18.942,8,22717.9,285,41,measure
2026-09-12T14:08:11.406+00:00,1603.009,18.636,2,22689.9,240,41,measure
2026-09-12T14:08:12.402+00:00,1604.006,18.532,2,22706.8,255,41,measure
2026-09-12T14:08:13.398+00:00,1605.001,18.326,8,22689.9,255,41,measure
2026-09-12T14:08:14.402+00:00,1606.004,18.213,4,22698.4,225,41,measure
2026-09-12T14:08:15.399+00:00,1607.000,18.462,4,22705.5,210,41,measure
2026-09-12T14:08:16.400+00:00,1608.002,18.747,3,22730.6,255,41,measure
2026-09-12T14:08:17.398+00:00,1609.002,18.358,6,22739.1,240,41,measure
2026-09-12T14:08:18.397+00:00,1610.001,19.18,2,22738.6,255,41,measure
2026-09-12T14:08:19.399+00:00,1611.002,18.781,2,22748.9,255,41,measure
2026-09-12T14:08:20.397+00:00,1612.000,18.8,11,22797.8,300,41,measure
2026-09-12T14:08:21.399+00:00,1613.000,18.868,6,22758.4,285,41,measure
2026-09-12T14:08:19.893+00:00,1614.008,18.664,4,22775.4,270,41,measure
2026-09-12T14:08:20.889+00:00,1615.004,18.711,5,22761,240,41,measure
2026-09-12T14:08:21.892+00:00,1616.007,18.662,9,22808.3,285,41,measure
2026-09-12T14:08:22.887+00:00,1617.002,18.543,7,22835.3,270,41,measure
2026-09-12T14:08:23.888+00:00,1618.002,18.426,7,22831.4,255,41,measure
2026-09-12T14:08:24.888+00:00,1619.000,18.481,5,22829.8,225,41,measure
2026-09-12T14:08:25.890+00:00,1620.005,18.451,2,22826.8,270,41,measure
2026-09-12T14:08:26.887+00:00,1621.001,18.231,2,22753,225,41,measure
2026-09-12T14:08:27.888+00:00,1622.003,18.064,2,22753,210,41,measure
2026-09-12T14:08:28.887+00:00,1623.002,17.774,2,22743.3,210,41,measure
2026-09-12T14:08:29.889+00:00,1624.002,17.76,2,22743.3,210,42,measure
2026-09-12T14:08:30.888+00:00,1625.000,17.816,2,22743.3,210,42,measure
2026-09-12T14:08:31.889+00:00,1626.003,17.534,2,22743.3,210,42,measure
2026-09-12T14:08:32.892+00:00,1627.006,17.942,2,22743.3,210,42,measure
2026-09-12T14:08:33.886+00:00,1628.001,18.037,2,22743.3,210,42,measure
2026-09-12T14:08:34.889+00:00,1629.003,18.088,2,22743.3,210,42,measure
2026-09-12T14:08:35.896+00:00,1630.006,18.295,2,22743.3,210,42,measure
2026-09-12T14:08:36.892+00:00,1631.004,18.311,2,22743.3,210,42,measure
2026-09-12T14:08:37.890+00:00,1632.004,18.187,2,22743.3,210,42,measure
2026-09-12T14:08:38.885+00:00,1633.000,18.386,5,22768.2,240,42,measure
2026-09-12T14:08:39.890+00:00,1634.005,18.917,10,22782.2,285,42,measure
2026-09-12T14:08:40.886+00:00,1635.001,18.377,2,22765.3,240,42,measure
2026-09-12T14:08:41.889+00:00,1636.002,18.15,2,22765.3,225,42,measure
2026-09-12T14:08:42.889+00:00,1637.001,18.077,2,22757.3,210,42,measure
2026-09-12T14:08:43.892+00:00,1638.007,18.089,3,22757.3,210,42,measure
2026-09-12T14:08:44.886+00:00,1639.001,18.644,4,22774.8,255,42,measure
2026-09-12T14:08:45.889+00:00,1640.004,18.595,3,22768.2,240,42,measure
2026-09-12T14:08:46.886+00:00,1641.001,18.644,3,22757.3,255,42,measure
2026-09-12T14:08:47.893+00:00,1642.006,18.303,2,22751.3,240,42,measure
2026-09-12T14:08:48.900+00:00,1643.003,18.91,3,22759.3,270,42,measure
2026-09-12T14:08:49.887+00:00,1644.001,18.398,3,22759.3,240,42,measure
2026-09-12T14:08:50.891+00:00,1645.006,18.402,2,22751.3,210,42,measure
2026-09-12T14:08:49.398+00:00,1646.002,18.365,2,22751.3,210,42,measure
2026-09-12T14:08:50.398+00:00,1647.001,18.495,11,22763.7,300,42,measure
2026-09-12T14:08:51.404+00:00,1648.007,18.431,6,22749.8,255,42,measure
2026-09-12T14:08:52.400+00:00,1649.002,18.352,2,22749.8,240,42,measure
2026-09-12T14:08:53.398+00:00,1650.000,18.536,3,22767.2,285,42,measure
2026-09-12T14:08:54.402+00:00,1651.006,18.922,3,22786.7,345,42,measure
2026-09-12T14:08:55.399+00:00,1652.002,18.915,6,22774.8,285,42,measure
2026-09-12T14:08:56.406+00:00,1653.008,18.664,2,22774.8,240,42,measure
2026-09-12T14:08:57.403+00:00,1654.006,18.747,3,22774.8,225,42,measure
2026-09-12T14:08:58.399+00:00,1655.001,18.575,3,22774.8,210,42,measure
2026-09-12T14:08:59.400+00:00,1656.004,18.478,3,22766.8,210,42,measure
2026-09-12T14:09:00.404+00:00,1657.008,18.286,2,22766.8,210,42,measure
2026-09-12T14:09:01.399+00:00,1658.003,18.23,2,22766.8,210,42,measure
2026-09-12T14:09:02.398+00:00,1659.002,18.439,2,22766.8,210,42,measure
2026-09-12T14:09:03.404+00:00,1660.006,18.417,2,22766.8,210,42,measure
2026-09-12T14:09:04.398+00:00,1661.000,18.368,2,22766.8,210,42,measure
2026-09-12T14:09:05.397+00:00,1662.000,18.364,2,22766.8,210,42,measure
2026-09-12T14:09:06.399+00:00,1663.003,18.219,3,22774.8,210,42,measure
2026-09-12T14:09:07.402+00:00,1664.006,18.558,10,22744.1,300,42,measure
2026-09-12T14:09:08.401+00:00,1665.004,18.192,0,22744.1,240,42,measure
2026-09-12T14:09:09.398+00:00,1666.000,17.569,0,22740.9,210,42,measure
2026-09-12T14:09:10.401+00:00,1667.005,17.697,0,22740.9,210,42,measure
2026-09-12T14:09:11.399+00:00,1668.004,17.871,0,22740.9,210,42,measure
2026-09-12T14:09:12.397+00:00,1669.001,18.005,0,22740.9,210,42,measure
2026-09-12T14:09:13.403+00:00,1670.007,18.053,0,22689.9,210,42,measure
2026-09-12T14:09:14.400+00:00,1671.005,18.089,0,22689.9,210,42,measure
2026-09-12T14:09:15.398+00:00,1672.000,17.865,0,22689.9,210,42,measure
2026-09-12T14:09:16.401+00:00,1673.001,17.664,0,22689.9,210,42,measure
2026-09-12T14:09:17.396+00:00,1674.001,17.647,0,22689.9,210,42,measure
2026-09-12T14:09:18.397+00:00,1675.002,17.53,0,22689.9,210,42,measure
2026-09-12T14:09:19.400+00:00,1676.004,17.345,0,22689.9,210,42,measure
2026-09-12T14:09:20.400+00:00,1677.004,17.359,0,22689.9,210,42,measure
2026-09-12T14:09:21.398+00:00,1678.001,17.479,0,22689.9,210,42,measure
2026-09-12T14:09:19.882+00:00,1679.003,17.373,0,22689.9,210,42,measure
2026-09-12T14:09:20.884+00:00,1680.006,17.349,0,22689.9,210,42,measure
2026-09-12T14:09:21.883+00:00,1681.005,17.516,0,22689.9,210,42,measure
2026-09-12T14:09:22.878+00:00,1682.001,17.901,0,22689.9,210,42,measure
2026-09-12T14:09:23.878+00:00,1683.001,17.901,0,22689.9,210,42,measure
2026-09-12T14:09:24.883+00:00,1684.004,17.605,0,22689.9,210,42,measure
2026-09-12T14:09:25.880+00:00,1685.002,17.606,0,22689.9,210,42,measure
2026-09-12T14:09:26.879+00:00,1686.001,17.707,0,22689.9,210,42,measure
2026-09-12T14:09:27.879+00:00,1687.002,17.974,0,22689.9,210,42,measure
2026-09-12T14:09:28.879+00:00,1688.002,17.798,0,22689.9,210,42,measure
2026-09-12T14:09:29.883+00:00,1689.004,17.513,0,22689.9,210,42,measure
2026-09-12T14:09:30.881+00:00,1690.003,17.567,0,22689.9,210,42,measure
2026-09-12T14:09:31.881+00:00,1691.002,17.817,0,22689.9,210,42,measure
2026-09-12T14:09:32.879+00:00,1692.001,17.745,0,22689.9,210,42,measure
2026-09-12T14:09:33.881+00:00,1693.004,17.732,0,22689.9,210,42,measure
2026-09-12T14:09:34.879+00:00,1694.001,17.732,0,22689.9,210,42,measure
2026-09-12T14:09:35.884+00:00,1695.004,17.682,0,22689.9,210,42,measure
2026-09-12T14:09:36.885+00:00,1696.006,17.626,0,22689.9,210,42,measure
2026-09-12T14:09:37.880+00:00,1697.001,17.54,0,22689.9,210,42,measure
2026-09-12T14:09:38.883+00:00,1698.005,17.336,0,22689.9,210,42,measure
2026-09-12T14:09:39.878+00:00,1699.000,17.629,0,22689.9,210,42,measure
2026-09-12T14:09:40.879+00:00,1700.001,17.364,0,22689.9,210,42,measure
2026-09-12T14:09:41.879+00:00,1701.001,17.511,0,22689.9,210,42,measure
2026-09-12T14:09:42.881+00:00,1702.001,17.375,0,22689.9,210,42,measure
2026-09-12T14:09:43.882+00:00,1703.000,17.313,0,22689.9,210,42,measure
2026-09-12T14:09:44.885+00:00,1704.007,17.296,0,22689.9,210,42,measure
2026-09-12T14:09:45.882+00:00,1705.004,17.215,0,22689.9,210,42,measure
2026-09-12T14:09:46.886+00:00,1706.007,17.335,0,22689.9,210,42,measure
2026-09-12T14:09:47.879+00:00,1707.001,17.343,0,22689.9,210,42,measure
2026-09-12T14:09:48.878+00:00,1708.000,17.208,0,22689.9,210,42,measure
2026-09-12T14:09:49.881+00:00,1709.003,17.219,0,22689.9,210,42,measure
2026-09-12T14:09:50.878+00:00,1710.000,16.768,0,22689.9,210,42,measure
2026-09-12T14:09:51.878+00:00,1711.001,17.14,0,22682.5,210,42,measure
2026-09-12T14:09:50.359+00:00,1712.000,17.447,0,22682.5,210,42,measure
2026-09-12T14:09:51.360+00:00,1713.001,17.88,0,22682.5,210,42,measure
2026-09-12T14:09:52.362+00:00,1714.001,17.959,0,22682.5,210,42,measure
2026-09-12T14:09:53.362+00:00,1715.000,18.001,0,22682.5,210,43,measure
2026-09-12T14:09:54.360+00:00,1716.000,18.185,0,22682.5,210,43,measure
2026-09-12T14:09:55.360+00:00,1717.001,18.126,0,22682.5,210,43,measure
2026-09-12T14:09:56.360+00:00,1718.001,17.947,0,22682.5,210,43,measure
2026-09-12T14:09:57.360+00:00,1719.001,17.896,0,22682.5,210,43,measure
2026-09-12T14:09:58.410+00:00,1720.051,18.01,0,22682.5,210,43,measure
2026-09-12T14:09:59.438+00:00,1721.079,17.999,0,22682.5,210,43,measure
2026-09-12T14:10:00.436+00:00,1722.077,17.784,0,22682.5,210,43,measure
2026-09-12T14:10:01.399+00:00,1723.040,17.81,0,22682.5,210,43,measure
2026-09-12T14:10:02.360+00:00,1724.001,18.023,0,22682.5,210,43,measure
2026-09-12T14:10:03.360+00:00,1725.001,17.819,0,22682.5,210,43,measure
2026-09-12T14:10:04.359+00:00,1726.000,17.602,0,22682.5,210,43,measure
2026-09-12T14:10:05.384+00:00,1727.023,17.661,0,22682.5,210,43,measure
2026-09-12T14:10:06.360+00:00,1728.001,17.622,0,22682.5,210,43,measure
2026-09-12T14:10:07.361+00:00,1729.000,17.845,0,22682.5,210,43,measure
2026-09-12T14:10:12.359+00:00,1734.000,17.981,0,22682.5,210,43,measure
2026-09-12T14:10:13.360+00:00,1735.001,17.793,0,22682.5,210,43,measure
2026-09-12T14:10:14.360+00:00,1736.001,17.793,0,22682.5,210,43,measure
2026-09-12T14:10:15.360+00:00,1737.000,17.72,0,22682.5,210,43,measure
2026-09-12T14:10:16.360+00:00,1738.001,17.822,0,22682.5,210,43,measure
2026-09-12T14:10:17.361+00:00,1739.000,17.632,0,22682.5,210,43,measure
2026-09-12T14:10:18.360+00:00,1740.001,17.761,0,22682.5,210,43,measure
2026-09-12T14:10:19.362+00:00,1741.001,17.761,0,22682.5,210,43,measure
2026-09-12T14:10:20.360+00:00,1742.001,18.024,0,22682.5,210,43,measure
2026-09-12T14:10:21.359+00:00,1743.000,18.029,0,22682.5,210,43,measure
2026-09-12T14:10:19.879+00:00,1744.001,17.931,0,22682.5,210,43,measure
2026-09-12T14:10:20.878+00:00,1745.000,17.681,0,22682.5,210,43,measure
2026-09-12T14:10:21.879+00:00,1746.000,18.164,0,22682.5,210,43,measure
2026-09-12T14:10:22.877+00:00,1747.001,18.234,0,22682.5,210,43,measure
2026-09-12T14:10:23.878+00:00,1748.001,18.07,0,22682.5,210,43,measure
2026-09-12T14:10:24.877+00:00,1749.000,17.919,0,22682.5,210,43,measure
2026-09-12T14:10:25.882+00:00,1750.000,18.2,0,22682.5,210,43,measure
2026-09-12T14:10:26.878+00:00,1751.001,18.177,0,22682.5,210,43,measure
2026-09-12T14:10:27.881+00:00,1752.002,17.703,0,22682.5,210,43,measure
