timestamp_iso,t_s,power_w,util_gpu_pct,mem_used_mib,clocks_sm_mhz,temp_c,phase
2026-09-11T02:54:32.533+00:00,0.000,257.993,0,21737.6,2700,52,measure
2026-09-11T02:54:33.533+00:00,1.001,111.505,0,21737.6,2700,51,measure
2026-09-11T02:54:34.532+00:00,2.002,69.896,0,21737.6,495,51,measure
2026-09-11T02:54:35.531+00:00,3.000,54.703,0,21737.6,345,49,measure
2026-09-11T02:54:36.532+00:00,4.001,31.336,0,21737.6,270,48,measure
2026-09-11T02:54:37.531+00:00,5.000,47.987,99,21737.6,2700,51,measure
2026-09-11T02:54:38.537+00:00,6.007,281.682,99,21737.6,2685,58,measure
2026-09-11T02:54:39.532+00:00,7.000,306.813,99,21737.6,2685,59,measure
2026-09-11T02:54:40.531+00:00,8.000,305.795,99,21737.6,2685,57,measure
2026-09-11T02:54:41.578+00:00,9.000,303.496,99,21737.6,2640,57,measure
2026-09-11T02:54:42.533+00:00,10.000,322.726,99,21737.6,2685,59,measure
2026-09-11T02:54:43.531+00:00,11.000,324.858,99,21737.6,2685,59,measure
2026-09-11T02:54:44.531+00:00,12.000,318.539,100,21737.6,2685,58,measure
2026-09-11T02:54:45.531+00:00,13.000,302.935,99,21737.6,2685,57,measure
2026-09-11T02:54:46.531+00:00,14.000,296.734,99,21737.6,2685,58,measure
2026-09-11T02:54:47.532+00:00,15.000,295.331,99,21737.6,2685,57,measure
2026-09-11T02:54:48.531+00:00,16.001,305.687,99,21737.6,2685,59,measure
2026-09-11T02:54:47.035+00:00,17.001,303.569,99,21737.6,2685,59,measure
2026-09-11T02:54:48.035+00:00,18.000,304.285,100,21737.6,2685,58,measure
2026-09-11T02:54:49.035+00:00,19.000,310.612,99,21737.6,2685,59,measure
2026-09-11T02:54:50.034+00:00,20.000,305.314,99,21737.6,2685,59,measure
2026-09-11T02:54:51.036+00:00,21.001,306.782,99,21737.6,2685,58,measure
2026-09-11T02:54:52.038+00:00,22.001,311.826,99,21737.6,2685,59,measure
2026-09-11T02:54:53.035+00:00,23.000,309.796,99,21737.6,2685,59,measure
2026-09-11T02:54:54.035+00:00,24.000,319.167,99,21737.6,2685,59,measure
2026-09-11T02:54:55.034+00:00,25.000,319.405,99,21737.6,2685,59,measure
2026-09-11T02:54:56.035+00:00,26.000,328.354,100,21737.6,2685,60,measure
2026-09-11T02:54:57.053+00:00,27.000,345.485,99,21737.6,2685,63,measure
2026-09-11T02:54:58.036+00:00,28.000,332.545,99,21737.6,2685,60,measure
2026-09-11T02:54:59.035+00:00,29.001,339.57,99,21737.6,2685,61,measure
2026-09-11T02:55:00.035+00:00,30.000,317.582,99,21737.6,2685,61,measure
2026-09-11T02:55:01.035+00:00,31.001,323.698,99,21737.6,2685,63,measure
2026-09-11T02:55:02.035+00:00,32.001,320.66,99,21737.6,2685,60,measure
2026-09-11T02:55:03.036+00:00,33.001,346.516,99,21737.6,2685,61,measure
2026-09-11T02:55:04.035+00:00,34.001,326.874,99,21737.6,2685,61,measure
2026-09-11T02:55:05.035+00:00,35.001,310.639,99,21737.6,2685,60,measure
2026-09-11T02:55:06.035+00:00,36.000,310.548,99,21737.6,2685,60,measure
2026-09-11T02:55:07.035+00:00,37.000,333.256,99,21737.6,2685,62,measure
2026-09-11T02:55:08.035+00:00,38.000,348.24,99,21737.6,2685,61,measure
2026-09-11T02:55:09.036+00:00,39.001,337.326,99,21737.6,2685,65,measure
2026-09-11T02:55:10.036+00:00,40.001,348.86,99,21737.6,2685,61,measure
2026-09-11T02:55:11.035+00:00,41.000,312.972,99,21737.6,2685,62,measure
2026-09-11T02:55:12.035+00:00,42.000,322.572,99,21737.6,2685,63,measure
2026-09-11T02:55:13.035+00:00,43.001,332.137,99,21737.6,2685,64,measure
2026-09-11T02:55:14.036+00:00,44.001,337.967,99,21737.6,2685,63,measure
2026-09-11T02:55:15.039+00:00,45.001,346.299,99,21737.6,2685,62,measure
2026-09-11T02:55:16.035+00:00,46.001,327.647,99,21737.6,2685,61,measure
2026-09-11T02:55:17.035+00:00,47.000,330.653,99,21737.6,2685,62,measure
2026-09-11T02:55:18.035+00:00,48.000,313.257,99,21737.6,2685,60,measure
2026-09-11T02:55:16.548+00:00,49.000,311.526,99,21737.6,2685,60,measure
2026-09-11T02:55:17.548+00:00,50.000,316.234,99,21737.6,2685,60,measure
2026-09-11T02:55:18.550+00:00,51.000,307.185,99,21737.6,2685,60,measure
2026-09-11T02:55:19.548+00:00,52.000,311.476,99,21737.6,2685,60,measure
2026-09-11T02:55:20.548+00:00,53.000,308.793,99,21737.6,2685,63,measure
2026-09-11T02:55:21.551+00:00,54.000,323.642,99,21737.6,2685,60,measure
2026-09-11T02:55:22.549+00:00,55.000,317.01,99,21737.6,2685,63,measure
2026-09-11T02:55:23.549+00:00,56.000,323.586,99,21737.6,2685,61,measure
2026-09-11T02:55:24.550+00:00,57.001,303.03,99,21737.6,2685,63,measure
2026-09-11T02:55:25.548+00:00,58.000,318.348,99,21737.6,2685,62,measure
2026-09-11T02:55:26.548+00:00,59.000,314.532,99,21737.6,2685,62,measure
2026-09-11T02:55:27.549+00:00,60.001,310.476,99,21737.6,2685,60,measure
2026-09-11T02:55:28.548+00:00,61.000,313.216,99,21737.6,2685,60,measure
2026-09-11T02:55:29.549+00:00,62.000,308.768,100,21737.6,2685,60,measure
2026-09-11T02:55:30.550+00:00,63.000,311.742,99,21737.6,2685,60,measure
2026-09-11T02:55:31.548+00:00,64.000,309.233,99,21737.6,2685,60,measure
2026-09-11T02:55:32.549+00:00,65.000,306.525,99,21737.6,2685,60,measure
2026-09-11T02:55:33.548+00:00,66.000,310.103,99,21737.6,2685,62,measure
2026-09-11T02:55:34.549+00:00,67.000,318.031,99,21737.6,2685,61,measure
2026-09-11T02:55:35.550+00:00,68.001,326.742,99,21737.6,2685,60,measure
2026-09-11T02:55:36.552+00:00,69.001,332.74,99,21737.6,2685,63,measure
2026-09-11T02:55:37.549+00:00,70.001,342.793,99,21737.6,2685,62,measure
2026-09-11T02:55:38.548+00:00,71.000,334.545,99,21737.6,2685,61,measure
2026-09-11T02:55:39.548+00:00,72.001,339.303,100,21737.6,2685,62,measure
2026-09-11T02:55:40.548+00:00,73.000,335.177,99,21737.6,2685,62,measure
2026-09-11T02:55:41.550+00:00,74.000,329.985,99,21737.6,2685,61,measure
2026-09-11T02:55:42.551+00:00,75.000,315.195,99,21738.8,2685,62,measure
2026-09-11T02:55:43.548+00:00,76.000,315.459,99,21738.3,2685,61,measure
2026-09-11T02:55:44.550+00:00,77.002,323.158,99,21738.3,2685,62,measure
2026-09-11T02:55:45.549+00:00,78.000,333.512,99,21738.3,2685,62,measure
2026-09-11T02:55:46.548+00:00,79.000,332.157,99,21738.3,2685,62,measure
2026-09-11T02:55:47.550+00:00,80.000,332.144,99,21738.3,2685,61,measure
2026-09-11T02:55:48.551+00:00,81.000,328.574,99,21738.3,2685,62,measure
2026-09-11T02:55:47.051+00:00,82.000,323.266,99,21738.3,2685,62,measure
2026-09-11T02:55:48.053+00:00,83.002,312.317,99,21738.3,2685,61,measure
2026-09-11T02:55:49.054+00:00,84.001,306.731,99,21738.3,2685,60,measure
2026-09-11T02:55:50.052+00:00,85.001,298.074,99,21738.3,2685,60,measure
2026-09-11T02:55:51.053+00:00,86.001,306.231,99,21738.3,2685,60,measure
2026-09-11T02:55:52.053+00:00,87.000,309.475,99,21738.3,2685,64,measure
2026-09-11T02:55:53.052+00:00,88.001,316.742,99,21738.3,2685,60,measure
2026-09-11T02:55:54.051+00:00,89.000,311.295,99,21738.3,2685,61,measure
2026-09-11T02:55:55.051+00:00,90.000,321.959,99,21738.3,2685,61,measure
2026-09-11T02:55:56.052+00:00,91.001,345.243,99,21738.3,2685,63,measure
2026-09-11T02:55:57.053+00:00,92.001,348.713,99,21738.3,2685,62,measure
2026-09-11T02:55:58.095+00:00,93.001,346.589,99,21738.3,2685,62,measure
2026-09-11T02:55:59.051+00:00,94.000,326.939,99,21738.3,2685,62,measure
2026-09-11T02:56:00.051+00:00,95.000,310.606,99,21738.3,2685,61,measure
2026-09-11T02:56:01.052+00:00,96.001,307.707,99,21738.3,2685,61,measure
2026-09-11T02:56:02.051+00:00,97.000,302.286,99,21738.3,2685,60,measure
2026-09-11T02:56:03.053+00:00,98.000,310.429,99,21738.3,2685,61,measure
2026-09-11T02:56:04.052+00:00,99.000,297.973,100,21738.3,2685,60,measure
2026-09-11T02:56:05.051+00:00,100.000,310.137,100,21738.3,2685,61,measure
2026-09-11T02:56:06.052+00:00,101.001,318.127,99,21738.3,2685,61,measure
2026-09-11T02:56:07.051+00:00,102.000,320.258,99,21738.3,2685,62,measure
2026-09-11T02:56:08.051+00:00,103.000,337.968,100,21738.3,2685,62,measure
2026-09-11T02:56:09.055+00:00,104.001,338.728,99,21738.3,2685,66,measure
2026-09-11T02:56:10.053+00:00,105.000,344.632,99,21738.3,2685,63,measure
2026-09-11T02:56:11.051+00:00,106.000,331.445,99,21738.3,2685,62,measure
2026-09-11T02:56:12.051+00:00,107.000,342.477,99,21738.3,2685,63,measure
2026-09-11T02:56:13.051+00:00,108.000,322.787,100,21738.3,2685,62,measure
2026-09-11T02:56:14.052+00:00,109.001,319.852,99,21738.3,2685,61,measure
2026-09-11T02:56:15.053+00:00,110.001,321.321,99,21738.3,2685,63,measure
2026-09-11T02:56:16.055+00:00,111.000,307.083,99,21738.3,2550,61,measure
2026-09-11T02:56:17.051+00:00,112.001,336.419,99,21738.3,2685,63,measure
2026-09-11T02:56:18.051+00:00,113.001,319.85,99,21738.3,2685,61,measure
2026-09-11T02:56:16.571+00:00,114.000,310.699,99,21738.3,2685,61,measure
2026-09-11T02:56:17.571+00:00,115.001,311.798,99,21738.3,2685,61,measure
2026-09-11T02:56:18.572+00:00,116.000,318.138,99,21738.3,2685,62,measure
2026-09-11T02:56:19.572+00:00,117.000,331.17,99,21738.3,2685,62,measure
2026-09-11T02:56:20.571+00:00,118.001,325.401,99,21738.3,2685,62,measure
2026-09-11T02:56:21.571+00:00,119.001,337.32,99,21738.3,2685,62,measure
2026-09-11T02:56:22.570+00:00,120.000,339.82,99,21738.3,2640,62,measure
2026-09-11T02:56:23.574+00:00,121.002,337.98,99,21738.3,2685,62,measure
2026-09-11T02:56:24.572+00:00,122.001,341.002,99,21738.3,2685,63,measure
2026-09-11T02:56:25.578+00:00,123.007,348.824,99,21738.3,2685,63,measure
2026-09-11T02:56:26.576+00:00,124.005,342.496,99,21738.3,2685,63,measure
2026-09-11T02:56:27.574+00:00,125.004,333.581,100,21738.3,2685,62,measure
2026-09-11T02:56:28.573+00:00,126.003,312.676,99,21738.3,2685,61,measure
2026-09-11T02:56:29.570+00:00,127.000,315.852,99,21738.3,2685,61,measure
2026-09-11T02:56:30.576+00:00,128.006,319.757,99,21738.3,2685,61,measure
2026-09-11T02:56:31.573+00:00,129.003,330.207,99,21738.3,2685,62,measure
2026-09-11T02:56:32.571+00:00,130.001,334.041,99,21738.3,2685,64,measure
2026-09-11T02:56:33.571+00:00,131.000,337.049,99,21738.3,2685,62,measure
2026-09-11T02:56:34.571+00:00,132.001,344.913,99,21738.3,2685,66,measure
2026-09-11T02:56:35.570+00:00,133.000,341.067,99,21738.3,2685,63,measure
2026-09-11T02:56:36.576+00:00,134.000,347.897,99,21738.3,2685,62,measure
2026-09-11T02:56:37.572+00:00,135.001,332.546,99,21738.3,2685,63,measure
2026-09-11T02:56:38.571+00:00,136.001,317.84,99,21738.3,2685,61,measure
2026-09-11T02:56:39.570+00:00,137.000,305.607,99,21738.3,2685,61,measure
2026-09-11T02:56:40.571+00:00,138.000,312.126,100,21738.3,2685,61,measure
2026-09-11T02:56:41.571+00:00,139.000,297.323,99,21738.3,2685,61,measure
2026-09-11T02:56:42.572+00:00,140.001,307.586,99,21739.4,2685,61,measure
2026-09-11T02:56:43.571+00:00,141.000,314.271,100,21738.9,2685,61,measure
2026-09-11T02:56:44.571+00:00,142.000,308.294,99,21738.9,2685,61,measure
2026-09-11T02:56:45.571+00:00,143.001,314.345,99,21738.9,2685,62,measure
2026-09-11T02:56:46.571+00:00,144.001,330.758,99,21738.9,2685,62,measure
2026-09-11T02:56:47.620+00:00,145.001,343.256,99,21738.9,2685,62,measure
2026-09-11T02:56:46.073+00:00,146.000,342.286,99,21738.9,2685,62,measure
2026-09-11T02:56:47.073+00:00,147.000,330.836,99,21738.9,2685,61,measure
2026-09-11T02:56:48.072+00:00,148.000,320.249,99,21738.9,2685,64,measure
2026-09-11T02:56:49.072+00:00,149.000,312.443,99,21738.9,2685,62,measure
2026-09-11T02:56:50.072+00:00,150.001,327.975,100,21738.9,2685,62,measure
2026-09-11T02:56:51.072+00:00,151.000,316.508,99,21738.9,2685,65,measure
2026-09-11T02:56:52.073+00:00,152.000,311.583,99,21738.9,2685,61,measure
2026-09-11T02:56:53.073+00:00,153.000,314.746,99,21738.9,2685,61,measure
2026-09-11T02:56:54.072+00:00,154.000,310.702,99,21738.9,2685,61,measure
2026-09-11T02:56:55.074+00:00,155.002,311.398,99,21738.9,2685,61,measure
2026-09-11T02:56:56.072+00:00,156.000,310.158,99,21738.9,2685,61,measure
2026-09-11T02:56:57.074+00:00,157.001,307.847,100,21738.9,2685,61,measure
2026-09-11T02:56:58.074+00:00,158.001,306.768,99,21738.9,2685,61,measure
2026-09-11T02:56:59.073+00:00,159.000,315.892,99,21738.9,2685,62,measure
2026-09-11T02:57:00.072+00:00,160.000,307.678,99,21738.9,2685,61,measure
2026-09-11T02:57:01.075+00:00,161.000,312.012,99,21738.9,2685,62,measure
2026-09-11T02:57:02.073+00:00,162.000,312.014,99,21738.9,2685,61,measure
2026-09-11T02:57:03.073+00:00,163.000,316.548,99,21738.9,2685,63,measure
2026-09-11T02:57:04.073+00:00,164.000,322.867,99,21738.9,2685,62,measure
2026-09-11T02:57:05.072+00:00,165.000,342.222,99,21738.9,2685,63,measure
2026-09-11T02:57:06.072+00:00,166.000,334.257,100,21738.9,2685,62,measure
2026-09-11T02:57:07.073+00:00,167.001,324.928,99,21738.9,2685,61,measure
2026-09-11T02:57:08.073+00:00,168.001,322.492,99,21738.9,2685,61,measure
2026-09-11T02:57:09.073+00:00,169.000,319.24,99,21738.9,2685,62,measure
2026-09-11T02:57:10.077+00:00,170.005,316.439,99,21738.9,2685,61,measure
2026-09-11T02:57:11.073+00:00,171.001,319.048,99,21738.9,2685,61,measure
2026-09-11T02:57:12.072+00:00,172.001,331.146,99,21738.9,2685,62,measure
2026-09-11T02:57:13.072+00:00,173.000,337.574,99,21738.9,2685,62,measure
2026-09-11T02:57:14.072+00:00,174.000,342.032,99,21738.9,2685,65,measure
2026-09-11T02:57:15.073+00:00,175.000,331.552,99,21738.9,2685,62,measure
2026-09-11T02:57:16.076+00:00,176.000,327.084,99,21738.9,2685,61,measure
2026-09-11T02:57:17.072+00:00,177.000,315.492,99,21738.9,2685,63,measure
2026-09-11T02:57:18.072+00:00,178.000,323.057,99,21738.9,2685,61,measure
2026-09-11T02:57:16.571+00:00,179.000,351.245,99,21738.9,2685,64,measure
2026-09-11T02:57:17.580+00:00,180.007,334.936,99,21738.9,2685,62,measure
2026-09-11T02:57:18.573+00:00,181.000,336.723,99,21738.9,2685,62,measure
2026-09-11T02:57:19.574+00:00,182.001,307.197,100,21738.9,2685,61,measure
2026-09-11T02:57:20.603+00:00,183.000,304.946,99,21738.9,2685,61,measure
2026-09-11T02:57:21.571+00:00,184.000,312.902,99,21738.9,2685,64,measure
2026-09-11T02:57:22.572+00:00,185.001,311.156,99,21738.9,2685,62,measure
2026-09-11T02:57:23.574+00:00,186.003,313.666,99,21738.9,2685,62,measure
2026-09-11T02:57:24.573+00:00,187.001,308.468,99,21738.9,2685,61,measure
2026-09-11T02:57:25.574+00:00,188.002,314.253,99,21738.9,2685,62,measure
2026-09-11T02:57:26.578+00:00,189.007,310.784,99,21738.9,2685,64,measure
2026-09-11T02:57:27.579+00:00,190.008,330.66,99,21738.9,2685,67,measure
2026-09-11T02:57:28.573+00:00,191.002,327.439,99,21738.9,2685,61,measure
2026-09-11T02:57:29.575+00:00,192.003,326.784,99,21738.9,2685,62,measure
2026-09-11T02:57:30.574+00:00,193.003,322.358,100,21738.9,2685,63,measure
2026-09-11T02:57:31.574+00:00,194.002,319.667,99,21738.9,2685,61,measure
2026-09-11T02:57:32.582+00:00,195.000,342.195,99,21738.9,2685,64,measure
2026-09-11T02:57:33.572+00:00,196.001,349.208,99,21738.9,2685,62,measure
2026-09-11T02:57:34.571+00:00,197.000,325.491,99,21738.9,2685,62,measure
2026-09-11T02:57:35.572+00:00,198.000,350.307,99,21738.9,2685,63,measure
2026-09-11T02:57:36.580+00:00,199.004,353.885,99,21738.9,2655,65,measure
2026-09-11T02:57:37.574+00:00,200.001,343.513,99,21738.9,2685,63,measure
2026-09-11T02:57:38.571+00:00,201.000,330.029,99,21738.9,2685,62,measure
2026-09-11T02:57:39.572+00:00,202.001,326.024,99,21738.9,2685,61,measure
2026-09-11T02:57:40.572+00:00,203.001,313.865,99,21738.9,2685,62,measure
2026-09-11T02:57:41.571+00:00,204.001,330.864,99,21738.9,2685,62,measure
2026-09-11T02:57:42.573+00:00,205.001,311.207,99,21738.7,2685,62,measure
2026-09-11T02:57:43.573+00:00,206.000,306.109,99,21738.2,2685,62,measure
2026-09-11T02:57:44.571+00:00,207.000,312.068,99,21738.2,2685,61,measure
2026-09-11T02:57:45.571+00:00,208.000,316.371,100,21738.2,2685,61,measure
2026-09-11T02:57:46.571+00:00,209.000,310.937,99,21738.2,2685,61,measure
2026-09-11T02:57:47.571+00:00,210.000,306.576,99,21738.2,2685,62,measure
2026-09-11T02:57:46.074+00:00,211.001,297.63,99,21738.2,2685,60,measure
2026-09-11T02:57:47.074+00:00,212.001,315.737,99,21738.2,2685,62,measure
2026-09-11T02:57:48.072+00:00,213.000,319.985,99,21738.2,2685,62,measure
2026-09-11T02:57:49.072+00:00,214.000,329.993,100,21738.2,2685,62,measure
2026-09-11T02:57:50.072+00:00,215.000,321.33,99,21738.2,2685,63,measure
2026-09-11T02:57:51.072+00:00,216.001,335.849,99,21738.2,2685,65,measure
2026-09-11T02:57:52.073+00:00,217.000,325.219,99,21738.2,2685,62,measure
2026-09-11T02:57:53.074+00:00,218.003,323.383,100,21738.2,2685,61,measure
2026-09-11T02:57:54.074+00:00,219.002,308.262,100,21738.2,2685,61,measure
2026-09-11T02:57:55.072+00:00,220.000,316.924,99,21738.2,2685,62,measure
2026-09-11T02:57:56.077+00:00,221.005,313.206,100,21738.2,2685,61,measure
2026-09-11T02:57:57.078+00:00,222.005,317.847,100,21738.2,2685,61,measure
2026-09-11T02:57:58.076+00:00,223.000,321.941,99,21738.2,2685,61,measure
2026-09-11T02:57:59.115+00:00,224.007,314.738,99,21738.2,2685,61,measure
2026-09-11T02:58:00.072+00:00,225.001,338.747,99,21738.2,2685,62,measure
2026-09-11T02:58:01.077+00:00,226.005,325.608,99,21738.2,2685,61,measure
2026-09-11T02:58:02.075+00:00,227.003,335.69,99,21738.2,2685,65,measure
2026-09-11T02:58:03.074+00:00,228.001,340.209,99,21738.2,2685,62,measure
2026-09-11T02:58:04.075+00:00,229.002,326.115,99,21738.2,2685,62,measure
2026-09-11T02:58:05.072+00:00,230.001,308.011,99,21738.2,2685,61,measure
2026-09-11T02:58:06.075+00:00,231.003,314.452,99,21738.2,2685,63,measure
2026-09-11T02:58:07.078+00:00,232.006,303.508,100,21738.2,2685,61,measure
2026-09-11T02:58:08.072+00:00,233.001,310.371,99,21738.2,2685,61,measure
2026-09-11T02:58:09.072+00:00,234.001,325.844,99,21738.2,2685,62,measure
2026-09-11T02:58:10.074+00:00,235.001,343.605,99,21738.2,2685,62,measure
2026-09-11T02:58:11.075+00:00,236.003,339.102,99,21738.2,2685,63,measure
2026-09-11T02:58:12.072+00:00,237.000,349.765,99,21738.2,2685,64,measure
2026-09-11T02:58:13.076+00:00,238.005,325.09,99,21738.2,2685,61,measure
2026-09-11T02:58:14.072+00:00,239.000,312.099,99,21738.2,2685,61,measure
2026-09-11T02:58:15.073+00:00,240.001,315.38,99,21738.2,2685,62,measure
2026-09-11T02:58:16.077+00:00,241.001,313.634,99,21738.2,2685,64,measure
2026-09-11T02:58:17.072+00:00,242.000,329.624,99,21738.2,2685,62,measure
2026-09-11T02:58:18.074+00:00,243.003,316.545,99,21738.2,2685,62,measure
2026-09-11T02:58:16.573+00:00,244.001,311.361,99,21738.2,2685,61,measure
2026-09-11T02:58:17.573+00:00,245.000,314.471,99,21738.2,2685,61,measure
2026-09-11T02:58:18.573+00:00,246.000,312.308,100,21738.2,2685,61,measure
2026-09-11T02:58:19.587+00:00,247.014,305.751,99,21738.2,2685,61,measure
2026-09-11T02:58:20.597+00:00,248.024,313.857,99,21738.2,2685,63,measure
2026-09-11T02:58:21.574+00:00,249.001,316.346,99,21738.2,2685,61,measure
2026-09-11T02:58:22.574+00:00,250.001,310.436,99,21738.2,2685,61,measure
2026-09-11T02:58:23.579+00:00,251.005,313.244,99,21738.2,2685,65,measure
2026-09-11T02:58:24.574+00:00,252.001,317.322,99,21738.2,2685,61,measure
2026-09-11T02:58:25.575+00:00,253.001,306.314,99,21738.2,2685,61,measure
2026-09-11T02:58:26.574+00:00,254.000,306.739,99,21738.2,2685,60,measure
2026-09-11T02:58:27.573+00:00,255.001,306.922,99,21738.2,2685,61,measure
2026-09-11T02:58:28.573+00:00,256.001,319.058,99,21738.2,2685,61,measure
2026-09-11T02:58:29.573+00:00,257.001,328.283,99,21738.2,2685,64,measure
2026-09-11T02:58:30.574+00:00,258.001,343.856,99,21738.2,2685,62,measure
2026-09-11T02:58:31.575+00:00,259.001,331.011,100,21738.2,2685,62,measure
2026-09-11T02:58:32.573+00:00,260.000,323.002,99,21738.2,2685,62,measure
2026-09-11T02:58:33.577+00:00,261.004,322.295,99,21738.2,2685,61,measure
2026-09-11T02:58:34.576+00:00,262.003,330.665,99,21738.2,2685,66,measure
2026-09-11T02:58:35.573+00:00,263.001,333.546,100,21738.2,2685,62,measure
2026-09-11T02:58:36.573+00:00,264.000,332.378,100,21738.2,2685,63,measure
2026-09-11T02:58:37.579+00:00,265.000,320.298,99,21738.2,2595,65,measure
2026-09-11T02:58:38.573+00:00,266.001,327.703,99,21738.2,2685,62,measure
2026-09-11T02:58:39.573+00:00,267.001,334.214,100,21738.2,2685,62,measure
2026-09-11T02:58:40.575+00:00,268.000,330.349,99,21738.2,2685,61,measure
2026-09-11T02:58:41.573+00:00,269.001,327.973,99,21738.2,2685,62,measure
2026-09-11T02:58:42.574+00:00,270.000,319.086,99,21736.4,2685,61,measure
2026-09-11T02:58:43.574+00:00,271.000,322.624,99,21731,2685,62,measure
2026-09-11T02:58:44.573+00:00,272.001,309.249,99,21731,2685,61,measure
2026-09-11T02:58:45.573+00:00,273.001,312.248,99,21731,2685,61,measure
2026-09-11T02:58:46.573+00:00,274.000,314.829,99,21731,2685,61,measure
2026-09-11T02:58:47.573+00:00,275.000,324.962,99,21731,2685,61,measure
2026-09-11T02:58:46.091+00:00,276.001,314.107,99,21731,2685,61,measure
2026-09-11T02:58:47.093+00:00,277.003,325.943,99,21731,2685,61,measure
2026-09-11T02:58:48.090+00:00,278.001,316.654,99,21731,2685,63,measure
2026-09-11T02:58:49.090+00:00,279.001,321.262,99,21731,2685,65,measure
2026-09-11T02:58:50.090+00:00,280.001,314.672,100,21731,2685,61,measure
2026-09-11T02:58:51.089+00:00,281.000,313.409,99,21731,2685,61,measure
2026-09-11T02:58:52.097+00:00,282.008,328.082,99,21731,2685,62,measure
2026-09-11T02:58:53.091+00:00,283.000,332.263,99,21731,2685,62,measure
2026-09-11T02:58:54.089+00:00,284.000,340.982,99,21731,2685,62,measure
2026-09-11T02:58:55.090+00:00,285.001,317.659,99,21731,2685,63,measure
2026-09-11T02:58:56.098+00:00,286.007,331.321,99,21731,2685,63,measure
2026-09-11T02:58:57.089+00:00,287.001,317.612,99,21731,2685,62,measure
2026-09-11T02:58:58.091+00:00,288.000,319.14,99,21731,2685,64,measure
2026-09-11T02:58:59.090+00:00,289.000,311.31,99,21731,2685,61,measure
2026-09-11T02:59:00.089+00:00,290.000,322.181,100,21731,2685,64,measure
2026-09-11T02:59:01.090+00:00,291.001,313.577,99,21731,2685,63,measure
2026-09-11T02:59:02.089+00:00,292.000,324.52,99,21731,2685,61,measure
2026-09-11T02:59:03.094+00:00,293.004,322.935,100,21731,2685,62,measure
2026-09-11T02:59:04.096+00:00,294.005,333.617,99,21731,2685,62,measure
2026-09-11T02:59:05.092+00:00,295.003,338.725,99,21731,2685,62,measure
2026-09-11T02:59:06.091+00:00,296.002,335.263,99,21731,2685,63,measure
2026-09-11T02:59:07.091+00:00,297.002,324.932,99,21731,2685,62,measure
2026-09-11T02:59:08.091+00:00,298.000,313.822,99,21731,2685,61,measure
2026-09-11T02:59:09.090+00:00,299.001,318.002,99,21731,2685,61,measure
2026-09-11T02:59:10.091+00:00,300.000,315.025,99,21731,2685,63,measure
2026-09-11T02:59:11.091+00:00,301.001,336.618,99,21731,2685,62,measure
2026-09-11T02:59:12.098+00:00,302.009,326.927,99,21731,2685,63,measure
2026-09-11T02:59:13.093+00:00,303.004,348.67,99,21731,2685,65,measure
2026-09-11T02:59:14.115+00:00,304.006,358.547,99,21731,2685,62,measure
2026-09-11T02:59:15.093+00:00,305.003,389.989,99,21731,2685,66,measure
2026-09-11T02:59:16.091+00:00,306.001,380.573,99,21731,2685,66,measure
2026-09-11T02:59:17.092+00:00,307.002,361.778,99,21731,2685,64,measure
2026-09-11T02:59:18.123+00:00,308.001,364.304,99,21731,2685,66,measure
2026-09-11T02:59:16.597+00:00,309.009,391.282,99,21731,2685,63,measure
2026-09-11T02:59:17.599+00:00,310.010,365.505,99,21731,2685,66,measure
2026-09-11T02:59:18.588+00:00,311.001,350.738,100,21731,2685,65,measure
2026-09-11T02:59:19.650+00:00,312.007,387.138,100,21731,2655,63,measure
2026-09-11T02:59:20.593+00:00,313.005,368.127,99,21731,2685,68,measure
2026-09-11T02:59:21.590+00:00,314.002,355.115,99,21731,2685,67,measure
2026-09-11T02:59:22.602+00:00,315.003,382.601,99,21731,2685,69,measure
2026-09-11T02:59:23.591+00:00,316.004,370.316,99,21731,2685,64,measure
2026-09-11T02:59:24.600+00:00,317.006,360.857,99,21731,2670,65,measure
2026-09-11T02:59:25.629+00:00,318.005,386.575,99,21731,2670,69,measure
2026-09-11T02:59:26.591+00:00,319.004,377.286,99,21731,2685,64,measure
2026-09-11T02:59:27.590+00:00,320.002,361.619,99,21731,2685,65,measure
2026-09-11T02:59:28.593+00:00,321.003,364.374,99,21731,2595,64,measure
2026-09-11T02:59:29.589+00:00,322.001,392.299,99,21731,2685,64,measure
2026-09-11T02:59:30.588+00:00,323.000,364.732,99,21731,2685,65,measure
2026-09-11T02:59:31.591+00:00,324.002,350.156,99,21731,2685,64,measure
2026-09-11T02:59:32.609+00:00,325.002,377.864,99,21731,2655,64,measure
2026-09-11T02:59:33.588+00:00,326.000,372.924,99,21731,2685,64,measure
2026-09-11T02:59:34.590+00:00,327.003,353.448,99,21731,2685,64,measure
2026-09-11T02:59:35.589+00:00,328.000,385.926,99,21731,2685,68,measure
2026-09-11T02:59:36.627+00:00,329.004,369.99,99,21731,2685,64,measure
2026-09-11T02:59:37.593+00:00,330.003,364.197,99,21731,2685,64,measure
2026-09-11T02:59:38.590+00:00,331.001,391.534,99,21731,2685,67,measure
2026-09-11T02:59:39.588+00:00,332.000,373.435,99,21731,2625,64,measure
2026-09-11T02:59:40.589+00:00,333.001,363.349,100,21731,2685,64,measure
2026-09-11T02:59:41.588+00:00,334.000,366.071,99,21731,2655,64,measure
2026-09-11T02:59:42.589+00:00,335.001,377.942,99,21727.4,2685,64,measure
2026-09-11T02:59:43.589+00:00,336.000,366.819,99,21727.2,2685,64,measure
2026-09-11T02:59:44.591+00:00,337.001,356.085,99,21727.2,2565,64,measure
2026-09-11T02:59:45.588+00:00,338.000,387.352,99,21727.2,2685,64,measure
2026-09-11T02:59:46.588+00:00,339.000,370.809,99,21727.2,2685,64,measure
2026-09-11T02:59:47.588+00:00,340.000,354.321,99,21727.2,2685,64,measure
2026-09-11T02:59:46.109+00:00,341.004,385.242,99,21727.2,2685,68,measure
2026-09-11T02:59:47.094+00:00,342.004,370.429,99,21727.2,2685,66,measure
2026-09-11T02:59:48.091+00:00,343.002,359.371,99,21727.2,2685,64,measure
2026-09-11T02:59:49.092+00:00,344.004,386.626,99,21727.2,2685,68,measure
2026-09-11T02:59:50.092+00:00,345.003,373.957,99,21727.2,2685,69,measure
2026-09-11T02:59:51.091+00:00,346.002,358.984,99,21727.2,2685,64,measure
2026-09-11T02:59:52.090+00:00,347.001,375.352,99,21727.2,2640,64,measure
2026-09-11T02:59:53.094+00:00,348.001,382.78,99,21727.2,2685,69,measure
2026-09-11T02:59:54.089+00:00,349.000,361.443,99,21727.2,2685,64,measure
2026-09-11T02:59:55.090+00:00,350.002,361.123,99,21727.2,2610,64,measure
2026-09-11T02:59:56.090+00:00,351.002,386.072,99,21727.2,2685,70,measure
2026-09-11T02:59:57.090+00:00,352.002,370.639,99,21727.2,2685,64,measure
2026-09-11T02:59:58.091+00:00,353.002,351.285,99,21727.2,2685,64,measure
2026-09-11T02:59:59.148+00:00,354.002,382.923,99,21727.2,2685,70,measure
2026-09-11T03:00:00.124+00:00,355.001,375.054,99,21727.2,2685,69,measure
2026-09-11T03:00:01.089+00:00,356.000,358.465,99,21727.2,2685,67,measure
2026-09-11T03:00:02.089+00:00,357.001,383.472,99,21727.2,2685,70,measure
2026-09-11T03:00:03.089+00:00,358.001,372.881,99,21727.2,2685,66,measure
2026-09-11T03:00:04.090+00:00,359.001,358.005,99,21727.2,2655,64,measure
2026-09-11T03:00:05.090+00:00,360.000,378.294,99,21727.2,2685,64,measure
2026-09-11T03:00:06.123+00:00,361.004,378.723,99,21727.2,2685,66,measure
2026-09-11T03:00:07.089+00:00,362.000,362.442,99,21727.2,2685,65,measure
2026-09-11T03:00:08.089+00:00,363.000,363.984,99,21727.2,2685,64,measure
2026-09-11T03:00:09.090+00:00,364.001,387.013,99,21727.2,2685,65,measure
2026-09-11T03:00:10.093+00:00,365.003,366.374,99,21727.2,2685,67,measure
2026-09-11T03:00:11.091+00:00,366.001,351.046,99,21727.2,2685,66,measure
2026-09-11T03:00:12.089+00:00,367.000,380.73,99,21727.2,2685,68,measure
2026-09-11T03:00:13.089+00:00,368.001,370.652,99,21727.2,2685,69,measure
2026-09-11T03:00:14.088+00:00,369.000,358.687,99,21727.2,2685,68,measure
2026-09-11T03:00:15.089+00:00,370.000,385.614,99,21727.2,2685,67,measure
2026-09-11T03:00:16.090+00:00,371.001,370.155,99,21727.2,2685,66,measure
2026-09-11T03:00:17.091+00:00,372.001,362.878,99,21727.2,2640,65,measure
2026-09-11T03:00:18.091+00:00,373.001,379.757,99,21727.2,2655,67,measure
2026-09-11T03:00:16.586+00:00,374.001,376.248,99,21727.2,2685,64,measure
2026-09-11T03:00:17.593+00:00,375.007,364.272,100,21727.2,2685,65,measure
2026-09-11T03:00:18.586+00:00,376.001,367.392,99,21727.2,2685,67,measure
2026-09-11T03:00:19.607+00:00,377.000,391.152,99,21727.2,2685,64,measure
2026-09-11T03:00:20.589+00:00,378.004,366.739,99,21727.2,2685,65,measure
2026-09-11T03:00:21.586+00:00,379.001,350.737,99,21727.2,2685,69,measure
2026-09-11T03:00:22.587+00:00,380.001,381.72,99,21727.2,2595,65,measure
2026-09-11T03:00:23.592+00:00,381.006,370.561,99,21727.2,2685,67,measure
2026-09-11T03:00:24.586+00:00,382.001,356.546,99,21727.2,2685,67,measure
2026-09-11T03:00:25.604+00:00,383.003,387.449,99,21727.2,2685,65,measure
2026-09-11T03:00:26.589+00:00,384.001,371.848,99,21727.2,2685,68,measure
2026-09-11T03:00:27.589+00:00,385.004,364.204,99,21727.2,2685,64,measure
2026-09-11T03:00:28.592+00:00,386.007,382.366,99,21727.2,2685,71,measure
2026-09-11T03:00:29.613+00:00,387.001,375.71,99,21727.2,2685,68,measure
2026-09-11T03:00:30.587+00:00,388.002,363.958,99,21727.2,2685,64,measure
2026-09-11T03:00:31.588+00:00,389.001,367.255,99,21727.2,2685,71,measure
2026-09-11T03:00:32.591+00:00,390.001,384.315,99,21727.2,2670,66,measure
2026-09-11T03:00:33.591+00:00,391.006,365.303,99,21727.2,2685,64,measure
2026-09-11T03:00:34.616+00:00,392.006,357.268,99,21727.2,2625,65,measure
2026-09-11T03:00:35.590+00:00,393.004,388.32,99,21727.2,2685,65,measure
2026-09-11T03:00:36.586+00:00,394.001,371.277,99,21727.2,2685,68,measure
2026-09-11T03:00:37.593+00:00,395.004,355.065,99,21727.2,2685,65,measure
2026-09-11T03:00:38.590+00:00,396.005,384.729,99,21727.2,2685,64,measure
2026-09-11T03:00:39.587+00:00,397.002,373.765,99,21727.2,2685,69,measure
2026-09-11T03:00:40.616+00:00,398.002,357.574,99,21727.2,2685,64,measure
2026-09-11T03:00:41.592+00:00,399.005,388.112,99,21727.2,2685,70,measure
2026-09-11T03:00:42.592+00:00,400.005,372.489,99,21725.4,2685,65,measure
2026-09-11T03:00:43.588+00:00,401.000,358.18,99,21724.9,2685,64,measure
2026-09-11T03:00:44.624+00:00,402.005,372.961,99,21724.9,2655,70,measure
2026-09-11T03:00:45.619+00:00,403.001,379.571,99,21724.9,2685,64,measure
2026-09-11T03:00:46.588+00:00,404.002,364.349,99,21724.9,2685,64,measure
2026-09-11T03:00:47.598+00:00,405.004,362.905,99,21724.9,2610,64,measure
2026-09-11T03:00:46.108+00:00,406.017,389.148,99,21724.9,2685,67,measure
2026-09-11T03:00:47.098+00:00,407.004,372.194,99,21724.9,2685,65,measure
2026-09-11T03:00:48.136+00:00,408.018,351.075,99,21724.9,2685,64,measure
2026-09-11T03:00:49.093+00:00,409.001,387.122,99,21724.9,2685,66,measure
2026-09-11T03:00:50.092+00:00,410.001,373.87,99,21724.9,2685,67,measure
2026-09-11T03:00:51.092+00:00,411.000,358.03,99,21724.9,2685,64,measure
2026-09-11T03:00:52.092+00:00,412.001,390.768,99,21724.9,2685,66,measure
2026-09-11T03:00:53.093+00:00,413.000,372.882,99,21724.9,2685,64,measure
2026-09-11T03:00:54.092+00:00,414.000,359.328,99,21724.9,2685,64,measure
2026-09-11T03:00:55.092+00:00,415.001,379.523,99,21724.9,2685,65,measure
2026-09-11T03:00:56.092+00:00,416.001,380.829,99,21724.9,2685,64,measure
2026-09-11T03:00:57.092+00:00,417.000,362.956,99,21724.9,2685,64,measure
2026-09-11T03:00:58.133+00:00,418.000,365.717,99,21724.9,2685,64,measure
2026-09-11T03:00:59.093+00:00,419.000,387.218,99,21724.9,2685,68,measure
2026-09-11T03:01:00.094+00:00,420.000,369.482,99,21724.9,2685,66,measure
2026-09-11T03:01:01.092+00:00,421.001,350.8,99,21724.9,2685,64,measure
2026-09-11T03:01:02.091+00:00,422.000,387.786,99,21724.9,2685,67,measure
2026-09-11T03:01:03.092+00:00,423.001,373.217,99,21724.9,2685,65,measure
2026-09-11T03:01:04.091+00:00,424.000,354.522,99,21724.9,2685,64,measure
2026-09-11T03:01:05.093+00:00,425.001,381.145,99,21724.9,2685,66,measure
2026-09-11T03:01:06.093+00:00,426.000,371.086,99,21724.9,2685,68,measure
2026-09-11T03:01:07.092+00:00,427.001,363.25,99,21724.9,2655,64,measure
2026-09-11T03:01:08.092+00:00,428.001,378.706,99,21724.9,2685,69,measure
2026-09-11T03:01:09.123+00:00,429.000,382.6,99,21724.9,2685,69,measure
2026-09-11T03:01:10.092+00:00,430.001,367.484,99,21724.9,2655,65,measure
2026-09-11T03:01:11.094+00:00,431.002,365.065,99,21724.9,2685,64,measure
2026-09-11T03:01:12.093+00:00,432.000,392.77,99,21724.9,2685,65,measure
2026-09-11T03:01:13.092+00:00,433.000,372.736,99,21724.9,2685,65,measure
2026-09-11T03:01:14.091+00:00,434.000,351.681,99,21724.9,2685,64,measure
2026-09-11T03:01:15.116+00:00,435.000,386.279,99,21724.9,2685,65,measure
2026-09-11T03:01:16.095+00:00,436.003,372.67,99,21724.9,2685,64,measure
2026-09-11T03:01:17.093+00:00,437.000,351.297,99,21724.9,2685,64,measure
2026-09-11T03:01:18.096+00:00,438.001,388.67,99,21724.9,2685,67,measure
2026-09-11T03:01:16.626+00:00,439.000,376.438,99,21724.9,2685,66,measure
2026-09-11T03:01:17.598+00:00,440.005,364.587,99,21724.9,2685,65,measure
2026-09-11T03:01:18.604+00:00,441.000,383.528,99,21724.9,2685,69,measure
2026-09-11T03:01:19.593+00:00,442.000,378.663,99,21724.9,2595,65,measure
2026-09-11T03:01:20.597+00:00,443.000,359.402,99,21724.9,2685,68,measure
2026-09-11T03:01:21.630+00:00,444.000,370.913,99,21724.9,2685,68,measure
2026-09-11T03:01:22.593+00:00,445.000,380.274,99,21724.9,2685,64,measure
2026-09-11T03:01:23.593+00:00,446.000,366.596,99,21724.9,2685,66,measure
2026-09-11T03:01:24.594+00:00,447.001,359.477,99,21724.9,2580,68,measure
2026-09-11T03:01:25.655+00:00,448.006,393.958,99,21724.9,2685,64,measure
2026-09-11T03:01:26.598+00:00,449.004,371.422,99,21724.9,2685,65,measure
2026-09-11T03:01:27.594+00:00,450.000,349.714,99,21724.9,2685,65,measure
2026-09-11T03:01:28.594+00:00,451.001,386.501,99,21724.9,2685,70,measure
2026-09-11T03:01:29.594+00:00,452.000,372.414,99,21724.9,2685,65,measure
2026-09-11T03:01:30.594+00:00,453.001,360.604,99,21724.9,2685,65,measure
2026-09-11T03:01:31.636+00:00,454.001,342.554,99,21842.9,2595,63,measure
2026-09-11T03:01:32.599+00:00,455.000,381.129,99,21842.9,2685,64,measure
2026-09-11T03:01:33.594+00:00,456.000,358.471,99,21842.9,2685,65,measure
2026-09-11T03:01:34.594+00:00,457.001,346.472,100,21842.9,2685,66,measure
2026-09-11T03:01:35.593+00:00,458.000,371.903,99,21842.9,2685,66,measure
2026-09-11T03:01:36.593+00:00,459.000,367.406,99,21842.9,2685,65,measure
2026-09-11T03:01:37.594+00:00,460.001,351.053,100,21842.9,2685,68,measure
2026-09-11T03:01:38.599+00:00,461.007,367.956,99,21842.9,2685,67,measure
2026-09-11T03:01:39.597+00:00,462.005,375.998,99,21842.9,2685,66,measure
2026-09-11T03:01:40.594+00:00,463.001,349.604,99,21842.9,2685,65,measure
2026-09-11T03:01:41.593+00:00,464.000,364.74,100,21842.9,2685,63,measure
2026-09-11T03:01:42.601+00:00,465.006,398.228,99,21836.4,2655,65,measure
2026-09-11T03:01:43.621+00:00,466.002,361.904,99,21834.6,2685,66,measure
2026-09-11T03:01:44.595+00:00,467.000,344.103,99,21834.6,2685,63,measure
2026-09-11T03:01:45.597+00:00,468.001,390.142,99,21834.6,2640,65,measure
2026-09-11T03:01:46.593+00:00,469.000,360.252,100,21834.6,2685,68,measure
2026-09-11T03:01:47.593+00:00,470.000,346.622,100,21834.6,2685,67,measure
2026-09-11T03:01:46.092+00:00,471.002,379.27,99,21834.6,2685,70,measure
2026-09-11T03:01:47.095+00:00,472.004,366.827,99,21834.6,2685,68,measure
2026-09-11T03:01:48.094+00:00,473.002,351.297,100,21834.6,2685,67,measure
2026-09-11T03:01:49.095+00:00,474.006,366.638,99,21834.6,2685,69,measure
2026-09-11T03:01:50.096+00:00,475.006,379.032,99,21834.6,2685,64,measure
2026-09-11T03:01:51.124+00:00,476.001,353.289,99,21834.6,2655,65,measure
2026-09-11T03:01:52.098+00:00,477.007,360.402,100,21834.6,2625,63,measure
2026-09-11T03:01:53.094+00:00,478.003,401.881,99,21834.6,2685,68,measure
2026-09-11T03:01:54.092+00:00,479.001,365.406,99,21834.6,2685,64,measure
2026-09-11T03:01:55.090+00:00,480.001,343.785,99,21834.6,2685,63,measure
2026-09-11T03:01:56.090+00:00,481.000,382.921,99,21834.6,2685,69,measure
2026-09-11T03:01:57.092+00:00,482.000,366.655,99,21834.6,2685,64,measure
2026-09-11T03:01:58.090+00:00,483.001,346.435,100,21834.6,2685,64,measure
2026-09-11T03:01:59.091+00:00,484.000,367.171,99,21834.6,2685,67,measure
2026-09-11T03:02:00.094+00:00,485.004,371.605,99,21834.6,2685,65,measure
2026-09-11T03:02:01.090+00:00,486.000,360.988,100,21834.6,2685,68,measure
2026-09-11T03:02:02.118+00:00,487.000,363.136,100,21834.6,2685,67,measure
2026-09-11T03:02:03.090+00:00,488.000,377.839,99,21834.6,2685,65,measure
2026-09-11T03:02:04.091+00:00,489.001,362.146,99,21834.6,2640,64,measure
2026-09-11T03:02:05.099+00:00,490.005,364.237,99,21834.6,2640,63,measure
2026-09-11T03:02:06.094+00:00,491.001,392.901,99,21834.6,2685,68,measure
2026-09-11T03:02:07.091+00:00,492.001,362.187,99,21834.6,2685,64,measure
2026-09-11T03:02:08.098+00:00,493.008,351.464,100,21834.6,2685,63,measure
2026-09-11T03:02:09.094+00:00,494.001,379.642,99,21834.6,2685,67,measure
2026-09-11T03:02:10.090+00:00,495.000,362,99,21834.6,2685,69,measure
2026-09-11T03:02:11.092+00:00,496.001,350.788,100,21834.6,2685,67,measure
2026-09-11T03:02:12.095+00:00,497.001,365.307,99,21834.6,2640,67,measure
2026-09-11T03:02:13.090+00:00,498.000,370.184,100,21834.6,2685,70,measure
2026-09-11T03:02:14.091+00:00,499.002,362.401,100,21834.6,2685,67,measure
2026-09-11T03:02:15.091+00:00,500.001,361.031,100,21834.6,2685,67,measure
2026-09-11T03:02:16.135+00:00,501.001,376.578,99,21834.6,2685,69,measure
2026-09-11T03:02:17.131+00:00,502.000,374.239,99,21834.6,2670,64,measure
2026-09-11T03:02:18.095+00:00,503.001,363.638,99,21834.6,2640,63,measure
2026-09-11T03:02:16.604+00:00,504.000,380.53,100,21834.6,2685,67,measure
2026-09-11T03:02:17.604+00:00,505.000,363.614,99,21834.6,2685,64,measure
2026-09-11T03:02:18.604+00:00,506.000,351.356,99,21834.6,2685,63,measure
2026-09-11T03:02:19.604+00:00,507.000,382.571,99,21834.6,2685,67,measure
2026-09-11T03:02:20.606+00:00,508.001,362.74,99,21834.6,2685,69,measure
2026-09-11T03:02:21.605+00:00,509.001,350.731,100,21834.6,2685,67,measure
2026-09-11T03:02:22.604+00:00,510.000,365.678,99,21834.6,2640,68,measure
2026-09-11T03:02:23.604+00:00,511.001,371.361,99,21834.6,2685,69,measure
2026-09-11T03:02:24.606+00:00,512.001,361.694,99,21834.6,2685,67,measure
2026-09-11T03:02:25.604+00:00,513.001,362.892,100,21834.6,2685,67,measure
2026-09-11T03:02:26.622+00:00,514.000,376.428,99,21834.6,2685,70,measure
2026-09-11T03:02:27.609+00:00,515.001,372.979,99,21834.6,2655,64,measure
2026-09-11T03:02:28.604+00:00,516.001,363.243,99,21834.6,2640,63,measure
2026-09-11T03:02:29.604+00:00,517.001,380.639,100,21834.6,2685,65,measure
2026-09-11T03:02:30.603+00:00,518.000,362.804,99,21834.6,2685,64,measure
2026-09-11T03:02:31.604+00:00,519.000,351.186,100,21834.6,2685,63,measure
2026-09-11T03:02:32.605+00:00,520.000,387.442,99,21834.6,2685,69,measure
2026-09-11T03:02:33.606+00:00,521.000,363.139,99,21834.6,2685,65,measure
2026-09-11T03:02:34.603+00:00,522.000,351.817,99,21834.6,2685,65,measure
2026-09-11T03:02:35.639+00:00,523.001,369.58,99,21834.6,2595,68,measure
2026-09-11T03:02:36.604+00:00,524.001,371.741,99,21834.6,2685,65,measure
2026-09-11T03:02:37.603+00:00,525.000,361.396,99,21834.6,2685,65,measure
2026-09-11T03:02:38.606+00:00,526.001,361.568,99,21834.6,2685,69,measure
2026-09-11T03:02:39.606+00:00,527.000,381.541,99,21834.6,2685,64,measure
2026-09-11T03:02:40.607+00:00,528.004,368.309,99,21834.6,2685,66,measure
2026-09-11T03:02:41.630+00:00,529.000,365.143,100,21834.6,2640,63,measure
2026-09-11T03:02:42.604+00:00,530.001,388.999,99,21834.6,2685,65,measure
2026-09-11T03:02:43.604+00:00,531.001,363.258,99,21830.6,2685,67,measure
2026-09-11T03:02:44.660+00:00,532.002,347.794,100,21830.6,2685,63,measure
2026-09-11T03:02:45.605+00:00,533.001,389.484,99,21830.6,2685,65,measure
2026-09-11T03:02:46.604+00:00,534.000,359.316,100,21830.6,2685,64,measure
2026-09-11T03:02:47.604+00:00,535.001,350.974,99,21830.6,2685,64,measure
2026-09-11T03:02:46.114+00:00,536.003,378.726,99,21830.6,2685,67,measure
2026-09-11T03:02:47.115+00:00,537.003,371.404,99,21830.6,2685,64,measure
2026-09-11T03:02:48.115+00:00,538.003,359.139,99,21830.6,2685,64,measure
2026-09-11T03:02:49.146+00:00,539.000,365.06,99,21830.6,2685,68,measure
2026-09-11T03:02:50.111+00:00,540.000,373.043,99,21830.6,2610,64,measure
2026-09-11T03:02:51.117+00:00,541.000,364.179,99,21830.6,2685,68,measure
2026-09-11T03:02:52.112+00:00,542.000,357.014,99,21830.6,2685,63,measure
2026-09-11T03:02:53.155+00:00,543.000,378.579,99,21830.6,2640,64,measure
2026-09-11T03:02:54.113+00:00,544.000,367.662,99,21830.6,2685,67,measure
2026-09-11T03:02:55.125+00:00,545.001,347.272,99,21830.6,2610,63,measure
2026-09-11T03:02:56.122+00:00,546.000,379.964,99,21830.6,2655,65,measure
2026-09-11T03:02:57.111+00:00,547.000,370.675,99,21830.6,2685,69,measure
2026-09-11T03:02:58.111+00:00,548.000,350.885,99,21830.6,2685,64,measure
2026-09-11T03:02:59.111+00:00,549.000,367.982,99,21830.6,2685,66,measure
2026-09-11T03:03:00.113+00:00,550.000,368.804,99,21830.6,2685,69,measure
2026-09-11T03:03:01.112+00:00,551.000,356.827,100,21830.6,2685,64,measure
2026-09-11T03:03:02.111+00:00,552.001,366.199,99,21830.6,2685,66,measure
2026-09-11T03:03:03.111+00:00,553.000,369.5,99,21830.6,2685,66,measure
2026-09-11T03:03:04.112+00:00,554.001,362.71,99,21830.6,2685,65,measure
2026-09-11T03:03:05.111+00:00,555.001,362.725,99,21830.6,2670,63,measure
2026-09-11T03:03:06.118+00:00,556.002,378.304,99,21830.6,2670,70,measure
2026-09-11T03:03:07.112+00:00,557.002,366.604,99,21830.6,2685,64,measure
2026-09-11T03:03:08.112+00:00,558.002,361.277,99,21830.6,2685,63,measure
2026-09-11T03:03:09.114+00:00,559.001,383.979,99,21830.6,2685,70,measure
2026-09-11T03:03:10.111+00:00,560.001,369.822,99,21830.6,2685,65,measure
2026-09-11T03:03:11.111+00:00,561.000,350.692,100,21830.6,2685,64,measure
2026-09-11T03:03:12.116+00:00,562.001,373.914,99,21830.6,2685,65,measure
2026-09-11T03:03:13.112+00:00,563.001,366.861,99,21830.6,2685,67,measure
2026-09-11T03:03:14.112+00:00,564.001,354.222,99,21830.6,2685,64,measure
2026-09-11T03:03:15.111+00:00,565.000,365.062,99,21830.6,2685,64,measure
2026-09-11T03:03:16.111+00:00,566.000,372.019,99,21830.6,2685,68,measure
2026-09-11T03:03:17.112+00:00,567.001,362.618,99,21830.6,2685,64,measure
2026-09-11T03:03:15.633+00:00,568.003,363.449,99,21830.6,2685,67,measure
2026-09-11T03:03:16.686+00:00,569.000,375.425,99,21830.6,2685,69,measure
2026-09-11T03:03:17.661+00:00,570.009,365.727,99,21830.6,2685,64,measure
2026-09-11T03:03:18.629+00:00,571.001,361.37,100,21830.6,2625,69,measure
2026-09-11T03:03:19.629+00:00,572.000,382.225,99,21830.6,2685,71,measure
2026-09-11T03:03:20.630+00:00,573.001,370.072,99,21830.6,2685,66,measure
2026-09-11T03:03:21.632+00:00,574.000,350.147,99,21830.6,2685,64,measure
2026-09-11T03:03:22.630+00:00,575.001,370.762,99,21830.6,2685,64,measure
2026-09-11T03:03:23.629+00:00,576.000,367.943,99,21830.6,2685,65,measure
2026-09-11T03:03:24.629+00:00,577.000,354.789,99,21830.6,2685,63,measure
2026-09-11T03:03:25.629+00:00,578.000,369.03,99,21830.6,2685,64,measure
2026-09-11T03:03:26.630+00:00,579.001,368.057,99,21830.6,2685,65,measure
2026-09-11T03:03:27.630+00:00,580.000,363.034,100,21830.6,2685,66,measure
2026-09-11T03:03:28.629+00:00,581.001,363.608,99,21830.6,2685,71,measure
2026-09-11T03:03:29.645+00:00,582.001,373.009,99,21830.6,2685,66,measure
2026-09-11T03:03:30.633+00:00,583.000,366.584,99,21830.6,2685,65,measure
2026-09-11T03:03:31.630+00:00,584.001,361.539,100,21830.6,2685,71,measure
2026-09-11T03:03:32.629+00:00,585.000,380.285,99,21830.6,2685,65,measure
2026-09-11T03:03:33.631+00:00,586.000,371.281,99,21830.6,2685,64,measure
2026-09-11T03:03:34.629+00:00,587.000,350.741,100,21830.6,2685,63,measure
2026-09-11T03:03:35.629+00:00,588.001,374.535,99,21830.6,2685,64,measure
2026-09-11T03:03:36.632+00:00,589.001,368.509,99,21830.6,2685,64,measure
2026-09-11T03:03:37.629+00:00,590.001,354.307,99,21830.6,2685,63,measure
2026-09-11T03:03:38.630+00:00,591.000,372.669,99,21830.6,2685,68,measure
2026-09-11T03:03:39.635+00:00,592.002,363.899,99,21830.6,2655,64,measure
2026-09-11T03:03:40.629+00:00,593.000,366.381,100,21830.6,2685,64,measure
2026-09-11T03:03:41.630+00:00,594.001,367.136,99,21830.6,2685,70,measure
2026-09-11T03:03:42.675+00:00,595.000,374.125,99,21830.6,2685,64,measure
2026-09-11T03:03:43.674+00:00,596.003,375.592,99,21830.6,2685,68,measure
2026-09-11T03:03:44.630+00:00,597.000,366.689,99,21830.6,2685,67,measure
2026-09-11T03:03:45.635+00:00,598.001,382.259,99,21830.6,2655,68,measure
2026-09-11T03:03:46.631+00:00,599.000,377.87,99,21830.6,2670,67,measure
2026-09-11T03:03:47.629+00:00,600.000,358.236,99,21830.6,2685,63,measure
2026-09-11T03:03:46.129+00:00,601.000,383.704,99,21830.6,2685,65,measure
2026-09-11T03:03:47.152+00:00,602.002,372.554,99,21830.6,2685,66,measure
2026-09-11T03:03:48.132+00:00,603.001,364.389,99,21830.6,2685,64,measure
2026-09-11T03:03:49.132+00:00,604.000,374.643,99,21830.6,2685,68,measure
2026-09-11T03:03:50.129+00:00,605.000,370.163,99,21830.6,2685,65,measure
2026-09-11T03:03:51.130+00:00,606.001,368.527,99,21830.6,2685,66,measure
2026-09-11T03:03:52.129+00:00,607.000,345.928,99,21830.6,2670,64,measure
2026-09-11T03:03:53.151+00:00,608.001,360.093,99,21830.6,2685,63,measure
2026-09-11T03:03:54.131+00:00,609.000,347.152,99,21830.6,2685,65,measure
2026-09-11T03:03:55.132+00:00,610.003,344.608,99,21830.6,2685,63,measure
2026-09-11T03:03:56.129+00:00,611.000,334.301,99,21830.6,2685,63,measure
2026-09-11T03:03:57.130+00:00,612.001,325.067,99,21830.6,2685,63,measure
2026-09-11T03:03:58.131+00:00,613.002,308.419,100,21830.6,2685,62,measure
2026-09-11T03:03:59.130+00:00,614.001,298.874,99,21830.6,2685,61,measure
2026-09-11T03:04:00.133+00:00,615.003,310.961,100,21830.6,2685,62,measure
2026-09-11T03:04:01.132+00:00,616.001,319.998,99,21830.6,2685,62,measure
2026-09-11T03:04:02.130+00:00,617.001,337.798,99,21830.6,2685,63,measure
2026-09-11T03:04:03.129+00:00,618.000,329.945,99,21830.6,2685,63,measure
2026-09-11T03:04:04.131+00:00,619.002,320.891,99,21830.6,2685,64,measure
2026-09-11T03:04:05.129+00:00,620.001,312.222,100,21830.6,2685,61,measure
2026-09-11T03:04:06.135+00:00,621.002,314.495,99,21830.6,2685,61,measure
2026-09-11T03:04:07.158+00:00,622.029,305.444,100,21830.6,2685,61,measure
2026-09-11T03:04:08.131+00:00,623.002,311.097,99,21830.6,2685,64,measure
2026-09-11T03:04:09.130+00:00,624.002,318.17,99,21830.6,2685,62,measure
2026-09-11T03:04:10.142+00:00,625.010,312.455,99,21830.6,2685,65,measure
2026-09-11T03:04:11.130+00:00,626.001,338.24,99,21830.6,2685,62,measure
2026-09-11T03:04:12.169+00:00,627.001,348.731,99,21830.6,2685,64,measure
2026-09-11T03:04:13.131+00:00,628.000,346.257,99,21830.6,2685,65,measure
2026-09-11T03:04:14.130+00:00,629.001,327.001,99,21830.6,2685,62,measure
2026-09-11T03:04:15.129+00:00,630.000,316.674,99,21830.6,2685,62,measure
2026-09-11T03:04:16.153+00:00,631.024,317.7,99,21830.6,2685,64,measure
2026-09-11T03:04:17.154+00:00,632.024,315.479,99,21830.6,2685,61,measure
2026-09-11T03:04:15.630+00:00,633.001,333.904,99,21830.6,2685,64,measure
2026-09-11T03:04:16.634+00:00,634.006,347.572,99,21830.6,2685,62,measure
2026-09-11T03:04:17.642+00:00,635.014,346.473,99,21830.6,2685,64,measure
2026-09-11T03:04:18.631+00:00,636.002,352.177,99,21830.6,2685,63,measure
2026-09-11T03:04:19.628+00:00,637.001,332.914,100,21830.6,2685,62,measure
2026-09-11T03:04:20.628+00:00,638.001,331.057,99,21830.6,2685,63,measure
2026-09-11T03:04:21.630+00:00,639.002,327.387,100,21830.6,2685,62,measure
2026-09-11T03:04:22.628+00:00,640.000,327.892,99,21830.6,2685,65,measure
2026-09-11T03:04:23.627+00:00,641.000,309.322,99,21830.6,2685,61,measure
2026-09-11T03:04:24.627+00:00,642.000,315.803,99,21830.6,2685,61,measure
2026-09-11T03:04:25.630+00:00,643.002,341.352,99,21830.6,2685,63,measure
2026-09-11T03:04:26.628+00:00,644.001,351.373,99,21830.6,2685,67,measure
2026-09-11T03:04:27.629+00:00,645.001,339.994,99,21830.6,2685,62,measure
2026-09-11T03:04:28.629+00:00,646.002,325.746,100,21830.6,2685,61,measure
2026-09-11T03:04:29.629+00:00,647.002,313.701,99,21830.6,2685,62,measure
2026-09-11T03:04:30.630+00:00,648.003,320.582,100,21830.6,2685,62,measure
2026-09-11T03:04:31.629+00:00,649.002,338.398,99,21830.6,2685,64,measure
2026-09-11T03:04:32.628+00:00,650.001,340.675,99,21830.6,2685,62,measure
2026-09-11T03:04:33.629+00:00,651.001,338.623,99,21830.6,2685,62,measure
2026-09-11T03:04:34.629+00:00,652.001,339.379,99,21830.6,2685,62,measure
2026-09-11T03:04:35.628+00:00,653.001,343.791,99,21830.6,2685,62,measure
2026-09-11T03:04:36.664+00:00,654.000,335.478,99,21830.6,2670,62,measure
2026-09-11T03:04:37.628+00:00,655.001,340.843,99,21830.6,2685,62,measure
2026-09-11T03:04:38.629+00:00,656.001,317.641,99,21830.6,2685,62,measure
2026-09-11T03:04:39.629+00:00,657.000,307.565,100,21830.6,2685,61,measure
2026-09-11T03:04:40.629+00:00,658.000,304.081,100,21830.6,2685,61,measure
2026-09-11T03:04:41.628+00:00,659.001,300.004,99,21830.6,2685,60,measure
2026-09-11T03:04:42.628+00:00,660.001,324.812,99,21830.6,2685,62,measure
2026-09-11T03:04:43.628+00:00,661.001,332.191,99,21830.6,2685,62,measure
2026-09-11T03:04:44.628+00:00,662.001,356.753,99,21830.6,2685,64,measure
2026-09-11T03:04:45.631+00:00,663.000,341.133,99,21830.6,2685,62,measure
2026-09-11T03:04:46.630+00:00,664.000,316.368,99,21830.6,2685,61,measure
2026-09-11T03:04:47.628+00:00,665.001,306.975,100,21830.6,2685,61,measure
2026-09-11T03:04:46.127+00:00,666.000,311.244,99,21830.6,2685,60,measure
2026-09-11T03:04:47.125+00:00,667.000,315.502,99,21830.6,2685,63,measure
2026-09-11T03:04:48.125+00:00,668.000,309.137,99,21830.6,2685,61,measure
2026-09-11T03:04:49.130+00:00,669.000,320.256,99,21830.6,2685,62,measure
2026-09-11T03:04:50.127+00:00,670.000,314.096,99,21830.6,2640,60,measure
2026-09-11T03:04:51.125+00:00,671.000,336.317,99,21830.6,2685,62,measure
2026-09-11T03:04:52.124+00:00,672.000,340.154,99,21830.6,2685,65,measure
2026-09-11T03:04:53.125+00:00,673.000,340.531,99,21830.6,2685,63,measure
2026-09-11T03:04:54.127+00:00,674.001,327.703,99,21830.6,2685,63,measure
2026-09-11T03:04:55.127+00:00,675.001,318.742,99,21830.6,2685,62,measure
2026-09-11T03:04:56.125+00:00,676.000,306.313,99,21830.6,2685,60,measure
2026-09-11T03:04:57.125+00:00,677.001,297.242,99,21830.6,2685,60,measure
2026-09-11T03:04:58.125+00:00,678.001,327.639,99,21830.6,2685,63,measure
2026-09-11T03:04:59.125+00:00,679.000,341.92,99,21830.6,2685,62,measure
2026-09-11T03:05:00.125+00:00,680.001,340.449,99,21830.6,2685,66,measure
2026-09-11T03:05:01.126+00:00,681.001,323.392,100,21830.6,2685,61,measure
2026-09-11T03:05:02.127+00:00,682.003,315.754,99,21830.6,2685,61,measure
2026-09-11T03:05:03.125+00:00,683.000,320.752,99,21830.6,2685,61,measure
2026-09-11T03:05:04.137+00:00,684.012,313.629,99,21830.6,2685,61,measure
2026-09-11T03:05:05.126+00:00,685.002,324.736,99,21830.6,2685,61,measure
2026-09-11T03:05:06.136+00:00,686.011,328.419,99,21830.6,2685,61,measure
2026-09-11T03:05:07.126+00:00,687.001,321.896,99,21830.6,2685,60,measure
2026-09-11T03:05:08.135+00:00,688.011,341.815,99,21830.6,2685,62,measure
2026-09-11T03:05:09.134+00:00,689.009,328.448,99,21830.6,2685,63,measure
2026-09-11T03:05:10.140+00:00,690.011,337.933,99,21830.6,2685,62,measure
2026-09-11T03:05:11.125+00:00,691.000,319.295,99,21830.6,2685,60,measure
2026-09-11T03:05:12.125+00:00,692.000,318.03,99,21830.6,2685,60,measure
2026-09-11T03:05:13.126+00:00,693.001,307.042,99,21830.6,2685,61,measure
2026-09-11T03:05:14.124+00:00,694.000,315.855,99,21830.6,2685,61,measure
2026-09-11T03:05:15.176+00:00,695.000,317.604,99,21830.6,2685,61,measure
2026-09-11T03:05:16.127+00:00,696.000,328.474,99,21830.6,2685,61,measure
2026-09-11T03:05:17.125+00:00,697.001,332.179,99,21830.6,2685,63,measure
2026-09-11T03:05:15.622+00:00,698.000,315.585,99,21830.6,2685,61,measure
2026-09-11T03:05:16.624+00:00,699.001,324.396,99,21830.6,2685,62,measure
2026-09-11T03:05:17.623+00:00,700.000,353.575,99,21830.6,2685,64,measure
2026-09-11T03:05:18.622+00:00,701.002,359.733,99,21830.6,2685,62,measure
2026-09-11T03:05:19.621+00:00,702.000,350.408,99,21830.6,2685,63,measure
2026-09-11T03:05:20.622+00:00,703.001,340.383,99,21830.6,2685,63,measure
2026-09-11T03:05:21.622+00:00,704.000,337.127,99,21830.6,2685,62,measure
2026-09-11T03:05:22.624+00:00,705.000,346.588,99,21830.6,2685,64,measure
2026-09-11T03:05:23.621+00:00,706.000,331.589,100,21830.6,2685,62,measure
2026-09-11T03:05:24.621+00:00,707.001,310.791,100,21830.6,2685,60,measure
2026-09-11T03:05:25.633+00:00,708.000,302.318,99,21830.6,2640,62,measure
2026-09-11T03:05:26.622+00:00,709.001,311.031,99,21830.6,2685,60,measure
2026-09-11T03:05:27.626+00:00,710.002,327.145,99,21830.6,2685,60,measure
2026-09-11T03:05:28.626+00:00,711.002,350.027,99,21830.6,2655,63,measure
2026-09-11T03:05:29.621+00:00,712.001,331.416,100,21830.6,2685,61,measure
2026-09-11T03:05:30.621+00:00,713.001,322.559,99,21830.6,2685,61,measure
2026-09-11T03:05:31.622+00:00,714.002,305.308,99,21830.6,2685,60,measure
2026-09-11T03:05:32.621+00:00,715.000,287.791,99,21830.6,2685,59,measure
2026-09-11T03:05:33.628+00:00,716.002,298.82,99,21830.6,2685,60,measure
2026-09-11T03:05:34.625+00:00,717.005,305.415,99,21830.6,2685,60,measure
2026-09-11T03:05:35.625+00:00,718.005,323.897,99,21830.6,2685,63,measure
2026-09-11T03:05:36.621+00:00,719.000,324.01,99,21830.6,2685,62,measure
2026-09-11T03:05:37.621+00:00,720.000,307.608,99,21830.6,2685,60,measure
2026-09-11T03:05:38.622+00:00,721.001,310.236,99,21830.6,2685,60,measure
2026-09-11T03:05:39.622+00:00,722.001,310.944,99,21830.6,2685,60,measure
2026-09-11T03:05:40.622+00:00,723.000,303.27,99,21830.6,2685,63,measure
2026-09-11T03:05:41.621+00:00,724.000,307.723,99,21830.6,2685,60,measure
2026-09-11T03:05:42.621+00:00,725.001,313.544,99,21830.6,2685,60,measure
2026-09-11T03:05:43.623+00:00,726.000,318.749,99,21830.6,2685,60,measure
2026-09-11T03:05:44.621+00:00,727.000,337.782,99,21830.6,2685,63,measure
2026-09-11T03:05:45.623+00:00,728.001,350.274,99,21830.6,2685,63,measure
2026-09-11T03:05:46.624+00:00,729.001,341.784,99,21830.6,2685,61,measure
2026-09-11T03:05:47.622+00:00,730.001,329.089,99,21830.6,2685,62,measure
2026-09-11T03:05:46.131+00:00,731.001,320.688,99,21830.6,2685,61,measure
2026-09-11T03:05:47.132+00:00,732.001,308.94,99,21830.6,2685,61,measure
2026-09-11T03:05:48.132+00:00,733.001,316.436,99,21830.6,2685,62,measure
2026-09-11T03:05:49.134+00:00,734.001,320.681,99,21830.6,2685,62,measure
2026-09-11T03:05:50.136+00:00,735.001,336.225,99,21830.6,2685,61,measure
2026-09-11T03:05:51.132+00:00,736.001,336.381,99,21830.6,2610,62,measure
2026-09-11T03:05:52.132+00:00,737.001,334.922,99,21830.6,2685,64,measure
2026-09-11T03:05:53.131+00:00,738.000,337.742,99,21830.6,2685,65,measure
2026-09-11T03:05:54.131+00:00,739.000,320.095,99,21830.6,2685,64,measure
2026-09-11T03:05:55.133+00:00,740.000,333.848,100,21830.6,2685,61,measure
2026-09-11T03:05:56.139+00:00,741.007,340.985,99,21830.6,2685,62,measure
2026-09-11T03:05:57.131+00:00,742.000,357.098,99,21830.6,2685,63,measure
2026-09-11T03:05:58.142+00:00,743.010,343.291,99,21830.6,2685,62,measure
2026-09-11T03:05:59.132+00:00,744.001,338.487,99,21830.6,2685,62,measure
2026-09-11T03:06:00.132+00:00,745.001,328.036,99,21830.6,2685,61,measure
2026-09-11T03:06:01.158+00:00,746.026,339.52,99,21830.6,2685,62,measure
2026-09-11T03:06:02.133+00:00,747.001,333.507,99,21830.6,2685,61,measure
2026-09-11T03:06:03.141+00:00,748.010,353.792,99,21830.6,2685,63,measure
2026-09-11T03:06:04.131+00:00,749.001,333.449,99,21830.6,2685,62,measure
2026-09-11T03:06:05.144+00:00,750.011,336.335,99,21830.6,2685,64,measure
2026-09-11T03:06:06.133+00:00,751.002,329.699,99,21830.6,2685,63,measure
2026-09-11T03:06:07.136+00:00,752.005,330.688,99,21830.6,2685,61,measure
2026-09-11T03:06:08.133+00:00,753.001,329.761,99,21830.6,2685,63,measure
2026-09-11T03:06:09.162+00:00,754.001,347.106,99,21830.6,2685,63,measure
2026-09-11T03:06:10.131+00:00,755.001,357.037,99,21830.6,2685,62,measure
2026-09-11T03:06:11.133+00:00,756.002,354.558,99,21830.6,2685,63,measure
2026-09-11T03:06:12.131+00:00,757.000,348.05,99,21830.6,2685,62,measure
2026-09-11T03:06:13.134+00:00,758.001,354.867,99,21830.6,2685,62,measure
2026-09-11T03:06:14.132+00:00,759.001,344.8,99,21830.6,2685,62,measure
2026-09-11T03:06:15.133+00:00,760.002,325.86,99,21830.6,2685,61,measure
2026-09-11T03:06:16.131+00:00,761.001,312.457,99,21830.6,2685,60,measure
2026-09-11T03:06:17.132+00:00,762.001,319.292,99,21830.6,2685,61,measure
2026-09-11T03:06:15.664+00:00,763.001,334.736,99,21830.6,2685,62,measure
2026-09-11T03:06:16.622+00:00,764.007,337.427,100,21830.6,2685,62,measure
2026-09-11T03:06:17.626+00:00,765.011,336.868,99,21830.6,2685,62,measure
2026-09-11T03:06:18.632+00:00,766.016,329.663,99,21830.6,2685,62,measure
2026-09-11T03:06:19.616+00:00,767.002,321.488,99,21830.6,2685,62,measure
2026-09-11T03:06:20.627+00:00,768.012,329.674,99,21830.6,2685,63,measure
2026-09-11T03:06:21.634+00:00,769.019,322.506,99,21830.6,2685,62,measure
2026-09-11T03:06:22.627+00:00,770.012,335.561,99,21830.6,2685,63,measure
2026-09-11T03:06:23.621+00:00,771.006,332.733,99,21830.6,2685,62,measure
2026-09-11T03:06:24.615+00:00,772.001,337.638,99,21830.6,2685,67,measure
2026-09-11T03:06:25.630+00:00,773.013,335.991,99,21830.6,2685,62,measure
2026-09-11T03:06:26.623+00:00,774.007,330.492,99,21830.6,2685,62,measure
2026-09-11T03:06:27.628+00:00,775.014,332.291,99,21830.6,2685,64,measure
2026-09-11T03:06:28.620+00:00,776.001,335.854,99,21830.6,2685,64,measure
2026-09-11T03:06:29.615+00:00,777.001,335.859,99,21830.6,2685,62,measure
2026-09-11T03:06:30.616+00:00,778.001,320.672,100,21830.6,2685,61,measure
2026-09-11T03:06:31.621+00:00,779.006,302.954,99,21830.6,2685,60,measure
2026-09-11T03:06:32.615+00:00,780.001,301.17,99,21830.6,2685,60,measure
2026-09-11T03:06:33.615+00:00,781.000,309.511,99,21830.6,2685,60,measure
2026-09-11T03:06:34.616+00:00,782.001,332.661,99,21830.6,2685,62,measure
2026-09-11T03:06:35.618+00:00,783.000,342.662,99,21830.6,2685,62,measure
2026-09-11T03:06:36.615+00:00,784.001,347.758,99,21830.6,2685,62,measure
2026-09-11T03:06:37.616+00:00,785.001,350.243,100,21830.6,2685,62,measure
2026-09-11T03:06:38.615+00:00,786.000,348.222,99,21830.6,2685,62,measure
2026-09-11T03:06:39.619+00:00,787.003,344.121,99,21830.6,2685,63,measure
2026-09-11T03:06:40.620+00:00,788.006,317.929,99,21830.6,2685,61,measure
2026-09-11T03:06:41.619+00:00,789.004,309.34,99,21830.6,2685,60,measure
2026-09-11T03:06:42.617+00:00,790.002,319.179,99,21830.6,2685,60,measure
2026-09-11T03:06:43.615+00:00,791.001,332.038,99,21830.6,2685,62,measure
2026-09-11T03:06:44.626+00:00,792.010,337.064,99,21830.6,2685,62,measure
2026-09-11T03:06:45.632+00:00,793.017,341.418,99,21830.6,2685,63,measure
2026-09-11T03:06:46.619+00:00,794.003,340.988,99,21830.6,2685,62,measure
2026-09-11T03:06:47.635+00:00,795.019,343.636,99,21830.6,2685,63,measure
2026-09-11T03:06:46.115+00:00,796.004,356.325,99,21830.6,2625,62,measure
2026-09-11T03:06:47.132+00:00,797.021,335.265,99,21830.6,2685,62,measure
2026-09-11T03:06:48.111+00:00,798.000,328.153,99,21830.6,2685,63,measure
2026-09-11T03:06:49.113+00:00,799.001,322.503,99,21830.6,2685,62,measure
2026-09-11T03:06:50.117+00:00,800.001,331.401,99,21830.6,2610,63,measure
2026-09-11T03:06:51.112+00:00,801.000,336.803,99,21830.6,2685,62,measure
2026-09-11T03:06:52.112+00:00,802.001,341.301,99,21830.6,2685,62,measure
2026-09-11T03:06:53.114+00:00,803.001,332.253,99,21830.6,2685,64,measure
2026-09-11T03:06:54.112+00:00,804.001,314.94,99,21830.6,2685,61,measure
2026-09-11T03:06:55.112+00:00,805.000,317.066,99,21830.6,2685,61,measure
2026-09-11T03:06:56.113+00:00,806.000,333.796,99,21830.6,2685,64,measure
2026-09-11T03:06:57.111+00:00,807.000,319.258,99,21830.6,2685,62,measure
2026-09-11T03:06:58.111+00:00,808.000,332.729,99,21830.6,2685,62,measure
2026-09-11T03:06:59.112+00:00,809.001,320.322,99,21830.6,2685,63,measure
2026-09-11T03:07:00.112+00:00,810.001,321.835,99,21830.6,2685,62,measure
2026-09-11T03:07:01.113+00:00,811.001,314.143,99,21830.6,2685,61,measure
2026-09-11T03:07:02.112+00:00,812.000,316.997,99,21830.6,2685,62,measure
2026-09-11T03:07:03.112+00:00,813.001,315.723,99,21830.6,2685,61,measure
2026-09-11T03:07:04.111+00:00,814.000,315.577,99,21830.6,2685,61,measure
2026-09-11T03:07:05.111+00:00,815.000,325.002,100,21830.6,2685,62,measure
2026-09-11T03:07:06.112+00:00,816.000,305.03,99,21830.6,2685,61,measure
2026-09-11T03:07:07.113+00:00,817.001,314.722,99,21830.6,2685,64,measure
2026-09-11T03:07:08.114+00:00,818.001,317.134,99,21830.6,2685,61,measure
2026-09-11T03:07:09.111+00:00,819.001,315.413,99,21830.6,2685,62,measure
2026-09-11T03:07:10.112+00:00,820.001,326.172,99,21830.6,2685,63,measure
2026-09-11T03:07:11.111+00:00,821.000,344.338,99,21830.6,2685,63,measure
2026-09-11T03:07:12.112+00:00,822.001,349.483,99,21830.6,2685,62,measure
2026-09-11T03:07:13.118+00:00,823.001,337.637,99,21830.6,2685,62,measure
2026-09-11T03:07:14.116+00:00,824.001,326.07,99,21830.6,2685,61,measure
2026-09-11T03:07:15.111+00:00,825.000,318.45,99,21830.6,2685,61,measure
2026-09-11T03:07:16.111+00:00,826.000,317.317,99,21830.6,2685,63,measure
2026-09-11T03:07:17.112+00:00,827.001,324.014,99,21830.6,2685,64,measure
2026-09-11T03:07:15.612+00:00,828.000,323.75,100,21830.6,2685,62,measure
2026-09-11T03:07:16.614+00:00,829.001,312.323,99,21830.6,2685,61,measure
2026-09-11T03:07:17.615+00:00,830.001,313.081,100,21830.6,2685,61,measure
2026-09-11T03:07:18.612+00:00,831.000,319.77,99,21830.6,2685,62,measure
2026-09-11T03:07:19.613+00:00,832.001,330.36,99,21830.6,2685,62,measure
2026-09-11T03:07:20.614+00:00,833.001,322.63,99,21830.6,2685,61,measure
2026-09-11T03:07:21.612+00:00,834.001,311.638,100,21830.6,2685,61,measure
2026-09-11T03:07:22.614+00:00,835.000,307.16,99,21830.6,2685,60,measure
2026-09-11T03:07:23.616+00:00,836.001,318.517,99,21830.6,2685,62,measure
2026-09-11T03:07:24.613+00:00,837.001,327.249,99,21830.6,2685,62,measure
2026-09-11T03:07:25.613+00:00,838.001,329.912,99,21830.6,2685,62,measure
2026-09-11T03:07:26.613+00:00,839.002,315.869,99,21830.6,2685,60,measure
2026-09-11T03:07:27.613+00:00,840.001,296.6,99,21830.6,2685,60,measure
2026-09-11T03:07:28.613+00:00,841.000,321.891,99,21830.6,2685,61,measure
2026-09-11T03:07:29.614+00:00,842.000,313.501,99,21830.6,2685,61,measure
2026-09-11T03:07:30.612+00:00,843.000,341.992,99,21830.6,2685,62,measure
2026-09-11T03:07:31.635+00:00,844.024,331.169,99,21830.6,2685,62,measure
2026-09-11T03:07:32.613+00:00,845.001,332.125,99,21830.6,2685,62,measure
2026-09-11T03:07:33.612+00:00,846.000,327.252,99,21830.6,2685,61,measure
2026-09-11T03:07:34.615+00:00,847.002,323.983,99,21830.6,2685,61,measure
2026-09-11T03:07:35.614+00:00,848.000,326.895,99,21830.6,2685,62,measure
2026-09-11T03:07:36.613+00:00,849.001,341.531,99,21830.6,2685,62,measure
2026-09-11T03:07:37.612+00:00,850.001,346.523,99,21830.6,2685,63,measure
2026-09-11T03:07:38.612+00:00,851.000,339.113,99,21830.6,2685,62,measure
2026-09-11T03:07:39.613+00:00,852.001,317.832,100,21830.6,2685,61,measure
2026-09-11T03:07:40.614+00:00,853.001,315.419,99,21830.6,2685,63,measure
2026-09-11T03:07:41.614+00:00,854.001,314.337,99,21830.6,2685,62,measure
2026-09-11T03:07:42.612+00:00,855.000,311.848,99,21830.6,2685,61,measure
2026-09-11T03:07:43.612+00:00,856.000,315.832,99,21830.6,2685,61,measure
2026-09-11T03:07:44.612+00:00,857.000,309.779,99,21830.6,2685,61,measure
2026-09-11T03:07:45.613+00:00,858.001,309.483,99,21830.6,2685,61,measure
2026-09-11T03:07:46.614+00:00,859.001,314.292,99,21830.6,2685,61,measure
2026-09-11T03:07:47.614+00:00,860.000,303.597,99,21830.6,2685,61,measure
2026-09-11T03:07:46.114+00:00,861.001,307.917,100,21830.6,2685,61,measure
2026-09-11T03:07:47.113+00:00,862.000,317.203,99,21830.6,2685,61,measure
2026-09-11T03:07:48.114+00:00,863.000,318.123,99,21830.6,2685,61,measure
2026-09-11T03:07:49.114+00:00,864.001,323.618,99,21830.6,2685,63,measure
2026-09-11T03:07:50.116+00:00,865.001,328.239,99,21830.6,2685,61,measure
2026-09-11T03:07:51.115+00:00,866.001,336.817,99,21830.6,2685,62,measure
2026-09-11T03:07:52.114+00:00,867.001,337.383,99,21830.6,2685,66,measure
2026-09-11T03:07:53.114+00:00,868.000,335.626,100,21830.6,2685,62,measure
2026-09-11T03:07:54.165+00:00,869.050,339.505,99,21830.6,2685,62,measure
2026-09-11T03:07:55.163+00:00,870.049,333.481,99,21830.6,2685,62,measure
2026-09-11T03:07:56.124+00:00,871.011,332.004,99,21830.6,2685,62,measure
2026-09-11T03:07:57.126+00:00,872.012,320.414,99,21830.6,2685,61,measure
2026-09-11T03:07:58.113+00:00,873.000,335.401,99,21830.6,2685,64,measure
2026-09-11T03:07:59.114+00:00,874.001,338.317,99,21830.6,2685,62,measure
2026-09-11T03:08:00.115+00:00,875.001,332.414,99,21830.6,2685,63,measure
2026-09-11T03:08:01.113+00:00,876.000,306.853,99,21830.6,2685,61,measure
2026-09-11T03:08:02.115+00:00,877.000,290.331,99,21830.6,2685,60,measure
2026-09-11T03:08:03.114+00:00,878.001,298.589,99,21830.6,2685,60,measure
2026-09-11T03:08:04.114+00:00,879.001,297.99,99,21830.6,2685,60,measure
2026-09-11T03:08:05.116+00:00,880.001,309.565,99,21830.6,2685,61,measure
2026-09-11T03:08:06.113+00:00,881.000,310.704,99,21830.6,2685,61,measure
2026-09-11T03:08:07.114+00:00,882.000,312.305,99,21830.6,2685,61,measure
2026-09-11T03:08:08.119+00:00,883.000,312.242,99,21830.6,2685,61,measure
2026-09-11T03:08:09.114+00:00,884.000,308.369,100,21830.6,2685,60,measure
2026-09-11T03:08:10.114+00:00,885.000,308.184,99,21830.6,2685,61,measure
2026-09-11T03:08:11.114+00:00,886.000,320.796,99,21830.6,2685,64,measure
2026-09-11T03:08:12.114+00:00,887.000,316.487,99,21830.6,2685,62,measure
2026-09-11T03:08:13.114+00:00,888.000,320.285,99,21830.6,2685,62,measure
2026-09-11T03:08:14.116+00:00,889.001,325.343,99,21830.6,2685,60,measure
2026-09-11T03:08:15.114+00:00,890.000,321.631,99,21830.6,2685,64,measure
2026-09-11T03:08:16.114+00:00,891.001,322.782,99,21830.6,2685,61,measure
2026-09-11T03:08:17.114+00:00,892.001,308.49,99,21830.6,2685,60,measure
2026-09-11T03:08:15.613+00:00,893.000,310.135,100,21830.6,2685,61,measure
2026-09-11T03:08:16.613+00:00,894.000,311.211,99,21830.6,2685,61,measure
2026-09-11T03:08:17.617+00:00,895.004,332.744,99,21830.6,2685,62,measure
2026-09-11T03:08:18.614+00:00,896.001,330.592,99,21830.6,2685,63,measure
2026-09-11T03:08:19.613+00:00,897.000,334.768,99,21830.6,2685,62,measure
2026-09-11T03:08:20.618+00:00,898.005,328.443,99,21830.6,2685,62,measure
2026-09-11T03:08:21.668+00:00,899.001,337.244,99,21830.6,2595,62,measure
2026-09-11T03:08:22.614+00:00,900.001,356.381,99,21830.6,2685,63,measure
2026-09-11T03:08:23.615+00:00,901.001,341.096,99,21830.6,2685,66,measure
2026-09-11T03:08:24.619+00:00,902.005,334.838,99,21830.6,2685,62,measure
2026-09-11T03:08:25.613+00:00,903.000,331.617,99,21830.6,2685,62,measure
2026-09-11T03:08:26.613+00:00,904.000,312.601,99,21830.6,2685,62,measure
2026-09-11T03:08:27.614+00:00,905.001,338.573,99,21830.6,2685,63,measure
2026-09-11T03:08:28.614+00:00,906.000,332.986,99,21830.6,2685,63,measure
2026-09-11T03:08:29.614+00:00,907.000,331.999,99,21830.6,2685,62,measure
2026-09-11T03:08:30.613+00:00,908.001,331.331,99,21830.6,2685,63,measure
2026-09-11T03:08:31.613+00:00,909.000,332.644,99,21830.6,2685,62,measure
2026-09-11T03:08:32.615+00:00,910.000,336.842,99,21830.6,2685,62,measure
2026-09-11T03:08:33.613+00:00,911.000,339.569,99,21830.6,2685,62,measure
2026-09-11T03:08:34.614+00:00,912.001,349.471,99,21830.6,2685,63,measure
2026-09-11T03:08:35.614+00:00,913.000,351.367,99,21830.6,2685,63,measure
2026-09-11T03:08:36.613+00:00,914.000,342.492,99,21830.6,2685,62,measure
2026-09-11T03:08:37.613+00:00,915.001,337.704,100,21830.6,2685,62,measure
2026-09-11T03:08:38.613+00:00,916.000,317.328,99,21830.6,2685,61,measure
2026-09-11T03:08:39.615+00:00,917.002,321.462,99,21830.6,2685,61,measure
2026-09-11T03:08:40.616+00:00,918.001,305.998,99,21830.6,2685,61,measure
2026-09-11T03:08:41.616+00:00,919.000,302.17,99,21830.6,2685,61,measure
2026-09-11T03:08:42.613+00:00,920.001,302.257,99,21830.6,2685,60,measure
2026-09-11T03:08:43.613+00:00,921.001,306.756,99,21830.6,2685,61,measure
2026-09-11T03:08:44.613+00:00,922.000,312.951,100,21830.6,2685,61,measure
2026-09-11T03:08:45.613+00:00,923.000,324.267,99,21830.6,2685,62,measure
2026-09-11T03:08:46.615+00:00,924.001,330.4,99,21830.6,2685,62,measure
2026-09-11T03:08:47.616+00:00,925.000,346.022,99,21830.6,2685,66,measure
2026-09-11T03:08:46.153+00:00,926.000,363.798,99,21830.6,2685,64,measure
2026-09-11T03:08:47.113+00:00,927.001,352.231,99,21830.6,2685,64,measure
2026-09-11T03:08:48.113+00:00,928.001,355.267,99,21830.6,2685,63,measure
2026-09-11T03:08:49.113+00:00,929.001,333.469,99,21830.6,2685,62,measure
2026-09-11T03:08:50.114+00:00,930.001,318.987,99,21830.6,2685,61,measure
2026-09-11T03:08:51.115+00:00,931.000,312.839,99,21830.6,2685,61,measure
2026-09-11T03:08:52.113+00:00,932.000,318.671,99,21830.6,2685,61,measure
2026-09-11T03:08:53.112+00:00,933.000,324.107,99,21830.6,2685,62,measure
2026-09-11T03:08:54.112+00:00,934.000,329.807,100,21830.6,2685,62,measure
2026-09-11T03:08:55.112+00:00,935.000,308.161,99,21830.6,2685,63,measure
2026-09-11T03:08:56.118+00:00,936.006,319.2,99,21830.6,2685,62,measure
2026-09-11T03:08:57.115+00:00,937.000,322.906,99,21830.6,2685,62,measure
2026-09-11T03:08:58.113+00:00,938.001,338.119,99,21830.6,2685,62,measure
2026-09-11T03:08:59.113+00:00,939.001,319.65,99,21830.6,2685,61,measure
2026-09-11T03:09:00.114+00:00,940.000,307.82,99,21830.6,2685,63,measure
2026-09-11T03:09:01.114+00:00,941.002,308.369,99,21830.6,2685,61,measure
2026-09-11T03:09:02.115+00:00,942.001,308.797,99,21830.6,2685,62,measure
2026-09-11T03:09:03.115+00:00,943.001,339.219,99,21830.6,2685,62,measure
2026-09-11T03:09:04.131+00:00,944.000,349.124,99,21830.6,2685,63,measure
2026-09-11T03:09:05.112+00:00,945.000,347.448,99,21830.6,2685,62,measure
2026-09-11T03:09:06.112+00:00,946.000,340.659,99,21830.6,2685,64,measure
2026-09-11T03:09:07.114+00:00,947.002,340.1,99,21830.6,2685,62,measure
2026-09-11T03:09:08.114+00:00,948.001,346.944,99,21830.6,2685,64,measure
2026-09-11T03:09:09.117+00:00,949.001,355.064,99,21830.6,2685,67,measure
2026-09-11T03:09:10.113+00:00,950.001,360.988,99,21830.6,2685,63,measure
2026-09-11T03:09:11.113+00:00,951.001,349.478,99,21830.6,2685,63,measure
2026-09-11T03:09:12.112+00:00,952.000,342.885,99,21830.6,2685,62,measure
2026-09-11T03:09:13.113+00:00,953.001,343.537,99,21830.6,2685,62,measure
2026-09-11T03:09:14.114+00:00,954.001,333.75,99,21830.6,2685,62,measure
2026-09-11T03:09:15.114+00:00,955.001,325.133,99,21830.6,2685,62,measure
2026-09-11T03:09:16.113+00:00,956.001,312.39,99,21830.6,2685,62,measure
2026-09-11T03:09:17.112+00:00,957.000,321.07,99,21830.6,2685,61,measure
2026-09-11T03:09:15.631+00:00,958.001,314.84,99,21830.6,2685,61,measure
2026-09-11T03:09:16.631+00:00,959.000,327.152,99,21830.6,2685,63,measure
2026-09-11T03:09:17.632+00:00,960.000,308.41,100,21830.6,2685,61,measure
2026-09-11T03:09:18.632+00:00,961.001,326.489,99,21830.6,2685,63,measure
2026-09-11T03:09:19.631+00:00,962.000,343.073,99,21830.6,2685,63,measure
2026-09-11T03:09:20.631+00:00,963.001,363.356,99,21830.6,2685,65,measure
2026-09-11T03:09:21.657+00:00,964.001,356.218,99,21830.6,2685,63,measure
2026-09-11T03:09:22.631+00:00,965.000,345.788,99,21830.6,2685,66,measure
2026-09-11T03:09:23.639+00:00,966.000,348.379,99,21830.6,2685,67,measure
2026-09-11T03:09:24.631+00:00,967.000,329.237,99,21830.6,2685,62,measure
2026-09-11T03:09:25.632+00:00,968.001,329.032,99,21830.6,2685,64,measure
2026-09-11T03:09:26.631+00:00,969.000,310.772,99,21830.6,2685,62,measure
2026-09-11T03:09:27.714+00:00,970.083,321.675,99,21830.6,2685,62,measure
2026-09-11T03:09:28.631+00:00,971.000,308.91,100,21830.6,2685,62,measure
2026-09-11T03:09:29.634+00:00,972.001,306.551,99,21830.6,2685,61,measure
2026-09-11T03:09:30.632+00:00,973.001,315.121,99,21830.6,2685,61,measure
2026-09-11T03:09:31.631+00:00,974.000,310.527,99,21830.6,2685,62,measure
2026-09-11T03:09:32.632+00:00,975.002,310.003,99,21830.6,2685,61,measure
2026-09-11T03:09:33.640+00:00,976.008,300.83,100,21830.6,2685,61,measure
2026-09-11T03:09:34.640+00:00,977.007,304.798,99,21830.6,2685,60,measure
2026-09-11T03:09:35.663+00:00,978.032,305.762,99,21830.6,2685,63,measure
2026-09-11T03:09:36.634+00:00,979.003,312.45,99,21830.6,2685,61,measure
2026-09-11T03:09:37.638+00:00,980.008,320.238,99,21830.6,2685,61,measure
2026-09-11T03:09:38.631+00:00,981.001,333.367,99,21830.6,2685,63,measure
2026-09-11T03:09:39.632+00:00,982.001,335.37,99,21830.6,2685,62,measure
2026-09-11T03:09:40.640+00:00,983.005,331.938,99,21830.6,2685,63,measure
2026-09-11T03:09:41.633+00:00,984.001,319.532,100,21830.6,2685,61,measure
2026-09-11T03:09:42.632+00:00,985.002,303.562,99,21830.6,2685,61,measure
2026-09-11T03:09:43.631+00:00,986.001,320.609,100,21830.6,2685,62,measure
2026-09-11T03:09:44.634+00:00,987.000,347.207,99,21830.6,2685,67,measure
2026-09-11T03:09:45.632+00:00,988.001,351.535,99,21830.6,2685,62,measure
2026-09-11T03:09:46.674+00:00,989.001,342.17,99,21830.6,2685,63,measure
2026-09-11T03:09:47.636+00:00,990.000,342.259,99,21830.6,2685,63,measure
2026-09-11T03:09:46.152+00:00,991.001,341.373,99,21830.6,2685,65,measure
2026-09-11T03:09:47.153+00:00,992.002,347.779,99,21830.6,2685,62,measure
2026-09-11T03:09:48.152+00:00,993.001,363.615,99,21830.6,2685,63,measure
2026-09-11T03:09:49.152+00:00,994.000,341.391,100,21830.6,2685,62,measure
2026-09-11T03:09:50.153+00:00,995.001,328.31,99,21830.6,2685,63,measure
2026-09-11T03:09:51.155+00:00,996.001,315.636,99,21830.6,2685,62,measure
2026-09-11T03:09:52.152+00:00,997.002,317.2,99,21830.6,2685,61,measure
2026-09-11T03:09:53.152+00:00,998.001,306.65,100,21830.6,2685,61,measure
2026-09-11T03:09:54.151+00:00,999.000,312.557,99,21830.6,2685,61,measure
2026-09-11T03:09:55.151+00:00,1000.000,312.751,99,21830.6,2685,62,measure
2026-09-11T03:09:56.152+00:00,1001.000,308.474,99,21830.6,2685,61,measure
2026-09-11T03:09:57.153+00:00,1002.001,320.773,100,21830.6,2685,61,measure
2026-09-11T03:09:58.152+00:00,1003.000,313.595,99,21830.6,2685,61,measure
2026-09-11T03:09:59.151+00:00,1004.000,311.882,99,21830.6,2685,63,measure
2026-09-11T03:10:00.152+00:00,1005.001,310.572,99,21830.6,2685,61,measure
2026-09-11T03:10:01.151+00:00,1006.001,300.998,99,21830.6,2685,61,measure
2026-09-11T03:10:02.153+00:00,1007.001,311.609,99,21830.6,2685,61,measure
2026-09-11T03:10:03.152+00:00,1008.000,332.339,99,21830.6,2685,63,measure
2026-09-11T03:10:04.152+00:00,1009.001,336.19,99,21830.6,2685,62,measure
2026-09-11T03:10:05.152+00:00,1010.001,322.855,99,21830.6,2685,61,measure
2026-09-11T03:10:06.151+00:00,1011.000,322.801,99,21830.6,2685,62,measure
2026-09-11T03:10:07.152+00:00,1012.001,323.827,100,21830.6,2685,62,measure
2026-09-11T03:10:08.153+00:00,1013.001,322.96,99,21830.6,2685,62,measure
2026-09-11T03:10:09.155+00:00,1014.000,315.83,99,21830.6,2685,62,measure
2026-09-11T03:10:10.152+00:00,1015.001,312.528,99,21830.6,2685,61,measure
2026-09-11T03:10:11.151+00:00,1016.001,316.305,99,21830.6,2685,61,measure
2026-09-11T03:10:12.153+00:00,1017.000,319.203,99,21830.6,2685,62,measure
2026-09-11T03:10:13.152+00:00,1018.001,316.866,99,21830.6,2685,62,measure
2026-09-11T03:10:14.152+00:00,1019.000,316.447,99,21830.6,2685,63,measure
2026-09-11T03:10:15.152+00:00,1020.000,333.286,99,21830.6,2685,63,measure
2026-09-11T03:10:16.151+00:00,1021.000,346.511,99,21830.6,2685,62,measure
2026-09-11T03:10:17.152+00:00,1022.001,335.54,99,21830.6,2685,63,measure
2026-09-11T03:10:15.638+00:00,1023.001,317.325,100,21830.6,2685,61,measure
2026-09-11T03:10:16.638+00:00,1024.001,302.76,99,21830.6,2685,60,measure
2026-09-11T03:10:17.638+00:00,1025.000,303.496,100,21830.6,2685,61,measure
2026-09-11T03:10:18.672+00:00,1026.000,308.012,99,21830.6,2685,62,measure
2026-09-11T03:10:19.638+00:00,1027.001,322.229,99,21830.6,2685,61,measure
2026-09-11T03:10:20.638+00:00,1028.001,334.538,99,21830.6,2685,62,measure
2026-09-11T03:10:21.637+00:00,1029.001,357.36,99,21830.6,2685,63,measure
2026-09-11T03:10:22.643+00:00,1030.005,339.778,99,21830.6,2685,62,measure
2026-09-11T03:10:23.641+00:00,1031.003,327.6,99,21830.6,2685,62,measure
2026-09-11T03:10:24.638+00:00,1032.000,303.231,100,21830.6,2685,61,measure
2026-09-11T03:10:25.641+00:00,1033.004,307.661,99,21830.6,2685,61,measure
2026-09-11T03:10:26.641+00:00,1034.002,311.856,99,21830.6,2685,61,measure
2026-09-11T03:10:27.685+00:00,1035.006,339.826,99,21830.6,2685,64,measure
2026-09-11T03:10:28.638+00:00,1036.002,344.682,99,21830.6,2685,62,measure
2026-09-11T03:10:29.663+00:00,1037.003,343.543,99,21830.6,2685,62,measure
2026-09-11T03:10:30.639+00:00,1038.002,332.819,99,21830.6,2685,63,measure
2026-09-11T03:10:31.643+00:00,1039.006,310.784,99,21830.6,2685,61,measure
2026-09-11T03:10:32.640+00:00,1040.003,310.423,99,21830.6,2685,61,measure
2026-09-11T03:10:33.639+00:00,1041.002,312.3,100,21830.6,2685,63,measure
2026-09-11T03:10:34.647+00:00,1042.007,305.7,99,21830.6,2685,61,measure
2026-09-11T03:10:35.653+00:00,1043.001,308.616,99,21830.6,2685,60,measure
2026-09-11T03:10:36.639+00:00,1044.001,322.61,99,21830.6,2685,61,measure
2026-09-11T03:10:37.638+00:00,1045.002,309.456,100,21830.6,2685,61,measure
2026-09-11T03:10:38.641+00:00,1046.004,347.14,100,21830.6,2685,62,measure
2026-09-11T03:10:39.639+00:00,1047.002,335.091,99,21830.6,2685,63,measure
2026-09-11T03:10:40.638+00:00,1048.001,338.568,99,21830.6,2685,63,measure
2026-09-11T03:10:41.644+00:00,1049.008,328.691,99,21830.6,2685,61,measure
2026-09-11T03:10:42.641+00:00,1050.005,333.498,99,21830.6,2685,61,measure
2026-09-11T03:10:43.689+00:00,1051.001,340.743,99,21830.6,2685,66,measure
2026-09-11T03:10:44.637+00:00,1052.000,342.543,99,21830.6,2685,63,measure
2026-09-11T03:10:45.638+00:00,1053.001,330.758,100,21830.6,2685,62,measure
2026-09-11T03:10:46.637+00:00,1054.000,326.632,99,21830.6,2685,62,measure
2026-09-11T03:10:47.640+00:00,1055.002,321.478,99,21830.6,2685,61,measure
2026-09-11T03:10:46.136+00:00,1056.000,340.846,99,21830.6,2685,62,measure
2026-09-11T03:10:47.134+00:00,1057.002,337.726,99,21830.6,2685,62,measure
2026-09-11T03:10:48.134+00:00,1058.002,325.503,99,21830.6,2685,62,measure
2026-09-11T03:10:49.133+00:00,1059.001,300.807,99,21830.6,2685,60,measure
2026-09-11T03:10:50.133+00:00,1060.001,302.289,99,21830.6,2685,61,measure
2026-09-11T03:10:51.134+00:00,1061.000,311.98,99,21830.6,2685,60,measure
2026-09-11T03:10:52.134+00:00,1062.001,314.475,99,21830.6,2685,61,measure
2026-09-11T03:10:53.135+00:00,1063.002,315.959,99,21830.6,2685,61,measure
2026-09-11T03:10:54.138+00:00,1064.005,312.479,99,21830.6,2685,61,measure
2026-09-11T03:10:55.136+00:00,1065.003,311.787,100,21830.6,2685,61,measure
2026-09-11T03:10:56.135+00:00,1066.002,310.064,99,21830.6,2685,62,measure
2026-09-11T03:10:57.135+00:00,1067.002,323.837,99,21830.6,2685,61,measure
2026-09-11T03:10:58.134+00:00,1068.000,321.97,99,21830.6,2685,64,measure
2026-09-11T03:10:59.135+00:00,1069.003,321.044,99,21830.6,2685,61,measure
2026-09-11T03:11:00.133+00:00,1070.001,313.831,99,21830.6,2685,63,measure
2026-09-11T03:11:01.134+00:00,1071.002,310.871,99,21830.6,2685,61,measure
2026-09-11T03:11:02.140+00:00,1072.006,313.586,99,21830.6,2685,61,measure
2026-09-11T03:11:03.138+00:00,1073.004,318.553,99,21830.6,2685,61,measure
2026-09-11T03:11:04.134+00:00,1074.001,304.78,100,21830.6,2685,61,measure
2026-09-11T03:11:05.136+00:00,1075.003,301.659,100,21830.6,2685,61,measure
2026-09-11T03:11:06.134+00:00,1076.002,315.03,99,21830.6,2685,60,measure
2026-09-11T03:11:07.141+00:00,1077.007,326.991,99,21830.6,2685,61,measure
2026-09-11T03:11:08.138+00:00,1078.005,331.031,99,21830.6,2685,64,measure
2026-09-11T03:11:09.137+00:00,1079.002,325.623,99,21830.6,2685,62,measure
2026-09-11T03:11:10.137+00:00,1080.005,319.969,99,21830.6,2685,61,measure
2026-09-11T03:11:11.133+00:00,1081.000,331.083,100,21830.6,2685,64,measure
2026-09-11T03:11:12.136+00:00,1082.003,327.041,99,21830.6,2685,63,measure
2026-09-11T03:11:13.178+00:00,1083.001,340.563,99,21830.6,2685,62,measure
2026-09-11T03:11:14.134+00:00,1084.001,332.547,99,21830.6,2685,62,measure
2026-09-11T03:11:15.134+00:00,1085.000,317.476,99,21830.6,2685,63,measure
2026-09-11T03:11:16.134+00:00,1086.000,318.574,99,21830.6,2685,64,measure
2026-09-11T03:11:17.133+00:00,1087.000,324.195,99,21830.6,2685,61,measure
2026-09-11T03:11:15.642+00:00,1088.011,316.407,99,21830.6,2685,61,measure
2026-09-11T03:11:16.642+00:00,1089.011,317.048,99,21830.6,2685,62,measure
2026-09-11T03:11:17.640+00:00,1090.010,306.181,99,21830.6,2685,61,measure
2026-09-11T03:11:18.635+00:00,1091.003,307.347,99,21830.6,2685,61,measure
2026-09-11T03:11:19.631+00:00,1092.002,315.171,99,21830.6,2685,62,measure
2026-09-11T03:11:20.631+00:00,1093.001,330.167,99,21830.6,2685,62,measure
2026-09-11T03:11:21.658+00:00,1094.000,347.526,99,21830.6,2685,62,measure
2026-09-11T03:11:22.630+00:00,1095.001,345.947,99,21830.6,2685,62,measure
2026-09-11T03:11:23.631+00:00,1096.000,347.383,99,21830.6,2685,64,measure
2026-09-11T03:11:24.635+00:00,1097.002,351.839,99,21830.6,2685,62,measure
2026-09-11T03:11:25.631+00:00,1098.000,334.244,99,21830.6,2685,62,measure
2026-09-11T03:11:26.631+00:00,1099.001,338.136,99,21830.6,2685,62,measure
2026-09-11T03:11:27.630+00:00,1100.000,324.063,99,21830.6,2685,62,measure
2026-09-11T03:11:28.631+00:00,1101.001,315.978,99,21830.6,2685,61,measure
2026-09-11T03:11:29.630+00:00,1102.000,312.718,99,21830.6,2685,61,measure
2026-09-11T03:11:30.636+00:00,1103.001,307.837,99,21830.6,2685,62,measure
2026-09-11T03:11:31.631+00:00,1104.001,303.256,99,21830.6,2685,60,measure
2026-09-11T03:11:32.631+00:00,1105.000,291.44,99,21830.6,2685,60,measure
2026-09-11T03:11:33.631+00:00,1106.000,297.51,99,21830.6,2685,60,measure
2026-09-11T03:11:34.630+00:00,1107.000,312.03,99,21830.6,2685,61,measure
2026-09-11T03:11:35.631+00:00,1108.000,341.072,99,21830.6,2685,65,measure
2026-09-11T03:11:36.632+00:00,1109.001,364.798,99,21830.6,2685,62,measure
2026-09-11T03:11:37.631+00:00,1110.001,341.921,100,21830.6,2685,63,measure
2026-09-11T03:11:38.630+00:00,1111.000,332.408,99,21830.6,2595,64,measure
2026-09-11T03:11:39.630+00:00,1112.000,356.009,99,21830.6,2685,63,measure
2026-09-11T03:11:40.631+00:00,1113.001,337.122,99,21830.6,2685,62,measure
2026-09-11T03:11:41.631+00:00,1114.000,335.651,99,21830.6,2685,62,measure
2026-09-11T03:11:42.632+00:00,1115.001,332.715,99,21830.6,2685,64,measure
2026-09-11T03:11:43.631+00:00,1116.001,334.857,99,21830.6,2685,62,measure
2026-09-11T03:11:44.631+00:00,1117.001,330.774,99,21830.6,2685,62,measure
2026-09-11T03:11:45.630+00:00,1118.000,329.459,99,21830.6,2685,64,measure
2026-09-11T03:11:46.631+00:00,1119.001,332.617,99,21830.6,2685,62,measure
2026-09-11T03:11:47.631+00:00,1120.000,336.868,99,21830.6,2685,63,measure
2026-09-11T03:11:46.135+00:00,1121.000,334.028,99,21830.6,2685,62,measure
2026-09-11T03:11:47.134+00:00,1122.000,331.473,99,21830.6,2685,63,measure
2026-09-11T03:11:48.133+00:00,1123.000,326.991,99,21830.6,2685,62,measure
2026-09-11T03:11:49.136+00:00,1124.000,318.707,99,21830.6,2685,62,measure
2026-09-11T03:11:50.134+00:00,1125.001,316.141,99,21830.6,2685,61,measure
2026-09-11T03:11:51.135+00:00,1126.001,311.057,99,21830.6,2685,61,measure
2026-09-11T03:11:52.135+00:00,1127.000,328.94,99,21830.6,2685,62,measure
2026-09-11T03:11:53.134+00:00,1128.001,320.082,99,21830.6,2685,61,measure
2026-09-11T03:11:54.134+00:00,1129.001,321.75,99,21830.6,2685,63,measure
2026-09-11T03:11:55.134+00:00,1130.001,326.663,99,21830.6,2685,61,measure
2026-09-11T03:11:56.134+00:00,1131.000,333.924,100,21830.6,2685,62,measure
2026-09-11T03:11:57.135+00:00,1132.000,320.463,99,21830.6,2685,62,measure
2026-09-11T03:11:58.135+00:00,1133.000,322.904,99,21830.6,2685,63,measure
2026-09-11T03:11:59.134+00:00,1134.001,354.966,99,21830.6,2685,62,measure
2026-09-11T03:12:00.136+00:00,1135.003,343.858,99,21830.6,2685,62,measure
2026-09-11T03:12:01.133+00:00,1136.000,347.186,99,21830.6,2685,66,measure
2026-09-11T03:12:02.134+00:00,1137.001,358.642,99,21830.6,2685,62,measure
2026-09-11T03:12:03.136+00:00,1138.001,334.29,99,21830.6,2685,64,measure
2026-09-11T03:12:04.135+00:00,1139.000,349.357,99,21830.6,2685,65,measure
2026-09-11T03:12:05.134+00:00,1140.000,333.989,100,21830.6,2685,63,measure
2026-09-11T03:12:06.133+00:00,1141.000,326.489,99,21830.6,2685,62,measure
2026-09-11T03:12:07.134+00:00,1142.000,310.329,99,21830.6,2685,62,measure
2026-09-11T03:12:08.134+00:00,1143.001,307.694,99,21830.6,2685,61,measure
2026-09-11T03:12:09.136+00:00,1144.001,306.674,100,21830.6,2685,61,measure
2026-09-11T03:12:10.137+00:00,1145.000,316.338,99,21830.6,2685,61,measure
2026-09-11T03:12:11.134+00:00,1146.000,313.134,99,21830.6,2685,63,measure
2026-09-11T03:12:12.134+00:00,1147.001,314.229,99,21830.6,2685,64,measure
2026-09-11T03:12:13.134+00:00,1148.000,311.714,99,21830.6,2685,63,measure
2026-09-11T03:12:14.134+00:00,1149.001,317.335,99,21830.6,2685,61,measure
2026-09-11T03:12:15.135+00:00,1150.000,313.368,99,21830.6,2685,61,measure
2026-09-11T03:12:16.137+00:00,1151.000,306.245,100,21830.6,2685,61,measure
2026-09-11T03:12:17.134+00:00,1152.000,308.044,99,21830.6,2685,61,measure
2026-09-11T03:12:15.635+00:00,1153.000,324.539,99,21830.6,2685,62,measure
2026-09-11T03:12:16.636+00:00,1154.001,333.002,99,21830.6,2685,62,measure
2026-09-11T03:12:17.635+00:00,1155.001,327.057,99,21830.6,2685,61,measure
2026-09-11T03:12:18.636+00:00,1156.000,309.262,100,21830.6,2685,61,measure
2026-09-11T03:12:19.637+00:00,1157.000,309.537,99,21830.6,2685,61,measure
2026-09-11T03:12:20.635+00:00,1158.001,314.375,99,21830.6,2685,61,measure
2026-09-11T03:12:21.636+00:00,1159.002,306.048,99,21830.6,2685,61,measure
2026-09-11T03:12:22.634+00:00,1160.000,312.561,99,21830.6,2685,62,measure
2026-09-11T03:12:23.635+00:00,1161.000,317.17,99,21830.6,2685,61,measure
2026-09-11T03:12:24.636+00:00,1162.000,328.461,99,21830.6,2685,64,measure
2026-09-11T03:12:25.635+00:00,1163.000,331.068,99,21830.6,2685,61,measure
2026-09-11T03:12:26.636+00:00,1164.001,327.123,99,21830.6,2685,62,measure
2026-09-11T03:12:27.634+00:00,1165.000,322.325,99,21830.6,2685,61,measure
2026-09-11T03:12:28.634+00:00,1166.000,319.018,99,21830.6,2685,61,measure
2026-09-11T03:12:29.634+00:00,1167.000,334.844,99,21830.6,2685,63,measure
2026-09-11T03:12:30.635+00:00,1168.000,339.504,99,21830.6,2685,64,measure
2026-09-11T03:12:31.635+00:00,1169.001,330.873,99,21830.6,2685,62,measure
2026-09-11T03:12:32.635+00:00,1170.001,315.207,99,21830.6,2685,61,measure
2026-09-11T03:12:33.634+00:00,1171.000,315.198,99,21830.6,2685,63,measure
2026-09-11T03:12:34.634+00:00,1172.000,314.921,99,21830.6,2685,61,measure
2026-09-11T03:12:35.634+00:00,1173.000,318.035,100,21830.6,2685,61,measure
2026-09-11T03:12:36.636+00:00,1174.001,321.201,99,21830.6,2595,61,measure
2026-09-11T03:12:37.636+00:00,1175.000,323.245,100,21830.6,2685,62,measure
2026-09-11T03:12:38.634+00:00,1176.000,327.597,100,21830.6,2685,62,measure
2026-09-11T03:12:39.683+00:00,1177.000,329.716,99,21830.6,2685,64,measure
2026-09-11T03:12:40.634+00:00,1178.000,329.499,99,21830.6,2685,63,measure
2026-09-11T03:12:41.637+00:00,1179.002,326.775,99,21830.6,2685,62,measure
2026-09-11T03:12:42.636+00:00,1180.001,329.486,99,21830.6,2685,62,measure
2026-09-11T03:12:43.636+00:00,1181.000,324.78,99,21830.6,2685,64,measure
2026-09-11T03:12:44.635+00:00,1182.001,334.954,99,21830.6,2685,63,measure
2026-09-11T03:12:45.635+00:00,1183.001,323.242,99,21830.6,2685,61,measure
2026-09-11T03:12:46.635+00:00,1184.000,309.849,100,21830.6,2685,62,measure
2026-09-11T03:12:47.635+00:00,1185.001,322.951,100,21830.6,2685,61,measure
2026-09-11T03:12:46.134+00:00,1186.000,329.723,99,21830.6,2685,63,measure
2026-09-11T03:12:47.137+00:00,1187.000,368.858,99,21830.6,2685,66,measure
2026-09-11T03:12:48.165+00:00,1188.000,347.67,99,21830.6,2640,62,measure
2026-09-11T03:12:49.160+00:00,1189.001,354.688,99,21830.6,2685,68,measure
2026-09-11T03:12:50.133+00:00,1190.001,350.323,99,21830.6,2685,63,measure
2026-09-11T03:12:51.134+00:00,1191.001,327.364,100,21830.6,2685,62,measure
2026-09-11T03:12:52.138+00:00,1192.001,309.249,99,21830.6,2685,63,measure
2026-09-11T03:12:53.134+00:00,1193.000,325.899,99,21830.6,2685,65,measure
2026-09-11T03:12:54.133+00:00,1194.000,314.411,99,21830.6,2685,61,measure
2026-09-11T03:12:55.133+00:00,1195.001,322.26,99,21830.6,2685,65,measure
2026-09-11T03:12:56.133+00:00,1196.000,319.614,99,21830.6,2685,61,measure
2026-09-11T03:12:57.141+00:00,1197.005,325.268,99,21830.6,2685,64,measure
2026-09-11T03:12:58.138+00:00,1198.004,329.692,99,21830.6,2685,62,measure
2026-09-11T03:12:59.135+00:00,1199.002,367.954,99,21830.6,2685,64,measure
2026-09-11T03:13:00.133+00:00,1200.000,354.735,99,21830.6,2685,63,measure
2026-09-11T03:13:01.135+00:00,1201.000,342.662,99,21830.6,2685,63,measure
2026-09-11T03:13:02.145+00:00,1202.008,325.438,99,21830.6,2685,61,measure
2026-09-11T03:13:03.134+00:00,1203.001,322.454,99,21830.6,2685,61,measure
2026-09-11T03:13:04.138+00:00,1204.000,308.828,99,21830.6,2685,64,measure
2026-09-11T03:13:05.134+00:00,1205.000,326.878,99,21830.6,2685,62,measure
2026-09-11T03:13:06.133+00:00,1206.001,321.797,99,21830.6,2685,64,measure
2026-09-11T03:13:07.133+00:00,1207.001,334.491,99,21830.6,2685,62,measure
2026-09-11T03:13:08.133+00:00,1208.000,335.525,99,21830.6,2685,62,measure
2026-09-11T03:13:09.134+00:00,1209.001,346.589,99,21830.6,2685,62,measure
2026-09-11T03:13:10.134+00:00,1210.000,330.893,99,21830.6,2685,62,measure
2026-09-11T03:13:11.134+00:00,1211.001,319.386,99,21830.6,2685,61,measure
2026-09-11T03:13:12.138+00:00,1212.005,317.614,99,21830.6,2685,62,measure
2026-09-11T03:13:13.134+00:00,1213.001,308.818,100,21830.6,2685,61,measure
2026-09-11T03:13:14.133+00:00,1214.000,327.884,99,21830.6,2685,62,measure
2026-09-11T03:13:15.133+00:00,1215.000,345.396,99,21830.6,2685,63,measure
2026-09-11T03:13:16.149+00:00,1216.000,361.895,99,21830.6,2685,63,measure
2026-09-11T03:13:17.134+00:00,1217.000,344.826,99,21830.6,2685,63,measure
2026-09-11T03:13:15.634+00:00,1218.001,343.559,99,21830.6,2685,63,measure
2026-09-11T03:13:16.635+00:00,1219.002,336.271,99,21830.6,2685,62,measure
2026-09-11T03:13:17.634+00:00,1220.001,337.762,99,21830.6,2685,63,measure
2026-09-11T03:13:18.634+00:00,1221.000,349.517,99,21830.6,2685,63,measure
2026-09-11T03:13:19.635+00:00,1222.000,336.244,99,21830.6,2685,62,measure
2026-09-11T03:13:20.633+00:00,1223.000,339.17,99,21830.6,2685,68,measure
2026-09-11T03:13:21.633+00:00,1224.000,312.547,99,21830.6,2685,62,measure
2026-09-11T03:13:22.638+00:00,1225.004,302.372,100,21830.6,2685,61,measure
2026-09-11T03:13:23.633+00:00,1226.000,301.205,99,21830.6,2685,62,measure
2026-09-11T03:13:24.634+00:00,1227.000,323.799,99,21830.6,2685,61,measure
2026-09-11T03:13:25.635+00:00,1228.001,331.766,99,21830.6,2685,62,measure
2026-09-11T03:13:26.634+00:00,1229.000,333.849,99,21830.6,2685,65,measure
2026-09-11T03:13:27.634+00:00,1230.001,329.203,99,21830.6,2685,62,measure
2026-09-11T03:13:28.636+00:00,1231.001,312.187,99,21830.6,2685,62,measure
2026-09-11T03:13:29.633+00:00,1232.000,315.152,99,21830.6,2685,61,measure
2026-09-11T03:13:30.635+00:00,1233.000,315.493,100,21830.6,2685,61,measure
2026-09-11T03:13:31.637+00:00,1234.000,314.563,99,21830.6,2685,63,measure
2026-09-11T03:13:32.633+00:00,1235.000,308.98,99,21830.6,2685,61,measure
2026-09-11T03:13:33.633+00:00,1236.000,312.486,99,21830.6,2685,62,measure
2026-09-11T03:13:34.634+00:00,1237.001,311.005,99,21830.6,2685,61,measure
2026-09-11T03:13:35.634+00:00,1238.001,312.32,100,21830.6,2685,62,measure
2026-09-11T03:13:36.635+00:00,1239.001,311.552,99,21830.6,2685,61,measure
2026-09-11T03:13:37.635+00:00,1240.001,299.447,100,21830.6,2685,60,measure
2026-09-11T03:13:38.633+00:00,1241.000,322.625,99,21830.6,2685,62,measure
2026-09-11T03:13:39.633+00:00,1242.000,311.976,99,21830.6,2685,63,measure
2026-09-11T03:13:40.667+00:00,1243.033,341.589,100,21830.6,2685,62,measure
2026-09-11T03:13:41.633+00:00,1244.000,322.744,99,21830.6,2685,61,measure
2026-09-11T03:13:42.635+00:00,1245.001,332.052,99,21830.6,2685,63,measure
2026-09-11T03:13:43.670+00:00,1246.000,333.797,99,21830.6,2685,63,measure
2026-09-11T03:13:44.633+00:00,1247.000,333.775,99,21830.6,2685,63,measure
2026-09-11T03:13:45.633+00:00,1248.000,335.12,99,21830.6,2685,64,measure
2026-09-11T03:13:46.634+00:00,1249.001,353.115,99,21830.6,2685,63,measure
2026-09-11T03:13:45.153+00:00,1250.000,329.271,99,21830.6,2685,62,measure
2026-09-11T03:13:46.155+00:00,1251.000,333.486,99,21830.6,2685,64,measure
2026-09-11T03:13:47.156+00:00,1252.000,340.484,99,21830.6,2685,62,measure
2026-09-11T03:13:48.164+00:00,1253.000,350.234,99,21830.6,2685,63,measure
2026-09-11T03:13:49.154+00:00,1254.001,341.584,99,21830.6,2685,62,measure
2026-09-11T03:13:50.154+00:00,1255.001,345.016,99,21830.6,2685,64,measure
2026-09-11T03:13:51.153+00:00,1256.000,352.152,99,21830.6,2685,63,measure
2026-09-11T03:13:52.155+00:00,1257.000,356.658,99,21830.6,2685,65,measure
2026-09-11T03:13:53.156+00:00,1258.001,364.426,99,21830.6,2685,64,measure
2026-09-11T03:13:54.153+00:00,1259.001,362.517,99,21830.6,2685,65,measure
2026-09-11T03:13:55.153+00:00,1260.000,345.638,99,21830.6,2685,63,measure
2026-09-11T03:13:56.155+00:00,1261.000,334.442,99,21830.6,2685,63,measure
2026-09-11T03:13:57.153+00:00,1262.000,338.709,99,21830.6,2685,64,measure
2026-09-11T03:13:58.155+00:00,1263.001,320.945,99,21830.6,2685,63,measure
2026-09-11T03:13:59.154+00:00,1264.000,310.187,99,21830.6,2685,61,measure
2026-09-11T03:14:00.153+00:00,1265.001,310.387,99,21830.6,2685,62,measure
2026-09-11T03:14:01.154+00:00,1266.002,316.559,99,21830.6,2685,64,measure
2026-09-11T03:14:02.153+00:00,1267.000,319.499,99,21830.6,2685,61,measure
2026-09-11T03:14:03.153+00:00,1268.000,326.254,100,21830.6,2685,64,measure
2026-09-11T03:14:04.156+00:00,1269.001,321.925,99,21830.6,2685,62,measure
2026-09-11T03:14:05.155+00:00,1270.002,313.826,99,21830.6,2685,61,measure
2026-09-11T03:14:06.207+00:00,1271.001,319.363,99,21830.6,2685,63,measure
2026-09-11T03:14:07.153+00:00,1272.000,313.939,99,21830.6,2685,61,measure
2026-09-11T03:14:08.153+00:00,1273.000,311.408,99,21830.6,2685,62,measure
2026-09-11T03:14:09.153+00:00,1274.000,308.607,99,21830.6,2685,62,measure
2026-09-11T03:14:10.154+00:00,1275.000,316.337,99,21830.6,2685,61,measure
2026-09-11T03:14:11.155+00:00,1276.000,321.494,100,21830.6,2685,61,measure
2026-09-11T03:14:12.153+00:00,1277.000,315.773,99,21830.6,2685,61,measure
2026-09-11T03:14:13.153+00:00,1278.000,312.525,99,21830.6,2685,63,measure
2026-09-11T03:14:14.153+00:00,1279.001,299.501,100,21830.6,2685,60,measure
2026-09-11T03:14:15.155+00:00,1280.002,316.817,99,21830.6,2685,63,measure
2026-09-11T03:14:16.157+00:00,1281.000,347.922,99,21830.6,2685,64,measure
2026-09-11T03:14:17.189+00:00,1282.000,347.271,99,21830.6,2685,63,measure
2026-09-11T03:14:15.639+00:00,1283.000,356.315,99,21830.6,2685,64,measure
2026-09-11T03:14:16.640+00:00,1284.001,346.747,99,21830.6,2685,63,measure
2026-09-11T03:14:17.640+00:00,1285.001,334.069,99,21830.6,2685,64,measure
2026-09-11T03:14:18.639+00:00,1286.000,339.964,99,21830.6,2685,63,measure
2026-09-11T03:14:19.641+00:00,1287.000,329.276,100,21830.6,2685,62,measure
2026-09-11T03:14:20.641+00:00,1288.000,330.393,99,21830.6,2685,65,measure
2026-09-11T03:14:21.640+00:00,1289.001,325.114,99,21830.6,2685,65,measure
2026-09-11T03:14:22.639+00:00,1290.000,327.817,99,21830.6,2685,65,measure
2026-09-11T03:14:23.641+00:00,1291.002,335.668,99,21830.6,2685,63,measure
2026-09-11T03:14:24.642+00:00,1292.002,314.059,99,21830.6,2685,64,measure
2026-09-11T03:14:25.641+00:00,1293.000,314.801,99,21830.6,2685,61,measure
2026-09-11T03:14:26.641+00:00,1294.000,304.325,99,21830.6,2685,62,measure
2026-09-11T03:14:27.639+00:00,1295.000,309.909,99,21830.6,2685,61,measure
2026-09-11T03:14:28.640+00:00,1296.001,309.996,99,21830.6,2685,61,measure
2026-09-11T03:14:29.639+00:00,1297.000,316.472,99,21830.6,2685,62,measure
2026-09-11T03:14:30.639+00:00,1298.000,324.836,99,21830.6,2685,63,measure
2026-09-11T03:14:31.641+00:00,1299.001,345.496,99,21830.6,2685,62,measure
2026-09-11T03:14:32.640+00:00,1300.001,357.718,99,21830.6,2685,64,measure
2026-09-11T03:14:33.640+00:00,1301.001,346.451,99,21830.6,2685,63,measure
2026-09-11T03:14:34.639+00:00,1302.000,343.409,100,21830.6,2685,63,measure
2026-09-11T03:14:35.640+00:00,1303.001,335.14,99,21830.6,2685,63,measure
2026-09-11T03:14:36.640+00:00,1304.001,332.395,99,21830.6,2685,64,measure
2026-09-11T03:14:37.642+00:00,1305.001,326.593,99,21830.6,2685,62,measure
2026-09-11T03:14:38.640+00:00,1306.000,318.358,99,21830.6,2685,62,measure
2026-09-11T03:14:39.640+00:00,1307.001,318.198,99,21830.6,2685,63,measure
2026-09-11T03:14:40.642+00:00,1308.001,315.96,99,21830.6,2685,62,measure
2026-09-11T03:14:41.640+00:00,1309.001,310.87,99,21830.6,2685,62,measure
2026-09-11T03:14:42.640+00:00,1310.000,312.996,99,21830.6,2685,61,measure
2026-09-11T03:14:43.644+00:00,1311.001,332.703,99,21830.6,2685,62,measure
2026-09-11T03:14:44.642+00:00,1312.001,348.203,99,21830.6,2685,62,measure
2026-09-11T03:14:45.639+00:00,1313.000,353.872,99,21830.6,2685,63,measure
2026-09-11T03:14:46.640+00:00,1314.001,343.183,99,21830.6,2685,64,measure
2026-09-11T03:14:47.639+00:00,1315.000,338.967,99,21830.6,2685,63,measure
2026-09-11T03:14:46.137+00:00,1316.001,321.693,99,21830.6,2685,61,measure
2026-09-11T03:14:47.137+00:00,1317.000,321.239,99,21830.6,2685,64,measure
2026-09-11T03:14:48.137+00:00,1318.000,329.128,99,21830.6,2685,63,measure
2026-09-11T03:14:49.136+00:00,1319.001,331.963,99,21830.6,2685,62,measure
2026-09-11T03:14:50.136+00:00,1320.000,338.833,99,21830.6,2685,63,measure
2026-09-11T03:14:51.136+00:00,1321.000,343.307,99,21830.6,2685,68,measure
2026-09-11T03:14:52.136+00:00,1322.000,342.625,99,21830.6,2685,63,measure
2026-09-11T03:14:53.140+00:00,1323.000,334.074,99,21830.6,2685,63,measure
2026-09-11T03:14:54.136+00:00,1324.000,326.413,99,21830.6,2685,62,measure
2026-09-11T03:14:55.136+00:00,1325.001,305.664,99,21830.6,2685,63,measure
2026-09-11T03:14:56.136+00:00,1326.000,314.397,99,21830.6,2685,61,measure
2026-09-11T03:14:57.136+00:00,1327.000,317.424,99,21830.6,2685,62,measure
2026-09-11T03:14:58.137+00:00,1328.000,323.355,99,21830.6,2685,62,measure
2026-09-11T03:14:59.138+00:00,1329.000,319.868,99,21830.6,2685,64,measure
2026-09-11T03:15:00.136+00:00,1330.000,315.826,99,21830.6,2685,61,measure
2026-09-11T03:15:01.136+00:00,1331.000,308.562,99,21830.6,2685,61,measure
2026-09-11T03:15:02.137+00:00,1332.001,319.374,99,21830.6,2685,63,measure
2026-09-11T03:15:03.136+00:00,1333.001,315.876,99,21830.6,2685,62,measure
2026-09-11T03:15:04.137+00:00,1334.000,332.536,99,21830.6,2685,63,measure
2026-09-11T03:15:05.138+00:00,1335.000,339.139,100,21830.6,2685,64,measure
2026-09-11T03:15:06.136+00:00,1336.000,330.395,99,21830.6,2685,62,measure
2026-09-11T03:15:07.136+00:00,1337.001,339.972,99,21830.6,2685,62,measure
2026-09-11T03:15:08.138+00:00,1338.002,329.674,99,21830.6,2685,65,measure
2026-09-11T03:15:09.138+00:00,1339.002,334.785,99,21830.6,2685,62,measure
2026-09-11T03:15:10.139+00:00,1340.001,341.568,99,21830.6,2685,64,measure
2026-09-11T03:15:11.219+00:00,1341.083,324.802,99,21830.6,2685,63,measure
2026-09-11T03:15:12.179+00:00,1342.043,331.98,99,21830.6,2685,62,measure
2026-09-11T03:15:13.136+00:00,1343.000,324.557,99,21830.6,2685,61,measure
2026-09-11T03:15:14.136+00:00,1344.000,326.791,99,21830.6,2685,62,measure
2026-09-11T03:15:15.137+00:00,1345.001,319.579,99,21830.6,2685,63,measure
2026-09-11T03:15:16.138+00:00,1346.001,315.015,99,21830.6,2685,62,measure
2026-09-11T03:15:17.138+00:00,1347.000,329.05,99,21830.6,2685,64,measure
2026-09-11T03:15:15.630+00:00,1348.001,340.729,99,21830.6,2685,62,measure
2026-09-11T03:15:16.630+00:00,1349.000,347.611,100,21830.6,2685,63,measure
2026-09-11T03:15:17.634+00:00,1350.005,331.426,99,21830.6,2685,64,measure
2026-09-11T03:15:18.630+00:00,1351.001,325.515,99,21830.6,2685,62,measure
2026-09-11T03:15:19.637+00:00,1352.008,312.217,99,21830.6,2685,61,measure
2026-09-11T03:15:20.655+00:00,1353.021,312.886,99,21830.6,2685,61,measure
2026-09-11T03:15:21.629+00:00,1354.000,312.998,99,21830.6,2685,61,measure
2026-09-11T03:15:22.630+00:00,1355.000,320.005,99,21830.6,2685,61,measure
2026-09-11T03:15:23.630+00:00,1356.001,320.609,99,21830.6,2685,63,measure
2026-09-11T03:15:24.629+00:00,1357.000,326.8,99,21830.6,2685,62,measure
2026-09-11T03:15:25.632+00:00,1358.001,315.536,99,21830.6,2685,62,measure
2026-09-11T03:15:26.632+00:00,1359.001,320.719,99,21830.6,2685,62,measure
2026-09-11T03:15:27.630+00:00,1360.000,313.35,99,21830.6,2685,61,measure
2026-09-11T03:15:28.630+00:00,1361.000,308.487,99,21830.6,2685,62,measure
2026-09-11T03:15:29.630+00:00,1362.000,310.138,99,21830.6,2685,61,measure
2026-09-11T03:15:30.630+00:00,1363.001,310.392,99,21830.6,2685,61,measure
2026-09-11T03:15:31.632+00:00,1364.001,318.995,99,21830.6,2685,61,measure
2026-09-11T03:15:32.632+00:00,1365.000,327.088,99,21830.6,2685,62,measure
2026-09-11T03:15:33.630+00:00,1366.001,334.719,99,21830.6,2685,62,measure
2026-09-11T03:15:34.630+00:00,1367.001,352.317,99,21830.6,2685,66,measure
2026-09-11T03:15:35.631+00:00,1368.001,335.124,99,21830.6,2685,62,measure
2026-09-11T03:15:36.630+00:00,1369.000,338.974,99,21830.6,2685,64,measure
2026-09-11T03:15:37.631+00:00,1370.000,323.128,99,21830.6,2685,64,measure
2026-09-11T03:15:38.633+00:00,1371.000,306.669,99,21830.6,2685,62,measure
2026-09-11T03:15:39.630+00:00,1372.001,309.316,99,21830.6,2685,61,measure
2026-09-11T03:15:40.630+00:00,1373.001,306.191,99,21830.6,2685,61,measure
2026-09-11T03:15:41.630+00:00,1374.001,304.975,100,21830.6,2685,61,measure
2026-09-11T03:15:42.630+00:00,1375.001,313.823,99,21830.6,2685,63,measure
2026-09-11T03:15:43.631+00:00,1376.001,327.769,99,21830.6,2685,61,measure
2026-09-11T03:15:44.632+00:00,1377.002,337.418,99,21830.6,2685,63,measure
2026-09-11T03:15:45.631+00:00,1378.002,328.038,99,21830.6,2685,61,measure
2026-09-11T03:15:46.631+00:00,1379.002,310.447,99,21830.6,2685,61,measure
2026-09-11T03:15:47.631+00:00,1380.002,314.429,99,21830.6,2685,63,measure
2026-09-11T03:15:46.134+00:00,1381.001,312.782,99,21830.6,2685,64,measure
2026-09-11T03:15:47.136+00:00,1382.001,307.011,99,21830.6,2685,62,measure
2026-09-11T03:15:48.135+00:00,1383.001,299.614,99,21830.6,2685,60,measure
2026-09-11T03:15:49.134+00:00,1384.001,298.019,99,21830.6,2685,60,measure
2026-09-11T03:15:50.137+00:00,1385.002,305.234,100,21830.6,2685,61,measure
2026-09-11T03:15:51.134+00:00,1386.001,305.521,99,21830.6,2685,62,measure
2026-09-11T03:15:52.135+00:00,1387.001,311.985,99,21830.6,2685,61,measure
2026-09-11T03:15:53.135+00:00,1388.000,316.776,99,21830.6,2685,62,measure
2026-09-11T03:15:54.134+00:00,1389.001,320.593,99,21830.6,2685,62,measure
2026-09-11T03:15:55.135+00:00,1390.002,324.951,99,21830.6,2685,62,measure
2026-09-11T03:15:56.134+00:00,1391.001,321.309,100,21830.6,2685,61,measure
2026-09-11T03:15:57.135+00:00,1392.002,313.212,99,21830.6,2685,62,measure
2026-09-11T03:15:58.135+00:00,1393.002,331.279,99,21830.6,2685,62,measure
2026-09-11T03:15:59.135+00:00,1394.001,333.504,100,21830.6,2685,62,measure
2026-09-11T03:16:00.135+00:00,1395.001,346.984,99,21830.6,2685,67,measure
2026-09-11T03:16:01.134+00:00,1396.001,355.698,99,21830.6,2685,63,measure
2026-09-11T03:16:02.134+00:00,1397.001,344.875,99,21830.6,2685,62,measure
2026-09-11T03:16:03.134+00:00,1398.000,338.493,99,21830.6,2685,64,measure
2026-09-11T03:16:04.134+00:00,1399.001,327.496,99,21830.6,2685,63,measure
2026-09-11T03:16:05.180+00:00,1400.045,340.478,99,21830.6,2685,62,measure
2026-09-11T03:16:06.144+00:00,1401.011,332.443,99,21830.6,2685,61,measure
2026-09-11T03:16:07.158+00:00,1402.025,332.563,99,21830.6,2685,63,measure
2026-09-11T03:16:08.157+00:00,1403.024,310.327,100,21830.6,2685,61,measure
2026-09-11T03:16:09.169+00:00,1404.036,308.119,99,21830.6,2685,61,measure
2026-09-11T03:16:10.193+00:00,1405.060,303.609,99,21830.6,2685,61,measure
2026-09-11T03:16:11.157+00:00,1406.022,310.46,99,21830.6,2685,61,measure
2026-09-11T03:16:12.191+00:00,1407.058,315.545,99,21830.6,2685,62,measure
2026-09-11T03:16:13.141+00:00,1408.008,308.822,99,21830.6,2685,65,measure
2026-09-11T03:16:14.216+00:00,1409.083,329.89,99,21830.6,2685,62,measure
2026-09-11T03:16:15.138+00:00,1410.005,343.854,99,21830.6,2685,63,measure
2026-09-11T03:16:16.209+00:00,1411.077,346.609,99,21830.6,2685,63,measure
2026-09-11T03:16:17.163+00:00,1412.030,330.677,99,21830.6,2685,63,measure
2026-09-11T03:16:15.635+00:00,1413.001,308.793,99,21830.6,2685,61,measure
2026-09-11T03:16:16.635+00:00,1414.002,309.871,99,21830.6,2685,61,measure
2026-09-11T03:16:17.636+00:00,1415.000,308.07,99,21830.6,2685,61,measure
2026-09-11T03:16:18.634+00:00,1416.001,310.174,99,21830.6,2685,61,measure
2026-09-11T03:16:19.635+00:00,1417.000,318.62,99,21830.6,2685,61,measure
2026-09-11T03:16:20.673+00:00,1418.006,317.134,99,21830.6,2685,61,measure
2026-09-11T03:16:21.646+00:00,1419.012,322.234,99,21830.6,2685,62,measure
2026-09-11T03:16:22.643+00:00,1420.009,330.751,99,21830.6,2685,63,measure
2026-09-11T03:16:23.634+00:00,1421.001,338.078,99,21830.6,2685,65,measure
2026-09-11T03:16:24.635+00:00,1422.001,353.307,99,21830.6,2610,62,measure
2026-09-11T03:16:25.639+00:00,1423.004,383.997,99,21830.6,2685,63,measure
2026-09-11T03:16:26.636+00:00,1424.000,337.731,99,21830.6,2685,63,measure
2026-09-11T03:16:27.639+00:00,1425.005,341.445,99,21830.6,2685,62,measure
2026-09-11T03:16:28.634+00:00,1426.000,321.991,99,21830.6,2685,61,measure
2026-09-11T03:16:29.637+00:00,1427.003,331.942,99,21830.6,2685,63,measure
2026-09-11T03:16:30.637+00:00,1428.003,353.87,99,21830.6,2685,63,measure
2026-09-11T03:16:31.642+00:00,1429.008,343.706,99,21830.6,2685,62,measure
2026-09-11T03:16:32.650+00:00,1430.015,325.143,100,21830.6,2685,61,measure
2026-09-11T03:16:33.644+00:00,1431.011,318.374,99,21830.6,2685,61,measure
2026-09-11T03:16:34.652+00:00,1432.018,331.31,99,21830.6,2685,61,measure
2026-09-11T03:16:35.634+00:00,1433.000,342.561,100,21830.6,2685,63,measure
2026-09-11T03:16:36.635+00:00,1434.001,317.652,99,21830.6,2685,61,measure
2026-09-11T03:16:37.637+00:00,1435.002,302.917,99,21830.6,2685,61,measure
2026-09-11T03:16:38.637+00:00,1436.002,300.783,99,21830.6,2685,62,measure
2026-09-11T03:16:39.634+00:00,1437.001,314.306,99,21830.6,2685,62,measure
2026-09-11T03:16:40.635+00:00,1438.001,314.449,99,21830.6,2670,61,measure
2026-09-11T03:16:41.682+00:00,1439.000,323.477,100,21830.6,2685,61,measure
2026-09-11T03:16:42.636+00:00,1440.002,334.663,99,21830.6,2685,61,measure
2026-09-11T03:16:43.636+00:00,1441.001,352.273,99,21830.6,2685,64,measure
2026-09-11T03:16:44.638+00:00,1442.001,351.506,99,21830.6,2685,62,measure
2026-09-11T03:16:45.635+00:00,1443.002,329.561,99,21830.6,2685,62,measure
2026-09-11T03:16:46.685+00:00,1444.002,332.37,99,21830.6,2685,61,measure
2026-09-11T03:16:47.637+00:00,1445.001,320.538,99,21830.6,2685,61,measure
2026-09-11T03:16:46.134+00:00,1446.001,317.309,100,21830.6,2685,61,measure
2026-09-11T03:16:47.136+00:00,1447.001,306.583,99,21830.6,2685,61,measure
2026-09-11T03:16:48.135+00:00,1448.000,304.691,100,21830.6,2685,61,measure
2026-09-11T03:16:49.135+00:00,1449.001,304.615,100,21830.6,2685,61,measure
2026-09-11T03:16:50.134+00:00,1450.000,307.553,100,21830.6,2685,61,measure
2026-09-11T03:16:51.134+00:00,1451.000,318.104,99,21830.6,2685,61,measure
2026-09-11T03:16:52.136+00:00,1452.002,314.336,99,21830.6,2685,61,measure
2026-09-11T03:16:53.136+00:00,1453.001,339.269,99,21830.6,2685,63,measure
2026-09-11T03:16:54.193+00:00,1454.001,330.901,99,21830.6,2685,63,measure
2026-09-11T03:16:55.134+00:00,1455.000,332.844,99,21830.6,2685,62,measure
2026-09-11T03:16:56.134+00:00,1456.001,315.019,99,21830.6,2685,63,measure
2026-09-11T03:16:57.134+00:00,1457.001,312.746,99,21830.6,2685,61,measure
2026-09-11T03:16:58.134+00:00,1458.000,323.96,99,21830.6,2685,64,measure
2026-09-11T03:16:59.136+00:00,1459.001,330.893,100,21830.6,2685,63,measure
2026-09-11T03:17:00.136+00:00,1460.002,325.052,99,21830.6,2685,62,measure
2026-09-11T03:17:01.135+00:00,1461.001,315.74,99,21830.6,2685,61,measure
2026-09-11T03:17:02.134+00:00,1462.000,343.765,99,21830.6,2685,63,measure
2026-09-11T03:17:03.135+00:00,1463.002,349.962,100,21830.6,2685,63,measure
2026-09-11T03:17:04.136+00:00,1464.002,347.707,99,21830.6,2640,63,measure
2026-09-11T03:17:05.136+00:00,1465.000,349.071,99,21830.6,2685,64,measure
2026-09-11T03:17:06.135+00:00,1466.001,321.623,99,21830.6,2685,62,measure
2026-09-11T03:17:07.134+00:00,1467.001,303.586,99,21830.6,2685,61,measure
2026-09-11T03:17:08.134+00:00,1468.000,298.576,99,21830.6,2685,62,measure
2026-09-11T03:17:09.137+00:00,1469.003,306.778,99,21830.6,2685,63,measure
2026-09-11T03:17:10.134+00:00,1470.001,322.635,99,21830.6,2685,64,measure
2026-09-11T03:17:11.135+00:00,1471.000,317.438,99,21830.6,2685,61,measure
2026-09-11T03:17:12.136+00:00,1472.000,321.947,99,21830.6,2685,63,measure
2026-09-11T03:17:13.136+00:00,1473.002,310.14,99,21830.6,2685,61,measure
2026-09-11T03:17:14.135+00:00,1474.001,311.404,99,21830.6,2685,61,measure
2026-09-11T03:17:15.136+00:00,1475.000,309.942,99,21830.6,2685,61,measure
2026-09-11T03:17:16.135+00:00,1476.001,313.663,100,21830.6,2685,61,measure
2026-09-11T03:17:17.135+00:00,1477.000,317.018,99,21830.6,2685,63,measure
2026-09-11T03:17:15.659+00:00,1478.001,326.59,99,21830.6,2685,62,measure
2026-09-11T03:17:16.656+00:00,1479.001,331.772,99,21830.6,2685,62,measure
2026-09-11T03:17:17.656+00:00,1480.000,318.396,99,21830.6,2685,61,measure
2026-09-11T03:17:18.658+00:00,1481.002,315.427,99,21830.6,2685,65,measure
2026-09-11T03:17:19.666+00:00,1482.007,319.895,99,21830.6,2685,62,measure
2026-09-11T03:17:20.662+00:00,1483.007,325.376,99,21830.6,2685,62,measure
2026-09-11T03:17:21.658+00:00,1484.000,315.233,99,21830.6,2685,62,measure
2026-09-11T03:17:22.656+00:00,1485.000,315.743,99,21830.6,2685,63,measure
2026-09-11T03:17:23.656+00:00,1486.000,331.534,99,21830.6,2685,65,measure
2026-09-11T03:17:24.656+00:00,1487.000,330.62,99,21830.6,2685,62,measure
2026-09-11T03:17:25.656+00:00,1488.000,343.715,99,21830.6,2685,62,measure
2026-09-11T03:17:26.658+00:00,1489.001,323.624,99,21830.6,2685,61,measure
2026-09-11T03:17:27.658+00:00,1490.002,326.474,99,21830.6,2685,63,measure
2026-09-11T03:17:28.656+00:00,1491.001,329.419,99,21830.6,2685,62,measure
2026-09-11T03:17:29.659+00:00,1492.001,339.151,99,21830.6,2685,64,measure
2026-09-11T03:17:30.656+00:00,1493.000,339.705,99,21830.6,2685,62,measure
2026-09-11T03:17:31.656+00:00,1494.001,350.418,99,21830.6,2685,64,measure
2026-09-11T03:17:32.657+00:00,1495.000,351.12,99,21830.6,2625,64,measure
2026-09-11T03:17:33.658+00:00,1496.000,345.417,99,21830.6,2685,62,measure
2026-09-11T03:17:34.695+00:00,1497.001,338.969,99,21830.6,2685,63,measure
2026-09-11T03:17:35.660+00:00,1498.004,334.065,99,21830.6,2685,62,measure
2026-09-11T03:17:36.660+00:00,1499.004,323.629,99,21830.6,2685,63,measure
2026-09-11T03:17:37.661+00:00,1500.004,314.105,100,21830.6,2685,61,measure
2026-09-11T03:17:38.661+00:00,1501.004,301.056,99,21830.6,2685,61,measure
2026-09-11T03:17:39.658+00:00,1502.003,296.794,99,21830.6,2685,60,measure
2026-09-11T03:17:40.659+00:00,1503.004,314.345,99,21830.6,2685,61,measure
2026-09-11T03:17:41.656+00:00,1504.001,310.511,100,21830.6,2685,61,measure
2026-09-11T03:17:42.658+00:00,1505.002,312.601,99,21830.6,2685,61,measure
2026-09-11T03:17:43.658+00:00,1506.001,294.237,99,21830.6,2685,60,measure
2026-09-11T03:17:44.658+00:00,1507.000,280.946,99,21830.6,2685,60,measure
2026-09-11T03:17:45.666+00:00,1508.009,111.756,0,21830.6,2700,53,measure
2026-09-11T03:17:46.692+00:00,1509.036,111.756,0,21830.6,540,53,measure
2026-09-11T03:17:45.156+00:00,1510.001,72.386,0,21830.6,390,52,measure
2026-09-11T03:17:46.220+00:00,1511.065,56.241,0,21830.6,285,51,measure
2026-09-11T03:17:47.177+00:00,1512.021,38.413,0,21830.6,225,50,measure
2026-09-11T03:17:48.165+00:00,1513.010,34.889,0,21830.6,210,50,measure
2026-09-11T03:17:49.165+00:00,1514.010,29.237,0,21830.6,210,50,measure
2026-09-11T03:17:50.165+00:00,1515.009,23.207,0,21830.6,210,50,measure
2026-09-11T03:17:51.166+00:00,1516.009,19.671,0,21830.6,210,49,measure
2026-09-11T03:17:52.162+00:00,1517.006,17.886,0,21830.6,210,49,measure
2026-09-11T03:17:53.156+00:00,1518.001,17.688,0,21830.6,210,49,measure
2026-09-11T03:17:54.159+00:00,1519.004,17.536,0,21830.6,210,48,measure
2026-09-11T03:17:55.163+00:00,1520.007,17.334,0,21830.6,210,48,measure
2026-09-11T03:17:56.156+00:00,1521.001,17.138,0,21830.6,210,48,measure
2026-09-11T03:17:57.159+00:00,1522.003,17.138,0,21830.6,210,48,measure
2026-09-11T03:17:58.163+00:00,1523.007,17.11,0,21830.6,210,47,measure
2026-09-11T03:17:59.158+00:00,1524.002,17.246,0,21830.6,210,47,measure
2026-09-11T03:18:00.161+00:00,1525.005,17.044,0,21830.6,210,47,measure
2026-09-11T03:18:01.164+00:00,1526.009,16.778,0,21830.6,210,47,measure
2026-09-11T03:18:02.165+00:00,1527.009,16.379,0,21830.6,210,46,measure
2026-09-11T03:18:03.173+00:00,1528.017,16.455,0,21830.6,210,46,measure
2026-09-11T03:18:04.194+00:00,1529.036,16.42,0,21830.6,210,46,measure
2026-09-11T03:18:05.204+00:00,1530.048,16.42,0,21830.6,210,46,measure
2026-09-11T03:18:06.192+00:00,1531.036,16.21,0,21830.6,210,46,measure
2026-09-11T03:18:07.191+00:00,1532.035,16.173,0,21830.6,210,46,measure
2026-09-11T03:18:08.176+00:00,1533.020,16.326,0,21830.6,210,45,measure
2026-09-11T03:18:09.190+00:00,1534.034,16.232,0,21830.6,210,45,measure
2026-09-11T03:18:10.186+00:00,1535.030,15.844,0,21830.6,210,45,measure
2026-09-11T03:18:11.163+00:00,1536.007,15.612,0,21830.6,210,45,measure
2026-09-11T03:18:12.164+00:00,1537.008,15.605,0,21830.6,210,45,measure
2026-09-11T03:18:13.163+00:00,1538.008,15.498,0,21830.6,210,45,measure
2026-09-11T03:18:14.163+00:00,1539.008,15.37,0,21830.6,210,45,measure
2026-09-11T03:18:15.163+00:00,1540.007,15.332,0,21830.6,210,44,measure
2026-09-11T03:18:16.162+00:00,1541.007,15.445,0,21830.6,210,44,measure
2026-09-11T03:18:17.163+00:00,1542.007,15.732,0,21830.6,210,44,measure
2026-09-11T03:18:15.670+00:00,1543.015,15.754,0,21830.6,210,44,measure
2026-09-11T03:18:16.667+00:00,1544.012,15.769,0,21830.6,210,44,measure
2026-09-11T03:18:17.661+00:00,1545.006,15.627,0,21830.6,210,44,measure
2026-09-11T03:18:18.658+00:00,1546.003,15.484,0,21830.6,210,44,measure
2026-09-11T03:18:19.657+00:00,1547.002,15.532,0,21830.6,210,44,measure
2026-09-11T03:18:20.659+00:00,1548.004,15.535,0,21830.6,210,44,measure
2026-09-11T03:18:21.661+00:00,1549.007,15.381,0,21830.6,210,43,measure
2026-09-11T03:18:22.656+00:00,1550.001,15.377,0,21830.6,210,43,measure
2026-09-11T03:18:23.659+00:00,1551.004,15.221,0,21830.6,210,43,measure
2026-09-11T03:18:24.663+00:00,1552.008,15.103,0,21830.6,210,43,measure
2026-09-11T03:18:25.656+00:00,1553.002,15.202,0,21830.6,210,43,measure
2026-09-11T03:18:26.660+00:00,1554.005,15.208,0,21830.6,210,43,measure
2026-09-11T03:18:27.661+00:00,1555.007,15.11,0,21830.6,210,43,measure
2026-09-11T03:18:28.702+00:00,1556.047,15.11,0,21830.6,210,43,measure
2026-09-11T03:18:29.667+00:00,1557.013,15.125,0,21830.6,210,43,measure
2026-09-11T03:18:30.663+00:00,1558.008,15,0,21830.6,210,43,measure
2026-09-11T03:18:31.670+00:00,1559.015,14.793,0,21830.6,210,42,measure
2026-09-11T03:18:32.681+00:00,1560.026,14.754,0,21830.6,210,42,measure
2026-09-11T03:18:33.675+00:00,1561.021,14.728,0,21830.6,210,42,measure
2026-09-11T03:18:34.671+00:00,1562.016,14.67,0,21830.6,210,42,measure
2026-09-11T03:18:35.662+00:00,1563.006,14.604,0,21830.6,210,42,measure
