timestamp_iso,t_s,power_w,util_gpu_pct,mem_used_mib,clocks_sm_mhz,temp_c,phase
2026-09-11T02:29:22.716+00:00,0.000,219.518,0,21613.9,2700,55,measure
2026-09-11T02:29:23.718+00:00,1.002,114.188,0,21613.9,2700,54,measure
2026-09-11T02:29:24.794+00:00,2.078,71.961,0,21613.9,465,52,measure
2026-09-11T02:29:25.783+00:00,3.069,56.494,0,21613.9,315,51,measure
2026-09-11T02:29:26.725+00:00,4.010,32.956,0,21613.9,255,51,measure
2026-09-11T02:29:27.776+00:00,5.061,21.724,0,21613.9,210,51,measure
2026-09-11T02:29:28.765+00:00,6.049,18.744,0,21613.9,210,50,measure
2026-09-11T02:29:29.782+00:00,7.068,18.586,0,21613.9,210,50,measure
2026-09-11T02:29:30.751+00:00,8.035,18.586,0,21613.9,210,50,measure
2026-09-11T02:29:31.797+00:00,9.080,18.547,0,21613.9,210,49,measure
2026-09-11T02:29:32.735+00:00,10.021,18.279,0,21613.9,210,49,measure
2026-09-11T02:29:33.785+00:00,11.068,18.057,0,21613.9,210,49,measure
2026-09-11T02:29:34.721+00:00,12.006,17.922,0,21613.9,210,48,measure
2026-09-11T02:29:35.799+00:00,13.083,17.818,0,21613.9,210,48,measure
2026-09-11T02:29:36.720+00:00,14.004,17.759,0,21613.9,210,48,measure
2026-09-11T02:29:37.784+00:00,15.069,17.388,0,21613.9,210,48,measure
2026-09-11T02:29:38.788+00:00,16.073,17.266,0,21613.9,210,48,measure
2026-09-11T02:29:39.715+00:00,17.000,17.282,0,21613.9,210,48,measure
2026-09-11T02:29:40.715+00:00,18.001,26.57,100,21613.9,2700,47,measure
2026-09-11T02:29:41.715+00:00,19.000,238.285,99,21633.9,2700,55,measure
2026-09-11T02:29:42.716+00:00,20.001,295.938,99,21645.8,2700,57,measure
2026-09-11T02:29:43.714+00:00,21.000,287.554,100,21643.8,2700,57,measure
2026-09-11T02:29:44.714+00:00,22.000,299.091,99,21643.8,2700,57,measure
2026-09-11T02:29:45.715+00:00,23.001,318.745,99,21643.8,2700,58,measure
2026-09-11T02:29:46.715+00:00,24.000,323.46,99,21643.8,2700,59,measure
2026-09-11T02:29:47.716+00:00,25.000,321.222,99,21643.8,2700,59,measure
2026-09-11T02:29:48.715+00:00,26.000,307.293,100,21643.8,2700,59,measure
2026-09-11T02:29:49.715+00:00,27.001,296.458,99,21643.8,2700,58,measure
2026-09-11T02:29:48.230+00:00,28.001,293.198,99,21643.8,2700,57,measure
2026-09-11T02:29:49.303+00:00,29.073,304.435,99,21643.8,2700,58,measure
2026-09-11T02:29:50.240+00:00,30.011,304.982,99,21643.8,2700,58,measure
2026-09-11T02:29:51.230+00:00,31.000,305.724,99,21643.8,2700,58,measure
2026-09-11T02:29:52.232+00:00,32.001,307.851,99,21643.8,2700,60,measure
2026-09-11T02:29:53.230+00:00,33.001,308.324,99,21643.8,2700,58,measure
2026-09-11T02:29:54.230+00:00,34.001,308.196,99,21643.8,2700,59,measure
2026-09-11T02:29:55.231+00:00,35.001,310.938,99,21643.8,2700,59,measure
2026-09-11T02:29:56.230+00:00,36.001,306.852,100,21643.8,2700,59,measure
2026-09-11T02:29:57.232+00:00,37.001,316.174,99,21643.8,2700,59,measure
2026-09-11T02:29:58.232+00:00,38.002,315.233,99,21645.8,2700,60,measure
2026-09-11T02:29:59.230+00:00,39.001,327.319,99,21645.8,2685,63,measure
2026-09-11T02:30:00.257+00:00,40.000,334.186,99,21645.8,2685,60,measure
2026-09-11T02:30:01.230+00:00,41.001,330.774,99,21645.8,2685,60,measure
2026-09-11T02:30:02.229+00:00,42.000,336.789,99,21645.8,2685,60,measure
2026-09-11T02:30:03.231+00:00,43.000,323.162,99,21645.8,2685,60,measure
2026-09-11T02:30:04.232+00:00,44.000,321.847,99,21645.8,2685,61,measure
2026-09-11T02:30:05.229+00:00,45.000,331.126,99,21645.8,2685,60,measure
2026-09-11T02:30:06.238+00:00,46.000,343.266,99,21645.8,2685,61,measure
2026-09-11T02:30:07.229+00:00,47.000,340.926,99,21645.8,2685,61,measure
2026-09-11T02:30:08.229+00:00,48.000,314.544,99,21645.8,2685,62,measure
2026-09-11T02:30:09.230+00:00,49.000,309.859,99,21645.8,2685,61,measure
2026-09-11T02:30:10.231+00:00,50.001,317.732,99,21645.8,2685,60,measure
2026-09-11T02:30:11.229+00:00,51.000,345.948,99,21645.8,2685,65,measure
2026-09-11T02:30:12.229+00:00,52.000,330.603,99,21645.8,2685,62,measure
2026-09-11T02:30:13.229+00:00,53.001,352.12,99,21645.8,2685,61,measure
2026-09-11T02:30:14.229+00:00,54.001,324.255,100,21645.8,2685,61,measure
2026-09-11T02:30:15.235+00:00,55.000,321.505,99,21645.8,2685,60,measure
2026-09-11T02:30:16.229+00:00,56.000,331.495,99,21645.8,2685,61,measure
2026-09-11T02:30:17.229+00:00,57.000,337.038,99,21645.8,2640,61,measure
2026-09-11T02:30:18.229+00:00,58.000,348.523,99,21645.8,2685,62,measure
2026-09-11T02:30:19.229+00:00,59.000,331.51,99,21645.8,2685,61,measure
2026-09-11T02:30:17.715+00:00,60.000,330.754,99,21645.8,2685,62,measure
2026-09-11T02:30:18.716+00:00,61.001,316.089,99,21645.8,2685,62,measure
2026-09-11T02:30:19.717+00:00,62.001,304.76,100,21645.8,2685,60,measure
2026-09-11T02:30:20.715+00:00,63.001,313.177,99,21645.8,2685,60,measure
2026-09-11T02:30:21.715+00:00,64.001,308.629,99,21645.8,2685,60,measure
2026-09-11T02:30:22.716+00:00,65.000,308.766,100,21645.8,2685,62,measure
2026-09-11T02:30:23.715+00:00,66.000,303.403,100,21645.8,2685,60,measure
2026-09-11T02:30:24.717+00:00,67.001,318.706,99,21645.8,2685,61,measure
2026-09-11T02:30:25.717+00:00,68.002,318.47,99,21645.8,2685,60,measure
2026-09-11T02:30:26.715+00:00,69.001,325.912,99,21645.8,2685,61,measure
2026-09-11T02:30:27.715+00:00,70.000,304.496,100,21645.8,2685,60,measure
2026-09-11T02:30:28.715+00:00,71.000,313.039,99,21645.8,2685,61,measure
2026-09-11T02:30:29.715+00:00,72.000,311.033,99,21645.8,2685,60,measure
2026-09-11T02:30:30.717+00:00,73.001,304.793,100,21645.8,2685,60,measure
2026-09-11T02:30:31.716+00:00,74.001,309.06,99,21645.8,2685,60,measure
2026-09-11T02:30:32.715+00:00,75.000,310.477,99,21645.8,2685,60,measure
2026-09-11T02:30:33.715+00:00,76.000,309.163,99,21645.8,2685,61,measure
2026-09-11T02:30:34.715+00:00,77.001,306.871,99,21645.8,2685,61,measure
2026-09-11T02:30:35.714+00:00,78.000,305.351,99,21645.8,2685,60,measure
2026-09-11T02:30:36.716+00:00,79.000,308.569,99,21645.8,2685,60,measure
2026-09-11T02:30:37.716+00:00,80.000,314.057,99,21645.8,2685,61,measure
2026-09-11T02:30:38.756+00:00,81.000,326.199,99,21645.8,2685,61,measure
2026-09-11T02:30:39.718+00:00,82.001,332.764,99,21645.8,2685,62,measure
2026-09-11T02:30:40.714+00:00,83.000,342.029,99,21645.8,2685,63,measure
2026-09-11T02:30:41.715+00:00,84.001,327.926,99,21645.8,2685,62,measure
2026-09-11T02:30:42.718+00:00,85.000,335.302,99,21645.8,2685,62,measure
2026-09-11T02:30:43.717+00:00,86.001,331.519,99,21645.8,2685,63,measure
2026-09-11T02:30:44.715+00:00,87.000,331.949,99,21645.8,2685,62,measure
2026-09-11T02:30:45.714+00:00,88.000,322.261,99,21645.8,2685,61,measure
2026-09-11T02:30:46.714+00:00,89.000,318.95,99,21645.8,2685,61,measure
2026-09-11T02:30:47.715+00:00,90.001,321.871,99,21645.8,2685,64,measure
2026-09-11T02:30:48.716+00:00,91.000,327.231,99,21645.8,2685,62,measure
2026-09-11T02:30:49.716+00:00,92.002,336.128,100,21645.8,2685,62,measure
2026-09-11T02:30:48.218+00:00,93.003,327.931,99,21645.8,2685,65,measure
2026-09-11T02:30:49.216+00:00,94.000,335.466,99,21645.8,2685,62,measure
2026-09-11T02:30:50.216+00:00,95.001,323.326,100,21645.8,2685,63,measure
2026-09-11T02:30:51.216+00:00,96.000,317.187,99,21645.8,2685,61,measure
2026-09-11T02:30:52.217+00:00,97.000,304.211,99,21645.8,2685,62,measure
2026-09-11T02:30:53.216+00:00,98.000,299.164,99,21645.8,2685,61,measure
2026-09-11T02:30:54.216+00:00,99.001,301.098,99,21645.8,2685,63,measure
2026-09-11T02:30:55.216+00:00,100.001,312.65,99,21645.8,2685,61,measure
2026-09-11T02:30:56.215+00:00,101.000,312.879,99,21645.8,2685,61,measure
2026-09-11T02:30:57.217+00:00,102.001,316.843,100,21645.8,2685,61,measure
2026-09-11T02:30:58.217+00:00,103.000,316.108,99,21645.8,2685,63,measure
2026-09-11T02:30:59.216+00:00,104.000,339.36,99,21645.8,2685,63,measure
2026-09-11T02:31:00.216+00:00,105.001,348.446,99,21645.8,2610,62,measure
2026-09-11T02:31:01.216+00:00,106.000,343.591,99,21645.8,2685,63,measure
2026-09-11T02:31:02.216+00:00,107.001,335.209,99,21645.8,2685,63,measure
2026-09-11T02:31:03.217+00:00,108.001,311.678,99,21645.8,2685,62,measure
2026-09-11T02:31:04.217+00:00,109.000,311.774,99,21645.8,2685,63,measure
2026-09-11T02:31:05.216+00:00,110.001,300.482,100,21645.8,2685,61,measure
2026-09-11T02:31:06.215+00:00,111.000,309.697,99,21645.8,2685,63,measure
2026-09-11T02:31:07.218+00:00,112.001,304.455,99,21645.8,2685,61,measure
2026-09-11T02:31:08.216+00:00,113.001,307.286,100,21645.8,2685,61,measure
2026-09-11T02:31:09.217+00:00,114.001,324.127,99,21645.8,2685,62,measure
2026-09-11T02:31:10.220+00:00,115.000,313.923,99,21645.8,2685,61,measure
2026-09-11T02:31:11.215+00:00,116.000,337.893,99,21645.8,2685,62,measure
2026-09-11T02:31:12.215+00:00,117.000,321.143,99,21645.8,2685,61,measure
2026-09-11T02:31:13.215+00:00,118.000,348.512,99,21645.8,2685,62,measure
2026-09-11T02:31:14.215+00:00,119.000,329.583,99,21645.8,2685,63,measure
2026-09-11T02:31:15.216+00:00,120.000,346.712,99,21645.8,2685,65,measure
2026-09-11T02:31:16.217+00:00,121.001,326.194,99,21645.8,2685,62,measure
2026-09-11T02:31:17.216+00:00,122.001,326.345,99,21645.8,2685,62,measure
2026-09-11T02:31:18.215+00:00,123.000,322.196,99,21645.8,2685,63,measure
2026-09-11T02:31:19.216+00:00,124.001,316.329,99,21645.8,2685,63,measure
2026-09-11T02:31:17.712+00:00,125.000,332.45,99,21645.8,2685,65,measure
2026-09-11T02:31:18.713+00:00,126.001,330.35,99,21645.8,2685,62,measure
2026-09-11T02:31:19.732+00:00,127.019,305.868,99,21645.8,2685,61,measure
2026-09-11T02:31:20.713+00:00,128.001,314.222,99,21645.8,2685,62,measure
2026-09-11T02:31:21.712+00:00,129.000,316.046,99,21645.8,2685,61,measure
2026-09-11T02:31:22.712+00:00,130.000,327.287,99,21645.8,2685,63,measure
2026-09-11T02:31:23.712+00:00,131.001,329.434,100,21645.8,2685,64,measure
2026-09-11T02:31:24.713+00:00,132.000,337.289,99,21645.8,2685,63,measure
2026-09-11T02:31:25.717+00:00,133.005,344.466,99,21645.8,2685,65,measure
2026-09-11T02:31:26.744+00:00,134.005,340.554,99,21645.8,2685,62,measure
2026-09-11T02:31:27.714+00:00,135.003,346.91,99,21645.8,2685,63,measure
2026-09-11T02:31:28.715+00:00,136.001,347.635,99,21645.8,2685,64,measure
2026-09-11T02:31:29.713+00:00,137.002,348.278,99,21645.8,2685,63,measure
2026-09-11T02:31:30.714+00:00,138.001,337.919,99,21645.8,2685,63,measure
2026-09-11T02:31:31.713+00:00,139.000,321.209,99,21645.8,2685,63,measure
2026-09-11T02:31:32.714+00:00,140.002,312.047,99,21645.8,2685,64,measure
2026-09-11T02:31:33.712+00:00,141.000,321.84,99,21645.8,2685,63,measure
2026-09-11T02:31:34.714+00:00,142.001,323.768,99,21645.8,2685,65,measure
2026-09-11T02:31:35.712+00:00,143.000,333.116,99,21645.8,2685,62,measure
2026-09-11T02:31:36.714+00:00,144.001,338.139,99,21645.8,2685,63,measure
2026-09-11T02:31:37.714+00:00,145.002,342.845,99,21645.8,2685,63,measure
2026-09-11T02:31:38.723+00:00,146.004,339.35,99,21645.8,2685,62,measure
2026-09-11T02:31:39.714+00:00,147.002,348.28,99,21645.8,2685,65,measure
2026-09-11T02:31:40.715+00:00,148.003,331.261,99,21645.8,2685,64,measure
2026-09-11T02:31:41.713+00:00,149.002,322.999,99,21645.8,2685,63,measure
2026-09-11T02:31:42.715+00:00,150.003,307.798,100,21645.8,2685,61,measure
2026-09-11T02:31:43.714+00:00,151.002,313.567,99,21645.2,2685,64,measure
2026-09-11T02:31:44.714+00:00,152.002,299.989,100,21645.2,2685,61,measure
2026-09-11T02:31:45.712+00:00,153.000,301.805,99,21645.2,2685,61,measure
2026-09-11T02:31:46.712+00:00,154.000,317.317,99,21645.2,2685,62,measure
2026-09-11T02:31:47.712+00:00,155.000,308.271,99,21645.2,2685,61,measure
2026-09-11T02:31:48.713+00:00,156.000,314.689,100,21645.2,2685,61,measure
2026-09-11T02:31:49.715+00:00,157.001,323.774,99,21645.2,2685,65,measure
2026-09-11T02:31:48.215+00:00,158.001,338.818,100,21645.2,2685,62,measure
2026-09-11T02:31:49.215+00:00,159.001,338.744,99,21645.2,2685,63,measure
2026-09-11T02:31:50.214+00:00,160.001,334.863,100,21645.2,2685,63,measure
2026-09-11T02:31:51.215+00:00,161.001,321.293,99,21645.2,2685,62,measure
2026-09-11T02:31:52.221+00:00,162.001,311.232,99,21645.2,2685,61,measure
2026-09-11T02:31:53.216+00:00,163.002,328.79,100,21645.2,2685,62,measure
2026-09-11T02:31:54.215+00:00,164.001,319.673,99,21645.2,2685,61,measure
2026-09-11T02:31:55.215+00:00,165.001,306.755,99,21645.2,2685,61,measure
2026-09-11T02:31:56.214+00:00,166.001,314.111,99,21645.2,2685,63,measure
2026-09-11T02:31:57.215+00:00,167.001,312.561,100,21645.2,2685,61,measure
2026-09-11T02:31:58.216+00:00,168.000,310.416,100,21645.2,2685,61,measure
2026-09-11T02:31:59.217+00:00,169.001,310.076,99,21645.2,2685,61,measure
2026-09-11T02:32:00.215+00:00,170.000,310.104,99,21645.2,2685,61,measure
2026-09-11T02:32:01.215+00:00,171.001,307.225,99,21645.2,2685,61,measure
2026-09-11T02:32:02.217+00:00,172.003,316.38,99,21645.2,2685,61,measure
2026-09-11T02:32:03.215+00:00,173.001,308.292,99,21645.2,2685,61,measure
2026-09-11T02:32:04.219+00:00,174.000,307.91,99,21645.2,2685,61,measure
2026-09-11T02:32:05.217+00:00,175.001,311.963,99,21645.2,2685,61,measure
2026-09-11T02:32:06.215+00:00,176.001,314.924,100,21645.2,2685,61,measure
2026-09-11T02:32:07.215+00:00,177.001,313.347,99,21645.2,2685,61,measure
2026-09-11T02:32:08.214+00:00,178.000,333.73,99,21645.2,2685,62,measure
2026-09-11T02:32:09.215+00:00,179.001,342.463,99,21645.2,2685,62,measure
2026-09-11T02:32:10.217+00:00,180.002,324.237,99,21645.2,2685,62,measure
2026-09-11T02:32:11.216+00:00,181.001,324.815,99,21645.2,2685,62,measure
2026-09-11T02:32:12.215+00:00,182.001,319.036,99,21645.2,2685,61,measure
2026-09-11T02:32:13.216+00:00,183.002,317.275,99,21645.2,2685,61,measure
2026-09-11T02:32:14.215+00:00,184.001,316.314,99,21645.2,2685,63,measure
2026-09-11T02:32:15.214+00:00,185.000,329.539,99,21645.2,2685,64,measure
2026-09-11T02:32:16.216+00:00,186.001,330.772,99,21645.2,2685,62,measure
2026-09-11T02:32:17.216+00:00,187.001,346.223,99,21645.2,2685,64,measure
2026-09-11T02:32:18.215+00:00,188.001,334.548,100,21645.2,2685,63,measure
2026-09-11T02:32:19.217+00:00,189.001,328.938,100,21645.2,2685,62,measure
2026-09-11T02:32:17.720+00:00,190.004,319.617,99,21645.2,2685,61,measure
2026-09-11T02:32:18.726+00:00,191.006,316.715,99,21645.2,2685,64,measure
2026-09-11T02:32:19.723+00:00,192.003,347.644,99,21645.2,2685,63,measure
2026-09-11T02:32:20.722+00:00,193.005,338.572,99,21645.2,2685,64,measure
2026-09-11T02:32:21.718+00:00,194.001,343.066,99,21645.2,2685,62,measure
2026-09-11T02:32:22.718+00:00,195.001,316.254,99,21645.2,2685,61,measure
2026-09-11T02:32:23.718+00:00,196.000,308.086,99,21645.2,2685,61,measure
2026-09-11T02:32:24.717+00:00,197.000,309.898,99,21645.2,2685,61,measure
2026-09-11T02:32:25.719+00:00,198.000,312.863,99,21645.2,2685,61,measure
2026-09-11T02:32:26.718+00:00,199.000,308.924,99,21645.2,2685,61,measure
2026-09-11T02:32:27.718+00:00,200.001,315.376,99,21645.2,2685,61,measure
2026-09-11T02:32:28.723+00:00,201.006,312.094,99,21645.2,2685,61,measure
2026-09-11T02:32:29.722+00:00,202.005,314.861,99,21645.2,2685,61,measure
2026-09-11T02:32:30.719+00:00,203.001,323.008,99,21645.2,2685,64,measure
2026-09-11T02:32:31.725+00:00,204.008,328.383,99,21645.2,2685,63,measure
2026-09-11T02:32:32.722+00:00,205.006,323.242,99,21645.2,2685,61,measure
2026-09-11T02:32:33.720+00:00,206.003,328.769,99,21645.2,2685,64,measure
2026-09-11T02:32:34.718+00:00,207.001,317.209,99,21645.2,2685,62,measure
2026-09-11T02:32:35.717+00:00,208.001,334.86,99,21645.2,2685,64,measure
2026-09-11T02:32:36.721+00:00,209.002,355.34,99,21645.2,2685,67,measure
2026-09-11T02:32:37.723+00:00,210.006,336.801,99,21645.2,2685,62,measure
2026-09-11T02:32:38.720+00:00,211.003,348.764,99,21645.2,2685,64,measure
2026-09-11T02:32:39.725+00:00,212.008,351.105,99,21645.2,2685,64,measure
2026-09-11T02:32:40.724+00:00,213.007,342.228,99,21645.2,2685,63,measure
2026-09-11T02:32:41.721+00:00,214.003,332.263,99,21645.2,2685,62,measure
2026-09-11T02:32:42.720+00:00,215.001,333.957,99,21645.2,2685,63,measure
2026-09-11T02:32:43.723+00:00,216.006,312.677,100,21645.2,2685,61,measure
2026-09-11T02:32:44.720+00:00,217.003,325.945,99,21645.2,2685,62,measure
2026-09-11T02:32:45.718+00:00,218.001,316.119,99,21645.2,2685,61,measure
2026-09-11T02:32:46.721+00:00,219.003,306.097,99,21645.2,2685,61,measure
2026-09-11T02:32:47.717+00:00,220.000,314.25,99,21645.2,2685,61,measure
2026-09-11T02:32:48.719+00:00,221.001,319.43,99,21645.2,2685,62,measure
2026-09-11T02:32:49.720+00:00,222.001,310.903,99,21645.2,2685,61,measure
2026-09-11T02:32:48.217+00:00,223.001,306.911,100,21645.2,2685,64,measure
2026-09-11T02:32:49.217+00:00,224.000,300.662,99,21645.2,2685,61,measure
2026-09-11T02:32:50.216+00:00,225.000,314.249,99,21645.2,2685,67,measure
2026-09-11T02:32:51.218+00:00,226.001,319.416,99,21645.2,2685,63,measure
2026-09-11T02:32:52.218+00:00,227.001,329.579,100,21645.2,2685,63,measure
2026-09-11T02:32:53.217+00:00,228.000,318.502,99,21645.2,2685,61,measure
2026-09-11T02:32:54.217+00:00,229.001,334.917,99,21645.2,2685,62,measure
2026-09-11T02:32:55.217+00:00,230.001,332.549,99,21645.2,2685,63,measure
2026-09-11T02:32:56.216+00:00,231.000,324.798,99,21645.2,2685,64,measure
2026-09-11T02:32:57.216+00:00,232.000,309.7,100,21645.2,2685,63,measure
2026-09-11T02:32:58.217+00:00,233.000,308.245,99,21645.2,2685,61,measure
2026-09-11T02:32:59.218+00:00,234.001,317.823,99,21645.2,2685,61,measure
2026-09-11T02:33:00.217+00:00,235.001,317.102,99,21645.2,2685,61,measure
2026-09-11T02:33:01.216+00:00,236.000,321.456,99,21645.2,2685,62,measure
2026-09-11T02:33:02.217+00:00,237.001,311.625,99,21645.2,2685,62,measure
2026-09-11T02:33:03.217+00:00,238.001,333.362,99,21645.2,2685,64,measure
2026-09-11T02:33:04.223+00:00,239.006,323.3,99,21645.2,2685,62,measure
2026-09-11T02:33:05.220+00:00,240.004,329.387,99,21645.2,2685,65,measure
2026-09-11T02:33:06.216+00:00,241.000,338.866,99,21645.2,2685,63,measure
2026-09-11T02:33:07.216+00:00,242.000,329.618,99,21645.2,2685,62,measure
2026-09-11T02:33:08.217+00:00,243.001,315.887,99,21645.2,2685,62,measure
2026-09-11T02:33:09.222+00:00,244.004,313.717,99,21645.2,2685,63,measure
2026-09-11T02:33:10.220+00:00,245.002,306.56,99,21645.2,2685,61,measure
2026-09-11T02:33:11.219+00:00,246.003,304.536,99,21645.2,2685,64,measure
2026-09-11T02:33:12.221+00:00,247.006,322.067,99,21645.2,2685,61,measure
2026-09-11T02:33:13.216+00:00,248.000,346.881,99,21645.2,2685,64,measure
2026-09-11T02:33:14.218+00:00,249.000,343.892,99,21645.2,2685,62,measure
2026-09-11T02:33:15.216+00:00,250.001,343.171,99,21645.2,2685,67,measure
2026-09-11T02:33:16.217+00:00,251.000,341.347,99,21645.2,2685,62,measure
2026-09-11T02:33:17.222+00:00,252.006,309.8,99,21645.2,2685,61,measure
2026-09-11T02:33:18.217+00:00,253.001,309.891,99,21645.2,2685,61,measure
2026-09-11T02:33:19.217+00:00,254.001,313.991,100,21645.2,2685,61,measure
2026-09-11T02:33:17.741+00:00,255.006,328.621,99,21645.2,2685,62,measure
2026-09-11T02:33:18.736+00:00,256.001,318.808,99,21645.2,2685,63,measure
2026-09-11T02:33:19.742+00:00,257.004,305.609,99,21645.2,2685,61,measure
2026-09-11T02:33:20.743+00:00,258.008,312.391,99,21645.2,2685,62,measure
2026-09-11T02:33:21.738+00:00,259.003,312.39,100,21645.2,2685,62,measure
2026-09-11T02:33:22.741+00:00,260.006,305.639,99,21645.2,2685,61,measure
2026-09-11T02:33:23.739+00:00,261.004,313.909,99,21645.2,2685,61,measure
2026-09-11T02:33:24.735+00:00,262.000,314.135,99,21645.2,2685,63,measure
2026-09-11T02:33:25.742+00:00,263.005,314.515,99,21645.2,2685,63,measure
2026-09-11T02:33:26.739+00:00,264.003,309.753,99,21645.2,2685,61,measure
2026-09-11T02:33:27.740+00:00,265.005,319.928,99,21645.2,2685,61,measure
2026-09-11T02:33:28.740+00:00,266.003,303.994,99,21645.2,2685,61,measure
2026-09-11T02:33:29.737+00:00,267.002,309.684,99,21645.2,2685,63,measure
2026-09-11T02:33:30.743+00:00,268.005,310.263,99,21645.2,2685,62,measure
2026-09-11T02:33:31.737+00:00,269.000,320.584,99,21645.2,2685,61,measure
2026-09-11T02:33:32.740+00:00,270.005,319.396,99,21645.2,2655,65,measure
2026-09-11T02:33:33.736+00:00,271.001,347.735,99,21645.2,2685,64,measure
2026-09-11T02:33:34.736+00:00,272.001,333.904,99,21645.2,2685,63,measure
2026-09-11T02:33:35.736+00:00,273.000,324.422,100,21645.2,2685,62,measure
2026-09-11T02:33:36.736+00:00,274.000,320.091,99,21645.2,2685,61,measure
2026-09-11T02:33:37.739+00:00,275.003,329.697,99,21645.2,2685,63,measure
2026-09-11T02:33:38.738+00:00,276.002,337.754,100,21645.2,2685,64,measure
2026-09-11T02:33:39.742+00:00,277.007,331.853,99,21645.2,2685,64,measure
2026-09-11T02:33:40.737+00:00,278.002,321.22,99,21645.2,2685,61,measure
2026-09-11T02:33:41.737+00:00,279.001,322.72,99,21645.2,2685,61,measure
2026-09-11T02:33:42.735+00:00,280.000,339.11,99,21645.2,2685,62,measure
2026-09-11T02:33:43.737+00:00,281.000,338.115,99,21645.2,2685,63,measure
2026-09-11T02:33:44.736+00:00,282.001,325.476,99,21645.2,2685,63,measure
2026-09-11T02:33:45.735+00:00,283.000,317.281,99,21645.2,2685,61,measure
2026-09-11T02:33:46.736+00:00,284.001,318.024,99,21645.2,2685,61,measure
2026-09-11T02:33:47.736+00:00,285.000,313.939,99,21645.2,2685,61,measure
2026-09-11T02:33:48.735+00:00,286.000,315.811,99,21645.2,2685,63,measure
2026-09-11T02:33:47.254+00:00,287.001,310.953,99,21645.2,2685,64,measure
2026-09-11T02:33:48.254+00:00,288.001,322.54,99,21645.2,2685,63,measure
2026-09-11T02:33:49.252+00:00,289.000,315.473,99,21645.2,2685,61,measure
2026-09-11T02:33:50.252+00:00,290.000,324.64,99,21645.2,2685,61,measure
2026-09-11T02:33:51.278+00:00,291.000,313.11,100,21645.2,2685,62,measure
2026-09-11T02:33:52.252+00:00,292.001,321.902,100,21645.2,2685,61,measure
2026-09-11T02:33:53.254+00:00,293.001,317.635,99,21645.2,2685,62,measure
2026-09-11T02:33:54.253+00:00,294.001,309.853,99,21645.2,2685,62,measure
2026-09-11T02:33:55.253+00:00,295.001,319.448,99,21645.2,2685,61,measure
2026-09-11T02:33:56.252+00:00,296.000,328.611,99,21645.2,2685,62,measure
2026-09-11T02:33:57.252+00:00,297.001,343.269,99,21645.2,2685,64,measure
2026-09-11T02:33:58.252+00:00,298.000,324.619,99,21645.2,2685,62,measure
2026-09-11T02:33:59.254+00:00,299.000,324.845,99,21645.2,2685,65,measure
2026-09-11T02:34:00.252+00:00,300.000,316.492,100,21645.2,2685,61,measure
2026-09-11T02:34:01.252+00:00,301.001,317.285,99,21645.2,2685,62,measure
2026-09-11T02:34:02.252+00:00,302.000,311.63,100,21645.2,2685,61,measure
2026-09-11T02:34:03.253+00:00,303.001,314.718,99,21645.2,2685,61,measure
2026-09-11T02:34:04.252+00:00,304.000,315.873,99,21645.2,2685,64,measure
2026-09-11T02:34:05.257+00:00,305.000,324.053,99,21645.2,2685,65,measure
2026-09-11T02:34:06.252+00:00,306.000,324.524,99,21645.2,2685,62,measure
2026-09-11T02:34:07.252+00:00,307.000,324.416,99,21645.2,2685,62,measure
2026-09-11T02:34:08.252+00:00,308.000,340.573,99,21645.2,2685,62,measure
2026-09-11T02:34:09.253+00:00,309.001,338.613,99,21645.2,2685,62,measure
2026-09-11T02:34:10.253+00:00,310.001,330.333,99,21645.2,2685,62,measure
2026-09-11T02:34:11.253+00:00,311.000,314.61,99,21645.2,2685,61,measure
2026-09-11T02:34:12.253+00:00,312.001,319.53,99,21645.2,2685,63,measure
2026-09-11T02:34:13.253+00:00,313.001,313.748,100,21645.2,2685,62,measure
2026-09-11T02:34:14.253+00:00,314.001,329.231,100,21645.2,2685,63,measure
2026-09-11T02:34:15.252+00:00,315.000,327.094,99,21645.2,2685,62,measure
2026-09-11T02:34:16.252+00:00,316.000,334.337,99,21645.2,2685,63,measure
2026-09-11T02:34:17.254+00:00,317.001,356.746,99,21645.2,2685,63,measure
2026-09-11T02:34:18.253+00:00,318.001,371.575,99,21645.2,2685,66,measure
2026-09-11T02:34:19.252+00:00,319.000,382.88,99,21645.2,2685,63,measure
2026-09-11T02:34:17.757+00:00,320.001,368.35,99,21645.2,2685,64,measure
2026-09-11T02:34:18.757+00:00,321.001,360.549,99,21645.2,2685,63,measure
2026-09-11T02:34:19.757+00:00,322.000,388.828,99,21645.2,2685,69,measure
2026-09-11T02:34:20.779+00:00,323.000,359.032,99,21645.2,2685,63,measure
2026-09-11T02:34:21.758+00:00,324.002,372.276,99,21645.2,2685,66,measure
2026-09-11T02:34:22.757+00:00,325.001,390.281,99,21645.2,2625,64,measure
2026-09-11T02:34:23.759+00:00,326.001,365.551,99,21645.2,2655,65,measure
2026-09-11T02:34:24.799+00:00,327.000,368.526,99,21645.2,2685,64,measure
2026-09-11T02:34:25.777+00:00,328.002,379.371,99,21645.2,2655,66,measure
2026-09-11T02:34:26.760+00:00,329.001,373.047,99,21645.2,2685,69,measure
2026-09-11T02:34:27.757+00:00,330.001,369.374,99,21645.2,2685,68,measure
2026-09-11T02:34:28.756+00:00,331.000,372.287,99,21645.2,2685,66,measure
2026-09-11T02:34:29.804+00:00,332.001,388.794,99,21645.2,2685,65,measure
2026-09-11T02:34:30.757+00:00,333.000,367.833,99,21645.2,2685,69,measure
2026-09-11T02:34:31.758+00:00,334.001,372.105,99,21645.2,2685,65,measure
2026-09-11T02:34:32.758+00:00,335.000,364.558,99,21645.2,2625,65,measure
2026-09-11T02:34:33.758+00:00,336.001,374.982,99,21645.2,2670,64,measure
2026-09-11T02:34:34.808+00:00,337.001,369.559,99,21645.2,2685,68,measure
2026-09-11T02:34:35.757+00:00,338.001,378.585,99,21645.2,2685,65,measure
2026-09-11T02:34:36.780+00:00,339.000,375.035,99,21645.2,2685,67,measure
2026-09-11T02:34:37.757+00:00,340.001,369.532,99,21645.2,2685,68,measure
2026-09-11T02:34:38.757+00:00,341.000,380.51,99,21645.2,2685,70,measure
2026-09-11T02:34:39.761+00:00,342.005,359.406,99,21645.2,2685,64,measure
2026-09-11T02:34:40.787+00:00,343.005,383.935,99,21645.2,2685,66,measure
2026-09-11T02:34:41.757+00:00,344.001,363.333,99,21645.2,2670,64,measure
2026-09-11T02:34:42.758+00:00,345.002,375.745,99,21645.2,2685,70,measure
2026-09-11T02:34:43.758+00:00,346.001,368.338,99,21645.2,2685,64,measure
2026-09-11T02:34:44.761+00:00,347.005,361.118,99,21645.2,2685,67,measure
2026-09-11T02:34:45.798+00:00,348.004,367.802,99,21645.2,2625,67,measure
2026-09-11T02:34:46.757+00:00,349.001,366.363,99,21645.2,2685,64,measure
2026-09-11T02:34:47.761+00:00,350.005,378.593,99,21645.2,2655,65,measure
2026-09-11T02:34:48.756+00:00,351.000,368.517,99,21645.2,2685,69,measure
2026-09-11T02:34:47.264+00:00,352.007,368.896,99,21645.2,2685,64,measure
2026-09-11T02:34:48.260+00:00,353.002,375.212,99,21645.2,2655,64,measure
2026-09-11T02:34:49.262+00:00,354.007,361.741,99,21645.2,2685,64,measure
2026-09-11T02:34:50.265+00:00,355.004,376.95,99,21645.2,2685,68,measure
2026-09-11T02:34:51.260+00:00,356.001,383.246,99,21645.2,2685,68,measure
2026-09-11T02:34:52.267+00:00,357.004,365.93,99,21645.2,2685,64,measure
2026-09-11T02:34:53.257+00:00,358.001,365.058,99,21645.2,2685,65,measure
2026-09-11T02:34:54.291+00:00,359.003,379.985,99,21645.2,2685,65,measure
2026-09-11T02:34:55.256+00:00,360.001,373.744,99,21645.2,2685,65,measure
2026-09-11T02:34:56.255+00:00,361.000,366.934,99,21645.2,2685,65,measure
2026-09-11T02:34:57.257+00:00,362.001,373.763,99,21645.2,2685,68,measure
2026-09-11T02:34:58.268+00:00,363.008,371.878,99,21645.2,2685,67,measure
2026-09-11T02:34:59.294+00:00,364.002,356.599,99,21645.2,2685,64,measure
2026-09-11T02:35:00.258+00:00,365.003,376.688,99,21645.2,2685,65,measure
2026-09-11T02:35:01.262+00:00,366.002,379.067,99,21645.2,2640,69,measure
2026-09-11T02:35:02.255+00:00,367.000,366.529,99,21645.2,2685,67,measure
2026-09-11T02:35:03.303+00:00,368.001,380.385,99,21645.2,2685,65,measure
2026-09-11T02:35:04.297+00:00,369.000,388.318,99,21645.2,2685,70,measure
2026-09-11T02:35:05.257+00:00,370.001,367.163,99,21645.2,2685,65,measure
2026-09-11T02:35:06.258+00:00,371.003,375.476,99,21645.2,2685,66,measure
2026-09-11T02:35:07.256+00:00,372.000,376.073,99,21645.2,2655,65,measure
2026-09-11T02:35:08.256+00:00,373.001,367.942,99,21645.2,2685,64,measure
2026-09-11T02:35:09.255+00:00,374.000,360.113,99,21645.2,2685,64,measure
2026-09-11T02:35:10.255+00:00,375.000,371.555,99,21645.2,2685,65,measure
2026-09-11T02:35:11.262+00:00,376.000,369.773,99,21645.2,2685,64,measure
2026-09-11T02:35:12.257+00:00,377.002,376.786,99,21645.2,2685,64,measure
2026-09-11T02:35:13.256+00:00,378.000,367.303,99,21645.2,2685,65,measure
2026-09-11T02:35:14.255+00:00,379.000,370.486,99,21645.2,2685,64,measure
2026-09-11T02:35:15.255+00:00,380.000,373.782,99,21645.2,2685,64,measure
2026-09-11T02:35:16.255+00:00,381.000,362.55,99,21645.2,2685,68,measure
2026-09-11T02:35:17.257+00:00,382.000,386.707,99,21645.2,2685,65,measure
2026-09-11T02:35:18.258+00:00,383.000,371.738,99,21645.2,2685,64,measure
2026-09-11T02:35:19.255+00:00,384.000,360.104,99,21645.2,2685,67,measure
2026-09-11T02:35:17.771+00:00,385.012,381.092,99,21645.2,2670,64,measure
2026-09-11T02:35:18.784+00:00,386.001,377.835,99,21645.2,2655,65,measure
2026-09-11T02:35:19.764+00:00,387.004,362.829,99,21645.2,2685,64,measure
2026-09-11T02:35:20.820+00:00,388.017,360.718,99,21645.2,2685,67,measure
2026-09-11T02:35:21.779+00:00,389.019,390.121,99,21645.2,2685,68,measure
2026-09-11T02:35:22.767+00:00,390.007,360.033,99,21645.2,2685,65,measure
2026-09-11T02:35:23.760+00:00,391.001,359.188,99,21645.2,2685,64,measure
2026-09-11T02:35:24.760+00:00,392.001,389.197,99,21645.2,2685,66,measure
2026-09-11T02:35:25.774+00:00,393.016,361.638,99,21645.2,2685,64,measure
2026-09-11T02:35:26.764+00:00,394.006,370.717,99,21645.2,2685,65,measure
2026-09-11T02:35:27.796+00:00,395.003,374.966,99,21645.2,2685,67,measure
2026-09-11T02:35:28.759+00:00,396.001,379.224,99,21645.2,2685,68,measure
2026-09-11T02:35:29.766+00:00,397.007,375.01,99,21645.2,2685,69,measure
2026-09-11T02:35:30.764+00:00,398.005,335.798,99,21645.2,2685,63,measure
2026-09-11T02:35:31.818+00:00,399.004,336.654,99,21645.2,2685,63,measure
2026-09-11T02:35:32.761+00:00,400.002,364.788,99,21645.2,2685,65,measure
2026-09-11T02:35:33.763+00:00,401.005,389.122,99,21645.2,2685,69,measure
2026-09-11T02:35:34.758+00:00,402.000,344.199,99,21645.2,2685,64,measure
2026-09-11T02:35:35.765+00:00,403.003,380.599,99,21645.2,2685,69,measure
2026-09-11T02:35:36.766+00:00,404.006,390.665,99,21645.2,2685,66,measure
2026-09-11T02:35:37.760+00:00,405.001,359.414,99,21645.2,2655,65,measure
2026-09-11T02:35:38.761+00:00,406.001,377.058,99,21645.2,2685,68,measure
2026-09-11T02:35:39.773+00:00,407.000,382.959,99,21645.2,2685,69,measure
2026-09-11T02:35:40.759+00:00,408.001,371.407,99,21645.2,2685,64,measure
2026-09-11T02:35:41.759+00:00,409.000,346.54,99,21645.2,2685,64,measure
2026-09-11T02:35:42.806+00:00,410.002,379.771,99,21645.2,2685,69,measure
2026-09-11T02:35:43.767+00:00,411.008,385.298,99,21645.2,2685,69,measure
2026-09-11T02:35:44.763+00:00,412.003,364.96,99,21645.2,2685,66,measure
2026-09-11T02:35:45.760+00:00,413.000,368.757,99,21645.2,2685,65,measure
2026-09-11T02:35:46.759+00:00,414.001,371.475,100,21645.2,2685,64,measure
2026-09-11T02:35:47.759+00:00,415.000,362.567,99,21645.2,2655,66,measure
2026-09-11T02:35:48.800+00:00,416.000,369.248,99,21645.2,2685,66,measure
2026-09-11T02:35:47.255+00:00,417.000,377.783,99,21645.2,2640,70,measure
2026-09-11T02:35:48.257+00:00,418.000,376.241,99,21645.2,2685,65,measure
2026-09-11T02:35:49.258+00:00,419.000,363.715,99,21645.2,2685,64,measure
2026-09-11T02:35:50.256+00:00,420.001,369.224,99,21645.2,2685,64,measure
2026-09-11T02:35:51.255+00:00,421.000,395.084,99,21645.2,2685,68,measure
2026-09-11T02:35:52.256+00:00,422.001,359.51,99,21645.2,2685,67,measure
2026-09-11T02:35:53.257+00:00,423.001,362.324,99,21645.2,2685,64,measure
2026-09-11T02:35:54.258+00:00,424.001,376.535,99,21645.2,2685,66,measure
2026-09-11T02:35:55.258+00:00,425.001,372.665,99,21645.2,2685,66,measure
2026-09-11T02:35:56.255+00:00,426.000,355.856,99,21645.2,2655,64,measure
2026-09-11T02:35:57.256+00:00,427.000,370.486,99,21645.2,2685,64,measure
2026-09-11T02:35:58.255+00:00,428.000,366.341,99,21645.2,2685,67,measure
2026-09-11T02:35:59.256+00:00,429.000,372.97,99,21645.2,2685,64,measure
2026-09-11T02:36:00.257+00:00,430.001,351.714,99,21645.2,2595,64,measure
2026-09-11T02:36:01.256+00:00,431.000,380.728,99,21645.2,2685,68,measure
2026-09-11T02:36:02.256+00:00,432.001,375.06,99,21645.2,2685,65,measure
2026-09-11T02:36:03.258+00:00,433.001,361.3,99,21645.2,2685,64,measure
2026-09-11T02:36:04.256+00:00,434.001,382.292,99,21645.2,2670,65,measure
2026-09-11T02:36:05.257+00:00,435.000,384.644,99,21645.2,2685,65,measure
2026-09-11T02:36:06.260+00:00,436.001,358.216,99,21645.2,2685,64,measure
2026-09-11T02:36:07.290+00:00,437.001,367.69,99,21645.2,2595,66,measure
2026-09-11T02:36:08.256+00:00,438.000,377.005,99,21645.2,2685,65,measure
2026-09-11T02:36:09.256+00:00,439.001,376.981,99,21645.2,2640,68,measure
2026-09-11T02:36:10.257+00:00,440.002,365.362,99,21645.2,2685,67,measure
2026-09-11T02:36:11.257+00:00,441.000,358.926,99,21645.2,2685,71,measure
2026-09-11T02:36:12.294+00:00,442.000,385.887,99,21645.2,2685,66,measure
2026-09-11T02:36:13.289+00:00,443.000,363.214,99,21645.2,2685,64,measure
2026-09-11T02:36:14.265+00:00,444.000,362.191,99,21645.2,2685,67,measure
2026-09-11T02:36:15.255+00:00,445.000,376.274,99,21645.2,2685,67,measure
2026-09-11T02:36:16.256+00:00,446.001,389.94,99,21645.2,2685,65,measure
2026-09-11T02:36:17.257+00:00,447.001,360.986,99,21645.2,2685,64,measure
2026-09-11T02:36:18.257+00:00,448.000,373.005,99,21645.2,2685,65,measure
2026-09-11T02:36:16.778+00:00,449.003,392.169,99,21645.2,2640,66,measure
2026-09-11T02:36:17.781+00:00,450.004,373.408,99,21645.2,2685,64,measure
2026-09-11T02:36:18.775+00:00,451.000,370.368,99,21645.2,2685,68,measure
2026-09-11T02:36:19.821+00:00,452.000,366.011,99,21645.2,2625,65,measure
2026-09-11T02:36:20.776+00:00,453.000,383.895,99,21645.2,2685,69,measure
2026-09-11T02:36:21.778+00:00,454.000,362.392,99,21645.2,2685,65,measure
2026-09-11T02:36:22.775+00:00,455.001,369.76,99,21645.2,2685,69,measure
2026-09-11T02:36:23.775+00:00,456.001,380.757,99,21645.2,2655,66,measure
2026-09-11T02:36:24.824+00:00,457.000,372.171,99,21645.2,2685,68,measure
2026-09-11T02:36:25.781+00:00,458.005,359.274,99,21645.2,2685,68,measure
2026-09-11T02:36:26.781+00:00,459.004,370.167,100,21645.2,2685,68,measure
2026-09-11T02:36:27.778+00:00,460.002,369.794,99,21645.2,2685,67,measure
2026-09-11T02:36:28.775+00:00,461.000,373.554,99,21645.2,2685,65,measure
2026-09-11T02:36:29.775+00:00,462.001,372.039,99,21645.2,2685,66,measure
2026-09-11T02:36:30.779+00:00,463.004,372.848,99,21645.2,2685,65,measure
2026-09-11T02:36:31.804+00:00,464.001,371.536,99,21645.2,2685,67,measure
2026-09-11T02:36:32.777+00:00,465.001,361.082,99,21645.2,2685,65,measure
2026-09-11T02:36:33.778+00:00,466.002,375.645,99,21645.2,2685,64,measure
2026-09-11T02:36:34.777+00:00,467.002,376.196,99,21645.2,2685,66,measure
2026-09-11T02:36:35.775+00:00,468.001,368.058,99,21645.2,2685,65,measure
2026-09-11T02:36:36.780+00:00,469.006,366.597,99,21645.2,2685,64,measure
2026-09-11T02:36:37.780+00:00,470.004,368.33,99,21645.2,2685,65,measure
2026-09-11T02:36:38.777+00:00,471.001,378.272,99,21645.2,2670,65,measure
2026-09-11T02:36:39.781+00:00,472.006,380.879,99,21645.2,2685,66,measure
2026-09-11T02:36:40.780+00:00,473.006,370.813,99,21645.2,2685,66,measure
2026-09-11T02:36:41.778+00:00,474.003,371.632,99,21645.2,2685,65,measure
2026-09-11T02:36:42.800+00:00,475.003,376.869,99,21645.2,2685,66,measure
2026-09-11T02:36:43.776+00:00,476.001,365.492,99,21645.2,2685,64,measure
2026-09-11T02:36:44.777+00:00,477.001,359.321,99,21645.2,2670,64,measure
2026-09-11T02:36:45.780+00:00,478.005,377.017,99,21645.2,2685,64,measure
2026-09-11T02:36:46.775+00:00,479.000,361.983,99,21645.2,2640,64,measure
2026-09-11T02:36:47.802+00:00,480.000,366.411,99,21645.2,2655,68,measure
2026-09-11T02:36:48.775+00:00,481.000,374.677,99,21645.2,2685,66,measure
2026-09-11T02:36:47.264+00:00,482.006,367.684,99,21645.2,2685,64,measure
2026-09-11T02:36:48.268+00:00,483.001,372.176,99,21645.2,2685,66,measure
2026-09-11T02:36:49.260+00:00,484.001,374.019,99,21645.2,2685,69,measure
2026-09-11T02:36:50.258+00:00,485.000,375.46,100,21645.2,2685,67,measure
2026-09-11T02:36:51.259+00:00,486.001,354.532,99,21645.2,2685,64,measure
2026-09-11T02:36:52.258+00:00,487.000,383.05,99,21645.2,2685,65,measure
2026-09-11T02:36:53.259+00:00,488.001,365.329,99,21645.2,2685,68,measure
2026-09-11T02:36:54.259+00:00,489.000,377.459,99,21645.2,2685,64,measure
2026-09-11T02:36:55.292+00:00,490.001,366.956,99,21645.2,2640,68,measure
2026-09-11T02:36:56.258+00:00,491.000,365.896,99,21645.2,2685,65,measure
2026-09-11T02:36:57.258+00:00,492.001,364.804,99,21645.2,2685,66,measure
2026-09-11T02:36:58.259+00:00,493.001,374.99,99,21645.2,2685,65,measure
2026-09-11T02:36:59.258+00:00,494.000,383.443,99,21645.2,2685,65,measure
2026-09-11T02:37:00.260+00:00,495.000,358.866,99,21645.2,2685,66,measure
2026-09-11T02:37:01.279+00:00,496.000,371.934,99,21645.2,2670,68,measure
2026-09-11T02:37:02.258+00:00,497.001,375.846,99,21645.2,2685,67,measure
2026-09-11T02:37:03.259+00:00,498.001,361.352,99,21645.2,2685,64,measure
2026-09-11T02:37:04.258+00:00,499.000,361.672,99,21645.2,2685,65,measure
2026-09-11T02:37:05.258+00:00,500.000,391.133,99,21645.2,2685,64,measure
2026-09-11T02:37:06.260+00:00,501.001,381.789,99,21645.2,2685,65,measure
2026-09-11T02:37:07.259+00:00,502.001,351.898,99,21645.2,2685,66,measure
2026-09-11T02:37:08.258+00:00,503.000,366.494,99,21645.2,2595,64,measure
2026-09-11T02:37:09.258+00:00,504.001,408.162,99,21645.2,2685,66,measure
2026-09-11T02:37:10.258+00:00,505.000,360.425,99,21645.2,2685,65,measure
2026-09-11T02:37:11.258+00:00,506.000,350.145,99,21645.2,2685,64,measure
2026-09-11T02:37:12.271+00:00,507.000,368.589,99,21645.2,2685,67,measure
2026-09-11T02:37:13.260+00:00,508.001,377.332,99,21645.2,2685,67,measure
2026-09-11T02:37:14.260+00:00,509.001,380.516,99,21645.2,2685,68,measure
2026-09-11T02:37:15.258+00:00,510.000,373.125,99,21645.2,2655,66,measure
2026-09-11T02:37:16.289+00:00,511.000,361.637,99,21645.2,2685,64,measure
2026-09-11T02:37:17.277+00:00,512.003,385.033,99,21645.2,2595,66,measure
2026-09-11T02:37:18.265+00:00,513.008,375.958,99,21645.2,2685,66,measure
2026-09-11T02:37:19.261+00:00,514.000,360.763,99,21645.2,2685,64,measure
2026-09-11T02:37:17.809+00:00,515.002,356.107,99,21645.2,2685,64,measure
2026-09-11T02:37:18.789+00:00,516.001,380.679,99,21645.2,2685,67,measure
2026-09-11T02:37:19.784+00:00,517.002,366.072,99,21645.2,2685,68,measure
2026-09-11T02:37:20.763+00:00,518.002,370.013,99,21645.2,2685,66,measure
2026-09-11T02:37:21.761+00:00,519.001,381.589,99,21645.2,2685,68,measure
2026-09-11T02:37:22.815+00:00,520.000,377.071,99,21645.2,2685,66,measure
2026-09-11T02:37:23.760+00:00,521.001,360.256,99,21645.2,2685,65,measure
2026-09-11T02:37:24.787+00:00,522.000,366.076,99,21645.2,2685,64,measure
2026-09-11T02:37:25.761+00:00,523.002,379.804,99,21645.2,2685,67,measure
2026-09-11T02:37:26.762+00:00,524.001,357.853,99,21645.2,2685,64,measure
2026-09-11T02:37:27.764+00:00,525.000,361.483,99,21645.2,2685,66,measure
2026-09-11T02:37:28.795+00:00,526.002,372.59,99,21645.2,2685,69,measure
2026-09-11T02:37:29.761+00:00,527.002,374.909,99,21645.2,2685,67,measure
2026-09-11T02:37:30.760+00:00,528.000,369.109,99,21645.2,2685,66,measure
2026-09-11T02:37:31.760+00:00,529.000,366.965,99,21645.2,2685,67,measure
2026-09-11T02:37:32.763+00:00,530.002,381.554,99,21645.2,2685,69,measure
2026-09-11T02:37:33.798+00:00,531.002,367.973,99,21645.2,2685,64,measure
2026-09-11T02:37:34.765+00:00,532.006,358.159,99,21645.2,2685,64,measure
2026-09-11T02:37:35.759+00:00,533.000,384.147,99,21645.2,2685,67,measure
2026-09-11T02:37:36.761+00:00,534.001,393.322,99,21645.2,2685,66,measure
2026-09-11T02:37:37.764+00:00,535.004,368.432,99,21645.2,2685,66,measure
2026-09-11T02:37:38.761+00:00,536.001,356.297,99,21645.2,2685,64,measure
2026-09-11T02:37:39.766+00:00,537.001,393.827,99,21645.2,2685,66,measure
2026-09-11T02:37:40.777+00:00,538.016,361.292,99,21645.2,2685,64,measure
2026-09-11T02:37:41.767+00:00,539.008,380.318,99,21645.2,2685,70,measure
2026-09-11T02:37:42.829+00:00,540.012,386.119,99,21645.2,2685,65,measure
2026-09-11T02:37:43.771+00:00,541.008,357.314,99,21645.2,2685,64,measure
2026-09-11T02:37:44.764+00:00,542.004,361.327,99,21645.2,2685,66,measure
2026-09-11T02:37:45.764+00:00,543.001,374.652,99,21645.2,2685,64,measure
2026-09-11T02:37:46.774+00:00,544.014,386.055,99,21645.2,2685,67,measure
2026-09-11T02:37:47.765+00:00,545.005,352.353,99,21645.2,2685,67,measure
2026-09-11T02:37:48.760+00:00,546.001,376.353,99,21645.2,2670,64,measure
2026-09-11T02:37:47.263+00:00,547.006,371.63,99,21645.2,2655,65,measure
2026-09-11T02:37:48.273+00:00,548.014,363.739,99,21645.2,2685,70,measure
2026-09-11T02:37:49.278+00:00,549.020,369.326,99,21645.2,2670,68,measure
2026-09-11T02:37:50.256+00:00,550.000,381.228,99,21645.2,2685,64,measure
2026-09-11T02:37:51.256+00:00,551.000,374.267,99,21645.2,2685,65,measure
2026-09-11T02:37:52.256+00:00,552.001,359.944,99,21645.2,2685,64,measure
2026-09-11T02:37:53.280+00:00,553.000,368.699,99,21645.2,2610,70,measure
2026-09-11T02:37:54.257+00:00,554.000,372.473,99,21645.2,2685,64,measure
2026-09-11T02:37:55.259+00:00,555.001,375.37,99,21645.2,2685,66,measure
2026-09-11T02:37:56.257+00:00,556.001,362.752,99,21645.2,2685,67,measure
2026-09-11T02:37:57.258+00:00,557.001,381.772,99,21645.2,2685,65,measure
2026-09-11T02:37:58.257+00:00,558.001,384.965,99,21645.2,2685,66,measure
2026-09-11T02:37:59.257+00:00,559.001,372.229,99,21645.2,2685,64,measure
2026-09-11T02:38:00.258+00:00,560.000,374.017,99,21645.2,2685,68,measure
2026-09-11T02:38:01.259+00:00,561.001,381.711,99,21645.2,2685,66,measure
2026-09-11T02:38:02.309+00:00,562.001,369.938,99,21645.2,2685,66,measure
2026-09-11T02:38:03.258+00:00,563.002,361.773,99,21645.2,2685,64,measure
2026-09-11T02:38:04.257+00:00,564.000,374.668,99,21645.2,2685,64,measure
2026-09-11T02:38:05.256+00:00,565.000,380.405,99,21645.2,2685,65,measure
2026-09-11T02:38:06.258+00:00,566.000,354.398,100,21645.2,2685,65,measure
2026-09-11T02:38:07.259+00:00,567.000,370.517,99,21645.2,2685,67,measure
2026-09-11T02:38:08.290+00:00,568.001,394.35,99,21645.2,2685,65,measure
2026-09-11T02:38:09.256+00:00,569.001,372.423,99,21645.2,2685,64,measure
2026-09-11T02:38:10.262+00:00,570.001,372.718,99,21645.2,2685,65,measure
2026-09-11T02:38:11.257+00:00,571.000,377.018,99,21645.2,2685,65,measure
2026-09-11T02:38:12.258+00:00,572.000,382.362,99,21645.2,2685,64,measure
2026-09-11T02:38:13.258+00:00,573.000,365.112,99,21645.2,2685,65,measure
2026-09-11T02:38:14.257+00:00,574.001,374.228,99,21645.2,2685,67,measure
2026-09-11T02:38:15.257+00:00,575.001,375.828,99,21645.2,2685,68,measure
2026-09-11T02:38:16.256+00:00,576.000,347.088,99,21645.2,2685,64,measure
2026-09-11T02:38:17.257+00:00,577.000,375.501,99,21645.2,2685,69,measure
2026-09-11T02:38:18.258+00:00,578.000,371.494,99,21645.2,2685,65,measure
2026-09-11T02:38:19.261+00:00,579.001,367.649,99,21645.2,2685,65,measure
2026-09-11T02:38:17.771+00:00,580.001,362.031,99,21645.2,2685,66,measure
2026-09-11T02:38:18.770+00:00,581.000,381.098,99,21645.2,2685,66,measure
2026-09-11T02:38:19.770+00:00,582.000,379.343,99,21645.2,2685,65,measure
2026-09-11T02:38:20.770+00:00,583.000,350.723,99,21645.2,2685,64,measure
2026-09-11T02:38:21.772+00:00,584.001,379.952,99,21645.2,2685,65,measure
2026-09-11T02:38:22.774+00:00,585.000,372.991,99,21645.2,2685,68,measure
2026-09-11T02:38:23.771+00:00,586.000,361.276,100,21645.2,2685,64,measure
2026-09-11T02:38:24.771+00:00,587.001,371.571,99,21645.2,2685,66,measure
2026-09-11T02:38:25.771+00:00,588.001,371.099,99,21645.2,2685,67,measure
2026-09-11T02:38:26.770+00:00,589.000,375.039,99,21645.2,2685,69,measure
2026-09-11T02:38:27.778+00:00,590.001,353.453,99,21645.2,2610,64,measure
2026-09-11T02:38:28.785+00:00,591.000,385.075,99,21645.2,2685,66,measure
2026-09-11T02:38:29.770+00:00,592.000,367.449,99,21645.2,2685,64,measure
2026-09-11T02:38:30.770+00:00,593.000,362.741,99,21645.2,2685,64,measure
2026-09-11T02:38:31.816+00:00,594.003,360.098,99,21645.2,2610,69,measure
2026-09-11T02:38:32.803+00:00,595.000,380.25,99,21645.2,2640,65,measure
2026-09-11T02:38:33.772+00:00,596.000,366.986,99,21645.2,2685,64,measure
2026-09-11T02:38:34.772+00:00,597.000,354.309,99,21645.2,2685,64,measure
2026-09-11T02:38:35.770+00:00,598.000,387.079,99,21645.2,2685,66,measure
2026-09-11T02:38:36.770+00:00,599.000,381.62,99,21645.2,2685,64,measure
2026-09-11T02:38:37.771+00:00,600.000,346.84,99,21645.2,2685,64,measure
2026-09-11T02:38:38.770+00:00,601.000,376.993,99,21645.2,2685,64,measure
2026-09-11T02:38:39.772+00:00,602.000,375.829,99,21645.2,2685,65,measure
2026-09-11T02:38:40.772+00:00,603.000,363.717,99,21645.2,2685,64,measure
2026-09-11T02:38:41.818+00:00,604.000,362.001,100,21645.2,2670,66,measure
2026-09-11T02:38:42.770+00:00,605.000,370.106,99,21645.2,2685,69,measure
2026-09-11T02:38:43.793+00:00,606.001,386.138,99,21645.2,2685,69,measure
2026-09-11T02:38:44.770+00:00,607.000,382.817,99,21645.2,2685,66,measure
2026-09-11T02:38:45.772+00:00,608.000,369.984,99,21645.2,2685,64,measure
2026-09-11T02:38:46.776+00:00,609.006,370.414,99,21645.2,2685,64,measure
2026-09-11T02:38:47.779+00:00,610.009,378.214,99,21645.2,2655,67,measure
2026-09-11T02:38:48.806+00:00,611.003,352.279,99,21645.2,2640,67,measure
2026-09-11T02:38:47.271+00:00,612.000,378.718,99,21645.2,2655,64,measure
2026-09-11T02:38:48.333+00:00,613.017,379.971,99,21645.2,2685,67,measure
2026-09-11T02:38:49.279+00:00,614.004,370.109,99,21645.2,2685,66,measure
2026-09-11T02:38:50.308+00:00,615.005,380.22,99,21645.2,2685,70,measure
2026-09-11T02:38:51.275+00:00,616.004,370.057,99,21645.2,2685,66,measure
2026-09-11T02:38:52.274+00:00,617.001,375.572,99,21645.2,2685,68,measure
2026-09-11T02:38:53.273+00:00,618.002,364.425,99,21645.2,2685,67,measure
2026-09-11T02:38:54.272+00:00,619.001,355.657,99,21645.2,2685,64,measure
2026-09-11T02:38:55.273+00:00,620.001,342.383,99,21645.2,2685,67,measure
2026-09-11T02:38:56.278+00:00,621.006,338.536,99,21645.2,2685,63,measure
2026-09-11T02:38:57.275+00:00,622.003,336.622,99,21645.2,2685,65,measure
2026-09-11T02:38:58.279+00:00,623.008,343.923,99,21645.2,2685,65,measure
2026-09-11T02:38:59.271+00:00,624.000,333.137,99,21645.2,2685,63,measure
2026-09-11T02:39:00.272+00:00,625.001,330.286,99,21645.2,2685,65,measure
2026-09-11T02:39:01.273+00:00,626.001,312.919,100,21645.2,2685,62,measure
2026-09-11T02:39:02.272+00:00,627.000,299.8,100,21645.2,2685,62,measure
2026-09-11T02:39:03.272+00:00,628.000,310.697,99,21645.2,2685,64,measure
2026-09-11T02:39:04.272+00:00,629.000,313.954,99,21645.2,2685,64,measure
2026-09-11T02:39:05.272+00:00,630.000,333.865,99,21645.2,2685,65,measure
2026-09-11T02:39:06.272+00:00,631.000,329.346,99,21645.2,2685,63,measure
2026-09-11T02:39:07.276+00:00,632.004,322.458,99,21645.2,2685,62,measure
2026-09-11T02:39:08.274+00:00,633.002,313.725,99,21645.2,2685,61,measure
2026-09-11T02:39:09.272+00:00,634.001,315.721,99,21645.2,2685,62,measure
2026-09-11T02:39:10.273+00:00,635.001,308.475,100,21645.2,2685,62,measure
2026-09-11T02:39:11.272+00:00,636.000,308.291,99,21645.2,2685,61,measure
2026-09-11T02:39:12.273+00:00,637.001,316.989,100,21645.2,2685,61,measure
2026-09-11T02:39:13.275+00:00,638.004,311.079,99,21645.2,2685,64,measure
2026-09-11T02:39:14.274+00:00,639.002,334.713,99,21645.2,2685,63,measure
2026-09-11T02:39:15.272+00:00,640.001,341.128,99,21645.2,2685,62,measure
2026-09-11T02:39:16.272+00:00,641.000,346.265,99,21645.2,2685,62,measure
2026-09-11T02:39:17.272+00:00,642.000,336.353,99,21645.2,2685,63,measure
2026-09-11T02:39:18.273+00:00,643.001,319.634,99,21645.2,2685,62,measure
2026-09-11T02:39:19.273+00:00,644.000,314.282,100,21645.2,2685,61,measure
2026-09-11T02:39:17.772+00:00,645.000,315.966,99,21645.2,2685,61,measure
2026-09-11T02:39:18.823+00:00,646.000,324.159,99,21645.2,2685,63,measure
2026-09-11T02:39:19.774+00:00,647.000,352.283,99,21645.2,2685,68,measure
2026-09-11T02:39:20.772+00:00,648.001,340.623,99,21645.2,2685,62,measure
2026-09-11T02:39:21.774+00:00,649.001,348.708,99,21645.2,2685,62,measure
2026-09-11T02:39:22.775+00:00,650.001,330.518,99,21645.2,2685,64,measure
2026-09-11T02:39:23.772+00:00,651.001,326.938,99,21645.2,2685,62,measure
2026-09-11T02:39:24.774+00:00,652.002,329.203,99,21645.2,2685,63,measure
2026-09-11T02:39:25.796+00:00,653.000,332.924,99,21645.2,2685,62,measure
2026-09-11T02:39:26.772+00:00,654.000,318.858,99,21645.2,2685,61,measure
2026-09-11T02:39:27.773+00:00,655.000,310.433,99,21645.2,2685,61,measure
2026-09-11T02:39:28.828+00:00,656.000,333.598,99,21645.2,2685,61,measure
2026-09-11T02:39:29.774+00:00,657.003,349.426,99,21645.2,2685,63,measure
2026-09-11T02:39:30.780+00:00,658.008,339.992,99,21645.2,2685,62,measure
2026-09-11T02:39:31.777+00:00,659.006,325.711,99,21645.2,2685,64,measure
2026-09-11T02:39:32.772+00:00,660.001,313.442,99,21645.2,2685,61,measure
2026-09-11T02:39:33.783+00:00,661.012,322.842,99,21645.2,2685,61,measure
2026-09-11T02:39:34.775+00:00,662.000,331.589,99,21645.2,2685,62,measure
2026-09-11T02:39:35.772+00:00,663.000,340.613,99,21645.2,2685,62,measure
2026-09-11T02:39:36.772+00:00,664.001,338.379,99,21645.2,2685,62,measure
2026-09-11T02:39:37.772+00:00,665.000,335.349,99,21645.2,2685,63,measure
2026-09-11T02:39:38.772+00:00,666.000,339.93,99,21645.2,2685,62,measure
2026-09-11T02:39:39.773+00:00,667.000,329.248,100,21645.2,2685,62,measure
2026-09-11T02:39:40.774+00:00,668.002,339.154,99,21645.2,2685,62,measure
2026-09-11T02:39:41.772+00:00,669.000,322.547,99,21645.2,2685,62,measure
2026-09-11T02:39:42.772+00:00,670.000,306.528,100,21645.2,2685,61,measure
2026-09-11T02:39:43.772+00:00,671.000,305.401,99,21645.2,2685,61,measure
2026-09-11T02:39:44.772+00:00,672.000,293.343,99,21645.2,2685,60,measure
2026-09-11T02:39:45.773+00:00,673.001,315.596,99,21645.2,2685,61,measure
2026-09-11T02:39:46.777+00:00,674.005,333.279,99,21645.2,2685,62,measure
2026-09-11T02:39:47.771+00:00,675.000,350.393,99,21645.2,2685,63,measure
2026-09-11T02:39:48.776+00:00,676.005,349.852,99,21645.2,2685,63,measure
2026-09-11T02:39:47.267+00:00,677.000,316.386,99,21645.2,2685,61,measure
2026-09-11T02:39:48.265+00:00,678.001,308.554,100,21645.2,2685,61,measure
2026-09-11T02:39:49.267+00:00,679.001,307.403,100,21645.2,2685,66,measure
2026-09-11T02:39:50.267+00:00,680.001,316.183,100,21645.2,2685,62,measure
2026-09-11T02:39:51.265+00:00,681.001,308.826,99,21645.2,2685,62,measure
2026-09-11T02:39:52.265+00:00,682.000,319.44,99,21645.2,2685,61,measure
2026-09-11T02:39:53.265+00:00,683.001,315.966,99,21645.2,2685,61,measure
2026-09-11T02:39:54.265+00:00,684.001,328.741,99,21645.2,2685,62,measure
2026-09-11T02:39:55.267+00:00,685.000,337.508,99,21645.2,2685,62,measure
2026-09-11T02:39:56.267+00:00,686.001,347.018,99,21645.2,2685,62,measure
2026-09-11T02:39:57.265+00:00,687.001,339.148,99,21645.2,2685,62,measure
2026-09-11T02:39:58.265+00:00,688.001,323.179,100,21645.2,2685,62,measure
2026-09-11T02:39:59.265+00:00,689.001,305.816,99,21645.2,2685,60,measure
2026-09-11T02:40:00.265+00:00,690.000,300.306,100,21645.2,2685,60,measure
2026-09-11T02:40:01.270+00:00,691.005,309.061,99,21645.2,2685,61,measure
2026-09-11T02:40:02.270+00:00,692.005,340.914,99,21645.2,2685,63,measure
2026-09-11T02:40:03.267+00:00,693.002,340.269,99,21645.2,2685,62,measure
2026-09-11T02:40:04.270+00:00,694.005,332.08,99,21645.2,2685,62,measure
2026-09-11T02:40:05.269+00:00,695.004,316.733,99,21645.2,2685,62,measure
2026-09-11T02:40:06.270+00:00,696.004,315.722,99,21645.2,2685,61,measure
2026-09-11T02:40:07.270+00:00,697.003,314.973,99,21645.2,2685,61,measure
2026-09-11T02:40:08.267+00:00,698.002,319.779,99,21645.2,2685,61,measure
2026-09-11T02:40:09.266+00:00,699.002,325.429,99,21645.2,2685,62,measure
2026-09-11T02:40:10.265+00:00,700.000,318.712,99,21645.2,2685,61,measure
2026-09-11T02:40:11.265+00:00,701.000,333.937,99,21645.2,2685,65,measure
2026-09-11T02:40:12.265+00:00,702.001,331.389,99,21645.2,2685,62,measure
2026-09-11T02:40:13.270+00:00,703.001,334.83,99,21645.2,2685,62,measure
2026-09-11T02:40:14.266+00:00,704.001,325.984,99,21645.2,2685,61,measure
2026-09-11T02:40:15.265+00:00,705.000,316.784,99,21645.2,2685,62,measure
2026-09-11T02:40:16.265+00:00,706.001,313.002,99,21645.2,2685,60,measure
2026-09-11T02:40:17.266+00:00,707.001,315.153,99,21645.2,2685,64,measure
2026-09-11T02:40:18.265+00:00,708.000,315.094,100,21645.2,2685,60,measure
2026-09-11T02:40:19.267+00:00,709.002,324.792,99,21645.2,2685,62,measure
2026-09-11T02:40:17.763+00:00,710.001,331.42,99,21645.2,2685,64,measure
2026-09-11T02:40:18.762+00:00,711.001,319.865,100,21645.2,2685,61,measure
2026-09-11T02:40:19.762+00:00,712.000,321.038,99,21645.2,2685,61,measure
2026-09-11T02:40:20.763+00:00,713.001,339.948,99,21645.2,2685,62,measure
2026-09-11T02:40:21.762+00:00,714.000,358.935,99,21645.2,2685,62,measure
2026-09-11T02:40:22.763+00:00,715.000,347.894,99,21645.2,2685,64,measure
2026-09-11T02:40:23.763+00:00,716.000,344.917,99,21645.2,2685,63,measure
2026-09-11T02:40:24.762+00:00,717.001,331.93,100,21645.2,2685,61,measure
2026-09-11T02:40:25.761+00:00,718.000,337.216,100,21645.2,2685,63,measure
2026-09-11T02:40:26.762+00:00,719.000,337.518,99,21645.2,2685,62,measure
2026-09-11T02:40:27.762+00:00,720.000,313.897,99,21645.2,2685,62,measure
2026-09-11T02:40:28.763+00:00,721.001,296.8,99,21645.2,2685,60,measure
2026-09-11T02:40:29.763+00:00,722.001,305.76,99,21645.2,2685,61,measure
2026-09-11T02:40:30.762+00:00,723.000,316.904,99,21645.2,2685,63,measure
2026-09-11T02:40:31.764+00:00,724.000,346.922,99,21645.2,2685,65,measure
2026-09-11T02:40:32.762+00:00,725.001,334.094,99,21645.2,2685,62,measure
2026-09-11T02:40:33.762+00:00,726.001,326.239,99,21645.2,2685,62,measure
2026-09-11T02:40:34.764+00:00,727.000,305.735,99,21645.2,2685,61,measure
2026-09-11T02:40:35.762+00:00,728.000,289,99,21645.2,2685,60,measure
2026-09-11T02:40:36.762+00:00,729.001,293.088,99,21645.2,2700,60,measure
2026-09-11T02:40:37.762+00:00,730.001,303.057,99,21645.2,2700,64,measure
2026-09-11T02:40:38.762+00:00,731.000,320.024,99,21645.2,2700,60,measure
2026-09-11T02:40:39.762+00:00,732.000,323.36,99,21645.2,2700,61,measure
2026-09-11T02:40:40.763+00:00,733.000,312.4,99,21645.2,2700,60,measure
2026-09-11T02:40:41.762+00:00,734.001,306.087,100,21645.2,2700,60,measure
2026-09-11T02:40:42.763+00:00,735.002,312.491,99,21645.2,2700,60,measure
2026-09-11T02:40:43.776+00:00,736.015,303.032,100,21645.2,2700,60,measure
2026-09-11T02:40:44.761+00:00,737.000,304.414,100,21645.2,2700,63,measure
2026-09-11T02:40:45.770+00:00,738.009,307.193,100,21645.2,2700,60,measure
2026-09-11T02:40:46.766+00:00,739.003,314.027,99,21645.2,2700,60,measure
2026-09-11T02:40:47.763+00:00,740.002,328.301,99,21677.2,2685,62,measure
2026-09-11T02:40:48.763+00:00,741.002,347.329,99,21677.2,2685,62,measure
2026-09-11T02:40:47.259+00:00,742.000,346.554,99,21677.2,2685,65,measure
2026-09-11T02:40:48.270+00:00,743.010,338.262,99,21677.2,2685,61,measure
2026-09-11T02:40:49.284+00:00,744.023,324.103,99,21677.2,2685,62,measure
2026-09-11T02:40:50.263+00:00,745.001,311.535,99,21677.2,2685,63,measure
2026-09-11T02:40:51.259+00:00,746.000,315.662,99,21677.2,2685,63,measure
2026-09-11T02:40:52.259+00:00,747.000,317.759,99,21677.2,2685,63,measure
2026-09-11T02:40:53.259+00:00,748.000,334.325,99,21677.2,2685,62,measure
2026-09-11T02:40:54.259+00:00,749.000,333.313,99,21677.2,2685,61,measure
2026-09-11T02:40:55.261+00:00,750.001,331.686,99,21677.2,2685,62,measure
2026-09-11T02:40:56.261+00:00,751.001,339.031,99,21677.2,2685,64,measure
2026-09-11T02:40:57.259+00:00,752.000,324.173,99,21677.2,2685,61,measure
2026-09-11T02:40:58.259+00:00,753.001,332.756,99,21677.2,2685,62,measure
2026-09-11T02:40:59.273+00:00,754.000,340.82,99,21677.2,2685,64,measure
2026-09-11T02:41:00.261+00:00,755.002,358.438,99,21677.2,2685,66,measure
2026-09-11T02:41:01.261+00:00,756.001,348.725,99,21677.2,2685,62,measure
2026-09-11T02:41:02.261+00:00,757.000,339.902,99,21677.2,2685,63,measure
2026-09-11T02:41:03.260+00:00,758.001,322.466,99,21677.2,2685,61,measure
2026-09-11T02:41:04.260+00:00,759.001,340.391,100,21677.2,2685,62,measure
2026-09-11T02:41:05.259+00:00,760.000,327.661,99,21677.2,2685,62,measure
2026-09-11T02:41:06.259+00:00,761.000,348.115,99,21677.2,2685,62,measure
2026-09-11T02:41:07.260+00:00,762.000,330.331,99,21677.2,2685,63,measure
2026-09-11T02:41:08.262+00:00,763.001,339.717,99,21677.2,2685,62,measure
2026-09-11T02:41:09.261+00:00,764.002,329.762,99,21677.2,2685,62,measure
2026-09-11T02:41:10.259+00:00,765.001,331.176,99,21677.2,2685,64,measure
2026-09-11T02:41:11.263+00:00,766.004,329.291,99,21677.2,2685,63,measure
2026-09-11T02:41:12.259+00:00,767.000,340.25,99,21677.2,2685,64,measure
2026-09-11T02:41:13.268+00:00,768.005,351.524,99,21677.2,2625,62,measure
2026-09-11T02:41:14.264+00:00,769.004,363.625,99,21677.2,2685,64,measure
2026-09-11T02:41:15.263+00:00,770.004,344.151,99,21677.2,2685,63,measure
2026-09-11T02:41:16.264+00:00,771.002,357.244,99,21677.2,2685,63,measure
2026-09-11T02:41:17.261+00:00,772.002,347.909,99,21677.2,2685,62,measure
2026-09-11T02:41:18.259+00:00,773.000,325.351,99,21677.2,2685,62,measure
2026-09-11T02:41:19.261+00:00,774.000,312.828,99,21677.2,2685,61,measure
2026-09-11T02:41:17.759+00:00,775.000,315.152,99,21677.2,2685,61,measure
2026-09-11T02:41:18.757+00:00,776.001,321.787,99,21677.2,2685,62,measure
2026-09-11T02:41:19.757+00:00,777.001,335.099,99,21677.2,2685,62,measure
2026-09-11T02:41:20.757+00:00,778.000,336.413,99,21677.2,2685,62,measure
2026-09-11T02:41:21.757+00:00,779.000,332.756,100,21677.2,2685,63,measure
2026-09-11T02:41:22.759+00:00,780.001,319.48,99,21677.2,2685,61,measure
2026-09-11T02:41:23.760+00:00,781.000,338.951,99,21677.2,2685,62,measure
2026-09-11T02:41:24.758+00:00,782.001,322.939,99,21677.2,2685,62,measure
2026-09-11T02:41:25.757+00:00,783.001,332.431,99,21677.2,2685,62,measure
2026-09-11T02:41:26.759+00:00,784.000,334.831,99,21677.2,2685,61,measure
2026-09-11T02:41:27.758+00:00,785.000,335.313,99,21677.2,2685,64,measure
2026-09-11T02:41:28.759+00:00,786.000,342.848,99,21677.2,2685,62,measure
2026-09-11T02:41:29.760+00:00,787.000,333.744,99,21677.2,2685,63,measure
2026-09-11T02:41:30.757+00:00,788.000,328.33,99,21677.2,2685,61,measure
2026-09-11T02:41:31.758+00:00,789.001,330.052,99,21677.2,2685,62,measure
2026-09-11T02:41:32.759+00:00,790.002,336.422,100,21677.2,2685,62,measure
2026-09-11T02:41:33.758+00:00,791.001,324.164,99,21677.2,2685,62,measure
2026-09-11T02:41:34.759+00:00,792.001,302.435,99,21677.2,2685,61,measure
2026-09-11T02:41:35.759+00:00,793.000,301.569,99,21677.2,2685,60,measure
2026-09-11T02:41:36.758+00:00,794.001,304.065,99,21677.2,2685,61,measure
2026-09-11T02:41:37.757+00:00,795.001,324.959,99,21677.2,2685,65,measure
2026-09-11T02:41:38.757+00:00,796.000,337.822,99,21677.2,2685,62,measure
2026-09-11T02:41:39.757+00:00,797.000,341.98,100,21677.2,2685,65,measure
2026-09-11T02:41:40.759+00:00,798.000,349.209,99,21677.2,2685,63,measure
2026-09-11T02:41:41.759+00:00,799.001,345.671,99,21677.2,2685,62,measure
2026-09-11T02:41:42.757+00:00,800.000,341.83,99,21677.2,2685,62,measure
2026-09-11T02:41:43.758+00:00,801.001,324.65,99,21677.2,2685,61,measure
2026-09-11T02:41:44.757+00:00,802.001,305.174,99,21677.2,2685,61,measure
2026-09-11T02:41:45.757+00:00,803.000,316.062,99,21677.2,2685,61,measure
2026-09-11T02:41:46.763+00:00,804.000,328.097,99,21677.2,2685,62,measure
2026-09-11T02:41:47.757+00:00,805.000,334.922,100,21677.2,2685,62,measure
2026-09-11T02:41:48.757+00:00,806.000,334.967,99,21677.2,2685,62,measure
2026-09-11T02:41:47.257+00:00,807.000,334.821,99,21677.2,2685,62,measure
2026-09-11T02:41:48.257+00:00,808.000,342.253,99,21677.2,2640,62,measure
2026-09-11T02:41:49.263+00:00,809.005,347.975,99,21677.2,2685,65,measure
2026-09-11T02:41:50.259+00:00,810.000,343.843,100,21677.2,2685,62,measure
2026-09-11T02:41:51.259+00:00,811.000,322.775,99,21677.2,2685,62,measure
2026-09-11T02:41:52.257+00:00,812.000,324.949,99,21677.2,2685,62,measure
2026-09-11T02:41:53.257+00:00,813.000,326.539,99,21677.2,2685,63,measure
2026-09-11T02:41:54.258+00:00,814.001,332.694,100,21677.2,2685,62,measure
2026-09-11T02:41:55.257+00:00,815.000,333.408,99,21677.2,2685,62,measure
2026-09-11T02:41:56.259+00:00,816.000,338.587,99,21677.2,2685,62,measure
2026-09-11T02:41:57.261+00:00,817.000,316.113,99,21677.2,2595,61,measure
2026-09-11T02:41:58.258+00:00,818.001,319.415,99,21677.2,2685,61,measure
2026-09-11T02:41:59.257+00:00,819.000,328.64,99,21677.2,2685,63,measure
2026-09-11T02:42:00.257+00:00,820.000,323.061,99,21677.2,2685,61,measure
2026-09-11T02:42:01.259+00:00,821.001,326.905,99,21677.2,2685,62,measure
2026-09-11T02:42:02.258+00:00,822.000,321.975,99,21677.2,2685,61,measure
2026-09-11T02:42:03.258+00:00,823.001,317.94,99,21677.2,2685,61,measure
2026-09-11T02:42:04.258+00:00,824.001,317.121,99,21677.2,2685,63,measure
2026-09-11T02:42:05.259+00:00,825.002,312.016,99,21677.2,2685,63,measure
2026-09-11T02:42:06.259+00:00,826.002,317.361,99,21677.2,2685,61,measure
2026-09-11T02:42:07.259+00:00,827.002,315.334,99,21677.2,2685,62,measure
2026-09-11T02:42:08.260+00:00,828.001,330.714,99,21677.2,2685,62,measure
2026-09-11T02:42:09.257+00:00,829.001,308.23,100,21677.2,2685,61,measure
2026-09-11T02:42:10.257+00:00,830.000,311.232,99,21677.2,2685,63,measure
2026-09-11T02:42:11.284+00:00,831.001,320.794,99,21677.2,2685,61,measure
2026-09-11T02:42:12.257+00:00,832.000,313.634,99,21677.2,2685,61,measure
2026-09-11T02:42:13.258+00:00,833.001,323.737,99,21677.2,2685,64,measure
2026-09-11T02:42:14.262+00:00,834.001,338.868,99,21677.2,2685,63,measure
2026-09-11T02:42:15.258+00:00,835.001,347.152,99,21677.2,2685,64,measure
2026-09-11T02:42:16.257+00:00,836.000,337.637,99,21677.2,2685,62,measure
2026-09-11T02:42:17.257+00:00,837.000,323.784,99,21677.2,2685,61,measure
2026-09-11T02:42:18.257+00:00,838.000,314.142,99,21677.2,2685,61,measure
2026-09-11T02:42:19.260+00:00,839.002,314.226,99,21677.2,2685,61,measure
2026-09-11T02:42:17.763+00:00,840.003,323.533,99,21677.2,2685,62,measure
2026-09-11T02:42:18.760+00:00,841.001,326.289,99,21677.2,2685,63,measure
2026-09-11T02:42:19.759+00:00,842.000,317.205,99,21677.2,2685,61,measure
2026-09-11T02:42:20.760+00:00,843.002,312.925,99,21677.2,2685,61,measure
2026-09-11T02:42:21.760+00:00,844.002,325.679,99,21677.2,2685,61,measure
2026-09-11T02:42:22.760+00:00,845.001,329.764,100,21677.2,2685,62,measure
2026-09-11T02:42:23.762+00:00,846.003,324.042,100,21677.2,2685,61,measure
2026-09-11T02:42:24.764+00:00,847.005,309.666,100,21677.2,2685,61,measure
2026-09-11T02:42:25.761+00:00,848.003,304.617,100,21677.2,2685,60,measure
2026-09-11T02:42:26.759+00:00,849.000,311.959,99,21677.2,2685,62,measure
2026-09-11T02:42:27.760+00:00,850.002,331.004,99,21677.2,2685,61,measure
2026-09-11T02:42:28.767+00:00,851.003,330.693,99,21677.2,2685,64,measure
2026-09-11T02:42:29.760+00:00,852.000,318.386,99,21677.2,2685,61,measure
2026-09-11T02:42:30.761+00:00,853.003,298.257,99,21677.2,2685,60,measure
2026-09-11T02:42:31.766+00:00,854.008,310.572,99,21677.2,2685,64,measure
2026-09-11T02:42:32.760+00:00,855.001,312.048,99,21677.2,2685,61,measure
2026-09-11T02:42:33.759+00:00,856.000,337.826,99,21677.2,2685,63,measure
2026-09-11T02:42:34.780+00:00,857.005,333.003,99,21677.2,2685,63,measure
2026-09-11T02:42:35.771+00:00,858.001,328.701,100,21677.2,2685,62,measure
2026-09-11T02:42:36.759+00:00,859.001,331.704,99,21677.2,2685,61,measure
2026-09-11T02:42:37.759+00:00,860.000,323.428,99,21677.2,2685,61,measure
2026-09-11T02:42:38.761+00:00,861.000,320.066,99,21677.2,2685,61,measure
2026-09-11T02:42:39.759+00:00,862.000,338.38,99,21677.2,2685,63,measure
2026-09-11T02:42:40.760+00:00,863.000,343.497,99,21677.2,2685,62,measure
2026-09-11T02:42:41.762+00:00,864.001,348.445,100,21677.2,2685,64,measure
2026-09-11T02:42:42.759+00:00,865.001,319.657,100,21677.2,2685,62,measure
2026-09-11T02:42:43.763+00:00,866.005,309.319,99,21677.2,2685,62,measure
2026-09-11T02:42:44.761+00:00,867.003,319.205,100,21677.2,2685,61,measure
2026-09-11T02:42:45.760+00:00,868.000,312.207,99,21677.2,2685,62,measure
2026-09-11T02:42:46.759+00:00,869.000,316.114,100,21677.2,2685,61,measure
2026-09-11T02:42:47.762+00:00,870.000,306.904,99,21677.2,2685,62,measure
2026-09-11T02:42:48.759+00:00,871.001,308.904,99,21677.2,2685,61,measure
2026-09-11T02:42:47.259+00:00,872.001,308.777,99,21677.2,2685,62,measure
2026-09-11T02:42:48.259+00:00,873.001,309.171,99,21677.2,2685,61,measure
2026-09-11T02:42:49.259+00:00,874.002,308.812,99,21677.2,2685,61,measure
2026-09-11T02:42:50.260+00:00,875.001,315.739,99,21677.2,2685,60,measure
2026-09-11T02:42:51.261+00:00,876.002,314.442,99,21677.2,2685,61,measure
2026-09-11T02:42:52.259+00:00,877.001,317.147,99,21677.2,2685,61,measure
2026-09-11T02:42:53.259+00:00,878.000,327.254,99,21677.2,2685,62,measure
2026-09-11T02:42:54.259+00:00,879.002,329.602,99,21677.2,2685,62,measure
2026-09-11T02:42:55.260+00:00,880.002,336.129,99,21677.2,2685,62,measure
2026-09-11T02:42:56.260+00:00,881.000,333.502,100,21677.2,2685,62,measure
2026-09-11T02:42:57.261+00:00,882.001,338.855,99,21677.2,2685,62,measure
2026-09-11T02:42:58.258+00:00,883.001,338.109,99,21677.2,2685,62,measure
2026-09-11T02:42:59.258+00:00,884.001,334.637,99,21677.2,2685,62,measure
2026-09-11T02:43:00.258+00:00,885.000,323.347,99,21677.2,2685,61,measure
2026-09-11T02:43:01.258+00:00,886.001,326.874,99,21677.2,2685,61,measure
2026-09-11T02:43:02.260+00:00,887.000,337.566,99,21677.2,2685,64,measure
2026-09-11T02:43:03.261+00:00,888.001,331.451,99,21677.2,2685,62,measure
2026-09-11T02:43:04.258+00:00,889.000,318.431,99,21677.2,2685,61,measure
2026-09-11T02:43:05.258+00:00,890.000,289.933,99,21677.2,2685,60,measure
2026-09-11T02:43:06.260+00:00,891.000,292.951,99,21677.2,2685,62,measure
2026-09-11T02:43:07.258+00:00,892.000,298.315,99,21677.2,2685,60,measure
2026-09-11T02:43:08.259+00:00,893.000,307.351,99,21677.2,2685,61,measure
2026-09-11T02:43:09.261+00:00,894.001,305.808,99,21677.2,2685,61,measure
2026-09-11T02:43:10.258+00:00,895.000,308.97,100,21677.2,2685,60,measure
2026-09-11T02:43:11.258+00:00,896.000,309.099,100,21677.2,2685,62,measure
2026-09-11T02:43:12.258+00:00,897.000,311.91,100,21677.2,2685,63,measure
2026-09-11T02:43:13.258+00:00,898.000,309.966,99,21677.2,2685,61,measure
2026-09-11T02:43:14.277+00:00,899.001,319.235,99,21677.2,2685,65,measure
2026-09-11T02:43:15.260+00:00,900.001,318.055,99,21677.2,2685,61,measure
2026-09-11T02:43:16.259+00:00,901.001,316.661,99,21677.2,2685,61,measure
2026-09-11T02:43:17.259+00:00,902.001,326.563,99,21677.2,2685,61,measure
2026-09-11T02:43:18.258+00:00,903.001,317.578,100,21677.2,2685,61,measure
2026-09-11T02:43:19.258+00:00,904.001,321.652,99,21677.2,2685,62,measure
2026-09-11T02:43:17.761+00:00,905.001,309.942,99,21677.2,2685,63,measure
2026-09-11T02:43:18.760+00:00,906.001,314.201,100,21677.2,2685,62,measure
2026-09-11T02:43:19.759+00:00,907.000,303.56,99,21677.2,2685,60,measure
2026-09-11T02:43:20.763+00:00,908.002,332.483,99,21677.2,2685,64,measure
2026-09-11T02:43:21.760+00:00,909.001,329.474,99,21677.2,2685,62,measure
2026-09-11T02:43:22.760+00:00,910.001,328.661,99,21677.2,2685,62,measure
2026-09-11T02:43:23.765+00:00,911.001,330.683,99,21677.2,2685,62,measure
2026-09-11T02:43:24.760+00:00,912.001,335.574,99,21677.2,2685,62,measure
2026-09-11T02:43:25.759+00:00,913.001,365.858,99,21677.2,2685,66,measure
2026-09-11T02:43:26.760+00:00,914.002,338.44,99,21677.2,2685,62,measure
2026-09-11T02:43:27.759+00:00,915.001,338.501,99,21677.2,2685,63,measure
2026-09-11T02:43:28.759+00:00,916.001,334.885,99,21677.2,2685,64,measure
2026-09-11T02:43:29.761+00:00,917.001,318.448,99,21677.2,2685,61,measure
2026-09-11T02:43:30.761+00:00,918.001,330.526,99,21677.2,2685,66,measure
2026-09-11T02:43:31.766+00:00,919.008,337.688,99,21677.2,2685,63,measure
2026-09-11T02:43:32.763+00:00,920.004,325.438,99,21677.2,2685,62,measure
2026-09-11T02:43:33.760+00:00,921.002,332.61,99,21677.2,2685,64,measure
2026-09-11T02:43:34.759+00:00,922.000,327.457,99,21677.2,2685,65,measure
2026-09-11T02:43:35.764+00:00,923.006,344.587,99,21677.2,2685,63,measure
2026-09-11T02:43:36.761+00:00,924.001,336.412,99,21677.2,2685,63,measure
2026-09-11T02:43:37.761+00:00,925.002,354.597,99,21677.2,2685,66,measure
2026-09-11T02:43:38.761+00:00,926.002,351.116,99,21677.2,2685,65,measure
2026-09-11T02:43:39.763+00:00,927.004,340.457,99,21677.2,2685,64,measure
2026-09-11T02:43:40.766+00:00,928.005,336.495,99,21677.2,2685,62,measure
2026-09-11T02:43:41.764+00:00,929.004,314.558,99,21677.2,2685,61,measure
2026-09-11T02:43:42.761+00:00,930.003,319.775,99,21677.2,2685,62,measure
2026-09-11T02:43:43.760+00:00,931.001,307.33,99,21677.2,2685,61,measure
2026-09-11T02:43:44.765+00:00,932.006,305.921,99,21677.2,2685,61,measure
2026-09-11T02:43:45.764+00:00,933.005,303.974,100,21677.2,2685,63,measure
2026-09-11T02:43:46.764+00:00,934.004,305.449,99,21677.2,2685,61,measure
2026-09-11T02:43:47.763+00:00,935.003,312.008,99,21677.2,2685,61,measure
2026-09-11T02:43:48.774+00:00,936.001,318.536,99,21677.2,2685,63,measure
2026-09-11T02:43:47.265+00:00,937.007,338.937,99,21677.2,2685,62,measure
2026-09-11T02:43:48.328+00:00,938.021,349.94,99,21677.2,2685,63,measure
2026-09-11T02:43:49.262+00:00,939.003,365.415,99,21677.2,2685,65,measure
2026-09-11T02:43:50.300+00:00,940.000,362.504,99,21677.2,2685,63,measure
2026-09-11T02:43:51.260+00:00,941.000,363.646,99,21677.2,2685,64,measure
2026-09-11T02:43:52.264+00:00,942.006,335.546,99,21677.2,2685,63,measure
2026-09-11T02:43:53.259+00:00,943.000,324.957,99,21677.2,2685,62,measure
2026-09-11T02:43:54.259+00:00,944.001,308.596,100,21677.2,2685,61,measure
2026-09-11T02:43:55.259+00:00,945.000,313.27,100,21677.2,2685,63,measure
2026-09-11T02:43:56.260+00:00,946.001,322.377,99,21677.2,2685,61,measure
2026-09-11T02:43:57.261+00:00,947.001,334.695,99,21677.2,2685,63,measure
2026-09-11T02:43:58.259+00:00,948.000,310.383,99,21677.2,2685,61,measure
2026-09-11T02:43:59.258+00:00,949.000,316.695,99,21677.2,2685,61,measure
2026-09-11T02:44:00.258+00:00,950.000,320.266,99,21677.2,2685,61,measure
2026-09-11T02:44:01.259+00:00,951.001,335.84,100,21677.2,2685,66,measure
2026-09-11T02:44:02.260+00:00,952.001,325.218,99,21677.2,2685,62,measure
2026-09-11T02:44:03.260+00:00,953.000,308.01,99,21677.2,2685,64,measure
2026-09-11T02:44:04.259+00:00,954.000,310.224,99,21677.2,2685,62,measure
2026-09-11T02:44:05.258+00:00,955.000,306.517,100,21677.2,2685,61,measure
2026-09-11T02:44:06.258+00:00,956.000,332.928,99,21677.2,2685,64,measure
2026-09-11T02:44:07.259+00:00,957.000,339.753,99,21677.2,2685,62,measure
2026-09-11T02:44:08.266+00:00,958.007,345.004,100,21677.2,2685,62,measure
2026-09-11T02:44:09.260+00:00,959.000,335.549,99,21677.2,2685,62,measure
2026-09-11T02:44:10.259+00:00,960.000,335.661,99,21677.2,2685,62,measure
2026-09-11T02:44:11.259+00:00,961.001,337.345,99,21677.2,2685,62,measure
2026-09-11T02:44:12.259+00:00,962.000,349.572,99,21677.2,2685,64,measure
2026-09-11T02:44:13.259+00:00,963.000,361.63,99,21677.2,2685,68,measure
2026-09-11T02:44:14.260+00:00,964.001,357.504,100,21677.2,2655,63,measure
2026-09-11T02:44:15.262+00:00,965.000,342.422,100,21677.2,2685,64,measure
2026-09-11T02:44:16.259+00:00,966.001,336.642,100,21677.2,2685,63,measure
2026-09-11T02:44:17.258+00:00,967.000,331.963,99,21677.2,2685,62,measure
2026-09-11T02:44:18.261+00:00,968.001,325.529,99,21677.2,2685,64,measure
2026-09-11T02:44:19.258+00:00,969.000,318.1,99,21677.2,2685,61,measure
2026-09-11T02:44:17.774+00:00,970.000,313.188,99,21677.2,2595,64,measure
2026-09-11T02:44:18.778+00:00,971.001,318.684,99,21677.2,2685,61,measure
2026-09-11T02:44:19.774+00:00,972.001,324.824,99,21677.2,2685,61,measure
2026-09-11T02:44:20.774+00:00,973.001,320.693,100,21677.2,2685,61,measure
2026-09-11T02:44:21.777+00:00,974.003,311.248,99,21677.2,2640,62,measure
2026-09-11T02:44:22.775+00:00,975.002,331.479,99,21677.2,2685,63,measure
2026-09-11T02:44:23.815+00:00,976.000,356.124,99,21677.2,2685,65,measure
2026-09-11T02:44:24.778+00:00,977.004,357.199,99,21677.2,2685,62,measure
2026-09-11T02:44:25.776+00:00,978.003,342.368,99,21677.2,2685,63,measure
2026-09-11T02:44:26.777+00:00,979.003,345.129,99,21677.2,2670,62,measure
2026-09-11T02:44:27.775+00:00,980.001,337.395,99,21677.2,2685,62,measure
2026-09-11T02:44:28.776+00:00,981.002,326.725,99,21677.2,2685,63,measure
2026-09-11T02:44:29.776+00:00,982.000,315.804,100,21677.2,2685,61,measure
2026-09-11T02:44:30.781+00:00,983.007,314.02,99,21677.2,2685,61,measure
2026-09-11T02:44:31.777+00:00,984.003,310.738,99,21677.2,2685,61,measure
2026-09-11T02:44:32.776+00:00,985.002,306.118,99,21677.2,2685,61,measure
2026-09-11T02:44:33.774+00:00,986.001,309.703,100,21677.2,2685,63,measure
2026-09-11T02:44:34.775+00:00,987.001,306.93,99,21677.2,2685,61,measure
2026-09-11T02:44:35.779+00:00,988.005,314.254,100,21677.2,2685,61,measure
2026-09-11T02:44:36.777+00:00,989.004,300.773,99,21677.2,2685,61,measure
2026-09-11T02:44:37.776+00:00,990.002,303.091,99,21677.2,2685,61,measure
2026-09-11T02:44:38.774+00:00,991.001,300.605,99,21677.2,2685,60,measure
2026-09-11T02:44:39.774+00:00,992.000,310.185,99,21677.2,2685,61,measure
2026-09-11T02:44:40.781+00:00,993.006,314.861,99,21677.2,2685,64,measure
2026-09-11T02:44:41.777+00:00,994.002,324.844,99,21677.2,2685,64,measure
2026-09-11T02:44:42.777+00:00,995.001,344.076,99,21677.2,2685,63,measure
2026-09-11T02:44:43.775+00:00,996.002,331.216,99,21677.2,2685,62,measure
2026-09-11T02:44:44.774+00:00,997.001,324.057,99,21677.2,2685,62,measure
2026-09-11T02:44:45.776+00:00,998.002,303.321,99,21677.2,2685,61,measure
2026-09-11T02:44:46.775+00:00,999.001,319.616,99,21677.2,2685,61,measure
2026-09-11T02:44:47.777+00:00,1000.002,336.401,99,21677.2,2685,63,measure
2026-09-11T02:44:48.776+00:00,1001.001,356.698,99,21677.2,2685,63,measure
2026-09-11T02:44:47.278+00:00,1002.001,327.263,99,21677.2,2685,62,measure
2026-09-11T02:44:48.280+00:00,1003.003,344.761,99,21677.2,2685,62,measure
2026-09-11T02:44:49.279+00:00,1004.002,334.892,99,21677.2,2685,62,measure
2026-09-11T02:44:50.278+00:00,1005.000,348.529,99,21677.2,2685,62,measure
2026-09-11T02:44:51.279+00:00,1006.001,353.42,99,21677.2,2685,64,measure
2026-09-11T02:44:52.280+00:00,1007.001,352.778,99,21677.2,2685,63,measure
2026-09-11T02:44:53.278+00:00,1008.001,331.677,99,21677.2,2685,62,measure
2026-09-11T02:44:54.277+00:00,1009.000,320.876,100,21677.2,2685,61,measure
2026-09-11T02:44:55.278+00:00,1010.001,314.391,99,21677.2,2685,61,measure
2026-09-11T02:44:56.278+00:00,1011.000,306.403,99,21677.2,2685,61,measure
2026-09-11T02:44:57.279+00:00,1012.000,306.501,100,21677.2,2685,61,measure
2026-09-11T02:44:58.279+00:00,1013.000,314.933,99,21677.2,2685,61,measure
2026-09-11T02:44:59.277+00:00,1014.000,304.163,100,21677.2,2685,61,measure
2026-09-11T02:45:00.277+00:00,1015.000,319.563,99,21677.2,2685,62,measure
2026-09-11T02:45:01.278+00:00,1016.001,314.302,99,21677.2,2685,61,measure
2026-09-11T02:45:02.277+00:00,1017.000,311.655,99,21677.2,2685,64,measure
2026-09-11T02:45:03.283+00:00,1018.000,315.357,99,21677.2,2685,61,measure
2026-09-11T02:45:04.279+00:00,1019.001,305.706,99,21677.2,2685,61,measure
2026-09-11T02:45:05.278+00:00,1020.001,319.165,99,21677.2,2685,61,measure
2026-09-11T02:45:06.277+00:00,1021.000,326.297,99,21677.2,2685,63,measure
2026-09-11T02:45:07.277+00:00,1022.000,330.089,99,21677.2,2685,62,measure
2026-09-11T02:45:08.277+00:00,1023.000,324.735,100,21677.2,2685,62,measure
2026-09-11T02:45:09.279+00:00,1024.001,320.067,99,21677.2,2685,64,measure
2026-09-11T02:45:10.278+00:00,1025.001,328.117,99,21677.2,2685,63,measure
2026-09-11T02:45:11.277+00:00,1026.000,318.764,99,21677.2,2685,62,measure
2026-09-11T02:45:12.277+00:00,1027.000,317.956,99,21677.2,2685,61,measure
2026-09-11T02:45:13.278+00:00,1028.001,314.258,99,21677.2,2685,62,measure
2026-09-11T02:45:14.277+00:00,1029.000,310.845,99,21677.2,2685,61,measure
2026-09-11T02:45:15.279+00:00,1030.000,318.214,99,21677.2,2685,61,measure
2026-09-11T02:45:16.279+00:00,1031.001,311.433,99,21677.2,2685,61,measure
2026-09-11T02:45:17.277+00:00,1032.000,317.604,99,21677.2,2685,61,measure
2026-09-11T02:45:18.284+00:00,1033.007,325.015,99,21677.2,2685,61,measure
2026-09-11T02:45:16.802+00:00,1034.003,346.924,99,21677.2,2685,64,measure
2026-09-11T02:45:17.799+00:00,1035.000,341.171,99,21677.2,2685,62,measure
2026-09-11T02:45:18.801+00:00,1036.000,319.605,99,21677.2,2685,62,measure
2026-09-11T02:45:19.799+00:00,1037.000,305.473,100,21677.2,2685,61,measure
2026-09-11T02:45:20.799+00:00,1038.000,301.323,99,21677.2,2685,60,measure
2026-09-11T02:45:21.799+00:00,1039.000,297.311,100,21677.2,2685,60,measure
2026-09-11T02:45:22.807+00:00,1040.007,321.548,99,21677.2,2685,63,measure
2026-09-11T02:45:23.803+00:00,1041.003,327.387,99,21677.2,2685,64,measure
2026-09-11T02:45:24.805+00:00,1042.006,356.922,99,21677.2,2685,66,measure
2026-09-11T02:45:25.800+00:00,1043.002,350.914,99,21677.2,2685,62,measure
2026-09-11T02:45:26.799+00:00,1044.001,330.725,99,21677.2,2685,64,measure
2026-09-11T02:45:27.801+00:00,1045.001,309.462,99,21677.2,2685,61,measure
2026-09-11T02:45:28.800+00:00,1046.001,304.553,99,21677.2,2685,61,measure
2026-09-11T02:45:29.802+00:00,1047.002,311.789,99,21677.2,2685,61,measure
2026-09-11T02:45:30.800+00:00,1048.000,326.793,99,21677.2,2685,64,measure
2026-09-11T02:45:31.800+00:00,1049.001,345.719,99,21677.2,2685,67,measure
2026-09-11T02:45:32.799+00:00,1050.000,336.65,99,21677.2,2685,62,measure
2026-09-11T02:45:33.799+00:00,1051.000,337.845,99,21677.2,2685,62,measure
2026-09-11T02:45:34.800+00:00,1052.001,321.525,99,21677.2,2685,61,measure
2026-09-11T02:45:35.800+00:00,1053.001,305.775,99,21677.2,2685,61,measure
2026-09-11T02:45:36.803+00:00,1054.000,311.775,99,21677.2,2685,61,measure
2026-09-11T02:45:37.799+00:00,1055.000,304.948,99,21677.2,2685,61,measure
2026-09-11T02:45:38.799+00:00,1056.000,300.28,99,21677.2,2685,61,measure
2026-09-11T02:45:39.799+00:00,1057.000,320.596,99,21677.2,2685,67,measure
2026-09-11T02:45:40.799+00:00,1058.000,311.072,99,21677.2,2685,61,measure
2026-09-11T02:45:41.801+00:00,1059.001,344.057,99,21677.2,2685,67,measure
2026-09-11T02:45:42.846+00:00,1060.001,339.647,99,21677.2,2685,63,measure
2026-09-11T02:45:43.800+00:00,1061.001,340.779,99,21677.2,2685,66,measure
2026-09-11T02:45:44.800+00:00,1062.001,329.67,99,21677.2,2685,62,measure
2026-09-11T02:45:45.799+00:00,1063.001,332.609,100,21677.2,2685,62,measure
2026-09-11T02:45:46.801+00:00,1064.003,335.337,99,21677.2,2685,63,measure
2026-09-11T02:45:47.802+00:00,1065.001,345.662,99,21677.2,2685,65,measure
2026-09-11T02:45:48.804+00:00,1066.005,331.818,100,21677.2,2685,62,measure
2026-09-11T02:45:47.298+00:00,1067.000,327.089,100,21677.2,2685,61,measure
2026-09-11T02:45:48.298+00:00,1068.000,313.156,99,21677.2,2685,61,measure
2026-09-11T02:45:49.298+00:00,1069.000,331.986,99,21677.2,2685,63,measure
2026-09-11T02:45:50.298+00:00,1070.001,333.44,100,21677.2,2685,62,measure
2026-09-11T02:45:51.303+00:00,1071.004,326.205,99,21677.2,2685,62,measure
2026-09-11T02:45:52.301+00:00,1072.003,306.037,99,21677.2,2685,61,measure
2026-09-11T02:45:53.299+00:00,1073.002,299.623,99,21677.2,2685,61,measure
2026-09-11T02:45:54.298+00:00,1074.000,310.934,99,21677.2,2685,61,measure
2026-09-11T02:45:55.300+00:00,1075.000,315.204,99,21677.2,2685,61,measure
2026-09-11T02:45:56.298+00:00,1076.000,319.934,99,21677.2,2685,61,measure
2026-09-11T02:45:57.300+00:00,1077.001,312.359,99,21677.2,2685,61,measure
2026-09-11T02:45:58.302+00:00,1078.000,313.444,99,21677.2,2685,61,measure
2026-09-11T02:45:59.298+00:00,1079.000,310.227,100,21677.2,2685,61,measure
2026-09-11T02:46:00.298+00:00,1080.000,316.391,99,21677.2,2685,61,measure
2026-09-11T02:46:01.302+00:00,1081.005,324.125,99,21677.2,2685,61,measure
2026-09-11T02:46:02.299+00:00,1082.001,320.127,99,21677.2,2685,61,measure
2026-09-11T02:46:03.300+00:00,1083.001,320.301,99,21677.2,2685,62,measure
2026-09-11T02:46:04.299+00:00,1084.000,312.635,99,21677.2,2685,64,measure
2026-09-11T02:46:05.298+00:00,1085.001,311.774,99,21677.2,2685,61,measure
2026-09-11T02:46:06.299+00:00,1086.002,317.652,99,21677.2,2685,62,measure
2026-09-11T02:46:07.300+00:00,1087.002,309.028,99,21677.2,2685,61,measure
2026-09-11T02:46:08.328+00:00,1088.029,303.256,100,21677.2,2685,61,measure
2026-09-11T02:46:09.322+00:00,1089.023,300.494,99,21677.2,2685,60,measure
2026-09-11T02:46:10.300+00:00,1090.001,321.139,99,21677.2,2685,61,measure
2026-09-11T02:46:11.298+00:00,1091.001,327.229,100,21677.2,2685,62,measure
2026-09-11T02:46:12.299+00:00,1092.002,326.264,99,21677.2,2685,62,measure
2026-09-11T02:46:13.313+00:00,1093.015,319.848,99,21677.2,2685,63,measure
2026-09-11T02:46:14.309+00:00,1094.011,332.653,99,21677.2,2685,61,measure
2026-09-11T02:46:15.299+00:00,1095.000,329.328,99,21677.2,2685,62,measure
2026-09-11T02:46:16.301+00:00,1096.001,336.368,99,21677.2,2685,63,measure
2026-09-11T02:46:17.299+00:00,1097.001,335.217,99,21677.2,2685,64,measure
2026-09-11T02:46:18.299+00:00,1098.001,321.073,99,21677.2,2685,61,measure
2026-09-11T02:46:16.798+00:00,1099.000,322.266,99,21677.2,2685,61,measure
2026-09-11T02:46:17.799+00:00,1100.001,314.631,100,21677.2,2685,61,measure
2026-09-11T02:46:18.817+00:00,1101.019,319.081,99,21677.2,2685,62,measure
2026-09-11T02:46:19.801+00:00,1102.000,308.627,99,21677.2,2685,61,measure
2026-09-11T02:46:20.799+00:00,1103.001,315.033,100,21677.2,2685,61,measure
2026-09-11T02:46:21.800+00:00,1104.002,307.615,99,21677.2,2685,61,measure
2026-09-11T02:46:22.800+00:00,1105.001,308.948,99,21677.2,2685,62,measure
2026-09-11T02:46:23.799+00:00,1106.001,330.176,99,21677.2,2685,62,measure
2026-09-11T02:46:24.846+00:00,1107.001,342.216,99,21677.2,2685,62,measure
2026-09-11T02:46:25.799+00:00,1108.000,342.992,100,21677.2,2685,63,measure
2026-09-11T02:46:26.798+00:00,1109.000,343.672,99,21677.2,2685,62,measure
2026-09-11T02:46:27.798+00:00,1110.000,351.602,99,21677.2,2685,63,measure
2026-09-11T02:46:28.798+00:00,1111.000,334.37,99,21677.2,2685,62,measure
2026-09-11T02:46:29.799+00:00,1112.000,333.792,99,21677.2,2685,62,measure
2026-09-11T02:46:30.800+00:00,1113.000,334.281,99,21677.2,2685,64,measure
2026-09-11T02:46:31.800+00:00,1114.000,316.022,99,21677.2,2685,61,measure
2026-09-11T02:46:32.799+00:00,1115.001,320.154,100,21677.2,2685,61,measure
2026-09-11T02:46:33.799+00:00,1116.001,308.338,99,21677.2,2685,61,measure
2026-09-11T02:46:34.799+00:00,1117.001,306.628,99,21677.2,2685,63,measure
2026-09-11T02:46:35.799+00:00,1118.000,289.989,99,21677.2,2685,60,measure
2026-09-11T02:46:36.800+00:00,1119.000,296.746,99,21677.2,2685,60,measure
2026-09-11T02:46:37.800+00:00,1120.000,312.388,99,21802,2685,62,measure
2026-09-11T02:46:38.799+00:00,1121.001,329.856,99,21802,2685,62,measure
2026-09-11T02:46:39.799+00:00,1122.001,363.608,99,21802.8,2640,63,measure
2026-09-11T02:46:40.799+00:00,1123.000,349.732,99,21802.8,2685,63,measure
2026-09-11T02:46:41.799+00:00,1124.001,334.894,99,21802.8,2685,62,measure
2026-09-11T02:46:42.804+00:00,1125.000,356.827,99,21802.8,2685,64,measure
2026-09-11T02:46:43.800+00:00,1126.000,340.826,99,21802.8,2685,64,measure
2026-09-11T02:46:44.799+00:00,1127.001,337.028,99,21802.8,2685,62,measure
2026-09-11T02:46:45.799+00:00,1128.000,338.105,99,21803.6,2685,64,measure
2026-09-11T02:46:46.799+00:00,1129.001,326.835,99,21803.6,2685,63,measure
2026-09-11T02:46:47.798+00:00,1130.000,332.634,99,21803.6,2685,62,measure
2026-09-11T02:46:48.800+00:00,1131.000,330.767,99,21803.6,2685,62,measure
2026-09-11T02:46:47.315+00:00,1132.000,330.264,99,21803.6,2685,62,measure
2026-09-11T02:46:48.314+00:00,1133.001,330.737,99,21676.8,2685,62,measure
2026-09-11T02:46:49.313+00:00,1134.000,340.352,99,21676.8,2685,63,measure
2026-09-11T02:46:50.314+00:00,1135.001,332.759,99,21676.8,2685,63,measure
2026-09-11T02:46:51.313+00:00,1136.000,332.072,99,21676.8,2685,67,measure
2026-09-11T02:46:52.315+00:00,1137.000,318.011,99,21676.8,2685,61,measure
2026-09-11T02:46:53.316+00:00,1138.000,316.811,99,21676.8,2685,61,measure
2026-09-11T02:46:54.313+00:00,1139.000,313.857,99,21676.8,2685,62,measure
2026-09-11T02:46:55.339+00:00,1140.000,318.988,99,21676.8,2595,63,measure
2026-09-11T02:46:56.314+00:00,1141.001,332.966,99,21676.8,2685,62,measure
2026-09-11T02:46:57.313+00:00,1142.000,313.66,99,21676.8,2685,61,measure
2026-09-11T02:46:58.318+00:00,1143.001,326.133,99,21676.8,2685,64,measure
2026-09-11T02:46:59.314+00:00,1144.001,333.234,99,21676.8,2685,63,measure
2026-09-11T02:47:00.313+00:00,1145.000,324.284,99,21676.8,2685,62,measure
2026-09-11T02:47:01.314+00:00,1146.001,314.916,99,21676.8,2685,61,measure
2026-09-11T02:47:02.314+00:00,1147.000,348.443,99,21676.8,2625,64,measure
2026-09-11T02:47:03.313+00:00,1148.000,346.989,99,21676.8,2685,64,measure
2026-09-11T02:47:04.352+00:00,1149.000,336.572,99,21676.8,2655,63,measure
2026-09-11T02:47:05.314+00:00,1150.000,356.94,99,21676.8,2685,63,measure
2026-09-11T02:47:06.315+00:00,1151.002,336.961,99,21676.8,2685,62,measure
2026-09-11T02:47:07.316+00:00,1152.000,346.578,99,21676.8,2685,65,measure
2026-09-11T02:47:08.313+00:00,1153.000,345.325,99,21676.8,2685,63,measure
2026-09-11T02:47:09.313+00:00,1154.000,331.231,99,21676.8,2685,62,measure
2026-09-11T02:47:10.315+00:00,1155.000,314.135,99,21676.8,2685,62,measure
2026-09-11T02:47:11.314+00:00,1156.001,309.037,99,21676.8,2685,65,measure
2026-09-11T02:47:12.316+00:00,1157.003,307.664,99,21676.8,2685,62,measure
2026-09-11T02:47:13.313+00:00,1158.000,313.333,99,21676.8,2685,62,measure
2026-09-11T02:47:14.314+00:00,1159.000,317.628,100,21676.8,2685,64,measure
2026-09-11T02:47:15.314+00:00,1160.001,319.265,99,21676.8,2685,61,measure
2026-09-11T02:47:16.315+00:00,1161.000,313.623,99,21676.8,2685,61,measure
2026-09-11T02:47:17.315+00:00,1162.002,313.885,99,21676.8,2685,61,measure
2026-09-11T02:47:18.314+00:00,1163.001,320.253,99,21676.8,2685,61,measure
2026-09-11T02:47:16.817+00:00,1164.000,311.401,99,21676.8,2685,62,measure
2026-09-11T02:47:17.818+00:00,1165.000,312.632,99,21676.8,2685,61,measure
2026-09-11T02:47:18.819+00:00,1166.001,319.468,99,21676.8,2685,61,measure
2026-09-11T02:47:19.819+00:00,1167.001,330.719,99,21676.8,2685,62,measure
2026-09-11T02:47:20.817+00:00,1168.000,330.63,100,21676.8,2685,63,measure
2026-09-11T02:47:21.818+00:00,1169.000,313.274,99,21676.8,2685,61,measure
2026-09-11T02:47:22.818+00:00,1170.000,310.053,99,21676.8,2685,61,measure
2026-09-11T02:47:23.818+00:00,1171.001,316.665,99,21676.8,2685,64,measure
2026-09-11T02:47:24.819+00:00,1172.000,308.562,99,21676.8,2685,61,measure
2026-09-11T02:47:25.819+00:00,1173.000,310.788,99,21676.8,2685,62,measure
2026-09-11T02:47:26.818+00:00,1174.001,319.675,99,21676.8,2685,61,measure
2026-09-11T02:47:27.818+00:00,1175.000,321.132,99,21676.8,2685,64,measure
2026-09-11T02:47:28.818+00:00,1176.000,336.752,99,21676.8,2685,65,measure
2026-09-11T02:47:29.818+00:00,1177.001,325.772,99,21676.8,2685,62,measure
2026-09-11T02:47:30.820+00:00,1178.001,327.986,99,21676.8,2685,62,measure
2026-09-11T02:47:31.821+00:00,1179.001,314.199,99,21676.8,2685,62,measure
2026-09-11T02:47:32.818+00:00,1180.000,330.359,99,21676.8,2685,62,measure
2026-09-11T02:47:33.818+00:00,1181.000,332.402,99,21676.8,2685,64,measure
2026-09-11T02:47:34.820+00:00,1182.000,333.835,99,21676.8,2685,62,measure
2026-09-11T02:47:35.818+00:00,1183.001,314.261,99,21676.8,2685,61,measure
2026-09-11T02:47:36.819+00:00,1184.001,315.585,99,21676.8,2685,61,measure
2026-09-11T02:47:37.821+00:00,1185.001,311.321,99,21676.8,2685,61,measure
2026-09-11T02:47:38.819+00:00,1186.001,316.767,99,21676.8,2685,64,measure
2026-09-11T02:47:39.819+00:00,1187.002,311.617,99,21676.8,2685,64,measure
2026-09-11T02:47:40.818+00:00,1188.001,326.084,99,21676.8,2685,62,measure
2026-09-11T02:47:41.818+00:00,1189.000,323.631,99,21676.8,2685,66,measure
2026-09-11T02:47:42.823+00:00,1190.001,332.731,99,21676.8,2685,63,measure
2026-09-11T02:47:43.819+00:00,1191.000,330.022,99,21676.8,2685,62,measure
2026-09-11T02:47:44.818+00:00,1192.001,326.753,99,21676.8,2685,62,measure
2026-09-11T02:47:45.818+00:00,1193.001,327.614,99,21676.8,2685,61,measure
2026-09-11T02:47:46.818+00:00,1194.001,318.599,99,21676.8,2685,61,measure
2026-09-11T02:47:47.822+00:00,1195.004,332.727,100,21676.8,2685,63,measure
2026-09-11T02:47:46.320+00:00,1196.001,325.182,100,21676.8,2685,62,measure
2026-09-11T02:47:47.321+00:00,1197.000,309.444,100,21676.8,2685,61,measure
2026-09-11T02:47:48.319+00:00,1198.000,322.135,99,21676.8,2685,69,measure
2026-09-11T02:47:49.319+00:00,1199.001,328.609,100,21676.8,2685,61,measure
2026-09-11T02:47:50.319+00:00,1200.001,362.034,99,21676.8,2685,63,measure
2026-09-11T02:47:51.318+00:00,1201.000,363.243,99,21676.8,2685,63,measure
2026-09-11T02:47:52.320+00:00,1202.001,348.355,99,21676.8,2685,62,measure
2026-09-11T02:47:53.321+00:00,1203.001,351.784,99,21676.8,2685,63,measure
2026-09-11T02:47:54.318+00:00,1204.001,330.989,99,21676.8,2685,62,measure
2026-09-11T02:47:55.318+00:00,1205.001,313.07,99,21676.8,2685,61,measure
2026-09-11T02:47:56.319+00:00,1206.001,320.971,99,21676.8,2685,61,measure
2026-09-11T02:47:57.318+00:00,1207.001,321.077,99,21676.8,2685,61,measure
2026-09-11T02:47:58.335+00:00,1208.018,315.966,99,21676.8,2685,61,measure
2026-09-11T02:47:59.324+00:00,1209.006,325.086,99,21676.8,2685,62,measure
2026-09-11T02:48:00.318+00:00,1210.000,324.205,99,21676.8,2685,62,measure
2026-09-11T02:48:01.318+00:00,1211.000,328.819,99,21676.8,2685,62,measure
2026-09-11T02:48:02.364+00:00,1212.000,362.089,99,21676.8,2685,67,measure
2026-09-11T02:48:03.318+00:00,1213.001,362.904,99,21676.8,2685,62,measure
2026-09-11T02:48:04.320+00:00,1214.001,344.38,99,21676.8,2685,64,measure
2026-09-11T02:48:05.320+00:00,1215.000,332.181,99,21676.8,2685,62,measure
2026-09-11T02:48:06.318+00:00,1216.000,323.282,99,21676.8,2685,62,measure
2026-09-11T02:48:07.318+00:00,1217.000,314.369,99,21676.8,2685,61,measure
2026-09-11T02:48:08.318+00:00,1218.001,325.994,99,21676.8,2685,66,measure
2026-09-11T02:48:09.318+00:00,1219.000,314.584,99,21676.8,2685,64,measure
2026-09-11T02:48:10.319+00:00,1220.000,336.683,99,21676.8,2685,62,measure
2026-09-11T02:48:11.320+00:00,1221.001,336.285,99,21676.8,2685,64,measure
2026-09-11T02:48:12.318+00:00,1222.000,348.307,99,21676.8,2685,65,measure
2026-09-11T02:48:13.318+00:00,1223.001,336.944,99,21676.8,2685,63,measure
2026-09-11T02:48:14.318+00:00,1224.000,320.226,99,21676.8,2685,62,measure
2026-09-11T02:48:15.319+00:00,1225.001,313.267,99,21676.8,2685,62,measure
2026-09-11T02:48:16.319+00:00,1226.000,314.941,99,21676.8,2685,61,measure
2026-09-11T02:48:17.320+00:00,1227.000,322.738,100,21676.8,2685,62,measure
2026-09-11T02:48:18.318+00:00,1228.000,342.639,99,21676.8,2595,66,measure
2026-09-11T02:48:16.818+00:00,1229.000,361.743,99,21676.8,2685,66,measure
2026-09-11T02:48:17.818+00:00,1230.000,352.22,99,21676.8,2685,63,measure
2026-09-11T02:48:18.819+00:00,1231.001,344.646,99,21676.8,2685,63,measure
2026-09-11T02:48:19.824+00:00,1232.001,332.999,99,21676.8,2685,63,measure
2026-09-11T02:48:20.820+00:00,1233.001,337.269,99,21676.8,2685,65,measure
2026-09-11T02:48:21.818+00:00,1234.001,348.467,99,21676.8,2655,63,measure
2026-09-11T02:48:22.819+00:00,1235.001,341.058,99,21676.8,2685,63,measure
2026-09-11T02:48:23.819+00:00,1236.001,339.225,99,21676.8,2685,63,measure
2026-09-11T02:48:24.818+00:00,1237.000,311.787,100,21676.8,2685,61,measure
2026-09-11T02:48:25.821+00:00,1238.001,304.464,99,21676.8,2685,61,measure
2026-09-11T02:48:26.820+00:00,1239.000,294.481,99,21676.8,2685,63,measure
2026-09-11T02:48:27.820+00:00,1240.002,313.243,99,21676.8,2685,61,measure
2026-09-11T02:48:28.819+00:00,1241.000,335.407,99,21676.8,2685,62,measure
2026-09-11T02:48:29.819+00:00,1242.000,334.9,99,21676.8,2685,64,measure
2026-09-11T02:48:30.818+00:00,1243.000,337.942,100,21676.8,2685,62,measure
2026-09-11T02:48:31.820+00:00,1244.000,315.559,99,21676.8,2685,61,measure
2026-09-11T02:48:32.820+00:00,1245.001,314.62,99,21676.8,2685,61,measure
2026-09-11T02:48:33.820+00:00,1246.002,315.943,99,21676.8,2685,62,measure
2026-09-11T02:48:34.818+00:00,1247.000,314.161,99,21676.8,2685,61,measure
2026-09-11T02:48:35.820+00:00,1248.002,307.3,99,21676.8,2685,61,measure
2026-09-11T02:48:36.821+00:00,1249.002,312.891,99,21676.8,2685,61,measure
2026-09-11T02:48:37.820+00:00,1250.000,312.361,99,21676.8,2685,61,measure
2026-09-11T02:48:38.819+00:00,1251.000,313.146,99,21676.8,2685,61,measure
2026-09-11T02:48:39.818+00:00,1252.000,311.163,99,21676.8,2685,64,measure
2026-09-11T02:48:40.819+00:00,1253.001,304.346,100,21676.8,2685,61,measure
2026-09-11T02:48:41.861+00:00,1254.001,318.074,99,21676.8,2685,62,measure
2026-09-11T02:48:42.819+00:00,1255.000,319.755,100,21676.8,2685,61,measure
2026-09-11T02:48:43.820+00:00,1256.000,335.9,100,21676.8,2685,64,measure
2026-09-11T02:48:44.819+00:00,1257.001,333.401,100,21676.8,2685,62,measure
2026-09-11T02:48:45.818+00:00,1258.001,328.72,99,21676.8,2685,62,measure
2026-09-11T02:48:46.821+00:00,1259.001,336.634,99,21676.8,2685,62,measure
2026-09-11T02:48:47.819+00:00,1260.001,337.179,100,21676.8,2685,63,measure
2026-09-11T02:48:46.319+00:00,1261.000,311.204,99,21676.8,2685,62,measure
2026-09-11T02:48:47.320+00:00,1262.001,349.139,99,21676.8,2685,63,measure
2026-09-11T02:48:48.319+00:00,1263.000,327.374,99,21676.8,2685,62,measure
2026-09-11T02:48:49.319+00:00,1264.001,334.904,99,21676.8,2685,63,measure
2026-09-11T02:48:50.319+00:00,1265.001,332.574,99,21676.8,2685,64,measure
2026-09-11T02:48:51.319+00:00,1266.000,345.954,99,21676.8,2595,63,measure
2026-09-11T02:48:52.322+00:00,1267.002,341.546,99,21676.8,2685,63,measure
2026-09-11T02:48:53.320+00:00,1268.001,349.186,99,21676.8,2685,64,measure
2026-09-11T02:48:54.320+00:00,1269.001,358.988,99,21676.8,2685,63,measure
2026-09-11T02:48:55.319+00:00,1270.001,354.615,99,21676.8,2685,63,measure
2026-09-11T02:48:56.319+00:00,1271.000,357.241,99,21676.8,2685,64,measure
2026-09-11T02:48:57.319+00:00,1272.001,365.178,99,21676.8,2685,64,measure
2026-09-11T02:48:58.324+00:00,1273.004,361.267,99,21676.8,2685,63,measure
2026-09-11T02:48:59.324+00:00,1274.005,338.982,99,21676.8,2685,63,measure
2026-09-11T02:49:00.319+00:00,1275.000,343.037,99,21676.8,2685,63,measure
2026-09-11T02:49:01.320+00:00,1276.001,320.394,99,21676.8,2685,63,measure
2026-09-11T02:49:02.319+00:00,1277.001,310.14,99,21676.8,2685,61,measure
2026-09-11T02:49:03.319+00:00,1278.000,310.929,99,21676.8,2685,62,measure
2026-09-11T02:49:04.320+00:00,1279.001,310.731,100,21676.8,2685,61,measure
2026-09-11T02:49:05.320+00:00,1280.000,318.112,100,21676.8,2685,61,measure
2026-09-11T02:49:06.319+00:00,1281.000,323.698,99,21676.8,2685,62,measure
2026-09-11T02:49:07.320+00:00,1282.001,323.541,100,21676.8,2685,61,measure
2026-09-11T02:49:08.319+00:00,1283.000,313.293,100,21676.8,2685,64,measure
2026-09-11T02:49:09.319+00:00,1284.000,315.779,99,21676.8,2685,61,measure
2026-09-11T02:49:10.324+00:00,1285.004,315.423,99,21676.8,2685,61,measure
2026-09-11T02:49:11.320+00:00,1286.001,312.084,99,21676.8,2685,61,measure
2026-09-11T02:49:12.319+00:00,1287.000,309.291,100,21676.8,2685,64,measure
2026-09-11T02:49:13.319+00:00,1288.000,319.025,99,21676.8,2685,62,measure
2026-09-11T02:49:14.321+00:00,1289.000,321.777,99,21676.8,2685,61,measure
2026-09-11T02:49:15.319+00:00,1290.000,320.863,99,21676.8,2685,62,measure
2026-09-11T02:49:16.320+00:00,1291.000,311.566,99,21676.8,2685,61,measure
2026-09-11T02:49:17.324+00:00,1292.006,306.621,100,21676.8,2685,61,measure
2026-09-11T02:49:18.322+00:00,1293.003,313.523,99,21676.8,2685,63,measure
2026-09-11T02:49:16.818+00:00,1294.000,339.93,99,21676.8,2685,62,measure
2026-09-11T02:49:17.818+00:00,1295.000,345.079,99,21676.8,2685,63,measure
2026-09-11T02:49:18.822+00:00,1296.004,339.271,99,21676.8,2685,63,measure
2026-09-11T02:49:19.839+00:00,1297.001,352.618,99,21714.8,2685,65,measure
2026-09-11T02:49:20.820+00:00,1298.000,331.824,99,21714.8,2685,62,measure
2026-09-11T02:49:21.818+00:00,1299.000,349.692,99,21714.8,2685,63,measure
2026-09-11T02:49:22.819+00:00,1300.001,343.037,99,21714.8,2685,62,measure
2026-09-11T02:49:23.819+00:00,1301.002,330.066,99,21714.8,2685,64,measure
2026-09-11T02:49:24.818+00:00,1302.000,331.571,99,21714.8,2685,64,measure
2026-09-11T02:49:25.819+00:00,1303.000,324.681,99,21714.8,2685,61,measure
2026-09-11T02:49:26.821+00:00,1304.001,341.306,99,21714.8,2685,63,measure
2026-09-11T02:49:27.818+00:00,1305.001,319.295,99,21714.8,2685,61,measure
2026-09-11T02:49:28.818+00:00,1306.000,313.365,99,21714.8,2685,61,measure
2026-09-11T02:49:29.818+00:00,1307.000,310.812,99,21714.8,2685,62,measure
2026-09-11T02:49:30.818+00:00,1308.000,311.315,100,21714.8,2685,61,measure
2026-09-11T02:49:31.820+00:00,1309.001,309.088,99,21714.8,2685,61,measure
2026-09-11T02:49:32.821+00:00,1310.000,312.913,99,21714.8,2685,61,measure
2026-09-11T02:49:33.820+00:00,1311.002,321.84,99,21714.8,2685,64,measure
2026-09-11T02:49:34.818+00:00,1312.001,343.124,99,21714.8,2685,63,measure
2026-09-11T02:49:35.818+00:00,1313.000,357.463,99,21714.8,2685,63,measure
2026-09-11T02:49:36.818+00:00,1314.001,344.497,99,21714.8,2685,63,measure
2026-09-11T02:49:37.819+00:00,1315.000,347.431,99,21714.8,2685,64,measure
2026-09-11T02:49:38.820+00:00,1316.001,340.108,99,21714.8,2685,65,measure
2026-09-11T02:49:39.818+00:00,1317.001,333.128,99,21714.8,2685,62,measure
2026-09-11T02:49:40.819+00:00,1318.001,331.848,99,21714.8,2685,63,measure
2026-09-11T02:49:41.819+00:00,1319.001,319.635,99,21714.8,2685,62,measure
2026-09-11T02:49:42.820+00:00,1320.002,315.487,99,21714.8,2685,61,measure
2026-09-11T02:49:43.820+00:00,1321.001,317.88,99,21714.8,2685,62,measure
2026-09-11T02:49:44.820+00:00,1322.001,309.196,99,21714.8,2685,61,measure
2026-09-11T02:49:45.818+00:00,1323.000,315.806,99,21714.8,2685,61,measure
2026-09-11T02:49:46.819+00:00,1324.001,325.517,99,21714.8,2685,63,measure
2026-09-11T02:49:47.819+00:00,1325.001,344.116,99,21714.8,2685,63,measure
2026-09-11T02:49:46.318+00:00,1326.001,353.29,99,21714.8,2685,63,measure
2026-09-11T02:49:47.319+00:00,1327.000,342.067,99,21714.8,2685,63,measure
2026-09-11T02:49:48.319+00:00,1328.001,335.863,99,21714.8,2685,63,measure
2026-09-11T02:49:49.317+00:00,1329.000,322.266,100,21714.8,2685,62,measure
2026-09-11T02:49:50.318+00:00,1330.001,322.29,99,21714.8,2685,63,measure
2026-09-11T02:49:51.320+00:00,1331.003,328.33,99,21714.8,2685,63,measure
2026-09-11T02:49:52.317+00:00,1332.000,335.75,99,21714.8,2685,62,measure
2026-09-11T02:49:53.323+00:00,1333.006,335.78,99,21714.8,2685,62,measure
2026-09-11T02:49:54.319+00:00,1334.001,342.958,99,21714.8,2685,63,measure
2026-09-11T02:49:55.319+00:00,1335.002,343.577,99,21714.8,2685,63,measure
2026-09-11T02:49:56.318+00:00,1336.000,334.271,99,21714.8,2685,63,measure
2026-09-11T02:49:57.317+00:00,1337.001,335,100,21714.8,2685,63,measure
2026-09-11T02:49:58.324+00:00,1338.006,304.637,100,21714.8,2685,61,measure
2026-09-11T02:49:59.323+00:00,1339.002,314.879,99,21714.8,2685,62,measure
2026-09-11T02:50:00.319+00:00,1340.001,316.304,99,21714.8,2685,63,measure
2026-09-11T02:50:01.323+00:00,1341.006,322.533,99,21714.8,2685,64,measure
2026-09-11T02:50:02.317+00:00,1342.000,317.571,99,21714.8,2685,61,measure
2026-09-11T02:50:03.317+00:00,1343.000,318.023,99,21714.8,2685,64,measure
2026-09-11T02:50:04.317+00:00,1344.001,308.304,100,21714.8,2685,61,measure
2026-09-11T02:50:05.319+00:00,1345.001,315.24,99,21714.8,2685,61,measure
2026-09-11T02:50:06.318+00:00,1346.000,320.291,99,21714.8,2685,61,measure
2026-09-11T02:50:07.318+00:00,1347.001,323.931,99,21714.8,2685,63,measure
2026-09-11T02:50:08.317+00:00,1348.000,340.617,99,21714.8,2685,63,measure
2026-09-11T02:50:09.318+00:00,1349.001,328.496,99,21714.8,2685,62,measure
2026-09-11T02:50:10.317+00:00,1350.000,337.497,99,21714.8,2685,63,measure
2026-09-11T02:50:11.319+00:00,1351.001,325.312,99,21714.8,2685,61,measure
2026-09-11T02:50:12.319+00:00,1352.001,338.139,99,21714.8,2685,63,measure
2026-09-11T02:50:13.317+00:00,1353.000,339.928,99,21714.8,2685,63,measure
2026-09-11T02:50:14.318+00:00,1354.001,332.498,99,21714.8,2685,62,measure
2026-09-11T02:50:15.318+00:00,1355.001,331.057,99,21714.8,2685,64,measure
2026-09-11T02:50:16.317+00:00,1356.000,330.911,99,21714.8,2685,63,measure
2026-09-11T02:50:17.319+00:00,1357.001,324.33,99,21714.8,2685,62,measure
2026-09-11T02:50:18.318+00:00,1358.001,321.684,99,21714.8,2685,62,measure
2026-09-11T02:50:16.818+00:00,1359.000,319.206,99,21714.8,2685,61,measure
2026-09-11T02:50:17.819+00:00,1360.001,327.962,99,21714.8,2685,63,measure
2026-09-11T02:50:18.819+00:00,1361.001,338.627,99,21714.8,2685,65,measure
2026-09-11T02:50:19.821+00:00,1362.001,354.586,99,21714.8,2685,67,measure
2026-09-11T02:50:20.824+00:00,1363.000,334.827,99,21714.8,2685,63,measure
2026-09-11T02:50:21.820+00:00,1364.001,329.389,99,21714.8,2685,62,measure
2026-09-11T02:50:22.819+00:00,1365.001,315.396,99,21714.8,2685,61,measure
2026-09-11T02:50:23.821+00:00,1366.000,312.02,99,21714.8,2685,64,measure
2026-09-11T02:50:24.820+00:00,1367.001,309.385,99,21714.8,2685,62,measure
2026-09-11T02:50:25.819+00:00,1368.000,317.375,99,21714.8,2685,61,measure
2026-09-11T02:50:26.820+00:00,1369.001,323.277,99,21714.8,2685,62,measure
2026-09-11T02:50:27.819+00:00,1370.000,332.131,99,21714.8,2685,62,measure
2026-09-11T02:50:28.819+00:00,1371.001,314.331,99,21714.8,2685,61,measure
2026-09-11T02:50:29.819+00:00,1372.001,318.603,99,21714.8,2685,61,measure
2026-09-11T02:50:30.820+00:00,1373.001,316.201,99,21714.8,2685,61,measure
2026-09-11T02:50:31.821+00:00,1374.001,309.589,99,21714.8,2685,61,measure
2026-09-11T02:50:32.823+00:00,1375.002,308.801,99,21714.8,2685,62,measure
2026-09-11T02:50:33.824+00:00,1376.006,312.806,99,21714.8,2685,61,measure
2026-09-11T02:50:34.821+00:00,1377.003,301.948,99,21714.8,2685,61,measure
2026-09-11T02:50:35.820+00:00,1378.002,334.005,99,21714.8,2685,61,measure
2026-09-11T02:50:36.819+00:00,1379.001,334.868,99,21714.8,2685,62,measure
2026-09-11T02:50:37.819+00:00,1380.001,353.167,99,21714.8,2685,67,measure
2026-09-11T02:50:38.820+00:00,1381.000,342.077,99,21714.8,2685,62,measure
2026-09-11T02:50:39.819+00:00,1382.000,333.711,100,21714.8,2685,64,measure
2026-09-11T02:50:40.819+00:00,1383.001,322.865,99,21714.8,2685,61,measure
2026-09-11T02:50:41.821+00:00,1384.003,310.417,99,21714.8,2685,61,measure
2026-09-11T02:50:42.863+00:00,1385.004,304.905,99,21714.8,2685,63,measure
2026-09-11T02:50:43.826+00:00,1386.007,310.179,99,21714.8,2685,61,measure
2026-09-11T02:50:44.821+00:00,1387.003,309.231,100,21714.8,2685,61,measure
2026-09-11T02:50:45.819+00:00,1388.000,312.56,99,21714.8,2685,61,measure
2026-09-11T02:50:46.819+00:00,1389.001,323.106,99,21714.8,2685,61,measure
2026-09-11T02:50:47.819+00:00,1390.000,336.06,99,21714.8,2685,63,measure
2026-09-11T02:50:46.319+00:00,1391.001,333.628,100,21714.8,2685,63,measure
2026-09-11T02:50:47.321+00:00,1392.001,314.221,99,21714.8,2685,61,measure
2026-09-11T02:50:48.322+00:00,1393.001,314.537,99,21714.8,2685,61,measure
2026-09-11T02:50:49.318+00:00,1394.000,311.183,99,21714.8,2685,61,measure
2026-09-11T02:50:50.318+00:00,1395.000,312.518,99,21714.8,2685,61,measure
2026-09-11T02:50:51.321+00:00,1396.000,301.939,99,21714.8,2685,61,measure
2026-09-11T02:50:52.318+00:00,1397.000,298.842,99,21714.8,2685,60,measure
2026-09-11T02:50:53.320+00:00,1398.000,302.527,99,21714.8,2685,62,measure
2026-09-11T02:50:54.322+00:00,1399.000,305.484,100,21714.8,2685,61,measure
2026-09-11T02:50:55.318+00:00,1400.000,311.269,99,21714.8,2685,62,measure
2026-09-11T02:50:56.319+00:00,1401.001,321.335,99,21714.8,2685,61,measure
2026-09-11T02:50:57.320+00:00,1402.001,325.259,99,21714.8,2685,65,measure
2026-09-11T02:50:58.319+00:00,1403.001,319.52,99,21714.8,2685,64,measure
2026-09-11T02:50:59.320+00:00,1404.000,330.134,99,21714.8,2685,61,measure
2026-09-11T02:51:00.320+00:00,1405.001,311.697,99,21714.8,2685,61,measure
2026-09-11T02:51:01.318+00:00,1406.000,324.11,99,21714.8,2685,61,measure
2026-09-11T02:51:02.319+00:00,1407.001,339.103,99,21714.8,2685,64,measure
2026-09-11T02:51:03.318+00:00,1408.000,344.753,99,21714.8,2685,62,measure
2026-09-11T02:51:04.318+00:00,1409.001,364.456,99,21714.8,2685,65,measure
2026-09-11T02:51:05.325+00:00,1410.003,348.059,99,21714.8,2685,62,measure
2026-09-11T02:51:06.321+00:00,1411.001,342.965,99,21714.8,2685,64,measure
2026-09-11T02:51:07.318+00:00,1412.001,328.115,99,21714.8,2685,61,measure
2026-09-11T02:51:08.318+00:00,1413.000,332.807,99,21714.8,2685,62,measure
2026-09-11T02:51:09.318+00:00,1414.000,328.923,99,21714.8,2685,62,measure
2026-09-11T02:51:10.318+00:00,1415.000,335.871,99,21714.8,2685,63,measure
2026-09-11T02:51:11.320+00:00,1416.000,316.159,99,21714.8,2685,61,measure
2026-09-11T02:51:12.320+00:00,1417.000,306.643,99,21714.8,2685,61,measure
2026-09-11T02:51:13.330+00:00,1418.001,306.397,99,21714.8,2685,62,measure
2026-09-11T02:51:14.323+00:00,1419.005,311.544,99,21714.8,2685,61,measure
2026-09-11T02:51:15.319+00:00,1420.001,315.98,99,21714.8,2685,61,measure
2026-09-11T02:51:16.318+00:00,1421.000,307.408,99,21714.8,2685,61,measure
2026-09-11T02:51:17.321+00:00,1422.001,317.384,99,21714.8,2685,61,measure
2026-09-11T02:51:18.320+00:00,1423.001,345.494,99,21714.8,2685,62,measure
2026-09-11T02:51:16.813+00:00,1424.001,339.712,99,21714.8,2685,62,measure
2026-09-11T02:51:17.813+00:00,1425.001,336.613,99,21714.8,2685,62,measure
2026-09-11T02:51:18.814+00:00,1426.001,310.69,99,21714.8,2685,61,measure
2026-09-11T02:51:19.812+00:00,1427.001,309.996,99,21714.8,2685,61,measure
2026-09-11T02:51:20.814+00:00,1428.000,308.723,99,21714.8,2685,61,measure
2026-09-11T02:51:21.824+00:00,1429.001,305.961,99,21714.8,2685,61,measure
2026-09-11T02:51:22.812+00:00,1430.001,316.814,99,21714.8,2685,62,measure
2026-09-11T02:51:23.813+00:00,1431.001,310.951,99,21714.8,2685,61,measure
2026-09-11T02:51:24.812+00:00,1432.000,322.321,99,21714.8,2685,62,measure
2026-09-11T02:51:25.813+00:00,1433.001,324.818,99,21714.8,2685,62,measure
2026-09-11T02:51:26.813+00:00,1434.000,334.079,99,21714.8,2640,62,measure
2026-09-11T02:51:27.814+00:00,1435.000,352.659,99,21714.8,2685,65,measure
2026-09-11T02:51:28.813+00:00,1436.001,379.981,99,21714.8,2685,68,measure
2026-09-11T02:51:29.812+00:00,1437.000,349.247,99,21714.8,2685,63,measure
2026-09-11T02:51:30.813+00:00,1438.001,342.431,99,21714.8,2685,63,measure
2026-09-11T02:51:31.812+00:00,1439.000,327.49,99,21714.8,2685,63,measure
2026-09-11T02:51:32.814+00:00,1440.001,325.48,99,21714.8,2685,62,measure
2026-09-11T02:51:33.814+00:00,1441.000,353.699,99,21714.8,2685,62,measure
2026-09-11T02:51:34.812+00:00,1442.000,346.495,99,21714.8,2685,62,measure
2026-09-11T02:51:35.813+00:00,1443.001,331.054,99,21714.8,2685,62,measure
2026-09-11T02:51:36.813+00:00,1444.001,318.637,99,21714.8,2685,61,measure
2026-09-11T02:51:37.812+00:00,1445.000,330.975,99,21714.8,2685,61,measure
2026-09-11T02:51:38.818+00:00,1446.000,347,99,21714.8,2685,64,measure
2026-09-11T02:51:39.812+00:00,1447.000,327.133,100,21714.8,2685,62,measure
2026-09-11T02:51:40.812+00:00,1448.000,302.925,100,21714.8,2685,61,measure
2026-09-11T02:51:41.812+00:00,1449.000,299.75,99,21714.8,2685,61,measure
2026-09-11T02:51:42.812+00:00,1450.000,317.314,99,21714.8,2685,61,measure
2026-09-11T02:51:43.813+00:00,1451.001,314.032,99,21714.8,2685,61,measure
2026-09-11T02:51:44.816+00:00,1452.000,316.077,99,21714.8,2685,62,measure
2026-09-11T02:51:45.813+00:00,1453.000,318.611,99,21714.8,2685,61,measure
2026-09-11T02:51:46.812+00:00,1454.001,344.596,99,21714.8,2685,62,measure
2026-09-11T02:51:47.812+00:00,1455.001,352.119,99,21714.8,2685,64,measure
2026-09-11T02:51:48.813+00:00,1456.001,334.911,99,21714.8,2685,62,measure
2026-09-11T02:51:47.312+00:00,1457.001,336.532,99,21714.8,2685,64,measure
2026-09-11T02:51:48.313+00:00,1458.001,326.792,100,21714.8,2685,64,measure
2026-09-11T02:51:49.313+00:00,1459.001,317.592,99,21714.8,2685,65,measure
2026-09-11T02:51:50.312+00:00,1460.000,306.682,99,21714.8,2685,64,measure
2026-09-11T02:51:51.311+00:00,1461.000,305.104,99,21714.8,2685,61,measure
2026-09-11T02:51:52.312+00:00,1462.001,304.242,99,21714.8,2685,61,measure
2026-09-11T02:51:53.312+00:00,1463.001,305.694,99,21714.8,2685,61,measure
2026-09-11T02:51:54.313+00:00,1464.000,312.886,99,21714.8,2685,62,measure
2026-09-11T02:51:55.312+00:00,1465.001,312.913,99,21714.8,2685,61,measure
2026-09-11T02:51:56.312+00:00,1466.001,334.091,99,21714.8,2685,64,measure
2026-09-11T02:51:57.311+00:00,1467.000,336.714,100,21714.8,2685,62,measure
2026-09-11T02:51:58.312+00:00,1468.000,333.355,99,21714.8,2685,62,measure
2026-09-11T02:51:59.312+00:00,1469.001,318.664,99,21714.8,2685,62,measure
2026-09-11T02:52:00.312+00:00,1470.000,314.675,99,21714.8,2685,62,measure
2026-09-11T02:52:01.312+00:00,1471.001,320.543,99,21714.8,2685,61,measure
2026-09-11T02:52:02.311+00:00,1472.000,332.673,99,21714.8,2685,62,measure
2026-09-11T02:52:03.316+00:00,1473.005,320.882,100,21714.8,2685,62,measure
2026-09-11T02:52:04.311+00:00,1474.000,316.703,100,21714.8,2685,63,measure
2026-09-11T02:52:05.311+00:00,1475.000,330.386,99,21714.8,2685,63,measure
2026-09-11T02:52:06.313+00:00,1476.001,354.346,99,21714.8,2685,65,measure
2026-09-11T02:52:07.312+00:00,1477.001,343.142,99,21714.8,2685,66,measure
2026-09-11T02:52:08.311+00:00,1478.000,347.549,99,21714.8,2685,63,measure
2026-09-11T02:52:09.312+00:00,1479.000,336.463,100,21714.8,2685,64,measure
2026-09-11T02:52:10.312+00:00,1480.000,309.819,99,21714.8,2685,61,measure
2026-09-11T02:52:11.312+00:00,1481.001,294.649,99,21714.8,2685,62,measure
2026-09-11T02:52:12.312+00:00,1482.000,302.195,99,21714.8,2685,61,measure
2026-09-11T02:52:13.311+00:00,1483.000,318.368,99,21714.8,2685,61,measure
2026-09-11T02:52:14.311+00:00,1484.000,317.781,99,21714.8,2685,61,measure
2026-09-11T02:52:15.311+00:00,1485.000,320.959,99,21714.8,2685,65,measure
2026-09-11T02:52:16.311+00:00,1486.000,308.981,100,21714.8,2685,61,measure
2026-09-11T02:52:17.312+00:00,1487.001,313.7,99,21714.8,2685,61,measure
2026-09-11T02:52:18.318+00:00,1488.007,305.948,99,21714.8,2685,61,measure
2026-09-11T02:52:16.810+00:00,1489.005,312.306,99,21714.8,2685,61,measure
2026-09-11T02:52:17.805+00:00,1490.000,316.502,99,21714.8,2685,61,measure
2026-09-11T02:52:18.806+00:00,1491.002,327.184,99,21714.8,2685,64,measure
2026-09-11T02:52:19.805+00:00,1492.000,323.855,99,21714.8,2685,61,measure
2026-09-11T02:52:20.806+00:00,1493.000,323.491,99,21714.8,2685,61,measure
2026-09-11T02:52:21.808+00:00,1494.001,311.202,99,21714.8,2685,61,measure
2026-09-11T02:52:22.805+00:00,1495.001,318.349,99,21714.8,2685,61,measure
2026-09-11T02:52:23.805+00:00,1496.000,319.852,100,21714.8,2685,61,measure
2026-09-11T02:52:24.809+00:00,1497.004,317.932,99,21714.8,2685,62,measure
2026-09-11T02:52:25.805+00:00,1498.001,313.664,99,21714.8,2685,61,measure
2026-09-11T02:52:26.807+00:00,1499.001,330.539,99,21714.8,2685,61,measure
2026-09-11T02:52:27.809+00:00,1500.000,335.423,99,21714.8,2685,62,measure
2026-09-11T02:52:28.805+00:00,1501.000,342.424,99,21714.8,2685,64,measure
2026-09-11T02:52:29.805+00:00,1502.001,325.488,99,21714.8,2685,62,measure
2026-09-11T02:52:30.809+00:00,1503.004,325.278,99,21714.8,2685,62,measure
2026-09-11T02:52:31.805+00:00,1504.000,321.102,99,21714.8,2685,61,measure
2026-09-11T02:52:32.811+00:00,1505.004,334.772,99,21714.8,2685,62,measure
2026-09-11T02:52:33.809+00:00,1506.003,337.107,99,21714.8,2685,62,measure
2026-09-11T02:52:34.805+00:00,1507.000,351.825,99,21714.8,2685,63,measure
2026-09-11T02:52:35.805+00:00,1508.001,341.613,99,21714.8,2685,62,measure
2026-09-11T02:52:36.805+00:00,1509.000,349.48,99,21714.8,2685,62,measure
2026-09-11T02:52:37.806+00:00,1510.001,341.726,99,21714.8,2685,63,measure
2026-09-11T02:52:38.807+00:00,1511.001,337.032,100,21714.8,2685,63,measure
2026-09-11T02:52:39.812+00:00,1512.007,326.755,100,21714.8,2685,62,measure
2026-09-11T02:52:40.813+00:00,1513.000,315.428,99,21714.8,2685,61,measure
2026-09-11T02:52:41.805+00:00,1514.001,309.148,99,21714.8,2685,61,measure
2026-09-11T02:52:42.805+00:00,1515.000,296.127,99,21714.8,2685,62,measure
2026-09-11T02:52:43.805+00:00,1516.000,310.65,99,21714.8,2685,62,measure
2026-09-11T02:52:44.807+00:00,1517.001,314.748,99,21714.8,2685,62,measure
2026-09-11T02:52:45.808+00:00,1518.000,315.234,99,21714.8,2685,62,measure
2026-09-11T02:52:46.807+00:00,1519.002,297.83,99,21714.8,2685,61,measure
2026-09-11T02:52:47.805+00:00,1520.000,283.139,99,21714.8,2685,60,measure
2026-09-11T02:52:48.808+00:00,1521.001,157.99,0,21714.8,2700,54,measure
2026-09-11T02:52:47.302+00:00,1522.001,103.048,0,21714.8,2700,53,measure
2026-09-11T02:52:48.302+00:00,1523.000,72.563,0,21714.8,420,52,measure
2026-09-11T02:52:49.302+00:00,1524.001,54.825,0,21714.8,300,51,measure
2026-09-11T02:52:50.302+00:00,1525.000,30.629,0,21714.8,240,50,measure
2026-09-11T02:52:51.302+00:00,1526.000,21.404,0,21714.8,210,50,measure
2026-09-11T02:52:52.302+00:00,1527.001,18.61,0,21714.8,210,50,measure
2026-09-11T02:52:53.302+00:00,1528.000,18.12,0,21714.8,210,49,measure
2026-09-11T02:52:54.319+00:00,1529.017,18.054,0,21714.8,210,49,measure
2026-09-11T02:52:55.319+00:00,1530.017,18.03,0,21714.8,210,49,measure
2026-09-11T02:52:56.314+00:00,1531.012,17.948,0,21714.8,210,49,measure
2026-09-11T02:52:57.308+00:00,1532.006,17.948,0,21714.8,210,48,measure
2026-09-11T02:52:58.303+00:00,1533.001,17.836,0,21714.8,210,48,measure
2026-09-11T02:52:59.303+00:00,1534.001,17.488,0,21714.8,210,48,measure
2026-09-11T02:53:00.304+00:00,1535.001,17.253,0,21714.8,210,48,measure
2026-09-11T02:53:01.302+00:00,1536.000,17.161,0,21714.8,210,47,measure
2026-09-11T02:53:02.302+00:00,1537.001,16.578,0,21714.8,210,47,measure
2026-09-11T02:53:03.302+00:00,1538.000,16.472,0,21714.8,210,47,measure
2026-09-11T02:53:04.303+00:00,1539.001,16.314,0,21714.8,210,47,measure
2026-09-11T02:53:05.302+00:00,1540.000,16.136,0,21714.8,210,47,measure
2026-09-11T02:53:06.302+00:00,1541.000,16.034,0,21714.8,210,46,measure
2026-09-11T02:53:07.302+00:00,1542.001,16.014,0,21714.8,210,46,measure
2026-09-11T02:53:08.303+00:00,1543.001,16.065,0,21714.8,210,46,measure
2026-09-11T02:53:09.303+00:00,1544.001,16.065,0,21714.8,210,46,measure
2026-09-11T02:53:10.302+00:00,1545.000,16.129,0,21714.8,210,46,measure
2026-09-11T02:53:11.303+00:00,1546.001,16.616,0,21714.8,210,46,measure
2026-09-11T02:53:12.302+00:00,1547.000,16.915,0,21714.8,210,46,measure
2026-09-11T02:53:13.319+00:00,1548.018,16.699,0,21714.8,210,45,measure
2026-09-11T02:53:14.316+00:00,1549.014,16.398,0,21714.8,210,45,measure
2026-09-11T02:53:15.311+00:00,1550.009,16.175,0,21714.8,210,45,measure
2026-09-11T02:53:16.305+00:00,1551.003,16.203,0,21714.8,210,45,measure
2026-09-11T02:53:17.321+00:00,1552.019,16.27,0,21714.8,210,45,measure
2026-09-11T02:53:18.316+00:00,1553.014,16.203,0,21714.8,210,45,measure
2026-09-11T02:53:16.800+00:00,1554.000,15.824,0,21714.8,210,45,measure
2026-09-11T02:53:17.801+00:00,1555.001,15.832,0,21714.8,210,44,measure
2026-09-11T02:53:18.805+00:00,1556.006,15.736,0,21714.8,210,44,measure
2026-09-11T02:53:19.801+00:00,1557.001,15.715,0,21714.8,210,44,measure
2026-09-11T02:53:20.856+00:00,1558.056,15.848,0,21714.8,210,44,measure
2026-09-11T02:53:21.800+00:00,1559.000,15.848,0,21714.8,210,44,measure
2026-09-11T02:53:22.800+00:00,1560.000,15.785,0,21714.8,210,44,measure
2026-09-11T02:53:23.800+00:00,1561.001,15.83,0,21714.8,210,44,measure
2026-09-11T02:53:24.800+00:00,1562.001,15.66,0,21714.8,210,44,measure
2026-09-11T02:53:25.801+00:00,1563.001,15.272,0,21714.8,210,44,measure
2026-09-11T02:53:26.800+00:00,1564.000,15.076,0,21714.8,210,43,measure
2026-09-11T02:53:27.800+00:00,1565.000,14.93,0,21714.8,210,43,measure
2026-09-11T02:53:28.800+00:00,1566.000,14.959,0,21714.8,210,43,measure
2026-09-11T02:53:29.800+00:00,1567.001,15.027,0,21714.8,210,43,measure
2026-09-11T02:53:30.801+00:00,1568.000,15.19,0,21714.8,210,43,measure
2026-09-11T02:53:31.800+00:00,1569.000,15.232,0,21714.8,210,43,measure
2026-09-11T02:53:32.800+00:00,1570.000,15.153,0,21714.8,210,43,measure
2026-09-11T02:53:33.805+00:00,1571.005,15.144,0,21714.8,210,43,measure
2026-09-11T02:53:34.813+00:00,1572.013,15.144,0,21714.8,210,43,measure
2026-09-11T02:53:35.809+00:00,1573.009,15.133,0,21714.8,210,43,measure
2026-09-11T02:53:36.804+00:00,1574.004,15.018,0,21714.8,210,42,measure
2026-09-11T02:53:37.805+00:00,1575.005,14.937,0,21714.8,210,42,measure
2026-09-11T02:53:38.813+00:00,1576.013,14.996,0,21714.8,210,42,measure
2026-09-11T02:53:39.802+00:00,1577.002,14.993,0,21714.8,210,42,measure
