timestamp_iso,t_s,power_w,util_gpu_pct,mem_used_mib,clocks_sm_mhz,temp_c,phase
2026-09-11T00:33:43.008+00:00,0.000,91.131,0,22441.1,2700,49,measure
2026-09-11T00:33:44.019+00:00,1.010,67.544,0,22441.1,540,49,measure
2026-09-11T00:33:45.038+00:00,2.033,67.544,0,22441.1,375,48,measure
2026-09-11T00:33:46.020+00:00,3.015,48.798,0,22441.1,285,47,measure
2026-09-11T00:33:47.014+00:00,4.006,30.341,0,22441.1,225,47,measure
2026-09-11T00:33:48.008+00:00,5.000,30.171,0,22441.1,210,46,measure
2026-09-11T00:33:49.009+00:00,6.004,30.044,0,22441.1,210,46,measure
2026-09-11T00:33:50.024+00:00,7.019,28.094,0,22441.1,210,46,measure
2026-09-11T00:33:51.006+00:00,8.001,24.232,0,22441.1,210,46,measure
2026-09-11T00:33:52.005+00:00,9.001,92.573,99,22441.1,2700,48,measure
2026-09-11T00:33:53.005+00:00,10.001,288.852,99,22441.1,2700,55,measure
2026-09-11T00:33:54.006+00:00,11.000,305.455,99,22441.1,2685,59,measure
2026-09-11T00:33:55.007+00:00,12.001,299.513,99,22441.1,2685,60,measure
2026-09-11T00:33:56.005+00:00,13.001,304.366,99,22441.1,2685,56,measure
2026-09-11T00:33:57.005+00:00,14.000,307.394,99,22441.1,2685,59,measure
2026-09-11T00:33:58.007+00:00,15.000,324.529,99,22441.1,2685,59,measure
2026-09-11T00:33:59.005+00:00,16.001,343.386,99,22441.1,2685,61,measure
2026-09-11T00:34:00.007+00:00,17.001,362.006,99,22441.1,2685,62,measure
2026-09-11T00:34:01.006+00:00,18.000,353.176,99,22441.1,2685,62,measure
2026-09-11T00:34:02.005+00:00,19.001,356.727,99,22441.1,2685,63,measure
2026-09-11T00:34:03.004+00:00,20.000,338.32,99,22441.1,2685,62,measure
2026-09-11T00:34:04.005+00:00,21.001,349.966,99,22441.1,2685,63,measure
2026-09-11T00:34:05.005+00:00,22.001,360.859,99,22441.1,2685,62,measure
2026-09-11T00:34:06.006+00:00,23.000,360.397,99,22441.1,2685,62,measure
2026-09-11T00:34:07.006+00:00,24.000,360.131,99,22441.1,2685,63,measure
2026-09-11T00:34:08.004+00:00,25.000,363.091,99,22441.1,2685,62,measure
2026-09-11T00:34:09.005+00:00,26.001,362.877,99,22441.1,2685,63,measure
2026-09-11T00:34:10.005+00:00,27.000,356.823,99,22441.1,2685,65,measure
2026-09-11T00:34:11.004+00:00,28.000,363.845,99,22441.1,2685,64,measure
2026-09-11T00:34:12.007+00:00,29.001,347.125,99,22441.1,2685,63,measure
2026-09-11T00:34:10.506+00:00,30.001,354.974,99,22441.1,2685,64,measure
2026-09-11T00:34:11.504+00:00,31.000,366.564,99,22441.1,2685,64,measure
2026-09-11T00:34:12.504+00:00,32.000,358.892,99,22441.1,2685,62,measure
2026-09-11T00:34:13.504+00:00,33.000,358.87,99,22441.1,2685,63,measure
2026-09-11T00:34:14.505+00:00,34.001,357.22,99,22441.1,2685,62,measure
2026-09-11T00:34:15.505+00:00,35.000,367.022,99,22441.1,2685,65,measure
2026-09-11T00:34:16.505+00:00,36.000,384.085,99,22441.1,2685,64,measure
2026-09-11T00:34:17.512+00:00,37.008,372.9,99,22441.1,2685,65,measure
2026-09-11T00:34:18.504+00:00,38.000,374.506,99,22441.1,2685,63,measure
2026-09-11T00:34:19.504+00:00,39.000,373.271,99,22441.1,2685,63,measure
2026-09-11T00:34:20.504+00:00,40.001,367.965,99,22441.1,2685,65,measure
2026-09-11T00:34:21.505+00:00,41.001,363.321,99,22441.1,2685,64,measure
2026-09-11T00:34:22.505+00:00,42.000,365.99,99,22441.1,2685,64,measure
2026-09-11T00:34:23.504+00:00,43.001,337.353,99,22441.1,2685,60,measure
2026-09-11T00:34:24.505+00:00,44.001,322.528,99,22441.1,2685,61,measure
2026-09-11T00:34:25.505+00:00,45.000,320.811,99,22441.1,2685,61,measure
2026-09-11T00:34:26.504+00:00,46.000,337.607,99,22441.1,2685,65,measure
2026-09-11T00:34:27.506+00:00,47.000,358.398,99,22441.1,2685,63,measure
2026-09-11T00:34:28.505+00:00,48.001,355.76,99,22441.1,2685,65,measure
2026-09-11T00:34:29.505+00:00,49.001,346.301,99,22441.1,2685,64,measure
2026-09-11T00:34:30.504+00:00,50.000,322.785,99,22441.1,2685,63,measure
2026-09-11T00:34:31.504+00:00,51.000,319.246,99,22441.1,2685,59,measure
2026-09-11T00:34:32.526+00:00,52.001,321.518,99,22441.1,2685,60,measure
2026-09-11T00:34:33.506+00:00,53.001,312.069,99,22441.1,2685,63,measure
2026-09-11T00:34:34.506+00:00,54.002,317.465,99,22441.1,2685,60,measure
2026-09-11T00:34:35.504+00:00,55.000,314.349,99,22441.1,2685,64,measure
2026-09-11T00:34:36.504+00:00,56.000,310.136,99,22441.1,2685,60,measure
2026-09-11T00:34:37.504+00:00,57.000,311.263,99,22441.1,2685,63,measure
2026-09-11T00:34:38.504+00:00,58.001,329.414,99,22441.1,2685,60,measure
2026-09-11T00:34:39.505+00:00,59.000,338.953,99,22441.1,2685,63,measure
2026-09-11T00:34:40.505+00:00,60.000,357.984,99,22441.1,2685,64,measure
2026-09-11T00:34:41.504+00:00,61.000,358.499,99,22441.1,2685,65,measure
2026-09-11T00:34:42.504+00:00,62.000,365.404,99,22442.4,2685,67,measure
2026-09-11T00:34:41.005+00:00,63.000,368.898,99,22442.4,2685,64,measure
2026-09-11T00:34:42.006+00:00,64.001,355.997,99,22442,2685,64,measure
2026-09-11T00:34:43.010+00:00,65.000,358.778,99,22442,2685,66,measure
2026-09-11T00:34:44.008+00:00,66.003,368.352,99,22442,2685,64,measure
2026-09-11T00:34:45.005+00:00,67.000,357.301,99,22442,2685,64,measure
2026-09-11T00:34:46.005+00:00,68.000,362.805,99,22442,2685,65,measure
2026-09-11T00:34:47.004+00:00,69.000,352.363,99,22442,2685,62,measure
2026-09-11T00:34:48.005+00:00,70.001,350.137,99,22442,2685,65,measure
2026-09-11T00:34:49.006+00:00,71.000,370.34,99,22442,2685,65,measure
2026-09-11T00:34:50.006+00:00,72.001,354.031,99,22442,2685,63,measure
2026-09-11T00:34:51.005+00:00,73.000,359.691,99,22442,2685,63,measure
2026-09-11T00:34:52.005+00:00,74.000,362.205,99,22442,2685,67,measure
2026-09-11T00:34:53.006+00:00,75.002,363.488,99,22442,2685,65,measure
2026-09-11T00:34:54.005+00:00,76.000,373.088,99,22442,2685,65,measure
2026-09-11T00:34:55.006+00:00,77.001,359.587,99,22442,2685,65,measure
2026-09-11T00:34:56.006+00:00,78.000,361.498,99,22442,2685,64,measure
2026-09-11T00:34:57.006+00:00,79.001,330.745,99,22442,2685,63,measure
2026-09-11T00:34:58.004+00:00,80.000,349.524,99,22442,2685,64,measure
2026-09-11T00:34:59.005+00:00,81.001,366.459,99,22442,2685,64,measure
2026-09-11T00:35:00.005+00:00,82.000,352.588,99,22442,2685,64,measure
2026-09-11T00:35:01.006+00:00,83.000,361.683,99,22442,2685,65,measure
2026-09-11T00:35:02.005+00:00,84.000,338.477,99,22442,2685,64,measure
2026-09-11T00:35:03.005+00:00,85.000,337.038,99,22442,2685,64,measure
2026-09-11T00:35:04.005+00:00,86.000,367.849,99,22442,2685,65,measure
2026-09-11T00:35:05.005+00:00,87.000,368.488,99,22442,2685,66,measure
2026-09-11T00:35:06.006+00:00,88.001,356.839,99,22442,2685,64,measure
2026-09-11T00:35:07.007+00:00,89.001,362.552,99,22442,2685,65,measure
2026-09-11T00:35:08.005+00:00,90.001,346.806,99,22442,2685,62,measure
2026-09-11T00:35:09.005+00:00,91.001,321.277,99,22442,2685,64,measure
2026-09-11T00:35:10.007+00:00,92.001,322.039,99,22442,2685,62,measure
2026-09-11T00:35:11.005+00:00,93.000,316.992,99,22442,2685,62,measure
2026-09-11T00:35:12.005+00:00,94.000,325.666,99,22442,2685,63,measure
2026-09-11T00:35:10.506+00:00,95.001,319.067,99,22442,2685,61,measure
2026-09-11T00:35:11.504+00:00,96.000,323.827,99,22442,2685,62,measure
2026-09-11T00:35:12.504+00:00,97.000,331.836,99,22442,2685,61,measure
2026-09-11T00:35:13.505+00:00,98.001,328.452,99,22442,2685,64,measure
2026-09-11T00:35:14.506+00:00,99.001,343.183,99,22442,2685,64,measure
2026-09-11T00:35:15.506+00:00,100.001,325.998,99,22442,2685,61,measure
2026-09-11T00:35:16.508+00:00,101.001,328.369,99,22442,2685,63,measure
2026-09-11T00:35:17.504+00:00,102.000,323.252,99,22442,2685,61,measure
2026-09-11T00:35:18.534+00:00,103.000,320.947,99,22442,2685,64,measure
2026-09-11T00:35:19.530+00:00,104.000,332.648,99,22442,2685,61,measure
2026-09-11T00:35:20.505+00:00,105.001,335.565,99,22442,2685,65,measure
2026-09-11T00:35:21.506+00:00,106.001,352.086,99,22442,2685,64,measure
2026-09-11T00:35:22.508+00:00,107.000,364.719,99,22442,2685,65,measure
2026-09-11T00:35:23.504+00:00,108.000,358.548,99,22442,2685,64,measure
2026-09-11T00:35:24.504+00:00,109.000,346.869,99,22442,2685,65,measure
2026-09-11T00:35:25.509+00:00,110.001,323.124,99,22442,2685,64,measure
2026-09-11T00:35:26.504+00:00,111.000,327.214,99,22442,2685,63,measure
2026-09-11T00:35:27.507+00:00,112.001,361.493,99,22442,2685,66,measure
2026-09-11T00:35:28.507+00:00,113.000,363.491,99,22442,2685,66,measure
2026-09-11T00:35:29.505+00:00,114.000,377.329,99,22442,2685,65,measure
2026-09-11T00:35:30.504+00:00,115.000,385.747,99,22442,2685,67,measure
2026-09-11T00:35:31.505+00:00,116.000,367.359,99,22442,2685,65,measure
2026-09-11T00:35:32.505+00:00,117.001,368.342,99,22442,2685,66,measure
2026-09-11T00:35:33.505+00:00,118.000,369.43,99,22442,2685,66,measure
2026-09-11T00:35:34.507+00:00,119.000,358.727,99,22442,2685,65,measure
2026-09-11T00:35:35.505+00:00,120.001,349.116,99,22442,2685,65,measure
2026-09-11T00:35:36.505+00:00,121.001,325.177,99,22442,2685,65,measure
2026-09-11T00:35:37.506+00:00,122.000,335.381,99,22442,2685,62,measure
2026-09-11T00:35:38.504+00:00,123.000,314.23,99,22442,2685,64,measure
2026-09-11T00:35:39.505+00:00,124.000,333.325,99,22442,2685,63,measure
2026-09-11T00:35:40.507+00:00,125.000,315.567,99,22442,2685,61,measure
2026-09-11T00:35:41.505+00:00,126.000,304.171,99,22442,2685,62,measure
2026-09-11T00:35:42.504+00:00,127.000,317.112,99,22441.5,2685,64,measure
2026-09-11T00:35:41.005+00:00,128.000,315.779,99,22441.5,2685,61,measure
2026-09-11T00:35:42.047+00:00,129.000,335.297,99,22441.1,2685,62,measure
2026-09-11T00:35:43.006+00:00,130.000,320.892,99,22441.1,2685,63,measure
2026-09-11T00:35:44.007+00:00,131.000,341.072,99,22441.1,2685,65,measure
2026-09-11T00:35:45.004+00:00,132.001,331.834,99,22441.1,2685,62,measure
2026-09-11T00:35:46.005+00:00,133.001,340.625,99,22441.1,2685,66,measure
2026-09-11T00:35:47.004+00:00,134.001,341.44,99,22441.1,2685,63,measure
2026-09-11T00:35:48.004+00:00,135.000,357.044,99,22441.1,2685,66,measure
2026-09-11T00:35:49.018+00:00,136.001,358.097,99,22441.1,2685,65,measure
2026-09-11T00:35:50.006+00:00,137.000,353.457,99,22441.1,2685,65,measure
2026-09-11T00:35:51.004+00:00,138.000,352.537,99,22441.1,2685,64,measure
2026-09-11T00:35:52.005+00:00,139.001,326.335,99,22441.1,2685,61,measure
2026-09-11T00:35:53.004+00:00,140.000,356.173,99,22441.1,2685,64,measure
2026-09-11T00:35:54.009+00:00,141.003,314.598,99,22441.1,2685,61,measure
2026-09-11T00:35:55.006+00:00,142.001,342.665,99,22441.1,2685,67,measure
2026-09-11T00:35:56.006+00:00,143.000,365.784,99,22441.1,2685,66,measure
2026-09-11T00:35:57.004+00:00,144.000,362.256,99,22441.1,2685,65,measure
2026-09-11T00:35:58.009+00:00,145.004,375.202,99,22441.1,2685,65,measure
2026-09-11T00:35:59.005+00:00,146.001,365.963,99,22441.1,2685,67,measure
2026-09-11T00:36:00.018+00:00,147.014,363.484,99,22441.1,2685,64,measure
2026-09-11T00:36:01.010+00:00,148.005,360.154,99,22441.1,2685,65,measure
2026-09-11T00:36:02.006+00:00,149.000,365.892,99,22441.1,2685,65,measure
2026-09-11T00:36:03.004+00:00,150.000,369.938,99,22441.1,2685,66,measure
2026-09-11T00:36:04.004+00:00,151.001,367.224,99,22441.1,2685,65,measure
2026-09-11T00:36:05.005+00:00,152.000,371.923,99,22441.1,2685,65,measure
2026-09-11T00:36:06.004+00:00,153.000,366.559,99,22441.1,2685,65,measure
2026-09-11T00:36:07.008+00:00,154.000,362.806,99,22441.1,2685,68,measure
2026-09-11T00:36:08.006+00:00,155.000,369.008,99,22441.1,2685,65,measure
2026-09-11T00:36:09.005+00:00,156.001,351.525,99,22441.1,2685,66,measure
2026-09-11T00:36:10.004+00:00,157.000,356.744,99,22441.1,2685,67,measure
2026-09-11T00:36:11.004+00:00,158.001,361.461,99,22441.1,2685,65,measure
2026-09-11T00:36:12.004+00:00,159.000,358.581,99,22441.1,2685,65,measure
2026-09-11T00:36:10.506+00:00,160.000,361.071,99,22441.1,2685,66,measure
2026-09-11T00:36:11.506+00:00,161.000,365.131,99,22441.1,2685,67,measure
2026-09-11T00:36:12.505+00:00,162.000,372.994,99,22441.1,2685,66,measure
2026-09-11T00:36:13.506+00:00,163.001,361.157,99,22441.1,2685,65,measure
2026-09-11T00:36:14.507+00:00,164.002,361.748,99,22441.1,2685,65,measure
2026-09-11T00:36:15.507+00:00,165.001,373.254,99,22441.1,2685,65,measure
2026-09-11T00:36:16.507+00:00,166.000,377.055,99,22441.1,2685,66,measure
2026-09-11T00:36:17.506+00:00,167.001,377.072,99,22441.1,2685,67,measure
2026-09-11T00:36:18.505+00:00,168.000,372.676,99,22441.1,2685,66,measure
2026-09-11T00:36:19.507+00:00,169.001,365.099,99,22441.1,2685,65,measure
2026-09-11T00:36:20.506+00:00,170.000,368.112,99,22441.1,2685,66,measure
2026-09-11T00:36:21.506+00:00,171.001,366.784,99,22441.1,2685,65,measure
2026-09-11T00:36:22.510+00:00,172.000,364.158,99,22441.1,2685,67,measure
2026-09-11T00:36:23.506+00:00,173.001,367.639,99,22441.1,2685,65,measure
2026-09-11T00:36:24.505+00:00,174.000,361.04,99,22441.1,2685,65,measure
2026-09-11T00:36:25.505+00:00,175.000,364.598,99,22441.1,2685,66,measure
2026-09-11T00:36:26.505+00:00,176.000,343.977,99,22441.1,2685,62,measure
2026-09-11T00:36:27.506+00:00,177.001,329.65,99,22441.1,2685,63,measure
2026-09-11T00:36:28.506+00:00,178.001,371.773,99,22441.1,2685,66,measure
2026-09-11T00:36:29.506+00:00,179.000,365.168,99,22441.1,2685,66,measure
2026-09-11T00:36:30.506+00:00,180.001,370.758,99,22441.1,2685,65,measure
2026-09-11T00:36:31.505+00:00,181.000,364.162,99,22441.1,2685,66,measure
2026-09-11T00:36:32.505+00:00,182.000,363.682,99,22441.1,2685,65,measure
2026-09-11T00:36:33.505+00:00,183.000,347.814,99,22441.1,2685,64,measure
2026-09-11T00:36:34.506+00:00,184.000,341.647,99,22441.1,2685,65,measure
2026-09-11T00:36:35.507+00:00,185.002,324.344,99,22441.1,2685,63,measure
2026-09-11T00:36:36.505+00:00,186.000,327.671,99,22441.1,2685,62,measure
2026-09-11T00:36:37.505+00:00,187.001,326.126,99,22441.1,2685,62,measure
2026-09-11T00:36:38.506+00:00,188.001,323.121,99,22441.1,2685,62,measure
2026-09-11T00:36:39.506+00:00,189.001,317.012,99,22441.1,2685,61,measure
2026-09-11T00:36:40.506+00:00,190.000,315.421,99,22441.1,2685,61,measure
2026-09-11T00:36:41.505+00:00,191.000,321.419,99,22441.1,2685,62,measure
2026-09-11T00:36:42.505+00:00,192.000,334.086,99,22440.6,2685,61,measure
2026-09-11T00:36:41.029+00:00,193.000,337.037,99,22440.6,2685,66,measure
2026-09-11T00:36:42.004+00:00,194.000,364.471,99,22439.9,2685,65,measure
2026-09-11T00:36:43.004+00:00,195.000,366.167,99,22439.9,2685,67,measure
2026-09-11T00:36:44.008+00:00,196.001,370.715,99,22439.9,2685,65,measure
2026-09-11T00:36:45.005+00:00,197.002,362.227,99,22439.9,2685,65,measure
2026-09-11T00:36:46.005+00:00,198.001,358.937,99,22439.9,2685,65,measure
2026-09-11T00:36:47.006+00:00,199.001,340.161,99,22439.9,2685,62,measure
2026-09-11T00:36:48.003+00:00,200.000,316.658,99,22439.9,2685,64,measure
2026-09-11T00:36:49.004+00:00,201.000,318.008,99,22439.9,2685,62,measure
2026-09-11T00:36:50.005+00:00,202.000,333.247,99,22439.9,2685,66,measure
2026-09-11T00:36:51.004+00:00,203.001,322.255,99,22439.9,2685,63,measure
2026-09-11T00:36:52.005+00:00,204.001,312.85,99,22439.9,2685,64,measure
2026-09-11T00:36:53.004+00:00,205.000,315.619,99,22439.9,2685,62,measure
2026-09-11T00:36:54.004+00:00,206.000,331.236,99,22439.9,2685,67,measure
2026-09-11T00:36:55.008+00:00,207.003,345.232,99,22439.9,2685,67,measure
2026-09-11T00:36:56.005+00:00,208.000,363.267,99,22439.9,2685,64,measure
2026-09-11T00:36:57.003+00:00,209.000,367.533,99,22439.9,2685,65,measure
2026-09-11T00:36:58.004+00:00,210.000,343.319,99,22439.9,2685,63,measure
2026-09-11T00:36:59.004+00:00,211.001,331.782,99,22439.9,2685,63,measure
2026-09-11T00:37:00.004+00:00,212.000,331.022,99,22439.9,2685,65,measure
2026-09-11T00:37:01.006+00:00,213.001,322.93,99,22439.9,2685,63,measure
2026-09-11T00:37:02.021+00:00,214.001,354.496,99,22439.9,2685,65,measure
2026-09-11T00:37:03.003+00:00,215.000,327.631,99,22439.9,2685,63,measure
2026-09-11T00:37:04.004+00:00,216.001,324.991,99,22439.9,2685,65,measure
2026-09-11T00:37:05.004+00:00,217.000,327.391,99,22439.9,2685,64,measure
2026-09-11T00:37:06.004+00:00,218.000,350.285,99,22439.9,2685,65,measure
2026-09-11T00:37:07.005+00:00,219.000,358.677,99,22439.9,2685,66,measure
2026-09-11T00:37:08.005+00:00,220.000,367.383,99,22439.9,2685,65,measure
2026-09-11T00:37:09.004+00:00,221.001,360.152,99,22439.9,2685,65,measure
2026-09-11T00:37:10.005+00:00,222.002,363.054,99,22439.9,2685,67,measure
2026-09-11T00:37:11.004+00:00,223.001,365.233,99,22439.9,2685,65,measure
2026-09-11T00:37:12.004+00:00,224.000,349.495,99,22439.9,2685,64,measure
2026-09-11T00:37:10.522+00:00,225.000,362.71,99,22439.9,2685,66,measure
2026-09-11T00:37:11.523+00:00,226.000,342.035,99,22439.9,2685,64,measure
2026-09-11T00:37:12.521+00:00,227.001,343.625,99,22439.9,2685,65,measure
2026-09-11T00:37:13.570+00:00,228.001,355.76,99,22439.9,2685,67,measure
2026-09-11T00:37:14.523+00:00,229.000,374.853,99,22439.9,2685,65,measure
2026-09-11T00:37:15.520+00:00,230.000,373.683,99,22439.9,2685,67,measure
2026-09-11T00:37:16.522+00:00,231.001,385.803,99,22439.9,2685,68,measure
2026-09-11T00:37:17.524+00:00,232.000,385.547,99,22439.9,2685,65,measure
2026-09-11T00:37:18.521+00:00,233.001,372.649,99,22439.9,2685,65,measure
2026-09-11T00:37:19.521+00:00,234.001,383.042,99,22439.9,2685,69,measure
2026-09-11T00:37:20.520+00:00,235.000,376.47,99,22439.9,2685,68,measure
2026-09-11T00:37:21.521+00:00,236.000,358.28,99,22439.9,2685,65,measure
2026-09-11T00:37:22.522+00:00,237.001,356.613,99,22439.9,2685,67,measure
2026-09-11T00:37:23.575+00:00,238.000,326.445,99,22439.9,2685,65,measure
2026-09-11T00:37:24.520+00:00,239.000,345.87,99,22439.9,2685,67,measure
2026-09-11T00:37:25.520+00:00,240.000,356.507,99,22439.9,2685,67,measure
2026-09-11T00:37:26.521+00:00,241.001,355.587,99,22439.9,2685,65,measure
2026-09-11T00:37:27.521+00:00,242.001,363.7,99,22439.9,2685,66,measure
2026-09-11T00:37:28.522+00:00,243.000,357.938,99,22439.9,2685,64,measure
2026-09-11T00:37:29.522+00:00,244.000,356.3,99,22439.9,2685,66,measure
2026-09-11T00:37:30.520+00:00,245.000,347.014,99,22439.9,2685,66,measure
2026-09-11T00:37:31.520+00:00,246.000,349.153,99,22439.9,2685,64,measure
2026-09-11T00:37:32.521+00:00,247.001,365.232,99,22439.9,2685,65,measure
2026-09-11T00:37:33.520+00:00,248.000,362.175,99,22439.9,2685,66,measure
2026-09-11T00:37:34.522+00:00,249.001,371.306,99,22439.9,2685,65,measure
2026-09-11T00:37:35.522+00:00,250.000,370.405,99,22439.9,2685,66,measure
2026-09-11T00:37:36.521+00:00,251.001,363.103,99,22439.9,2685,67,measure
2026-09-11T00:37:37.521+00:00,252.001,355.646,99,22439.9,2685,67,measure
2026-09-11T00:37:38.520+00:00,253.000,333.707,99,22439.9,2685,66,measure
2026-09-11T00:37:39.520+00:00,254.000,339.659,99,22439.9,2685,63,measure
2026-09-11T00:37:40.522+00:00,255.001,345.757,99,22439.9,2685,65,measure
2026-09-11T00:37:41.522+00:00,256.000,364.75,99,22439.9,2685,65,measure
2026-09-11T00:37:42.520+00:00,257.000,365.686,99,22436.6,2685,67,measure
2026-09-11T00:37:41.006+00:00,258.000,361.187,99,22436.6,2685,65,measure
2026-09-11T00:37:42.007+00:00,259.000,365.172,99,22432.9,2685,65,measure
2026-09-11T00:37:43.007+00:00,260.001,352.605,99,22432.9,2685,64,measure
2026-09-11T00:37:44.008+00:00,261.001,340.877,99,22432.9,2685,65,measure
2026-09-11T00:37:45.008+00:00,262.000,339.423,99,22432.9,2685,67,measure
2026-09-11T00:37:46.006+00:00,263.000,344.107,99,22432.9,2685,65,measure
2026-09-11T00:37:47.007+00:00,264.001,365.731,99,22432.9,2685,65,measure
2026-09-11T00:37:48.007+00:00,265.001,357.578,99,22432.9,2685,65,measure
2026-09-11T00:37:49.006+00:00,266.000,355.859,99,22432.9,2685,66,measure
2026-09-11T00:37:50.009+00:00,267.001,349.221,99,22432.9,2685,63,measure
2026-09-11T00:37:51.008+00:00,268.000,359.257,99,22432.9,2685,66,measure
2026-09-11T00:37:52.006+00:00,269.000,361.06,99,22432.9,2685,66,measure
2026-09-11T00:37:53.007+00:00,270.001,356.32,99,22432.9,2685,65,measure
2026-09-11T00:37:54.008+00:00,271.002,369.289,99,22432.9,2685,66,measure
2026-09-11T00:37:55.006+00:00,272.000,367.371,99,22432.9,2685,67,measure
2026-09-11T00:37:56.009+00:00,273.002,360.691,99,22432.9,2685,66,measure
2026-09-11T00:37:57.008+00:00,274.001,368.235,99,22432.9,2685,67,measure
2026-09-11T00:37:58.007+00:00,275.001,365.591,99,22432.9,2685,67,measure
2026-09-11T00:37:59.009+00:00,276.001,363.005,99,22432.9,2685,66,measure
2026-09-11T00:38:00.007+00:00,277.001,360.878,99,22432.9,2685,67,measure
2026-09-11T00:38:01.007+00:00,278.001,322.61,99,22432.9,2685,62,measure
2026-09-11T00:38:02.011+00:00,279.001,317.951,99,22432.9,2685,64,measure
2026-09-11T00:38:03.007+00:00,280.001,322.093,99,22432.9,2685,62,measure
2026-09-11T00:38:04.007+00:00,281.001,321.469,99,22432.9,2685,63,measure
2026-09-11T00:38:05.006+00:00,282.000,315.113,99,22432.9,2685,62,measure
2026-09-11T00:38:06.006+00:00,283.000,326.861,99,22432.9,2685,65,measure
2026-09-11T00:38:07.006+00:00,284.000,326.829,99,22432.9,2685,63,measure
2026-09-11T00:38:08.009+00:00,285.001,365.531,99,22432.9,2685,68,measure
2026-09-11T00:38:09.007+00:00,286.001,364.471,99,22432.9,2685,66,measure
2026-09-11T00:38:10.007+00:00,287.001,366.391,99,22432.9,2685,68,measure
2026-09-11T00:38:11.006+00:00,288.000,380.959,99,22432.9,2685,67,measure
2026-09-11T00:38:12.006+00:00,289.000,375.422,99,22432.9,2685,66,measure
2026-09-11T00:38:10.521+00:00,290.001,384.793,99,22432.9,2685,68,measure
2026-09-11T00:38:11.559+00:00,291.001,384.203,99,22432.9,2685,67,measure
2026-09-11T00:38:12.521+00:00,292.000,374.157,99,22432.9,2685,67,measure
2026-09-11T00:38:13.521+00:00,293.001,363.311,99,22432.9,2685,65,measure
2026-09-11T00:38:14.520+00:00,294.001,357.324,99,22432.9,2685,66,measure
2026-09-11T00:38:15.521+00:00,295.002,345.831,99,22432.9,2685,66,measure
2026-09-11T00:38:16.521+00:00,296.001,360.705,99,22432.9,2685,66,measure
2026-09-11T00:38:17.528+00:00,297.008,367.3,99,22432.9,2685,67,measure
2026-09-11T00:38:18.520+00:00,298.000,362.652,99,22432.9,2685,66,measure
2026-09-11T00:38:19.520+00:00,299.000,362.04,99,22432.9,2685,65,measure
2026-09-11T00:38:20.520+00:00,300.001,367.854,99,22432.9,2685,66,measure
2026-09-11T00:38:21.520+00:00,301.001,362.673,99,22432.9,2685,67,measure
2026-09-11T00:38:22.523+00:00,302.002,371.963,99,22432.9,2685,67,measure
2026-09-11T00:38:23.521+00:00,303.001,365.389,99,22432.9,2685,65,measure
2026-09-11T00:38:24.520+00:00,304.000,366.999,99,22432.9,2685,65,measure
2026-09-11T00:38:25.520+00:00,305.000,367.407,99,22432.9,2685,67,measure
2026-09-11T00:38:26.522+00:00,306.000,357.44,99,22432.9,2685,66,measure
2026-09-11T00:38:27.520+00:00,307.001,327.69,99,22432.9,2685,67,measure
2026-09-11T00:38:28.524+00:00,308.003,333.59,99,22432.9,2685,64,measure
2026-09-11T00:38:29.521+00:00,309.001,370.521,99,22432.9,2685,67,measure
2026-09-11T00:38:30.520+00:00,310.001,418.738,100,22432.9,2685,70,measure
2026-09-11T00:38:31.519+00:00,311.000,417.989,99,22432.9,2685,69,measure
2026-09-11T00:38:32.520+00:00,312.001,411.582,100,22432.9,2685,70,measure
2026-09-11T00:38:33.520+00:00,313.000,410.494,99,22432.9,2685,69,measure
2026-09-11T00:38:34.521+00:00,314.001,409.958,99,22432.9,2685,69,measure
2026-09-11T00:38:35.521+00:00,315.000,407.927,100,22432.9,2685,70,measure
2026-09-11T00:38:36.519+00:00,316.000,407.299,100,22432.9,2685,70,measure
2026-09-11T00:38:37.519+00:00,317.000,414.223,100,22432.9,2685,71,measure
2026-09-11T00:38:38.519+00:00,318.000,415.7,100,22432.9,2685,71,measure
2026-09-11T00:38:39.520+00:00,319.001,421.33,100,22432.9,2685,71,measure
2026-09-11T00:38:40.521+00:00,320.001,413.912,99,22432.9,2685,70,measure
2026-09-11T00:38:41.521+00:00,321.000,410.652,100,22432.9,2685,70,measure
2026-09-11T00:38:42.520+00:00,322.001,408.021,100,22432.6,2685,69,measure
2026-09-11T00:38:41.041+00:00,323.000,408.175,100,22432.6,2685,69,measure
2026-09-11T00:38:42.042+00:00,324.000,412.191,100,22432,2685,71,measure
2026-09-11T00:38:43.042+00:00,325.000,415.697,100,22432,2685,71,measure
2026-09-11T00:38:44.043+00:00,326.000,417.99,100,22432,2685,71,measure
2026-09-11T00:38:45.045+00:00,327.000,416.264,100,22432,2685,71,measure
2026-09-11T00:38:46.044+00:00,328.002,411.8,100,22432,2685,70,measure
2026-09-11T00:38:47.042+00:00,329.001,411.31,100,22432,2685,70,measure
2026-09-11T00:38:48.042+00:00,330.000,408.297,100,22432,2685,70,measure
2026-09-11T00:38:49.042+00:00,331.001,413.409,100,22432,2685,71,measure
2026-09-11T00:38:50.043+00:00,332.000,408.818,99,22432,2685,71,measure
2026-09-11T00:38:51.043+00:00,333.000,415.776,100,22432,2685,72,measure
2026-09-11T00:38:52.042+00:00,334.000,420.97,100,22432,2685,71,measure
2026-09-11T00:38:53.041+00:00,335.000,408.86,100,22432,2685,70,measure
2026-09-11T00:38:54.044+00:00,336.001,412.362,99,22432,2685,70,measure
2026-09-11T00:38:55.042+00:00,337.001,410.159,100,22432,2685,70,measure
2026-09-11T00:38:56.043+00:00,338.000,408.812,100,22432,2685,70,measure
2026-09-11T00:38:57.045+00:00,339.001,411.425,99,22432,2685,71,measure
2026-09-11T00:38:58.042+00:00,340.001,407.497,100,22432,2685,70,measure
2026-09-11T00:38:59.043+00:00,341.001,423.083,100,22432,2685,72,measure
2026-09-11T00:39:00.042+00:00,342.001,416.939,100,22432,2685,70,measure
2026-09-11T00:39:01.042+00:00,343.000,408.268,100,22432,2685,70,measure
2026-09-11T00:39:02.043+00:00,344.000,409.19,100,22432,2685,70,measure
2026-09-11T00:39:03.044+00:00,345.000,407.76,100,22432,2685,70,measure
2026-09-11T00:39:04.042+00:00,346.001,406.57,99,22432,2685,71,measure
2026-09-11T00:39:05.042+00:00,347.000,405.121,99,22432,2685,70,measure
2026-09-11T00:39:06.042+00:00,348.000,412.19,100,22432,2685,71,measure
2026-09-11T00:39:07.042+00:00,349.001,417.277,99,22432,2685,71,measure
2026-09-11T00:39:08.043+00:00,350.000,421.146,100,22432,2685,70,measure
2026-09-11T00:39:09.042+00:00,351.001,411.211,100,22432,2685,71,measure
2026-09-11T00:39:10.041+00:00,352.000,414.774,99,22432,2685,70,measure
2026-09-11T00:39:11.042+00:00,353.000,409.867,99,22432,2685,71,measure
2026-09-11T00:39:12.042+00:00,354.000,408.791,99,22432,2685,71,measure
2026-09-11T00:39:10.543+00:00,355.000,403.839,99,22432,2685,70,measure
2026-09-11T00:39:11.545+00:00,356.000,412.397,99,22432,2685,71,measure
2026-09-11T00:39:12.544+00:00,357.001,414.409,100,22432,2685,71,measure
2026-09-11T00:39:13.544+00:00,358.001,417.469,100,22432,2685,70,measure
2026-09-11T00:39:14.543+00:00,359.000,414.34,100,22432,2685,70,measure
2026-09-11T00:39:15.543+00:00,360.000,412.858,100,22432,2685,70,measure
2026-09-11T00:39:16.543+00:00,361.001,406.873,99,22432,2685,70,measure
2026-09-11T00:39:17.544+00:00,362.000,410.491,100,22432,2685,71,measure
2026-09-11T00:39:18.545+00:00,363.000,410.437,99,22432,2685,71,measure
2026-09-11T00:39:19.546+00:00,364.003,421.34,100,22432,2685,71,measure
2026-09-11T00:39:20.544+00:00,365.002,414.688,100,22432,2685,71,measure
2026-09-11T00:39:21.544+00:00,366.001,411.564,100,22432,2685,70,measure
2026-09-11T00:39:22.544+00:00,367.001,413.082,99,22432,2685,70,measure
2026-09-11T00:39:23.545+00:00,368.000,411.393,100,22432,2685,71,measure
2026-09-11T00:39:24.543+00:00,369.001,409.005,100,22432,2685,70,measure
2026-09-11T00:39:25.547+00:00,370.004,411.391,99,22432,2685,70,measure
2026-09-11T00:39:26.543+00:00,371.000,413.325,100,22432,2685,71,measure
2026-09-11T00:39:27.543+00:00,372.001,422.118,100,22432,2685,71,measure
2026-09-11T00:39:28.544+00:00,373.001,414.018,99,22432,2685,71,measure
2026-09-11T00:39:29.547+00:00,374.000,411.772,99,22432,2685,71,measure
2026-09-11T00:39:30.544+00:00,375.000,412.66,100,22432,2685,70,measure
2026-09-11T00:39:31.543+00:00,376.000,411.207,100,22432,2685,71,measure
2026-09-11T00:39:32.543+00:00,377.000,417.323,100,22432,2685,71,measure
2026-09-11T00:39:33.543+00:00,378.000,408.883,100,22432,2685,70,measure
2026-09-11T00:39:34.545+00:00,379.001,414.51,100,22432,2685,71,measure
2026-09-11T00:39:35.544+00:00,380.001,419.202,100,22432,2685,71,measure
2026-09-11T00:39:36.543+00:00,381.000,408.429,99,22432,2685,70,measure
2026-09-11T00:39:37.545+00:00,382.002,414.234,100,22432,2685,70,measure
2026-09-11T00:39:38.546+00:00,383.001,409.802,100,22432,2685,70,measure
2026-09-11T00:39:39.544+00:00,384.001,411.861,100,22432,2685,71,measure
2026-09-11T00:39:40.543+00:00,385.000,410.929,99,22432,2685,70,measure
2026-09-11T00:39:41.548+00:00,386.000,405.464,100,22432,2685,71,measure
2026-09-11T00:39:40.059+00:00,387.000,419.131,100,22429.8,2685,72,measure
2026-09-11T00:39:41.061+00:00,388.002,409.139,100,22429.8,2685,70,measure
2026-09-11T00:39:42.059+00:00,389.001,415.365,99,22429.3,2685,70,measure
2026-09-11T00:39:43.058+00:00,390.000,412.177,100,22429.3,2685,70,measure
2026-09-11T00:39:44.059+00:00,391.000,407.414,100,22429.3,2685,70,measure
2026-09-11T00:39:45.062+00:00,392.004,407.596,100,22429.3,2685,71,measure
2026-09-11T00:39:46.059+00:00,393.001,407.829,100,22429.3,2685,71,measure
2026-09-11T00:39:47.058+00:00,394.000,409.276,100,22429.3,2685,71,measure
2026-09-11T00:39:48.060+00:00,395.001,420.89,100,22429.3,2685,72,measure
2026-09-11T00:39:49.059+00:00,396.001,412.383,99,22429.3,2685,70,measure
2026-09-11T00:39:50.058+00:00,397.000,411.283,100,22429.3,2685,71,measure
2026-09-11T00:39:51.060+00:00,398.001,411.678,99,22429.3,2685,71,measure
2026-09-11T00:39:52.060+00:00,399.001,406.945,100,22429.3,2685,70,measure
2026-09-11T00:39:53.059+00:00,400.001,409.958,100,22429.3,2685,71,measure
2026-09-11T00:39:54.059+00:00,401.001,408.434,100,22429.3,2685,71,measure
2026-09-11T00:39:55.059+00:00,402.001,409.013,100,22429.3,2685,71,measure
2026-09-11T00:39:56.060+00:00,403.001,418.674,99,22429.3,2685,71,measure
2026-09-11T00:39:57.060+00:00,404.000,408.177,100,22429.3,2685,70,measure
2026-09-11T00:39:58.058+00:00,405.000,413.349,100,22429.3,2685,70,measure
2026-09-11T00:39:59.059+00:00,406.001,411.997,100,22429.3,2685,70,measure
2026-09-11T00:40:00.059+00:00,407.001,409.216,100,22429.3,2685,70,measure
2026-09-11T00:40:01.059+00:00,408.000,409.543,100,22429.3,2685,71,measure
2026-09-11T00:40:02.059+00:00,409.000,404.771,100,22429.3,2685,70,measure
2026-09-11T00:40:03.060+00:00,410.000,409.986,100,22429.3,2685,71,measure
2026-09-11T00:40:04.059+00:00,411.001,419.608,100,22429.3,2685,71,measure
2026-09-11T00:40:05.059+00:00,412.001,414.613,100,22429.3,2685,71,measure
2026-09-11T00:40:06.062+00:00,413.001,412.514,100,22429.3,2685,70,measure
2026-09-11T00:40:07.062+00:00,414.004,412.68,100,22429.3,2685,70,measure
2026-09-11T00:40:08.060+00:00,415.001,407.973,100,22429.3,2685,71,measure
2026-09-11T00:40:09.061+00:00,416.002,408.211,100,22429.3,2685,70,measure
2026-09-11T00:40:10.059+00:00,417.001,408.976,100,22429.3,2685,71,measure
2026-09-11T00:40:11.059+00:00,418.000,415.572,100,22429.3,2685,71,measure
2026-09-11T00:40:12.058+00:00,419.000,413.829,100,22429.3,2685,71,measure
2026-09-11T00:40:10.580+00:00,420.001,411.862,100,22429.3,2685,70,measure
2026-09-11T00:40:11.580+00:00,421.000,410.617,100,22429.3,2685,70,measure
2026-09-11T00:40:12.582+00:00,422.002,410.693,100,22429.3,2685,71,measure
2026-09-11T00:40:13.580+00:00,423.001,408.551,100,22429.3,2685,70,measure
2026-09-11T00:40:14.579+00:00,424.001,407.46,99,22429.3,2685,71,measure
2026-09-11T00:40:15.579+00:00,425.000,407.842,100,22429.3,2685,70,measure
2026-09-11T00:40:16.579+00:00,426.000,413.282,100,22429.3,2685,71,measure
2026-09-11T00:40:17.586+00:00,427.007,410.637,100,22429.3,2685,70,measure
2026-09-11T00:40:18.582+00:00,428.000,411.01,100,22429.3,2685,70,measure
2026-09-11T00:40:19.579+00:00,429.000,410.445,100,22429.3,2685,70,measure
2026-09-11T00:40:20.579+00:00,430.001,406.803,100,22429.3,2685,70,measure
2026-09-11T00:40:21.581+00:00,431.002,410.463,100,22429.3,2685,71,measure
2026-09-11T00:40:22.579+00:00,432.000,408.23,100,22429.3,2685,71,measure
2026-09-11T00:40:23.581+00:00,433.001,408.863,100,22429.3,2685,71,measure
2026-09-11T00:40:24.582+00:00,434.000,413.599,100,22429.3,2685,71,measure
2026-09-11T00:40:25.579+00:00,435.000,411.922,100,22429.3,2685,71,measure
2026-09-11T00:40:26.579+00:00,436.000,414.591,100,22429.3,2685,70,measure
2026-09-11T00:40:27.579+00:00,437.000,413.678,100,22429.3,2685,71,measure
2026-09-11T00:40:28.579+00:00,438.001,413.255,100,22429.3,2685,70,measure
2026-09-11T00:40:29.580+00:00,439.000,408.195,100,22429.3,2685,71,measure
2026-09-11T00:40:30.582+00:00,440.000,405.108,99,22429.3,2685,71,measure
2026-09-11T00:40:31.582+00:00,441.003,412.43,100,22429.3,2685,71,measure
2026-09-11T00:40:32.579+00:00,442.000,412.909,100,22429.3,2685,72,measure
2026-09-11T00:40:33.581+00:00,443.000,412.138,100,22429.3,2685,70,measure
2026-09-11T00:40:34.579+00:00,444.000,412.104,99,22429.3,2685,70,measure
2026-09-11T00:40:35.580+00:00,445.000,409.719,99,22429.3,2685,71,measure
2026-09-11T00:40:36.582+00:00,446.002,410.11,99,22429.3,2685,71,measure
2026-09-11T00:40:37.579+00:00,447.000,407.589,99,22429.3,2685,71,measure
2026-09-11T00:40:38.579+00:00,448.001,408.466,100,22429.3,2685,71,measure
2026-09-11T00:40:39.579+00:00,449.001,413.728,99,22429.3,2685,71,measure
2026-09-11T00:40:40.582+00:00,450.002,410.686,100,22429.3,2685,70,measure
2026-09-11T00:40:41.581+00:00,451.000,412.307,99,22429.3,2685,70,measure
2026-09-11T00:40:40.101+00:00,452.000,414.208,100,22429.3,2685,70,measure
2026-09-11T00:40:41.099+00:00,453.000,411.036,99,22429.3,2685,70,measure
2026-09-11T00:40:42.105+00:00,454.006,409.555,99,22429.3,2685,71,measure
2026-09-11T00:40:43.100+00:00,455.001,406.465,99,22429.3,2685,71,measure
2026-09-11T00:40:44.099+00:00,456.000,405.806,100,22429.3,2685,71,measure
2026-09-11T00:40:45.101+00:00,457.001,416.369,100,22429.3,2685,71,measure
2026-09-11T00:40:46.101+00:00,458.001,412.056,99,22429.3,2685,71,measure
2026-09-11T00:40:47.099+00:00,459.000,412.189,100,22429.3,2685,70,measure
2026-09-11T00:40:48.099+00:00,460.000,415.851,99,22429.3,2685,71,measure
2026-09-11T00:40:49.099+00:00,461.001,410.982,99,22429.3,2685,71,measure
2026-09-11T00:40:50.100+00:00,462.001,411.917,100,22429.3,2685,71,measure
2026-09-11T00:40:51.100+00:00,463.001,408.162,100,22429.3,2685,70,measure
2026-09-11T00:40:52.101+00:00,464.001,413.55,99,22429.3,2685,71,measure
2026-09-11T00:40:53.099+00:00,465.000,412.451,99,22429.3,2685,71,measure
2026-09-11T00:40:54.099+00:00,466.000,406.948,100,22429.3,2685,71,measure
2026-09-11T00:40:55.099+00:00,467.001,412.297,100,22429.3,2685,71,measure
2026-09-11T00:40:56.102+00:00,468.002,412.328,100,22429.3,2685,71,measure
2026-09-11T00:40:57.102+00:00,469.003,409.552,100,22429.3,2685,71,measure
2026-09-11T00:40:58.099+00:00,470.000,410.809,99,22429.3,2685,71,measure
2026-09-11T00:40:59.101+00:00,471.002,407.337,99,22429.3,2685,70,measure
2026-09-11T00:41:00.103+00:00,472.000,417.973,100,22429.3,2685,71,measure
2026-09-11T00:41:01.100+00:00,473.001,407.574,100,22429.3,2685,70,measure
2026-09-11T00:41:02.104+00:00,474.004,411.191,100,22429.3,2685,70,measure
2026-09-11T00:41:03.101+00:00,475.002,413.455,100,22429.3,2685,70,measure
2026-09-11T00:41:04.103+00:00,476.005,409.155,99,22429.3,2685,71,measure
2026-09-11T00:41:05.099+00:00,477.000,412.803,100,22429.3,2685,71,measure
2026-09-11T00:41:06.099+00:00,478.001,415.222,100,22429.3,2685,70,measure
2026-09-11T00:41:07.099+00:00,479.000,411.054,100,22429.3,2685,71,measure
2026-09-11T00:41:08.099+00:00,480.000,411.466,99,22429.3,2685,72,measure
2026-09-11T00:41:09.101+00:00,481.002,402.761,100,22429.3,2685,71,measure
2026-09-11T00:41:10.101+00:00,482.001,408.313,100,22429.3,2685,70,measure
2026-09-11T00:41:11.099+00:00,483.001,410.26,100,22429.3,2685,71,measure
2026-09-11T00:41:09.601+00:00,484.001,404.325,100,22429.3,2685,70,measure
2026-09-11T00:41:10.600+00:00,485.000,410.655,100,22429.3,2685,71,measure
2026-09-11T00:41:11.602+00:00,486.002,411.162,99,22429.3,2685,71,measure
2026-09-11T00:41:12.603+00:00,487.001,409.058,99,22429.3,2685,71,measure
2026-09-11T00:41:13.602+00:00,488.001,411.015,99,22429.3,2685,71,measure
2026-09-11T00:41:14.601+00:00,489.000,409.948,99,22429.3,2685,70,measure
2026-09-11T00:41:15.603+00:00,490.000,413.081,100,22429.3,2685,70,measure
2026-09-11T00:41:16.600+00:00,491.000,411.012,100,22429.3,2685,71,measure
2026-09-11T00:41:17.601+00:00,492.000,408.792,100,22429.3,2685,71,measure
2026-09-11T00:41:18.606+00:00,493.000,412.973,100,22429.3,2685,71,measure
2026-09-11T00:41:19.600+00:00,494.000,408.03,100,22429.3,2685,70,measure
2026-09-11T00:41:20.602+00:00,495.002,409.342,99,22429.3,2685,71,measure
2026-09-11T00:41:21.601+00:00,496.001,413.508,100,22429.3,2685,71,measure
2026-09-11T00:41:22.600+00:00,497.000,416.771,99,22429.3,2685,71,measure
2026-09-11T00:41:23.601+00:00,498.000,411.951,100,22429.3,2685,70,measure
2026-09-11T00:41:24.602+00:00,499.001,409.195,99,22429.3,2685,70,measure
2026-09-11T00:41:25.600+00:00,500.000,412.056,100,22429.3,2685,71,measure
2026-09-11T00:41:26.600+00:00,501.000,412.464,99,22429.3,2685,71,measure
2026-09-11T00:41:27.603+00:00,502.003,410.025,99,22429.3,2685,71,measure
2026-09-11T00:41:28.612+00:00,503.012,412.164,99,22429.3,2685,71,measure
2026-09-11T00:41:29.608+00:00,504.007,409.974,100,22429.3,2685,70,measure
2026-09-11T00:41:30.605+00:00,505.001,415.74,100,22429.3,2685,71,measure
2026-09-11T00:41:31.602+00:00,506.000,414.816,99,22429.3,2685,70,measure
2026-09-11T00:41:32.602+00:00,507.002,407.028,100,22429.3,2685,70,measure
2026-09-11T00:41:33.609+00:00,508.008,412.547,100,22429.3,2685,72,measure
2026-09-11T00:41:34.613+00:00,509.013,410.559,100,22429.3,2685,71,measure
2026-09-11T00:41:35.607+00:00,510.003,413.25,100,22429.3,2685,71,measure
2026-09-11T00:41:36.602+00:00,511.001,412.561,100,22429.3,2685,70,measure
2026-09-11T00:41:37.601+00:00,512.000,405.803,100,22429.3,2685,70,measure
2026-09-11T00:41:38.684+00:00,513.083,416.143,100,22429.3,2685,70,measure
2026-09-11T00:41:39.669+00:00,514.068,411.529,99,22429.3,2685,70,measure
2026-09-11T00:41:40.678+00:00,515.078,410.595,99,22429.3,2685,71,measure
2026-09-11T00:41:39.145+00:00,516.006,411.401,100,22429.3,2685,71,measure
2026-09-11T00:41:40.220+00:00,517.083,409.44,100,22429.3,2685,71,measure
2026-09-11T00:41:41.165+00:00,518.028,413.638,99,22429.3,2685,70,measure
2026-09-11T00:41:42.220+00:00,519.081,410.264,100,22425.3,2685,70,measure
2026-09-11T00:41:43.142+00:00,520.005,411.411,100,22425.3,2685,70,measure
2026-09-11T00:41:44.222+00:00,521.083,414.075,100,22425.3,2685,70,measure
2026-09-11T00:41:45.213+00:00,522.076,407.334,100,22425.3,2685,71,measure
2026-09-11T00:41:46.214+00:00,523.077,408.89,100,22425.3,2685,71,measure
2026-09-11T00:41:47.139+00:00,524.002,413.815,100,22425.3,2685,71,measure
2026-09-11T00:41:48.138+00:00,525.000,411.315,100,22425.3,2685,70,measure
2026-09-11T00:41:49.137+00:00,526.000,408.673,100,22425.3,2685,71,measure
2026-09-11T00:41:50.138+00:00,527.001,408.041,100,22425.3,2685,71,measure
2026-09-11T00:41:51.140+00:00,528.002,411.741,100,22425.3,2685,71,measure
2026-09-11T00:41:52.141+00:00,529.001,414.182,100,22425.3,2685,70,measure
2026-09-11T00:41:53.138+00:00,530.000,411.707,100,22425.3,2685,70,measure
2026-09-11T00:41:54.139+00:00,531.002,409.022,100,22425.3,2685,70,measure
2026-09-11T00:41:55.138+00:00,532.001,413.265,100,22425.3,2685,71,measure
2026-09-11T00:41:56.138+00:00,533.001,409.412,100,22425.3,2685,71,measure
2026-09-11T00:41:57.140+00:00,534.002,411.917,100,22425.3,2685,72,measure
2026-09-11T00:41:58.139+00:00,535.002,410.749,100,22425.3,2685,70,measure
2026-09-11T00:41:59.140+00:00,536.003,413.577,99,22425.3,2685,71,measure
2026-09-11T00:42:00.143+00:00,537.003,413.727,100,22425.3,2685,70,measure
2026-09-11T00:42:01.137+00:00,538.000,408.537,99,22425.3,2685,71,measure
2026-09-11T00:42:02.141+00:00,539.003,412.906,99,22425.3,2685,71,measure
2026-09-11T00:42:03.144+00:00,540.004,411.133,100,22425.3,2685,70,measure
2026-09-11T00:42:04.141+00:00,541.003,408.467,100,22425.3,2685,71,measure
2026-09-11T00:42:05.140+00:00,542.002,414.242,100,22425.3,2685,71,measure
2026-09-11T00:42:06.139+00:00,543.002,412.132,100,22425.3,2685,71,measure
2026-09-11T00:42:07.141+00:00,544.003,411.885,100,22425.3,2685,70,measure
2026-09-11T00:42:08.142+00:00,545.004,409.981,100,22425.3,2685,71,measure
2026-09-11T00:42:09.144+00:00,546.007,413.512,100,22425.3,2685,71,measure
2026-09-11T00:42:10.143+00:00,547.006,413.348,100,22425.3,2685,71,measure
2026-09-11T00:42:11.139+00:00,548.002,409.828,100,22425.3,2685,71,measure
2026-09-11T00:42:09.641+00:00,549.001,408.427,99,22425.3,2685,71,measure
2026-09-11T00:42:10.642+00:00,550.001,412.606,99,22425.3,2685,72,measure
2026-09-11T00:42:11.645+00:00,551.003,411.435,100,22425.3,2685,70,measure
2026-09-11T00:42:12.646+00:00,552.002,416.179,100,22425.3,2685,71,measure
2026-09-11T00:42:13.642+00:00,553.002,409.658,100,22425.3,2685,71,measure
2026-09-11T00:42:14.641+00:00,554.001,413.308,100,22425.3,2685,70,measure
2026-09-11T00:42:15.642+00:00,555.002,414.695,99,22425.3,2685,71,measure
2026-09-11T00:42:16.640+00:00,556.000,411.756,100,22425.3,2685,71,measure
2026-09-11T00:42:17.640+00:00,557.000,411.172,100,22425.3,2685,71,measure
2026-09-11T00:42:18.642+00:00,558.001,410.237,100,22425.3,2685,70,measure
2026-09-11T00:42:19.642+00:00,559.001,413.475,99,22425.3,2685,70,measure
2026-09-11T00:42:20.640+00:00,560.000,412.622,99,22425.3,2685,71,measure
2026-09-11T00:42:21.641+00:00,561.001,410.404,99,22425.3,2685,71,measure
2026-09-11T00:42:22.640+00:00,562.000,410.863,100,22425.3,2685,72,measure
2026-09-11T00:42:23.640+00:00,563.000,409.54,100,22425.3,2685,71,measure
2026-09-11T00:42:24.641+00:00,564.000,409.476,100,22425.3,2685,71,measure
2026-09-11T00:42:25.642+00:00,565.000,413.92,100,22425.3,2685,71,measure
2026-09-11T00:42:26.642+00:00,566.003,410.247,99,22425.3,2685,71,measure
2026-09-11T00:42:27.640+00:00,567.001,414.226,100,22425.3,2685,71,measure
2026-09-11T00:42:28.640+00:00,568.000,412.412,100,22425.3,2685,70,measure
2026-09-11T00:42:29.642+00:00,569.002,404.094,100,22425.3,2685,71,measure
2026-09-11T00:42:30.642+00:00,570.001,416.22,100,22425.3,2685,72,measure
2026-09-11T00:42:31.646+00:00,571.006,410.587,100,22425.3,2685,71,measure
2026-09-11T00:42:32.641+00:00,572.001,418.207,100,22425.3,2685,72,measure
2026-09-11T00:42:33.640+00:00,573.000,419.227,99,22425.3,2685,70,measure
2026-09-11T00:42:34.640+00:00,574.001,424.146,100,22425.3,2685,73,measure
2026-09-11T00:42:35.640+00:00,575.001,413.594,99,22425.3,2685,71,measure
2026-09-11T00:42:36.641+00:00,576.000,409.863,100,22425.3,2685,71,measure
2026-09-11T00:42:37.641+00:00,577.001,411.651,100,22425.3,2685,71,measure
2026-09-11T00:42:38.640+00:00,578.001,413.473,100,22425.3,2685,71,measure
2026-09-11T00:42:39.640+00:00,579.000,410.928,99,22425.3,2685,71,measure
2026-09-11T00:42:40.643+00:00,580.003,416.17,100,22425.3,2685,71,measure
2026-09-11T00:42:39.148+00:00,581.008,418.458,100,22425.3,2685,70,measure
2026-09-11T00:42:40.151+00:00,582.012,417.905,100,22425.3,2685,72,measure
2026-09-11T00:42:41.141+00:00,583.000,414.286,100,22425.3,2685,72,measure
2026-09-11T00:42:42.141+00:00,584.002,403.553,100,22425.3,2685,70,measure
2026-09-11T00:42:43.139+00:00,585.000,406.049,100,22425.3,2685,71,measure
2026-09-11T00:42:44.139+00:00,586.000,413.139,100,22425.3,2685,72,measure
2026-09-11T00:42:45.139+00:00,587.000,413.73,99,22425.3,2685,71,measure
2026-09-11T00:42:46.142+00:00,588.002,418.969,100,22425.3,2685,70,measure
2026-09-11T00:42:47.141+00:00,589.000,421.522,100,22425.3,2685,73,measure
2026-09-11T00:42:48.139+00:00,590.000,416.654,100,22425.3,2685,70,measure
2026-09-11T00:42:49.139+00:00,591.000,410.962,100,22425.3,2685,71,measure
2026-09-11T00:42:50.140+00:00,592.001,404.532,100,22425.3,2685,71,measure
2026-09-11T00:42:51.139+00:00,593.000,415.259,100,22425.3,2685,72,measure
2026-09-11T00:42:52.144+00:00,594.001,413.743,100,22425.3,2685,71,measure
2026-09-11T00:42:53.140+00:00,595.001,419.82,99,22425.3,2685,70,measure
2026-09-11T00:42:54.142+00:00,596.002,420.498,100,22425.3,2685,71,measure
2026-09-11T00:42:55.142+00:00,597.001,424.245,100,22425.3,2685,71,measure
2026-09-11T00:42:56.139+00:00,598.000,409.64,100,22425.3,2685,71,measure
2026-09-11T00:42:57.139+00:00,599.000,407.673,99,22425.3,2685,71,measure
2026-09-11T00:42:58.144+00:00,600.001,414.471,100,22425.3,2685,71,measure
2026-09-11T00:42:59.141+00:00,601.000,414.296,100,22425.3,2685,71,measure
2026-09-11T00:43:00.139+00:00,602.000,415.586,100,22425.3,2685,71,measure
2026-09-11T00:43:01.139+00:00,603.000,419.163,100,22425.3,2685,70,measure
2026-09-11T00:43:02.139+00:00,604.000,417.471,100,22425.3,2685,72,measure
2026-09-11T00:43:03.139+00:00,605.000,415.555,100,22425.3,2685,70,measure
2026-09-11T00:43:04.141+00:00,606.000,407.934,100,22425.3,2685,72,measure
2026-09-11T00:43:05.140+00:00,607.000,405.149,100,22425.3,2685,71,measure
2026-09-11T00:43:06.139+00:00,608.000,409.924,100,22425.3,2685,72,measure
2026-09-11T00:43:07.139+00:00,609.000,405.454,100,22425.3,2685,71,measure
2026-09-11T00:43:08.140+00:00,610.000,410.389,100,22425.3,2685,72,measure
2026-09-11T00:43:09.140+00:00,611.000,410.915,100,22425.3,2685,71,measure
2026-09-11T00:43:10.141+00:00,612.000,409.023,100,22425.3,2685,70,measure
2026-09-11T00:43:08.663+00:00,613.001,399.907,100,22425.3,2685,71,measure
2026-09-11T00:43:09.662+00:00,614.001,390.685,100,22425.3,2685,70,measure
2026-09-11T00:43:10.662+00:00,615.001,382.87,99,22425.3,2685,70,measure
2026-09-11T00:43:11.662+00:00,616.000,384.131,99,22425.3,2685,69,measure
2026-09-11T00:43:12.663+00:00,617.000,384.713,99,22425.3,2685,68,measure
2026-09-11T00:43:13.663+00:00,618.000,371.024,99,22425.3,2685,66,measure
2026-09-11T00:43:14.662+00:00,619.000,364.998,99,22425.3,2685,67,measure
2026-09-11T00:43:15.662+00:00,620.000,363.311,99,22425.3,2685,66,measure
2026-09-11T00:43:16.662+00:00,621.000,371.001,99,22425.3,2685,68,measure
2026-09-11T00:43:17.662+00:00,622.000,364.61,99,22425.3,2685,67,measure
2026-09-11T00:43:18.662+00:00,623.000,371.987,99,22425.3,2685,67,measure
2026-09-11T00:43:19.664+00:00,624.000,367.157,99,22425.3,2685,67,measure
2026-09-11T00:43:20.662+00:00,625.000,359.968,99,22425.3,2685,66,measure
2026-09-11T00:43:21.662+00:00,626.001,331.898,99,22425.3,2685,64,measure
2026-09-11T00:43:22.664+00:00,627.000,317.11,99,22425.3,2685,62,measure
2026-09-11T00:43:23.662+00:00,628.001,319.416,99,22425.3,2685,66,measure
2026-09-11T00:43:24.662+00:00,629.000,313.243,99,22425.3,2685,63,measure
2026-09-11T00:43:25.664+00:00,630.001,317.721,99,22425.3,2685,64,measure
2026-09-11T00:43:26.662+00:00,631.001,316.513,99,22425.3,2685,63,measure
2026-09-11T00:43:27.699+00:00,632.000,319.005,99,22425.3,2685,65,measure
2026-09-11T00:43:28.662+00:00,633.001,327.461,99,22425.3,2685,66,measure
2026-09-11T00:43:29.662+00:00,634.000,319.705,99,22425.3,2685,67,measure
2026-09-11T00:43:30.663+00:00,635.000,325.664,99,22425.3,2685,63,measure
2026-09-11T00:43:31.666+00:00,636.001,324.117,99,22425.3,2685,65,measure
2026-09-11T00:43:32.662+00:00,637.000,339.401,99,22425.3,2685,66,measure
2026-09-11T00:43:33.663+00:00,638.002,328.232,99,22425.3,2685,66,measure
2026-09-11T00:43:34.662+00:00,639.001,328.483,99,22425.3,2685,67,measure
2026-09-11T00:43:35.663+00:00,640.002,318.725,99,22425.3,2685,62,measure
2026-09-11T00:43:36.669+00:00,641.003,324.852,99,22425.3,2685,65,measure
2026-09-11T00:43:37.663+00:00,642.000,329.739,99,22425.3,2685,65,measure
2026-09-11T00:43:38.662+00:00,643.000,327.44,99,22425.3,2685,63,measure
2026-09-11T00:43:39.664+00:00,644.002,358.412,99,22425.3,2685,66,measure
2026-09-11T00:43:40.664+00:00,645.002,346.322,99,22425.3,2685,65,measure
2026-09-11T00:43:39.166+00:00,646.004,327.352,99,22425.3,2685,64,measure
2026-09-11T00:43:40.163+00:00,647.001,326.811,99,22425.3,2685,65,measure
2026-09-11T00:43:41.163+00:00,648.001,327.19,99,22425.3,2685,64,measure
2026-09-11T00:43:42.162+00:00,649.001,342.177,99,22425.3,2685,66,measure
2026-09-11T00:43:43.161+00:00,650.001,367.598,99,22425.3,2685,67,measure
2026-09-11T00:43:44.162+00:00,651.002,361.317,99,22425.3,2685,65,measure
2026-09-11T00:43:45.204+00:00,652.001,348.122,99,22425.3,2685,66,measure
2026-09-11T00:43:46.162+00:00,653.001,330.608,99,22425.3,2685,66,measure
2026-09-11T00:43:47.163+00:00,654.000,328.533,99,22425.3,2685,62,measure
2026-09-11T00:43:48.161+00:00,655.001,341.712,99,22425.3,2685,62,measure
2026-09-11T00:43:49.162+00:00,656.001,351.922,99,22425.3,2685,63,measure
2026-09-11T00:43:50.163+00:00,657.000,320.256,99,22425.3,2685,64,measure
2026-09-11T00:43:51.161+00:00,658.000,321.151,99,22425.3,2685,65,measure
2026-09-11T00:43:52.162+00:00,659.001,324.282,99,22425.3,2685,65,measure
2026-09-11T00:43:53.163+00:00,660.000,328.071,99,22425.3,2685,64,measure
2026-09-11T00:43:54.161+00:00,661.000,333.548,99,22425.3,2685,66,measure
2026-09-11T00:43:55.161+00:00,662.000,342.82,99,22425.3,2685,62,measure
2026-09-11T00:43:56.160+00:00,663.000,367.673,99,22425.3,2685,64,measure
2026-09-11T00:43:57.161+00:00,664.001,356.737,99,22425.3,2685,66,measure
2026-09-11T00:43:58.163+00:00,665.001,359.341,99,22425.3,2685,65,measure
2026-09-11T00:43:59.163+00:00,666.001,332.898,99,22425.3,2685,62,measure
2026-09-11T00:44:00.160+00:00,667.000,319.767,99,22425.3,2685,63,measure
2026-09-11T00:44:01.161+00:00,668.001,326.69,99,22425.3,2685,64,measure
2026-09-11T00:44:02.160+00:00,669.000,317.932,99,22425.3,2685,65,measure
2026-09-11T00:44:03.160+00:00,670.000,345.523,99,22425.3,2685,64,measure
2026-09-11T00:44:04.163+00:00,671.001,363.346,99,22425.3,2685,64,measure
2026-09-11T00:44:05.161+00:00,672.001,366.846,99,22425.3,2685,66,measure
2026-09-11T00:44:06.162+00:00,673.001,359.633,99,22425.3,2685,66,measure
2026-09-11T00:44:07.161+00:00,674.001,335.742,99,22425.3,2685,61,measure
2026-09-11T00:44:08.163+00:00,675.003,339.343,99,22425.3,2685,64,measure
2026-09-11T00:44:09.161+00:00,676.001,318.495,99,22425.3,2685,63,measure
2026-09-11T00:44:10.162+00:00,677.000,328.878,99,22425.3,2685,65,measure
2026-09-11T00:44:08.679+00:00,678.000,321.002,99,22425.3,2685,64,measure
2026-09-11T00:44:09.678+00:00,679.000,334.901,99,22425.3,2685,65,measure
2026-09-11T00:44:10.677+00:00,680.000,343.559,99,22425.3,2685,66,measure
2026-09-11T00:44:11.677+00:00,681.000,368.03,99,22425.3,2685,65,measure
2026-09-11T00:44:12.679+00:00,682.002,364.967,99,22425.3,2685,65,measure
2026-09-11T00:44:13.732+00:00,683.000,352.154,99,22425.3,2685,61,measure
2026-09-11T00:44:14.682+00:00,684.004,336.807,99,22425.3,2685,65,measure
2026-09-11T00:44:15.680+00:00,685.003,325.619,99,22425.3,2685,62,measure
2026-09-11T00:44:16.681+00:00,686.004,317.319,99,22425.3,2685,63,measure
2026-09-11T00:44:17.678+00:00,687.000,322.391,99,22425.3,2685,62,measure
2026-09-11T00:44:18.678+00:00,688.000,324.473,99,22425.3,2685,61,measure
2026-09-11T00:44:19.680+00:00,689.002,323.42,99,22425.3,2685,63,measure
2026-09-11T00:44:20.681+00:00,690.004,352.959,99,22425.3,2685,65,measure
2026-09-11T00:44:21.677+00:00,691.000,365.108,99,22425.3,2685,66,measure
2026-09-11T00:44:22.678+00:00,692.001,363.811,99,22425.3,2685,66,measure
2026-09-11T00:44:23.679+00:00,693.001,366.486,99,22425.3,2685,67,measure
2026-09-11T00:44:24.689+00:00,694.004,348.318,99,22425.3,2685,65,measure
2026-09-11T00:44:25.682+00:00,695.003,319.611,99,22425.3,2685,63,measure
2026-09-11T00:44:26.679+00:00,696.002,330.01,99,22425.3,2685,63,measure
2026-09-11T00:44:27.681+00:00,697.004,349.83,99,22425.3,2685,62,measure
2026-09-11T00:44:28.685+00:00,698.008,361.799,99,22425.3,2685,66,measure
2026-09-11T00:44:29.683+00:00,699.005,325.148,99,22425.3,2685,62,measure
2026-09-11T00:44:30.678+00:00,700.001,312.604,99,22425.3,2685,62,measure
2026-09-11T00:44:31.682+00:00,701.002,318.62,99,22425.3,2685,62,measure
2026-09-11T00:44:32.681+00:00,702.004,323.214,99,22425.3,2685,65,measure
2026-09-11T00:44:33.681+00:00,703.004,338.791,99,22425.3,2685,64,measure
2026-09-11T00:44:34.680+00:00,704.001,334.842,99,22425.3,2685,63,measure
2026-09-11T00:44:35.677+00:00,705.000,349.916,99,22425.3,2685,64,measure
2026-09-11T00:44:36.678+00:00,706.000,325.682,99,22425.3,2685,61,measure
2026-09-11T00:44:37.682+00:00,707.001,318.684,99,22425.3,2685,61,measure
2026-09-11T00:44:38.678+00:00,708.000,331.218,99,22425.3,2685,65,measure
2026-09-11T00:44:39.677+00:00,709.000,367.45,99,22425.3,2685,67,measure
2026-09-11T00:44:40.678+00:00,710.001,377.73,99,22425.3,2685,66,measure
2026-09-11T00:44:39.180+00:00,711.000,382.275,99,22425.3,2685,67,measure
2026-09-11T00:44:40.180+00:00,712.000,385.3,99,22425.3,2685,65,measure
2026-09-11T00:44:41.181+00:00,713.000,375.586,99,22425.3,2685,66,measure
2026-09-11T00:44:42.181+00:00,714.000,381.593,99,22425.3,2685,65,measure
2026-09-11T00:44:43.180+00:00,715.000,374.41,99,22425.3,2685,66,measure
2026-09-11T00:44:44.180+00:00,716.001,366.395,99,22425.3,2685,66,measure
2026-09-11T00:44:45.180+00:00,717.000,365.505,99,22425.3,2685,67,measure
2026-09-11T00:44:46.181+00:00,718.001,364.157,99,22425.3,2685,66,measure
2026-09-11T00:44:47.181+00:00,719.000,366.217,99,22425.3,2685,65,measure
2026-09-11T00:44:48.186+00:00,720.006,364.119,99,22425.3,2685,66,measure
2026-09-11T00:44:49.180+00:00,721.000,358.745,99,22425.3,2685,65,measure
2026-09-11T00:44:50.205+00:00,722.000,335.279,99,22425.3,2685,63,measure
2026-09-11T00:44:51.180+00:00,723.000,308.904,99,22425.3,2685,61,measure
2026-09-11T00:44:52.180+00:00,724.000,322.9,99,22425.3,2685,65,measure
2026-09-11T00:44:53.184+00:00,725.000,324.972,99,22425.3,2685,61,measure
2026-09-11T00:44:54.184+00:00,726.004,351.288,99,22425.3,2685,65,measure
2026-09-11T00:44:55.208+00:00,727.000,371.543,99,22425.3,2685,65,measure
2026-09-11T00:44:56.182+00:00,728.002,366.237,99,22425.3,2685,64,measure
2026-09-11T00:44:57.180+00:00,729.000,355.883,99,22425.3,2685,64,measure
2026-09-11T00:44:58.181+00:00,730.000,343.068,99,22425.3,2685,61,measure
2026-09-11T00:44:59.218+00:00,731.001,325.225,99,22425.3,2685,64,measure
2026-09-11T00:45:00.212+00:00,732.001,320.428,99,22425.3,2685,62,measure
2026-09-11T00:45:01.191+00:00,733.001,336.948,99,22425.3,2685,61,measure
2026-09-11T00:45:02.183+00:00,734.001,329.382,99,22425.3,2685,62,measure
2026-09-11T00:45:03.181+00:00,735.001,339.801,99,22425.3,2685,66,measure
2026-09-11T00:45:04.182+00:00,736.001,341.628,99,22425.3,2685,63,measure
2026-09-11T00:45:05.214+00:00,737.002,331.644,99,22425.3,2685,64,measure
2026-09-11T00:45:06.180+00:00,738.001,366.071,99,22425.3,2685,65,measure
2026-09-11T00:45:07.182+00:00,739.002,355.818,99,22425.3,2685,65,measure
2026-09-11T00:45:08.181+00:00,740.001,340.375,99,22425.3,2685,63,measure
2026-09-11T00:45:09.224+00:00,741.001,315.645,99,22425.3,2685,62,measure
2026-09-11T00:45:10.183+00:00,742.002,325.652,99,22425.3,2685,64,measure
2026-09-11T00:45:08.682+00:00,743.004,319.474,99,22425.3,2685,63,measure
2026-09-11T00:45:09.683+00:00,744.006,318.656,99,22425.3,2685,63,measure
2026-09-11T00:45:10.679+00:00,745.001,311.605,99,22425.3,2685,63,measure
2026-09-11T00:45:11.679+00:00,746.001,312.405,99,22425.3,2685,62,measure
2026-09-11T00:45:12.678+00:00,747.000,333.283,99,22425.3,2685,63,measure
2026-09-11T00:45:13.705+00:00,748.001,323.948,99,22425.3,2685,62,measure
2026-09-11T00:45:14.681+00:00,749.001,329.962,99,22425.3,2685,64,measure
2026-09-11T00:45:15.679+00:00,750.001,328.899,99,22425.3,2685,61,measure
2026-09-11T00:45:16.679+00:00,751.001,310.455,99,22425.3,2685,60,measure
2026-09-11T00:45:17.680+00:00,752.002,334.674,99,22425.3,2685,61,measure
2026-09-11T00:45:18.678+00:00,753.000,338.877,99,22425.3,2685,61,measure
2026-09-11T00:45:19.680+00:00,754.001,356.036,99,22425.3,2685,64,measure
2026-09-11T00:45:20.681+00:00,755.001,355.317,99,22425.3,2685,68,measure
2026-09-11T00:45:21.683+00:00,756.005,349.977,99,22425.3,2685,62,measure
2026-09-11T00:45:22.679+00:00,757.001,368.443,99,22425.3,2685,65,measure
2026-09-11T00:45:23.686+00:00,758.007,361.362,99,22425.3,2685,66,measure
2026-09-11T00:45:24.680+00:00,759.002,364.174,99,22425.3,2685,65,measure
2026-09-11T00:45:25.681+00:00,760.001,363.891,99,22425.3,2685,64,measure
2026-09-11T00:45:26.683+00:00,761.005,360.867,99,22425.3,2685,64,measure
2026-09-11T00:45:27.683+00:00,762.005,354.983,99,22425.3,2685,65,measure
2026-09-11T00:45:28.679+00:00,763.001,355.879,99,22425.3,2685,65,measure
2026-09-11T00:45:29.680+00:00,764.002,352.958,99,22425.3,2685,64,measure
2026-09-11T00:45:30.682+00:00,765.003,344.45,99,22425.3,2685,64,measure
2026-09-11T00:45:31.682+00:00,766.003,353.246,99,22425.3,2685,64,measure
2026-09-11T00:45:32.684+00:00,767.006,330.41,99,22425.3,2685,61,measure
2026-09-11T00:45:33.680+00:00,768.002,355.33,99,22425.3,2685,66,measure
2026-09-11T00:45:34.705+00:00,769.001,371.536,99,22425.3,2685,65,measure
2026-09-11T00:45:35.679+00:00,770.001,358.098,99,22425.3,2685,64,measure
2026-09-11T00:45:36.679+00:00,771.001,365.885,99,22425.3,2685,64,measure
2026-09-11T00:45:37.680+00:00,772.000,373.629,99,22425.3,2685,67,measure
2026-09-11T00:45:38.680+00:00,773.000,361.188,99,22425.3,2685,65,measure
2026-09-11T00:45:39.678+00:00,774.000,364.93,99,22425.3,2685,66,measure
2026-09-11T00:45:40.679+00:00,775.000,355.736,99,22425.3,2685,64,measure
2026-09-11T00:45:39.179+00:00,776.000,361.573,99,22425.3,2685,66,measure
2026-09-11T00:45:40.179+00:00,777.001,369.181,99,22425.3,2685,66,measure
2026-09-11T00:45:41.181+00:00,778.000,363.896,99,22425.3,2685,66,measure
2026-09-11T00:45:42.212+00:00,779.001,367.48,99,22425.3,2685,65,measure
2026-09-11T00:45:43.179+00:00,780.001,364.778,99,22425.3,2685,64,measure
2026-09-11T00:45:44.179+00:00,781.000,368.787,99,22425.3,2685,66,measure
2026-09-11T00:45:45.179+00:00,782.000,360.454,99,22425.3,2685,65,measure
2026-09-11T00:45:46.179+00:00,783.000,359.951,99,22425.3,2685,65,measure
2026-09-11T00:45:47.181+00:00,784.001,362.489,99,22425.3,2685,65,measure
2026-09-11T00:45:48.179+00:00,785.000,339.756,99,22425.3,2685,63,measure
2026-09-11T00:45:49.179+00:00,786.000,346.052,99,22425.3,2685,62,measure
2026-09-11T00:45:50.179+00:00,787.001,334.161,99,22425.3,2685,61,measure
2026-09-11T00:45:51.179+00:00,788.000,322.837,99,22425.3,2685,65,measure
2026-09-11T00:45:52.220+00:00,789.001,328.092,99,22425.3,2685,64,measure
2026-09-11T00:45:53.197+00:00,790.000,326.198,99,22425.3,2685,63,measure
2026-09-11T00:45:54.181+00:00,791.000,332.665,99,22425.3,2685,61,measure
2026-09-11T00:45:55.179+00:00,792.000,359.178,99,22425.3,2685,64,measure
2026-09-11T00:45:56.179+00:00,793.000,358.834,99,22425.3,2685,65,measure
2026-09-11T00:45:57.180+00:00,794.001,360.655,99,22425.3,2685,64,measure
2026-09-11T00:45:58.179+00:00,795.000,340.876,99,22425.3,2685,66,measure
2026-09-11T00:45:59.181+00:00,796.001,329.394,99,22425.3,2685,63,measure
2026-09-11T00:46:00.180+00:00,797.000,324.415,99,22425.3,2685,66,measure
2026-09-11T00:46:01.179+00:00,798.000,335.971,99,22425.3,2685,64,measure
2026-09-11T00:46:02.179+00:00,799.000,361.647,99,22425.3,2685,66,measure
2026-09-11T00:46:03.179+00:00,800.001,366.371,99,22425.3,2685,65,measure
2026-09-11T00:46:04.179+00:00,801.001,372.769,99,22425.3,2685,65,measure
2026-09-11T00:46:05.181+00:00,802.000,370.017,99,22425.3,2685,66,measure
2026-09-11T00:46:06.180+00:00,803.001,360.822,99,22425.3,2685,66,measure
2026-09-11T00:46:07.179+00:00,804.000,364.723,99,22425.3,2685,65,measure
2026-09-11T00:46:08.180+00:00,805.001,352.658,99,22425.3,2685,65,measure
2026-09-11T00:46:09.179+00:00,806.000,356.726,99,22425.3,2685,66,measure
2026-09-11T00:46:10.179+00:00,807.000,368.321,99,22425.3,2685,66,measure
2026-09-11T00:46:08.681+00:00,808.000,360.886,99,22425.3,2685,65,measure
2026-09-11T00:46:09.681+00:00,809.000,367.72,99,22425.3,2685,66,measure
2026-09-11T00:46:10.680+00:00,810.001,368.327,99,22425.3,2685,67,measure
2026-09-11T00:46:11.680+00:00,811.000,367.452,99,22425.3,2685,66,measure
2026-09-11T00:46:12.681+00:00,812.001,373.662,99,22425.3,2685,65,measure
2026-09-11T00:46:13.680+00:00,813.000,365.394,99,22425.3,2685,67,measure
2026-09-11T00:46:14.685+00:00,814.000,368.012,99,22425.3,2685,65,measure
2026-09-11T00:46:15.680+00:00,815.001,360.273,99,22488.2,2685,65,measure
2026-09-11T00:46:16.680+00:00,816.000,365.935,99,22521.4,2685,66,measure
2026-09-11T00:46:17.680+00:00,817.000,335.531,99,22522.9,2685,63,measure
2026-09-11T00:46:18.680+00:00,818.000,333.044,99,22547.6,2685,65,measure
2026-09-11T00:46:19.682+00:00,819.001,324.88,99,22547.6,2685,63,measure
2026-09-11T00:46:20.719+00:00,820.000,314.26,99,22547.6,2685,63,measure
2026-09-11T00:46:21.680+00:00,821.000,326.923,99,22548.1,2685,65,measure
2026-09-11T00:46:22.682+00:00,822.002,317.341,99,22548.1,2685,61,measure
2026-09-11T00:46:23.680+00:00,823.001,318.652,99,22548.1,2685,65,measure
2026-09-11T00:46:24.681+00:00,824.002,319.445,99,22548.1,2685,63,measure
2026-09-11T00:46:25.680+00:00,825.000,316.582,99,22554.9,2685,63,measure
2026-09-11T00:46:26.681+00:00,826.000,315.829,99,22576,2685,61,measure
2026-09-11T00:46:27.681+00:00,827.001,327.574,99,22576,2685,62,measure
2026-09-11T00:46:28.681+00:00,828.001,315.288,99,22434.8,2685,61,measure
2026-09-11T00:46:29.681+00:00,829.001,332.133,99,22434.8,2685,63,measure
2026-09-11T00:46:30.680+00:00,830.001,321.281,99,22434.8,2685,64,measure
2026-09-11T00:46:31.680+00:00,831.000,316.261,99,22434.8,2685,65,measure
2026-09-11T00:46:32.681+00:00,832.001,329.752,99,22434.8,2685,61,measure
2026-09-11T00:46:33.680+00:00,833.000,337.586,99,22434.8,2685,63,measure
2026-09-11T00:46:34.681+00:00,834.001,341.646,99,22434.8,2685,65,measure
2026-09-11T00:46:35.680+00:00,835.000,367.569,99,22434.8,2685,67,measure
2026-09-11T00:46:36.681+00:00,836.002,361.004,99,22434.8,2685,67,measure
2026-09-11T00:46:37.681+00:00,837.000,359.71,99,22434.8,2685,65,measure
2026-09-11T00:46:38.682+00:00,838.001,364.365,99,22434.8,2685,65,measure
2026-09-11T00:46:39.680+00:00,839.001,336.019,99,22434.8,2685,64,measure
2026-09-11T00:46:40.680+00:00,840.000,360.952,99,22434.8,2685,65,measure
2026-09-11T00:46:39.198+00:00,841.000,359.909,99,22434.8,2685,65,measure
2026-09-11T00:46:40.196+00:00,842.000,368.87,99,22434.8,2685,65,measure
2026-09-11T00:46:41.196+00:00,843.000,380.625,99,22434.8,2685,67,measure
2026-09-11T00:46:42.199+00:00,844.001,370.103,99,22434.8,2685,65,measure
2026-09-11T00:46:43.196+00:00,845.001,380.211,99,22434.8,2685,65,measure
2026-09-11T00:46:44.197+00:00,846.002,370.428,99,22434.8,2685,67,measure
2026-09-11T00:46:45.195+00:00,847.001,366.171,99,22434.8,2685,67,measure
2026-09-11T00:46:46.195+00:00,848.000,360.224,99,22434.8,2685,65,measure
2026-09-11T00:46:47.198+00:00,849.001,318.781,99,22434.8,2685,61,measure
2026-09-11T00:46:48.196+00:00,850.000,326.229,99,22434.8,2685,64,measure
2026-09-11T00:46:49.196+00:00,851.001,312.399,99,22434.8,2685,61,measure
2026-09-11T00:46:50.195+00:00,852.000,310.987,100,22434.8,2685,70,measure
2026-09-11T00:46:51.221+00:00,853.001,377.61,99,22434.8,2685,66,measure
2026-09-11T00:46:52.195+00:00,854.000,371.245,99,22434.8,2685,65,measure
2026-09-11T00:46:53.198+00:00,855.000,383.817,99,22434.8,2685,68,measure
2026-09-11T00:46:54.199+00:00,856.000,366.825,99,22434.8,2685,65,measure
2026-09-11T00:46:55.196+00:00,857.001,378.892,99,22434.8,2685,66,measure
2026-09-11T00:46:56.196+00:00,858.001,366.836,99,22434.8,2685,65,measure
2026-09-11T00:46:57.196+00:00,859.001,362.215,99,22434.8,2685,65,measure
2026-09-11T00:46:58.195+00:00,860.000,364.761,99,22434.8,2685,65,measure
2026-09-11T00:46:59.197+00:00,861.001,340.827,99,22434.8,2685,63,measure
2026-09-11T00:47:00.198+00:00,862.002,372.785,99,22434.8,2685,66,measure
2026-09-11T00:47:01.196+00:00,863.001,365.522,99,22434.8,2685,65,measure
2026-09-11T00:47:02.195+00:00,864.000,365.065,99,22434.8,2685,67,measure
2026-09-11T00:47:03.196+00:00,865.000,364.365,99,22434.8,2685,66,measure
2026-09-11T00:47:04.195+00:00,866.000,363.288,99,22434.8,2685,66,measure
2026-09-11T00:47:05.196+00:00,867.000,363.737,99,22434.8,2685,65,measure
2026-09-11T00:47:06.198+00:00,868.000,353.318,99,22434.8,2685,66,measure
2026-09-11T00:47:07.196+00:00,869.001,342.048,99,22434.8,2685,66,measure
2026-09-11T00:47:08.196+00:00,870.001,330.519,99,22434.8,2685,63,measure
2026-09-11T00:47:09.197+00:00,871.000,345.785,99,22434.8,2685,65,measure
2026-09-11T00:47:10.196+00:00,872.001,361.575,99,22434.8,2685,66,measure
2026-09-11T00:47:08.700+00:00,873.000,364.232,99,22434.8,2685,66,measure
2026-09-11T00:47:09.715+00:00,874.000,363.771,99,22434.8,2685,67,measure
2026-09-11T00:47:10.698+00:00,875.000,341.976,99,22434.8,2685,65,measure
2026-09-11T00:47:11.698+00:00,876.000,368.808,99,22434.8,2685,65,measure
2026-09-11T00:47:12.699+00:00,877.000,359.08,99,22434.8,2685,66,measure
2026-09-11T00:47:13.699+00:00,878.000,360.334,99,22434.8,2685,65,measure
2026-09-11T00:47:14.701+00:00,879.002,373.373,99,22434.8,2685,66,measure
2026-09-11T00:47:15.701+00:00,880.001,363.208,99,22434.8,2685,67,measure
2026-09-11T00:47:16.699+00:00,881.001,361.901,99,22434.8,2685,65,measure
2026-09-11T00:47:17.699+00:00,882.000,344.881,99,22434.8,2685,63,measure
2026-09-11T00:47:18.699+00:00,883.001,328.01,99,22434.8,2685,64,measure
2026-09-11T00:47:19.699+00:00,884.001,331.612,99,22434.8,2685,63,measure
2026-09-11T00:47:20.700+00:00,885.000,319.777,99,22434.8,2685,63,measure
2026-09-11T00:47:21.701+00:00,886.000,326.691,99,22434.8,2685,62,measure
2026-09-11T00:47:22.699+00:00,887.000,324.012,99,22434.8,2685,61,measure
2026-09-11T00:47:23.699+00:00,888.000,313.457,99,22434.8,2685,62,measure
2026-09-11T00:47:24.699+00:00,889.001,309.119,99,22434.8,2685,61,measure
2026-09-11T00:47:25.699+00:00,890.000,310.271,99,22434.8,2685,65,measure
2026-09-11T00:47:26.700+00:00,891.000,321.495,99,22434.8,2685,64,measure
2026-09-11T00:47:27.699+00:00,892.001,345.02,99,22434.8,2685,64,measure
2026-09-11T00:47:28.699+00:00,893.001,362.191,99,22434.8,2685,65,measure
2026-09-11T00:47:29.700+00:00,894.002,362.551,99,22434.8,2685,64,measure
2026-09-11T00:47:30.699+00:00,895.000,369.257,99,22434.8,2685,65,measure
2026-09-11T00:47:31.699+00:00,896.001,365.069,99,22434.8,2685,65,measure
2026-09-11T00:47:32.700+00:00,897.000,359.82,99,22434.8,2685,65,measure
2026-09-11T00:47:33.701+00:00,898.001,364.329,99,22434.8,2685,65,measure
2026-09-11T00:47:34.699+00:00,899.000,363.663,99,22434.8,2685,66,measure
2026-09-11T00:47:35.698+00:00,900.000,363.639,99,22434.8,2685,65,measure
2026-09-11T00:47:36.699+00:00,901.000,366.056,99,22434.8,2685,67,measure
2026-09-11T00:47:37.699+00:00,902.001,355.229,99,22434.8,2685,65,measure
2026-09-11T00:47:38.702+00:00,903.000,359.582,99,22434.8,2685,66,measure
2026-09-11T00:47:39.701+00:00,904.001,329.894,99,22434.8,2685,63,measure
2026-09-11T00:47:38.199+00:00,905.000,338.064,99,22434.8,2685,65,measure
2026-09-11T00:47:39.199+00:00,906.001,335.49,99,22434.8,2685,63,measure
2026-09-11T00:47:40.199+00:00,907.001,363.184,99,22434.8,2685,66,measure
2026-09-11T00:47:41.199+00:00,908.000,368.15,99,22434.8,2685,65,measure
2026-09-11T00:47:42.200+00:00,909.000,365.304,99,22434.8,2685,67,measure
2026-09-11T00:47:43.200+00:00,910.000,369.234,99,22434.8,2685,66,measure
2026-09-11T00:47:44.210+00:00,911.000,356.783,99,22434.8,2685,67,measure
2026-09-11T00:47:45.204+00:00,912.001,362.883,99,22434.8,2685,67,measure
2026-09-11T00:47:46.200+00:00,913.001,312.265,99,22434.8,2685,62,measure
2026-09-11T00:47:47.199+00:00,914.001,313.767,99,22434.8,2685,66,measure
2026-09-11T00:47:48.201+00:00,915.000,328.853,99,22434.8,2685,62,measure
2026-09-11T00:47:49.200+00:00,916.001,336.682,99,22434.8,2685,65,measure
2026-09-11T00:47:50.202+00:00,917.003,362.744,99,22434.8,2685,65,measure
2026-09-11T00:47:51.202+00:00,918.001,362.875,99,22434.8,2685,66,measure
2026-09-11T00:47:52.199+00:00,919.001,375.42,99,22434.8,2685,65,measure
2026-09-11T00:47:53.199+00:00,920.000,364.977,99,22434.8,2685,66,measure
2026-09-11T00:47:54.204+00:00,921.001,367.39,99,22434.8,2685,67,measure
2026-09-11T00:47:55.211+00:00,922.002,361.422,99,22434.8,2685,65,measure
2026-09-11T00:47:56.199+00:00,923.000,340.43,99,22434.8,2685,65,measure
2026-09-11T00:47:57.199+00:00,924.000,336.931,99,22434.8,2685,64,measure
2026-09-11T00:47:58.201+00:00,925.002,321.922,99,22434.8,2685,62,measure
2026-09-11T00:47:59.226+00:00,926.000,336.211,99,22434.8,2685,62,measure
2026-09-11T00:48:00.201+00:00,927.001,322.976,99,22434.8,2685,65,measure
2026-09-11T00:48:01.200+00:00,928.000,312.235,99,22434.8,2685,63,measure
2026-09-11T00:48:02.200+00:00,929.001,321.723,99,22434.8,2685,62,measure
2026-09-11T00:48:03.199+00:00,930.000,312.91,99,22434.8,2685,64,measure
2026-09-11T00:48:04.223+00:00,931.001,325.738,99,22434.8,2685,65,measure
2026-09-11T00:48:05.200+00:00,932.000,321.361,99,22434.8,2685,64,measure
2026-09-11T00:48:06.200+00:00,933.000,321.002,99,22434.8,2685,62,measure
2026-09-11T00:48:07.200+00:00,934.001,321.229,99,22434.8,2685,63,measure
2026-09-11T00:48:08.199+00:00,935.000,330.756,99,22434.8,2685,65,measure
2026-09-11T00:48:09.199+00:00,936.000,348.41,99,22434.8,2685,66,measure
2026-09-11T00:48:10.199+00:00,937.001,361.038,99,22434.8,2685,65,measure
2026-09-11T00:48:08.715+00:00,938.000,364.046,99,22434.8,2685,66,measure
2026-09-11T00:48:09.716+00:00,939.000,364.405,99,22434.8,2685,65,measure
2026-09-11T00:48:10.715+00:00,940.001,356.902,99,22434.8,2685,64,measure
2026-09-11T00:48:11.715+00:00,941.001,345.888,99,22434.8,2685,67,measure
2026-09-11T00:48:12.748+00:00,942.000,353.004,99,22434.8,2685,65,measure
2026-09-11T00:48:13.714+00:00,943.000,328.586,99,22434.8,2685,63,measure
2026-09-11T00:48:14.715+00:00,944.000,362.2,99,22434.8,2685,67,measure
2026-09-11T00:48:15.718+00:00,945.000,317.702,99,22434.8,2685,61,measure
2026-09-11T00:48:16.714+00:00,946.000,323.957,99,22434.8,2685,63,measure
2026-09-11T00:48:17.714+00:00,947.000,338.579,99,22434.8,2685,62,measure
2026-09-11T00:48:18.720+00:00,948.000,329.952,99,22434.8,2685,61,measure
2026-09-11T00:48:19.715+00:00,949.000,337.889,99,22434.8,2685,64,measure
2026-09-11T00:48:20.715+00:00,950.000,331.311,99,22434.8,2685,64,measure
2026-09-11T00:48:21.716+00:00,951.000,346.325,99,22434.8,2685,62,measure
2026-09-11T00:48:22.714+00:00,952.000,348.66,99,22434.8,2685,66,measure
2026-09-11T00:48:23.715+00:00,953.001,323.595,99,22434.8,2685,62,measure
2026-09-11T00:48:24.715+00:00,954.001,320.491,99,22434.8,2685,61,measure
2026-09-11T00:48:25.714+00:00,955.000,330.779,99,22434.8,2685,63,measure
2026-09-11T00:48:26.716+00:00,956.001,360.349,99,22434.8,2685,65,measure
2026-09-11T00:48:27.716+00:00,957.000,358.268,99,22434.8,2685,67,measure
2026-09-11T00:48:28.715+00:00,958.001,344.671,99,22434.8,2685,64,measure
2026-09-11T00:48:29.716+00:00,959.001,334.938,99,22434.8,2685,65,measure
2026-09-11T00:48:30.715+00:00,960.001,343.862,99,22434.8,2685,65,measure
2026-09-11T00:48:31.717+00:00,961.003,356.923,99,22434.8,2685,65,measure
2026-09-11T00:48:32.727+00:00,962.012,357.699,99,22434.8,2685,65,measure
2026-09-11T00:48:33.725+00:00,963.011,333.329,99,22434.8,2685,64,measure
2026-09-11T00:48:34.717+00:00,964.002,356.168,99,22434.8,2685,63,measure
2026-09-11T00:48:35.732+00:00,965.013,364.474,99,22434.8,2685,65,measure
2026-09-11T00:48:36.718+00:00,966.003,375.886,99,22434.8,2685,67,measure
2026-09-11T00:48:37.716+00:00,967.002,378.925,99,22434.8,2685,68,measure
2026-09-11T00:48:38.722+00:00,968.005,373.351,99,22434.8,2685,68,measure
2026-09-11T00:48:39.718+00:00,969.004,363.167,99,22434.8,2685,66,measure
2026-09-11T00:48:38.221+00:00,970.002,354.827,99,22434.8,2685,64,measure
2026-09-11T00:48:39.232+00:00,971.012,318.602,99,22434.8,2685,61,measure
2026-09-11T00:48:40.224+00:00,972.005,317.166,99,22434.8,2685,63,measure
2026-09-11T00:48:41.225+00:00,973.005,324.998,99,22434.8,2685,64,measure
2026-09-11T00:48:42.226+00:00,974.006,346.812,99,22434.8,2685,66,measure
2026-09-11T00:48:43.223+00:00,975.004,367.829,99,22434.8,2685,65,measure
2026-09-11T00:48:44.224+00:00,976.005,359.258,99,22434.8,2685,65,measure
2026-09-11T00:48:45.219+00:00,977.000,362.403,99,22434.8,2685,66,measure
2026-09-11T00:48:46.221+00:00,978.001,344.016,99,22434.8,2685,66,measure
2026-09-11T00:48:47.220+00:00,979.002,286.441,99,22434.8,2685,61,measure
2026-09-11T00:48:48.221+00:00,980.000,322.964,99,22434.8,2685,63,measure
2026-09-11T00:48:49.231+00:00,981.012,319.81,99,22434.8,2685,64,measure
2026-09-11T00:48:50.221+00:00,982.002,326.893,99,22434.8,2685,66,measure
2026-09-11T00:48:51.224+00:00,983.006,338.079,99,22434.8,2685,66,measure
2026-09-11T00:48:52.224+00:00,984.005,354.106,99,22434.8,2685,66,measure
2026-09-11T00:48:53.220+00:00,985.001,357.397,99,22434.8,2685,66,measure
2026-09-11T00:48:54.225+00:00,986.006,358.774,99,22434.8,2685,66,measure
2026-09-11T00:48:55.222+00:00,987.003,361.667,99,22434.8,2685,65,measure
2026-09-11T00:48:56.222+00:00,988.003,363.344,99,22434.8,2685,66,measure
2026-09-11T00:48:57.219+00:00,989.001,365.108,99,22434.8,2685,65,measure
2026-09-11T00:48:58.220+00:00,990.001,358.326,99,22434.8,2685,66,measure
2026-09-11T00:48:59.220+00:00,991.001,359.23,99,22434.8,2685,65,measure
2026-09-11T00:49:00.225+00:00,992.005,326.83,99,22434.8,2685,64,measure
2026-09-11T00:49:01.221+00:00,993.001,320.018,99,22434.8,2685,63,measure
2026-09-11T00:49:02.220+00:00,994.001,326.877,99,22434.8,2685,63,measure
2026-09-11T00:49:03.219+00:00,995.000,317.399,99,22434.8,2685,63,measure
2026-09-11T00:49:04.219+00:00,996.000,354.73,99,22434.8,2685,66,measure
2026-09-11T00:49:05.220+00:00,997.001,334.845,99,22434.8,2685,64,measure
2026-09-11T00:49:06.221+00:00,998.000,324.976,99,22434.8,2685,61,measure
2026-09-11T00:49:07.221+00:00,999.000,342.193,99,22434.8,2685,65,measure
2026-09-11T00:49:08.219+00:00,1000.001,344.605,99,22434.8,2685,65,measure
2026-09-11T00:49:09.219+00:00,1001.000,363.305,99,22434.8,2685,65,measure
2026-09-11T00:49:10.219+00:00,1002.001,369.459,99,22434.8,2685,67,measure
2026-09-11T00:49:08.722+00:00,1003.002,364.724,99,22434.8,2685,66,measure
2026-09-11T00:49:09.721+00:00,1004.001,361.878,99,22434.8,2685,67,measure
2026-09-11T00:49:10.721+00:00,1005.001,363.819,99,22434.8,2685,66,measure
2026-09-11T00:49:11.722+00:00,1006.003,371.512,99,22434.8,2685,65,measure
2026-09-11T00:49:12.727+00:00,1007.008,365.535,99,22434.8,2685,65,measure
2026-09-11T00:49:13.725+00:00,1008.005,361.707,99,22434.8,2685,67,measure
2026-09-11T00:49:14.720+00:00,1009.001,348.438,99,22434.8,2685,67,measure
2026-09-11T00:49:15.721+00:00,1010.001,318.489,99,22434.8,2685,62,measure
2026-09-11T00:49:16.721+00:00,1011.001,325.69,99,22434.8,2685,65,measure
2026-09-11T00:49:17.719+00:00,1012.000,338.428,99,22434.8,2685,64,measure
2026-09-11T00:49:18.720+00:00,1013.001,350.092,99,22434.8,2685,65,measure
2026-09-11T00:49:19.720+00:00,1014.001,366.289,99,22434.8,2685,66,measure
2026-09-11T00:49:20.723+00:00,1015.002,361.936,99,22434.8,2685,66,measure
2026-09-11T00:49:21.722+00:00,1016.002,363.995,99,22434.8,2685,65,measure
2026-09-11T00:49:22.720+00:00,1017.001,363.051,99,22434.8,2685,67,measure
2026-09-11T00:49:23.720+00:00,1018.001,352.506,99,22434.8,2685,65,measure
2026-09-11T00:49:24.720+00:00,1019.001,364.324,99,22434.8,2685,65,measure
2026-09-11T00:49:25.720+00:00,1020.001,369.277,99,22434.8,2685,65,measure
2026-09-11T00:49:26.720+00:00,1021.001,356.373,99,22434.8,2685,67,measure
2026-09-11T00:49:27.721+00:00,1022.001,362.21,99,22434.8,2685,65,measure
2026-09-11T00:49:28.722+00:00,1023.003,350.563,99,22434.8,2685,65,measure
2026-09-11T00:49:29.725+00:00,1024.006,340.776,99,22434.8,2685,64,measure
2026-09-11T00:49:30.723+00:00,1025.002,363.677,99,22434.8,2685,65,measure
2026-09-11T00:49:31.720+00:00,1026.001,358.647,99,22434.8,2685,65,measure
2026-09-11T00:49:32.724+00:00,1027.003,344.63,99,22434.8,2685,66,measure
2026-09-11T00:49:33.724+00:00,1028.001,339.506,99,22434.8,2685,65,measure
2026-09-11T00:49:34.721+00:00,1029.002,365.068,99,22434.8,2685,65,measure
2026-09-11T00:49:35.720+00:00,1030.001,361.809,99,22434.8,2685,66,measure
2026-09-11T00:49:36.719+00:00,1031.000,356.746,99,22434.8,2685,65,measure
2026-09-11T00:49:37.722+00:00,1032.002,345.132,99,22434.8,2685,62,measure
2026-09-11T00:49:38.720+00:00,1033.001,324.284,99,22434.8,2685,64,measure
2026-09-11T00:49:39.724+00:00,1034.002,343.201,99,22434.8,2685,67,measure
2026-09-11T00:49:38.221+00:00,1035.001,353.308,99,22434.8,2685,65,measure
2026-09-11T00:49:39.221+00:00,1036.001,362.036,99,22434.8,2685,65,measure
2026-09-11T00:49:40.221+00:00,1037.001,341.455,99,22434.8,2685,62,measure
2026-09-11T00:49:41.221+00:00,1038.001,341.583,99,22434.8,2685,65,measure
2026-09-11T00:49:42.221+00:00,1039.001,359.212,99,22434.8,2685,67,measure
2026-09-11T00:49:43.222+00:00,1040.001,368.039,99,22434.8,2685,66,measure
2026-09-11T00:49:44.222+00:00,1041.000,368.154,99,22434.8,2685,66,measure
2026-09-11T00:49:45.220+00:00,1042.000,363.904,99,22434.8,2685,66,measure
2026-09-11T00:49:46.221+00:00,1043.000,368.665,99,22434.8,2685,65,measure
2026-09-11T00:49:47.227+00:00,1044.005,381.639,99,22434.8,2685,69,measure
2026-09-11T00:49:48.223+00:00,1045.001,372.218,99,22434.8,2685,66,measure
2026-09-11T00:49:49.221+00:00,1046.000,369.396,99,22434.8,2685,66,measure
2026-09-11T00:49:50.221+00:00,1047.000,361.774,99,22434.8,2685,66,measure
2026-09-11T00:49:51.228+00:00,1048.000,342.957,99,22434.8,2685,65,measure
2026-09-11T00:49:52.221+00:00,1049.001,363.954,99,22434.8,2685,67,measure
2026-09-11T00:49:53.220+00:00,1050.000,357.614,99,22434.8,2685,66,measure
2026-09-11T00:49:54.221+00:00,1051.000,358.271,99,22434.8,2685,67,measure
2026-09-11T00:49:55.222+00:00,1052.001,327.457,99,22434.8,2685,65,measure
2026-09-11T00:49:56.230+00:00,1053.000,329.255,99,22434.8,2685,63,measure
2026-09-11T00:49:57.221+00:00,1054.000,328.516,99,22434.8,2685,63,measure
2026-09-11T00:49:58.223+00:00,1055.001,321.516,99,22434.8,2685,64,measure
2026-09-11T00:49:59.220+00:00,1056.000,302.5,99,22434.8,2685,62,measure
2026-09-11T00:50:00.222+00:00,1057.001,319.132,99,22434.8,2685,65,measure
2026-09-11T00:50:01.222+00:00,1058.000,320.838,99,22434.8,2685,63,measure
2026-09-11T00:50:02.220+00:00,1059.000,322.28,99,22434.8,2685,62,measure
2026-09-11T00:50:03.221+00:00,1060.001,316.357,99,22434.8,2685,64,measure
2026-09-11T00:50:04.221+00:00,1061.001,324.482,99,22434.8,2685,66,measure
2026-09-11T00:50:05.221+00:00,1062.001,324.567,99,22434.8,2685,62,measure
2026-09-11T00:50:06.223+00:00,1063.002,324.803,99,22434.8,2685,65,measure
2026-09-11T00:50:07.222+00:00,1064.000,336.155,99,22434.8,2685,64,measure
2026-09-11T00:50:08.221+00:00,1065.001,365.296,99,22434.8,2685,65,measure
2026-09-11T00:50:09.221+00:00,1066.001,365.451,99,22434.8,2685,66,measure
2026-09-11T00:50:10.220+00:00,1067.000,362.51,99,22434.8,2685,66,measure
2026-09-11T00:50:08.735+00:00,1068.001,364.185,99,22434.8,2685,65,measure
2026-09-11T00:50:09.736+00:00,1069.001,375.811,99,22434.8,2685,68,measure
2026-09-11T00:50:10.736+00:00,1070.000,386.149,99,22434.8,2685,67,measure
2026-09-11T00:50:11.738+00:00,1071.004,372.683,99,22434.8,2685,68,measure
2026-09-11T00:50:12.734+00:00,1072.000,375.262,99,22434.8,2685,67,measure
2026-09-11T00:50:13.735+00:00,1073.001,373.199,99,22434.8,2685,65,measure
2026-09-11T00:50:14.738+00:00,1074.000,363.813,99,22434.8,2685,66,measure
2026-09-11T00:50:15.736+00:00,1075.000,366.962,99,22434.8,2685,65,measure
2026-09-11T00:50:16.737+00:00,1076.001,371.637,99,22434.8,2685,67,measure
2026-09-11T00:50:17.734+00:00,1077.000,360.712,99,22434.8,2685,66,measure
2026-09-11T00:50:18.734+00:00,1078.000,357.033,99,22434.8,2685,65,measure
2026-09-11T00:50:19.735+00:00,1079.000,356.685,99,22434.8,2685,68,measure
2026-09-11T00:50:20.735+00:00,1080.000,353.486,99,22434.8,2685,66,measure
2026-09-11T00:50:21.736+00:00,1081.000,341.564,99,22434.8,2685,67,measure
2026-09-11T00:50:22.738+00:00,1082.000,332.203,99,22434.8,2685,64,measure
2026-09-11T00:50:23.735+00:00,1083.000,337.096,99,22434.8,2685,65,measure
2026-09-11T00:50:24.734+00:00,1084.000,349.499,99,22434.8,2685,65,measure
2026-09-11T00:50:25.736+00:00,1085.001,362.588,99,22434.8,2685,66,measure
2026-09-11T00:50:26.734+00:00,1086.000,369.583,99,22434.8,2685,66,measure
2026-09-11T00:50:27.736+00:00,1087.000,365.362,99,22434.8,2685,66,measure
2026-09-11T00:50:28.737+00:00,1088.000,367.811,99,22434.8,2685,67,measure
2026-09-11T00:50:29.735+00:00,1089.001,380.332,99,22434.8,2685,67,measure
2026-09-11T00:50:30.734+00:00,1090.000,374.351,99,22434.8,2685,68,measure
2026-09-11T00:50:31.735+00:00,1091.001,362.026,99,22434.8,2685,65,measure
2026-09-11T00:50:32.735+00:00,1092.000,349.922,99,22434.8,2685,67,measure
2026-09-11T00:50:33.736+00:00,1093.000,357.758,99,22434.8,2685,68,measure
2026-09-11T00:50:34.737+00:00,1094.000,368.074,99,22434.8,2685,68,measure
2026-09-11T00:50:35.735+00:00,1095.001,380.114,99,22434.8,2685,66,measure
2026-09-11T00:50:36.735+00:00,1096.000,372.526,99,22434.8,2685,66,measure
2026-09-11T00:50:37.735+00:00,1097.000,363.788,99,22434.8,2685,65,measure
2026-09-11T00:50:38.739+00:00,1098.004,334.047,99,22434.8,2685,65,measure
2026-09-11T00:50:39.736+00:00,1099.000,316.751,99,22434.8,2685,63,measure
2026-09-11T00:50:40.737+00:00,1100.001,312.452,99,22434.8,2685,63,measure
2026-09-11T00:50:41.734+00:00,1101.000,327.853,99,22434.8,2685,66,measure
2026-09-11T00:50:42.735+00:00,1102.001,316.939,99,22434.8,2685,66,measure
2026-09-11T00:50:43.735+00:00,1103.001,326.984,99,22434.8,2685,65,measure
2026-09-11T00:50:44.735+00:00,1104.000,326.838,99,22434.8,2685,65,measure
2026-09-11T00:50:45.751+00:00,1105.001,319.697,99,22434.8,2685,64,measure
2026-09-11T00:50:46.737+00:00,1106.001,330.91,99,22434.8,2685,64,measure
2026-09-11T00:50:47.735+00:00,1107.000,334.823,99,22434.8,2685,66,measure
2026-09-11T00:50:48.735+00:00,1108.001,359.268,99,22434.8,2685,66,measure
2026-09-11T00:50:49.759+00:00,1109.000,332.731,99,22434.8,2685,67,measure
2026-09-11T00:50:50.735+00:00,1110.001,367.564,99,22434.8,2685,66,measure
2026-09-11T00:50:51.736+00:00,1111.001,364.049,99,22434.8,2685,65,measure
2026-09-11T00:50:52.736+00:00,1112.000,359.405,99,22434.8,2685,65,measure
2026-09-11T00:50:53.735+00:00,1113.000,332.934,99,22434.8,2685,65,measure
2026-09-11T00:50:54.735+00:00,1114.001,312.556,99,22434.8,2685,62,measure
2026-09-11T00:50:52.066+00:00,1115.000,328.051,99,22434.8,2685,64,measure
2026-09-11T00:50:53.071+00:00,1116.005,323.491,99,22434.8,2685,64,measure
2026-09-11T00:50:54.067+00:00,1117.001,327.326,99,22434.8,2685,66,measure
2026-09-11T00:50:55.118+00:00,1118.003,360.491,99,22434.8,2685,65,measure
2026-09-11T00:50:56.098+00:00,1119.001,354.752,99,22434.8,2685,66,measure
2026-09-11T00:50:57.069+00:00,1120.004,367.964,99,22434.8,2685,66,measure
2026-09-11T00:50:58.066+00:00,1121.002,348.465,99,22434.8,2685,65,measure
2026-09-11T00:50:59.065+00:00,1122.001,343.98,99,22434.8,2685,67,measure
2026-09-11T00:51:00.123+00:00,1123.001,318.943,99,22434.8,2685,61,measure
2026-09-11T00:51:01.067+00:00,1124.002,326.924,99,22434.8,2685,63,measure
2026-09-11T00:51:02.065+00:00,1125.001,324.61,99,22434.8,2685,64,measure
2026-09-11T00:51:03.067+00:00,1126.002,336.616,99,22434.8,2685,62,measure
2026-09-11T00:51:04.068+00:00,1127.003,330.837,99,22434.8,2685,64,measure
2026-09-11T00:51:05.127+00:00,1128.005,330.4,99,22434.8,2685,66,measure
2026-09-11T00:51:06.067+00:00,1129.001,322.634,99,22434.8,2685,64,measure
2026-09-11T00:51:07.066+00:00,1130.001,308.889,99,22434.8,2685,65,measure
2026-09-11T00:51:08.066+00:00,1131.001,323.641,99,22434.8,2685,63,measure
2026-09-11T00:51:09.068+00:00,1132.001,333.174,99,22434.8,2685,64,measure
2026-09-11T00:51:10.066+00:00,1133.001,356.659,99,22434.8,2685,66,measure
2026-09-11T00:51:11.065+00:00,1134.000,365.774,99,22434.8,2685,66,measure
2026-09-11T00:51:12.070+00:00,1135.002,366.33,99,22434.8,2685,66,measure
2026-09-11T00:51:13.066+00:00,1136.001,365.568,99,22434.8,2685,65,measure
2026-09-11T00:51:14.071+00:00,1137.006,364.209,99,22434.8,2685,67,measure
2026-09-11T00:51:15.069+00:00,1138.004,366.987,99,22434.8,2685,67,measure
2026-09-11T00:51:16.068+00:00,1139.002,363.094,99,22434.8,2685,66,measure
2026-09-11T00:51:17.067+00:00,1140.001,360.742,99,22434.8,2685,65,measure
2026-09-11T00:51:18.066+00:00,1141.000,359.128,99,22434.8,2685,68,measure
2026-09-11T00:51:19.066+00:00,1142.002,342.24,99,22434.8,2685,68,measure
2026-09-11T00:51:20.067+00:00,1143.002,362.499,99,22434.8,2685,67,measure
2026-09-11T00:51:21.067+00:00,1144.002,367.191,99,22434.8,2685,65,measure
2026-09-11T00:51:22.065+00:00,1145.001,363.708,99,22434.8,2685,66,measure
2026-09-11T00:51:23.066+00:00,1146.001,362.304,99,22434.8,2685,65,measure
2026-09-11T00:51:24.067+00:00,1147.001,354.771,99,22434.8,2685,63,measure
2026-09-11T00:51:22.572+00:00,1148.001,335.255,99,22434.8,2685,66,measure
2026-09-11T00:51:23.568+00:00,1149.001,304.917,99,22434.8,2685,65,measure
2026-09-11T00:51:24.567+00:00,1150.001,341.539,99,22434.8,2685,66,measure
2026-09-11T00:51:25.568+00:00,1151.001,331.809,99,22434.8,2685,62,measure
2026-09-11T00:51:26.568+00:00,1152.001,353.003,99,22434.8,2685,66,measure
2026-09-11T00:51:27.571+00:00,1153.001,337.85,99,22434.8,2685,63,measure
2026-09-11T00:51:28.569+00:00,1154.002,339.919,99,22434.8,2685,65,measure
2026-09-11T00:51:29.573+00:00,1155.006,367.66,99,22434.8,2685,65,measure
2026-09-11T00:51:30.568+00:00,1156.001,355.798,99,22434.8,2685,66,measure
2026-09-11T00:51:31.568+00:00,1157.002,350.297,99,22434.8,2685,66,measure
2026-09-11T00:51:32.574+00:00,1158.007,334.065,99,22434.8,2685,64,measure
2026-09-11T00:51:33.572+00:00,1159.005,315.946,99,22434.8,2685,63,measure
2026-09-11T00:51:34.567+00:00,1160.001,337.964,99,22434.8,2685,62,measure
2026-09-11T00:51:35.598+00:00,1161.001,323.294,99,22434.8,2685,65,measure
2026-09-11T00:51:36.570+00:00,1162.001,341.821,99,22434.8,2685,66,measure
2026-09-11T00:51:37.569+00:00,1163.002,336.299,99,22434.8,2685,67,measure
2026-09-11T00:51:38.570+00:00,1164.002,372.096,99,22434.8,2685,65,measure
2026-09-11T00:51:39.571+00:00,1165.002,363.05,99,22434.8,2685,67,measure
2026-09-11T00:51:40.567+00:00,1166.001,361.957,99,22434.8,2685,67,measure
2026-09-11T00:51:41.569+00:00,1167.002,363.803,99,22434.8,2685,65,measure
2026-09-11T00:51:42.568+00:00,1168.002,364.605,99,22434.8,2685,65,measure
2026-09-11T00:51:43.572+00:00,1169.003,355.84,99,22434.8,2685,63,measure
2026-09-11T00:51:44.568+00:00,1170.000,365.287,99,22434.8,2685,65,measure
2026-09-11T00:51:45.569+00:00,1171.000,369.165,99,22434.8,2685,65,measure
2026-09-11T00:51:46.599+00:00,1172.001,372.715,99,22434.8,2685,66,measure
2026-09-11T00:51:47.567+00:00,1173.000,369.529,99,22434.8,2685,67,measure
2026-09-11T00:51:48.567+00:00,1174.001,366.035,99,22434.8,2685,66,measure
2026-09-11T00:51:49.568+00:00,1175.001,363.667,99,22434.8,2685,68,measure
2026-09-11T00:51:50.569+00:00,1176.001,373.653,99,22434.8,2685,68,measure
2026-09-11T00:51:51.568+00:00,1177.000,372.112,99,22434.8,2685,67,measure
2026-09-11T00:51:52.580+00:00,1178.000,369.48,99,22434.8,2685,68,measure
2026-09-11T00:51:53.567+00:00,1179.000,358.998,99,22434.8,2685,66,measure
2026-09-11T00:51:52.067+00:00,1180.000,370.659,99,22434.8,2685,66,measure
2026-09-11T00:51:53.077+00:00,1181.008,370.108,99,22434.8,2685,66,measure
2026-09-11T00:51:54.069+00:00,1182.000,382.385,99,22434.8,2685,69,measure
2026-09-11T00:51:55.070+00:00,1183.000,386.727,99,22434.8,2685,67,measure
2026-09-11T00:51:56.068+00:00,1184.001,387.068,99,22434.8,2685,69,measure
2026-09-11T00:51:57.067+00:00,1185.000,373.992,99,22434.8,2685,66,measure
2026-09-11T00:51:58.068+00:00,1186.000,375.371,99,22434.8,2685,67,measure
2026-09-11T00:51:59.067+00:00,1187.000,363.641,99,22434.8,2685,68,measure
2026-09-11T00:52:00.069+00:00,1188.001,367.114,99,22434.8,2685,67,measure
2026-09-11T00:52:01.070+00:00,1189.000,360.519,99,22434.8,2685,65,measure
2026-09-11T00:52:02.067+00:00,1190.000,366.554,99,22434.8,2685,65,measure
2026-09-11T00:52:03.067+00:00,1191.001,356.716,99,22434.8,2685,67,measure
2026-09-11T00:52:04.069+00:00,1192.001,349.651,99,22434.8,2685,65,measure
2026-09-11T00:52:05.067+00:00,1193.000,324.425,99,22434.8,2685,63,measure
2026-09-11T00:52:06.083+00:00,1194.001,322.91,99,22434.8,2685,66,measure
2026-09-11T00:52:07.070+00:00,1195.000,320.616,99,22434.8,2685,63,measure
2026-09-11T00:52:08.067+00:00,1196.000,316.893,99,22434.8,2685,65,measure
2026-09-11T00:52:09.067+00:00,1197.000,329.794,99,22434.8,2685,63,measure
2026-09-11T00:52:10.068+00:00,1198.001,340.63,99,22434.8,2685,66,measure
2026-09-11T00:52:11.068+00:00,1199.001,357.53,99,22434.8,2685,66,measure
2026-09-11T00:52:12.069+00:00,1200.000,324.374,99,22434.8,2685,66,measure
2026-09-11T00:52:13.069+00:00,1201.001,325.48,99,22434.8,2685,63,measure
2026-09-11T00:52:14.069+00:00,1202.002,319,99,22434.8,2685,64,measure
2026-09-11T00:52:15.067+00:00,1203.000,323.391,99,22434.8,2685,64,measure
2026-09-11T00:52:16.067+00:00,1204.000,327.086,99,22434.8,2685,65,measure
2026-09-11T00:52:17.067+00:00,1205.001,319.55,99,22434.8,2685,62,measure
2026-09-11T00:52:18.068+00:00,1206.000,323.353,99,22434.8,2685,65,measure
2026-09-11T00:52:19.070+00:00,1207.000,327.822,99,22434.8,2685,65,measure
2026-09-11T00:52:20.068+00:00,1208.001,361.148,99,22434.8,2685,66,measure
2026-09-11T00:52:21.067+00:00,1209.000,371.371,99,22434.8,2685,67,measure
2026-09-11T00:52:22.067+00:00,1210.000,383.408,99,22434.8,2685,66,measure
2026-09-11T00:52:23.068+00:00,1211.001,379.152,99,22434.8,2685,67,measure
2026-09-11T00:52:24.069+00:00,1212.000,365.467,99,22434.8,2685,65,measure
2026-09-11T00:52:22.602+00:00,1213.000,363.33,99,22434.8,2685,68,measure
2026-09-11T00:52:23.568+00:00,1214.001,319.007,99,22434.8,2685,64,measure
2026-09-11T00:52:24.576+00:00,1215.001,301.885,99,22434.8,2685,64,measure
2026-09-11T00:52:25.567+00:00,1216.000,324.318,99,22434.8,2685,63,measure
2026-09-11T00:52:26.567+00:00,1217.000,310.229,99,22434.8,2685,62,measure
2026-09-11T00:52:27.570+00:00,1218.001,315.14,99,22434.8,2685,64,measure
2026-09-11T00:52:28.569+00:00,1219.001,314.078,99,22434.8,2685,62,measure
2026-09-11T00:52:29.567+00:00,1220.001,316.57,99,22434.8,2685,66,measure
2026-09-11T00:52:30.567+00:00,1221.000,324.139,99,22434.8,2685,70,measure
2026-09-11T00:52:31.568+00:00,1222.001,357.392,99,22434.8,2685,65,measure
2026-09-11T00:52:32.567+00:00,1223.000,357.242,99,22434.8,2685,65,measure
2026-09-11T00:52:33.605+00:00,1224.003,363.45,99,22434.8,2685,66,measure
2026-09-11T00:52:34.569+00:00,1225.001,334.448,99,22434.8,2685,66,measure
2026-09-11T00:52:35.567+00:00,1226.000,323.566,99,22434.8,2685,62,measure
2026-09-11T00:52:36.567+00:00,1227.000,353.553,99,22434.8,2685,66,measure
2026-09-11T00:52:37.568+00:00,1228.001,360.552,99,22434.8,2685,66,measure
2026-09-11T00:52:38.567+00:00,1229.000,365.936,99,22434.8,2685,66,measure
2026-09-11T00:52:39.569+00:00,1230.001,368.503,99,22434.8,2685,66,measure
2026-09-11T00:52:40.569+00:00,1231.000,371.668,99,22434.8,2685,67,measure
2026-09-11T00:52:41.567+00:00,1232.000,380.911,99,22434.8,2685,66,measure
2026-09-11T00:52:42.567+00:00,1233.000,374.699,99,22434.8,2685,66,measure
2026-09-11T00:52:43.567+00:00,1234.000,373.065,99,22434.8,2685,66,measure
2026-09-11T00:52:44.567+00:00,1235.001,371.196,99,22434.8,2685,66,measure
2026-09-11T00:52:45.569+00:00,1236.001,366.474,99,22434.8,2685,65,measure
2026-09-11T00:52:46.568+00:00,1237.001,355.839,99,22434.8,2685,65,measure
2026-09-11T00:52:47.568+00:00,1238.001,339.27,99,22434.8,2685,67,measure
2026-09-11T00:52:48.615+00:00,1239.000,313.66,99,22434.8,2685,66,measure
2026-09-11T00:52:49.567+00:00,1240.000,321.767,99,22434.8,2685,62,measure
2026-09-11T00:52:50.586+00:00,1241.000,330.588,99,22434.8,2685,64,measure
2026-09-11T00:52:51.572+00:00,1242.000,345.821,99,22434.8,2685,65,measure
2026-09-11T00:52:52.572+00:00,1243.005,362.631,99,22434.8,2685,66,measure
2026-09-11T00:52:53.567+00:00,1244.000,350.421,99,22434.8,2685,66,measure
2026-09-11T00:52:52.094+00:00,1245.000,337.421,99,22434.8,2685,63,measure
2026-09-11T00:52:53.086+00:00,1246.001,319.708,99,22434.8,2685,63,measure
2026-09-11T00:52:54.065+00:00,1247.000,321.412,99,22434.8,2685,64,measure
2026-09-11T00:52:55.067+00:00,1248.000,321.118,99,22434.8,2685,62,measure
2026-09-11T00:52:56.067+00:00,1249.000,320.882,99,22434.8,2685,64,measure
2026-09-11T00:52:57.065+00:00,1250.000,329.565,99,22434.8,2685,62,measure
2026-09-11T00:52:58.065+00:00,1251.001,338.136,99,22434.8,2685,65,measure
2026-09-11T00:52:59.065+00:00,1252.000,363.733,99,22434.8,2685,66,measure
2026-09-11T00:53:00.065+00:00,1253.000,353.837,99,22434.8,2685,65,measure
2026-09-11T00:53:01.069+00:00,1254.001,355.288,99,22434.8,2685,67,measure
2026-09-11T00:53:02.066+00:00,1255.000,345.462,99,22434.8,2685,66,measure
2026-09-11T00:53:03.065+00:00,1256.000,367.875,99,22434.8,2685,67,measure
2026-09-11T00:53:04.065+00:00,1257.001,365.345,99,22434.8,2685,66,measure
2026-09-11T00:53:05.064+00:00,1258.000,361.465,99,22434.8,2685,67,measure
2026-09-11T00:53:06.066+00:00,1259.001,337.399,99,22434.8,2685,62,measure
2026-09-11T00:53:07.066+00:00,1260.001,312.45,99,22434.8,2685,66,measure
2026-09-11T00:53:08.065+00:00,1261.000,327.572,99,22434.8,2685,62,measure
2026-09-11T00:53:09.081+00:00,1262.000,324.902,99,22434.8,2685,62,measure
2026-09-11T00:53:10.065+00:00,1263.001,353.217,99,22434.8,2685,65,measure
2026-09-11T00:53:11.065+00:00,1264.000,364.645,99,22434.8,2685,66,measure
2026-09-11T00:53:12.068+00:00,1265.001,368.898,99,22434.8,2685,66,measure
2026-09-11T00:53:13.066+00:00,1266.000,364.736,99,22434.8,2685,65,measure
2026-09-11T00:53:14.074+00:00,1267.010,365.428,99,22434.8,2685,67,measure
2026-09-11T00:53:15.070+00:00,1268.006,371.062,99,22434.8,2685,67,measure
2026-09-11T00:53:16.068+00:00,1269.002,365.916,99,22434.8,2685,66,measure
2026-09-11T00:53:17.065+00:00,1270.001,367.833,99,22434.8,2685,66,measure
2026-09-11T00:53:18.066+00:00,1271.001,369.414,99,22434.8,2685,66,measure
2026-09-11T00:53:19.066+00:00,1272.001,361.119,99,22434.8,2685,65,measure
2026-09-11T00:53:20.065+00:00,1273.000,362.499,99,22434.8,2685,65,measure
2026-09-11T00:53:21.065+00:00,1274.000,363.352,99,22434.8,2685,67,measure
2026-09-11T00:53:22.065+00:00,1275.001,363.595,99,22434.8,2685,68,measure
2026-09-11T00:53:23.065+00:00,1276.000,362.106,99,22434.8,2685,65,measure
2026-09-11T00:53:24.065+00:00,1277.000,363.28,99,22434.8,2685,65,measure
2026-09-11T00:53:22.577+00:00,1278.000,337.763,99,22434.8,2685,65,measure
2026-09-11T00:53:23.576+00:00,1279.000,339.26,99,22434.8,2685,64,measure
2026-09-11T00:53:24.576+00:00,1280.000,323.445,99,22434.8,2685,66,measure
2026-09-11T00:53:25.576+00:00,1281.000,360.138,99,22434.8,2685,65,measure
2026-09-11T00:53:26.576+00:00,1282.000,359.431,99,22434.8,2685,65,measure
2026-09-11T00:53:27.577+00:00,1283.000,358.723,99,22434.8,2685,67,measure
2026-09-11T00:53:28.579+00:00,1284.001,365.733,99,22434.8,2685,67,measure
2026-09-11T00:53:29.577+00:00,1285.001,336.823,99,22434.8,2685,62,measure
2026-09-11T00:53:30.576+00:00,1286.000,324.075,99,22434.8,2685,64,measure
2026-09-11T00:53:31.604+00:00,1287.001,335.549,99,22434.8,2685,63,measure
2026-09-11T00:53:32.577+00:00,1288.001,340.874,99,22434.8,2685,66,measure
2026-09-11T00:53:33.578+00:00,1289.001,365.598,99,22434.8,2685,66,measure
2026-09-11T00:53:34.579+00:00,1290.001,364.562,99,22434.8,2685,67,measure
2026-09-11T00:53:35.578+00:00,1291.003,369.686,99,22434.8,2685,68,measure
2026-09-11T00:53:36.578+00:00,1292.002,358.07,99,22434.8,2685,66,measure
2026-09-11T00:53:37.577+00:00,1293.001,360.179,99,22434.8,2685,66,measure
2026-09-11T00:53:38.576+00:00,1294.000,325.316,99,22434.8,2685,62,measure
2026-09-11T00:53:39.578+00:00,1295.000,321.842,99,22434.8,2685,63,measure
2026-09-11T00:53:40.580+00:00,1296.000,340.142,99,22434.8,2685,65,measure
2026-09-11T00:53:41.577+00:00,1297.000,346.278,99,22434.8,2685,65,measure
2026-09-11T00:53:42.577+00:00,1298.001,358.86,99,22434.8,2685,65,measure
2026-09-11T00:53:43.578+00:00,1299.000,339.719,99,22434.8,2685,65,measure
2026-09-11T00:53:44.577+00:00,1300.001,324.415,99,22434.8,2685,62,measure
2026-09-11T00:53:45.587+00:00,1301.011,316.105,99,22434.8,2685,64,measure
2026-09-11T00:53:46.578+00:00,1302.001,341.547,99,22434.8,2685,64,measure
2026-09-11T00:53:47.602+00:00,1303.026,333.668,99,22434.8,2685,64,measure
2026-09-11T00:53:48.581+00:00,1304.005,364.094,99,22434.8,2685,65,measure
2026-09-11T00:53:49.578+00:00,1305.003,364.691,99,22434.8,2685,65,measure
2026-09-11T00:53:50.577+00:00,1306.001,367.921,99,22434.8,2685,67,measure
2026-09-11T00:53:51.578+00:00,1307.000,364.827,99,22434.8,2685,66,measure
2026-09-11T00:53:52.610+00:00,1308.001,375.734,99,22434.8,2685,65,measure
2026-09-11T00:53:53.576+00:00,1309.000,369.363,99,22434.8,2685,67,measure
2026-09-11T00:53:52.060+00:00,1310.000,358.379,99,22434.8,2685,65,measure
2026-09-11T00:53:53.060+00:00,1311.000,367.256,99,22434.8,2685,65,measure
2026-09-11T00:53:54.059+00:00,1312.000,363.487,99,22434.8,2685,67,measure
2026-09-11T00:53:55.061+00:00,1313.001,359.249,99,22434.8,2685,65,measure
2026-09-11T00:53:56.061+00:00,1314.001,331.03,99,22434.8,2685,63,measure
2026-09-11T00:53:57.060+00:00,1315.000,315.201,99,22434.8,2685,62,measure
2026-09-11T00:53:58.060+00:00,1316.001,316.168,99,22434.8,2685,65,measure
2026-09-11T00:53:59.106+00:00,1317.001,303.017,99,22434.8,2685,63,measure
2026-09-11T00:54:00.060+00:00,1318.000,316.131,99,22434.8,2685,64,measure
2026-09-11T00:54:01.061+00:00,1319.000,322.075,99,22434.8,2685,64,measure
2026-09-11T00:54:02.062+00:00,1320.001,328.931,99,22434.8,2685,63,measure
2026-09-11T00:54:03.059+00:00,1321.000,328.668,99,22434.8,2685,65,measure
2026-09-11T00:54:04.060+00:00,1322.001,352.367,99,22434.8,2685,65,measure
2026-09-11T00:54:05.059+00:00,1323.000,350.526,99,22434.8,2685,68,measure
2026-09-11T00:54:06.060+00:00,1324.001,361.6,99,22434.8,2685,65,measure
2026-09-11T00:54:07.061+00:00,1325.000,326.427,99,22434.8,2685,65,measure
2026-09-11T00:54:08.061+00:00,1326.001,318.026,99,22434.8,2685,62,measure
2026-09-11T00:54:09.060+00:00,1327.000,325.791,99,22434.8,2685,64,measure
2026-09-11T00:54:10.107+00:00,1328.000,334.799,99,22434.8,2685,62,measure
2026-09-11T00:54:11.060+00:00,1329.000,352.635,99,22434.8,2685,66,measure
2026-09-11T00:54:12.060+00:00,1330.001,362.504,99,22434.8,2685,66,measure
2026-09-11T00:54:13.061+00:00,1331.000,331.066,99,22434.8,2685,62,measure
2026-09-11T00:54:14.061+00:00,1332.001,321.892,99,22434.8,2685,64,measure
2026-09-11T00:54:15.060+00:00,1333.000,323.646,99,22434.8,2685,64,measure
2026-09-11T00:54:16.060+00:00,1334.001,319.619,99,22434.8,2685,63,measure
2026-09-11T00:54:17.080+00:00,1335.000,333.17,99,22434.8,2685,63,measure
2026-09-11T00:54:18.060+00:00,1336.001,364.218,99,22434.8,2685,66,measure
2026-09-11T00:54:19.062+00:00,1337.001,362.46,99,22434.8,2685,65,measure
2026-09-11T00:54:20.061+00:00,1338.000,365.851,99,22434.8,2685,65,measure
2026-09-11T00:54:21.060+00:00,1339.001,365.722,99,22434.8,2685,65,measure
2026-09-11T00:54:22.063+00:00,1340.004,363.427,99,22434.8,2685,66,measure
2026-09-11T00:54:23.060+00:00,1341.000,360.332,99,22434.8,2685,65,measure
2026-09-11T00:54:24.059+00:00,1342.000,335.791,99,22434.8,2685,65,measure
2026-09-11T00:54:22.562+00:00,1343.007,315.282,99,22434.8,2685,62,measure
2026-09-11T00:54:23.557+00:00,1344.001,304.483,99,22434.8,2685,63,measure
2026-09-11T00:54:24.584+00:00,1345.000,322.811,99,22434.8,2685,62,measure
2026-09-11T00:54:25.558+00:00,1346.001,308.15,99,22434.8,2685,64,measure
2026-09-11T00:54:26.556+00:00,1347.001,320.411,99,22434.8,2685,63,measure
2026-09-11T00:54:27.555+00:00,1348.000,328.589,99,22434.8,2685,63,measure
2026-09-11T00:54:28.561+00:00,1349.000,328.982,99,22434.8,2685,66,measure
2026-09-11T00:54:29.556+00:00,1350.001,333.591,99,22434.8,2685,62,measure
2026-09-11T00:54:30.556+00:00,1351.001,363.698,99,22434.8,2685,67,measure
2026-09-11T00:54:31.556+00:00,1352.001,376.77,99,22434.8,2685,68,measure
2026-09-11T00:54:32.562+00:00,1353.006,381.297,99,22434.8,2685,67,measure
2026-09-11T00:54:33.555+00:00,1354.000,377.064,99,22434.8,2685,67,measure
2026-09-11T00:54:34.557+00:00,1355.001,373.387,99,22434.8,2685,66,measure
2026-09-11T00:54:35.556+00:00,1356.000,365.18,99,22434.8,2685,67,measure
2026-09-11T00:54:36.562+00:00,1357.001,333.696,99,22434.8,2685,63,measure
2026-09-11T00:54:37.557+00:00,1358.001,310.364,99,22434.8,2685,62,measure
2026-09-11T00:54:38.556+00:00,1359.001,310.442,99,22434.8,2685,62,measure
2026-09-11T00:54:39.555+00:00,1360.000,325.366,99,22434.8,2685,63,measure
2026-09-11T00:54:40.559+00:00,1361.003,345.909,99,22434.8,2685,63,measure
2026-09-11T00:54:41.556+00:00,1362.001,363.36,99,22434.8,2685,66,measure
2026-09-11T00:54:42.558+00:00,1363.003,364.504,99,22434.8,2685,66,measure
2026-09-11T00:54:43.556+00:00,1364.001,363.771,99,22434.8,2685,65,measure
2026-09-11T00:54:44.600+00:00,1365.002,359.438,99,22434.8,2685,66,measure
2026-09-11T00:54:45.555+00:00,1366.000,342.715,99,22434.8,2685,65,measure
2026-09-11T00:54:46.557+00:00,1367.000,339.356,99,22434.8,2685,66,measure
2026-09-11T00:54:47.556+00:00,1368.000,353.801,99,22434.8,2685,65,measure
2026-09-11T00:54:48.555+00:00,1369.000,356.767,99,22434.8,2685,65,measure
2026-09-11T00:54:49.556+00:00,1370.001,366.967,99,22434.8,2685,66,measure
2026-09-11T00:54:50.556+00:00,1371.001,360.11,99,22434.8,2685,66,measure
2026-09-11T00:54:51.556+00:00,1372.000,366.011,99,22434.8,2685,67,measure
2026-09-11T00:54:52.557+00:00,1373.000,363.045,99,22434.8,2685,65,measure
2026-09-11T00:54:53.556+00:00,1374.000,361.339,99,22434.8,2685,67,measure
2026-09-11T00:54:52.053+00:00,1375.000,332.625,99,22434.8,2685,64,measure
2026-09-11T00:54:53.055+00:00,1376.000,339.202,99,22434.8,2685,65,measure
2026-09-11T00:54:54.053+00:00,1377.000,362.817,99,22434.8,2685,67,measure
2026-09-11T00:54:55.054+00:00,1378.001,358.46,99,22434.8,2685,65,measure
2026-09-11T00:54:56.054+00:00,1379.000,356.1,99,22434.8,2685,64,measure
2026-09-11T00:54:57.053+00:00,1380.001,341.903,99,22434.8,2685,64,measure
2026-09-11T00:54:58.053+00:00,1381.000,315.676,99,22434.8,2685,64,measure
2026-09-11T00:54:59.077+00:00,1382.000,314.988,99,22434.8,2685,62,measure
2026-09-11T00:55:00.053+00:00,1383.000,323.959,99,22434.8,2685,63,measure
2026-09-11T00:55:01.054+00:00,1384.000,319.589,99,22434.8,2685,66,measure
2026-09-11T00:55:02.111+00:00,1385.000,333.914,99,22434.8,2685,64,measure
2026-09-11T00:55:03.087+00:00,1386.000,343.87,99,22434.8,2685,66,measure
2026-09-11T00:55:04.083+00:00,1387.001,329.431,99,22434.8,2685,65,measure
2026-09-11T00:55:05.053+00:00,1388.001,324.249,99,22434.8,2685,61,measure
2026-09-11T00:55:06.056+00:00,1389.001,324.211,99,22434.8,2685,61,measure
2026-09-11T00:55:07.055+00:00,1390.001,335.885,99,22434.8,2685,65,measure
2026-09-11T00:55:08.090+00:00,1391.000,317.555,99,22434.8,2685,62,measure
2026-09-11T00:55:09.084+00:00,1392.000,315.931,99,22434.8,2685,64,measure
2026-09-11T00:55:10.053+00:00,1393.000,336.141,99,22434.8,2685,66,measure
2026-09-11T00:55:11.053+00:00,1394.001,335.986,99,22434.8,2685,66,measure
2026-09-11T00:55:12.053+00:00,1395.000,358.167,99,22434.8,2685,65,measure
2026-09-11T00:55:13.094+00:00,1396.001,344.988,99,22434.8,2685,65,measure
2026-09-11T00:55:14.055+00:00,1397.001,358.641,99,22434.8,2685,66,measure
2026-09-11T00:55:15.054+00:00,1398.001,356.131,99,22434.8,2685,65,measure
2026-09-11T00:55:16.053+00:00,1399.000,363.41,99,22434.8,2685,66,measure
2026-09-11T00:55:17.053+00:00,1400.000,370.144,99,22434.8,2685,67,measure
2026-09-11T00:55:18.053+00:00,1401.000,364.835,99,22434.8,2685,66,measure
2026-09-11T00:55:19.055+00:00,1402.001,362.025,99,22434.8,2685,67,measure
2026-09-11T00:55:20.075+00:00,1403.000,360.749,99,22434.8,2685,66,measure
2026-09-11T00:55:21.053+00:00,1404.001,355.851,99,22434.8,2685,67,measure
2026-09-11T00:55:22.053+00:00,1405.000,353.779,99,22434.8,2685,66,measure
2026-09-11T00:55:23.059+00:00,1406.006,360.528,99,22434.8,2685,65,measure
2026-09-11T00:55:24.055+00:00,1407.002,327.929,99,22434.8,2685,64,measure
2026-09-11T00:55:22.552+00:00,1408.001,330.21,99,22434.8,2685,66,measure
2026-09-11T00:55:23.553+00:00,1409.000,332.07,99,22434.8,2685,66,measure
2026-09-11T00:55:24.552+00:00,1410.002,347.839,99,22434.8,2685,65,measure
2026-09-11T00:55:25.601+00:00,1411.007,322.466,99,22434.8,2685,62,measure
2026-09-11T00:55:26.550+00:00,1412.000,319.348,99,22434.8,2685,63,measure
2026-09-11T00:55:27.556+00:00,1413.005,310.247,99,22434.8,2685,61,measure
2026-09-11T00:55:28.553+00:00,1414.001,311.576,99,22434.8,2685,64,measure
2026-09-11T00:55:29.553+00:00,1415.000,314.355,99,22434.8,2685,65,measure
2026-09-11T00:55:30.551+00:00,1416.001,330.331,99,22434.8,2685,62,measure
2026-09-11T00:55:31.550+00:00,1417.001,325.03,99,22434.8,2685,63,measure
2026-09-11T00:55:32.550+00:00,1418.000,314.237,99,22434.8,2685,62,measure
2026-09-11T00:55:33.551+00:00,1419.001,319.698,99,22434.8,2685,64,measure
2026-09-11T00:55:34.552+00:00,1420.000,313.402,99,22434.8,2685,62,measure
2026-09-11T00:55:35.552+00:00,1421.000,318.224,99,22434.8,2685,66,measure
2026-09-11T00:55:36.550+00:00,1422.000,324.625,99,22434.8,2685,63,measure
2026-09-11T00:55:37.579+00:00,1423.000,324.31,99,22434.8,2685,67,measure
2026-09-11T00:55:38.572+00:00,1424.000,339.167,99,22434.8,2685,64,measure
2026-09-11T00:55:39.552+00:00,1425.002,333.218,99,22434.8,2685,64,measure
2026-09-11T00:55:40.552+00:00,1426.000,370.244,99,22434.8,2685,67,measure
2026-09-11T00:55:41.552+00:00,1427.001,376.938,99,22434.8,2685,67,measure
2026-09-11T00:55:42.550+00:00,1428.000,371.128,99,22434.8,2685,66,measure
2026-09-11T00:55:43.550+00:00,1429.000,365.632,99,22434.8,2685,65,measure
2026-09-11T00:55:44.550+00:00,1430.000,370.424,99,22434.8,2685,67,measure
2026-09-11T00:55:45.550+00:00,1431.001,362.561,99,22434.8,2685,66,measure
2026-09-11T00:55:46.554+00:00,1432.000,365.55,99,22434.8,2685,65,measure
2026-09-11T00:55:47.552+00:00,1433.000,358.571,99,22434.8,2685,67,measure
2026-09-11T00:55:48.551+00:00,1434.001,318.408,99,22434.8,2685,62,measure
2026-09-11T00:55:49.551+00:00,1435.001,318.027,99,22434.8,2685,65,measure
2026-09-11T00:55:50.551+00:00,1436.001,333.106,99,22434.8,2685,63,measure
2026-09-11T00:55:51.559+00:00,1437.004,326.27,99,22434.8,2685,63,measure
2026-09-11T00:55:52.553+00:00,1438.001,334.689,99,22434.8,2685,65,measure
2026-09-11T00:55:53.552+00:00,1439.001,329.864,99,22434.8,2685,62,measure
2026-09-11T00:55:52.046+00:00,1440.000,326.642,99,22434.8,2685,63,measure
2026-09-11T00:55:53.054+00:00,1441.008,325.991,99,22434.8,2685,65,measure
2026-09-11T00:55:54.047+00:00,1442.001,337.558,99,22434.8,2685,62,measure
2026-09-11T00:55:55.046+00:00,1443.001,347.048,99,22434.8,2685,66,measure
2026-09-11T00:55:56.048+00:00,1444.001,367.6,99,22434.8,2685,67,measure
2026-09-11T00:55:57.047+00:00,1445.000,364.973,99,22434.8,2685,66,measure
2026-09-11T00:55:58.046+00:00,1446.001,365.081,99,22434.8,2685,66,measure
2026-09-11T00:55:59.046+00:00,1447.000,379.163,99,22434.8,2685,67,measure
2026-09-11T00:56:00.092+00:00,1448.005,377.502,99,22434.8,2685,66,measure
2026-09-11T00:56:01.046+00:00,1449.000,360.02,99,22434.8,2685,65,measure
2026-09-11T00:56:02.070+00:00,1450.000,365.187,99,22434.8,2685,66,measure
2026-09-11T00:56:03.047+00:00,1451.001,338.77,99,22434.8,2685,63,measure
2026-09-11T00:56:04.046+00:00,1452.000,355.17,99,22434.8,2685,65,measure
2026-09-11T00:56:05.046+00:00,1453.000,334.837,99,22434.8,2685,63,measure
2026-09-11T00:56:06.046+00:00,1454.001,319.527,99,22434.8,2685,63,measure
2026-09-11T00:56:07.047+00:00,1455.001,312.543,99,22434.8,2685,64,measure
2026-09-11T00:56:08.050+00:00,1456.000,321.478,99,22434.8,2685,62,measure
2026-09-11T00:56:09.047+00:00,1457.001,311.98,99,22434.8,2685,62,measure
2026-09-11T00:56:10.046+00:00,1458.000,330.259,99,22434.8,2685,65,measure
2026-09-11T00:56:11.046+00:00,1459.000,332.638,99,22434.8,2685,63,measure
2026-09-11T00:56:12.046+00:00,1460.000,362.664,99,22434.8,2685,67,measure
2026-09-11T00:56:13.046+00:00,1461.000,370.22,99,22434.8,2685,65,measure
2026-09-11T00:56:14.047+00:00,1462.000,373.844,99,22434.8,2685,67,measure
2026-09-11T00:56:15.046+00:00,1463.000,378.584,99,22434.8,2685,69,measure
2026-09-11T00:56:16.047+00:00,1464.001,368.651,99,22434.8,2685,66,measure
2026-09-11T00:56:17.046+00:00,1465.000,358.23,99,22434.8,2685,66,measure
2026-09-11T00:56:18.064+00:00,1466.001,354.755,99,22434.8,2685,65,measure
2026-09-11T00:56:19.046+00:00,1467.001,331.249,99,22434.8,2685,66,measure
2026-09-11T00:56:20.047+00:00,1468.000,323.597,99,22434.8,2685,65,measure
2026-09-11T00:56:21.047+00:00,1469.000,342.088,99,22434.8,2685,66,measure
2026-09-11T00:56:22.046+00:00,1470.000,361.573,99,22434.8,2685,65,measure
2026-09-11T00:56:23.046+00:00,1471.000,362.259,99,22434.8,2685,65,measure
2026-09-11T00:56:24.046+00:00,1472.000,352.461,99,22434.8,2685,65,measure
2026-09-11T00:56:22.547+00:00,1473.000,329.709,99,22434.8,2685,65,measure
2026-09-11T00:56:23.550+00:00,1474.000,350.792,99,22434.8,2685,67,measure
2026-09-11T00:56:24.547+00:00,1475.000,353.422,99,22434.8,2685,65,measure
2026-09-11T00:56:25.549+00:00,1476.003,357.849,99,22434.8,2685,66,measure
2026-09-11T00:56:26.553+00:00,1477.000,353.461,99,22434.8,2685,66,measure
2026-09-11T00:56:27.547+00:00,1478.001,327.956,99,22434.8,2685,65,measure
2026-09-11T00:56:28.547+00:00,1479.000,363.456,99,22434.8,2685,66,measure
2026-09-11T00:56:29.548+00:00,1480.000,352.357,99,22434.8,2685,66,measure
2026-09-11T00:56:30.548+00:00,1481.002,341.576,99,22434.8,2685,62,measure
2026-09-11T00:56:31.548+00:00,1482.000,344.183,99,22434.8,2685,63,measure
2026-09-11T00:56:32.551+00:00,1483.000,324.116,99,22434.8,2685,63,measure
2026-09-11T00:56:33.547+00:00,1484.001,353.986,99,22434.8,2685,66,measure
2026-09-11T00:56:34.547+00:00,1485.000,365.471,99,22434.8,2685,66,measure
2026-09-11T00:56:35.548+00:00,1486.000,364.269,99,22434.8,2685,67,measure
2026-09-11T00:56:36.547+00:00,1487.001,369.149,99,22434.8,2685,68,measure
2026-09-11T00:56:37.547+00:00,1488.001,366.477,99,22434.8,2685,65,measure
2026-09-11T00:56:38.547+00:00,1489.001,363.063,99,22434.8,2685,67,measure
2026-09-11T00:56:39.548+00:00,1490.001,364.368,99,22434.8,2685,66,measure
2026-09-11T00:56:40.547+00:00,1491.000,359.873,99,22434.8,2685,67,measure
2026-09-11T00:56:41.548+00:00,1492.000,334.143,99,22434.8,2685,62,measure
2026-09-11T00:56:42.546+00:00,1493.000,330.329,99,22434.8,2685,65,measure
2026-09-11T00:56:43.547+00:00,1494.000,329.74,99,22434.8,2685,63,measure
2026-09-11T00:56:44.546+00:00,1495.000,317.274,99,22434.8,2685,63,measure
2026-09-11T00:56:45.546+00:00,1496.000,330.759,99,22434.8,2685,65,measure
2026-09-11T00:56:46.548+00:00,1497.001,331.112,99,22434.8,2685,66,measure
2026-09-11T00:56:47.547+00:00,1498.000,326.055,99,22434.8,2685,65,measure
2026-09-11T00:56:48.546+00:00,1499.000,347.95,99,22434.8,2685,67,measure
2026-09-11T00:56:49.547+00:00,1500.001,340.557,99,22434.8,2685,65,measure
2026-09-11T00:56:50.550+00:00,1501.004,333.439,99,22434.8,2685,67,measure
2026-09-11T00:56:51.547+00:00,1502.001,354.427,99,22434.8,2685,67,measure
2026-09-11T00:56:52.553+00:00,1503.001,367.145,99,22434.8,2685,66,measure
2026-09-11T00:56:53.548+00:00,1504.000,367.127,99,22434.8,2685,65,measure
2026-09-11T00:56:52.047+00:00,1505.000,363.352,99,22434.8,2685,67,measure
2026-09-11T00:56:53.047+00:00,1506.001,364.964,99,22434.8,2685,67,measure
2026-09-11T00:56:54.047+00:00,1507.000,365.824,99,22434.8,2685,67,measure
2026-09-11T00:56:55.047+00:00,1508.000,361.868,99,22434.8,2685,66,measure
2026-09-11T00:56:56.048+00:00,1509.000,328.242,99,22434.8,2685,65,measure
2026-09-11T00:56:57.048+00:00,1510.001,273.207,99,22434.8,2685,61,measure
2026-09-11T00:56:58.056+00:00,1511.007,225.822,42,22434.8,2700,60,measure
2026-09-11T00:56:59.047+00:00,1512.000,75.325,0,22434.8,2700,53,measure
2026-09-11T00:57:00.047+00:00,1513.000,74.918,0,22434.8,510,53,measure
2026-09-11T00:57:01.047+00:00,1514.001,50.304,0,22434.8,375,51,measure
2026-09-11T00:57:02.048+00:00,1515.000,42.229,0,22434.8,270,51,measure
2026-09-11T00:57:03.049+00:00,1516.001,36.209,0,22434.8,210,51,measure
2026-09-11T00:57:04.047+00:00,1517.000,35.493,0,22434.8,210,50,measure
2026-09-11T00:57:05.048+00:00,1518.001,29.969,0,22434.8,210,50,measure
2026-09-11T00:57:06.053+00:00,1519.006,23.794,0,22434.8,210,49,measure
2026-09-11T00:57:07.050+00:00,1520.003,20.195,0,22434.8,210,49,measure
2026-09-11T00:57:08.101+00:00,1521.054,20.195,0,22434.8,210,49,measure
2026-09-11T00:57:09.119+00:00,1522.072,17.613,0,22434.8,210,48,measure
2026-09-11T00:57:10.087+00:00,1523.039,17.516,0,22434.8,210,48,measure
2026-09-11T00:57:11.048+00:00,1524.001,17.322,0,22434.8,210,48,measure
2026-09-11T00:57:12.047+00:00,1525.000,16.932,0,22434.8,210,48,measure
2026-09-11T00:57:13.048+00:00,1526.001,16.657,0,22434.8,210,47,measure
2026-09-11T00:57:14.047+00:00,1527.001,16.727,0,22434.8,210,47,measure
2026-09-11T00:57:15.050+00:00,1528.003,16.656,0,22434.8,210,47,measure
2026-09-11T00:57:16.048+00:00,1529.001,16.217,0,22434.8,210,47,measure
2026-09-11T00:57:17.048+00:00,1530.001,16.211,0,22434.8,210,46,measure
2026-09-11T00:57:18.047+00:00,1531.000,16.151,0,22434.8,210,46,measure
2026-09-11T00:57:19.048+00:00,1532.000,16.164,0,22434.8,210,46,measure
2026-09-11T00:57:20.098+00:00,1533.052,16.337,0,22434.8,210,46,measure
2026-09-11T00:57:21.052+00:00,1534.005,16.337,0,22434.8,210,46,measure
2026-09-11T00:57:22.055+00:00,1535.008,16.447,0,22434.8,210,46,measure
2026-09-11T00:57:23.051+00:00,1536.004,16.208,0,22434.8,210,46,measure
2026-09-11T00:57:24.054+00:00,1537.007,15.98,0,22434.8,210,45,measure
2026-09-11T00:57:22.572+00:00,1538.023,16.139,0,22434.8,210,45,measure
2026-09-11T00:57:23.611+00:00,1539.063,16.317,0,22434.8,210,45,measure
2026-09-11T00:57:24.554+00:00,1540.006,16.37,0,22434.8,210,45,measure
2026-09-11T00:57:25.552+00:00,1541.004,16.478,0,22434.8,210,45,measure
2026-09-11T00:57:26.555+00:00,1542.007,16.424,0,22434.8,210,45,measure
2026-09-11T00:57:27.550+00:00,1543.001,16.013,0,22434.8,210,45,measure
2026-09-11T00:57:28.553+00:00,1544.005,15.834,0,22434.8,210,45,measure
2026-09-11T00:57:29.557+00:00,1545.008,15.57,0,22434.8,210,44,measure
2026-09-11T00:57:30.606+00:00,1546.057,15.157,0,22434.8,210,44,measure
2026-09-11T00:57:31.554+00:00,1547.005,15.157,0,22434.8,210,44,measure
2026-09-11T00:57:32.555+00:00,1548.006,15.162,0,22434.8,210,44,measure
2026-09-11T00:57:33.551+00:00,1549.003,15.488,0,22434.8,210,44,measure
2026-09-11T00:57:34.555+00:00,1550.006,15.883,0,22434.8,210,44,measure
2026-09-11T00:57:35.549+00:00,1551.001,15.922,0,22434.8,210,44,measure
2026-09-11T00:57:36.552+00:00,1552.004,15.902,0,22434.8,210,44,measure
2026-09-11T00:57:37.556+00:00,1553.007,16.038,0,22434.8,210,43,measure
2026-09-11T00:57:38.550+00:00,1554.001,16.179,0,22434.8,210,43,measure
2026-09-11T00:57:39.549+00:00,1555.000,15.826,0,22434.8,210,43,measure
2026-09-11T00:57:40.549+00:00,1556.000,15.396,0,22434.8,210,43,measure
2026-09-11T00:57:41.551+00:00,1557.000,15.118,0,22434.8,210,43,measure
2026-09-11T00:57:42.550+00:00,1558.001,15.116,0,22434.8,210,43,measure
2026-09-11T00:57:43.549+00:00,1559.001,15.148,0,22434.8,210,43,measure
2026-09-11T00:57:44.549+00:00,1560.001,15.15,0,22434.8,210,43,measure
2026-09-11T00:57:45.553+00:00,1561.005,14.847,0,22434.8,210,43,measure
2026-09-11T00:57:46.551+00:00,1562.002,14.85,0,22434.8,210,43,measure
2026-09-11T00:57:47.556+00:00,1563.007,14.886,0,22434.8,210,42,measure
2026-09-11T00:57:48.554+00:00,1564.005,14.756,0,22434.8,210,42,measure
2026-09-11T00:57:49.550+00:00,1565.001,14.527,0,22434.8,210,42,measure
2026-09-11T00:57:50.553+00:00,1566.005,14.49,0,22434.8,210,42,measure
2026-09-11T00:57:51.551+00:00,1567.002,14.704,0,22434.8,210,42,measure
2026-09-11T00:57:52.549+00:00,1568.000,14.898,0,22434.8,210,42,measure
2026-09-11T00:57:53.550+00:00,1569.001,14.917,0,22434.8,210,42,measure
2026-09-11T00:57:52.049+00:00,1570.000,14.76,0,22434.8,210,42,measure
2026-09-11T00:57:53.050+00:00,1571.001,14.76,0,22434.8,210,42,measure
2026-09-11T00:57:54.049+00:00,1572.000,14.64,0,22434.8,210,42,measure
2026-09-11T00:57:55.049+00:00,1573.001,14.77,0,22434.8,210,42,measure
2026-09-11T00:57:56.049+00:00,1574.000,14.799,0,22434.8,210,41,measure
2026-09-11T00:57:57.049+00:00,1575.000,14.576,0,22434.8,210,41,measure
2026-09-11T00:57:58.049+00:00,1576.001,14.45,0,22434.8,210,41,measure
2026-09-11T00:57:59.049+00:00,1577.000,14.19,0,22434.8,210,41,measure
2026-09-11T00:58:00.050+00:00,1578.001,14.191,0,22434.8,210,41,measure
2026-09-11T00:58:01.049+00:00,1579.001,14.033,0,22434.8,210,41,measure
2026-09-11T00:58:02.055+00:00,1580.006,14.008,0,22434.8,210,41,measure
2026-09-11T00:58:03.052+00:00,1581.003,13.881,0,22434.8,210,41,measure
2026-09-11T00:58:04.054+00:00,1582.005,13.804,0,22434.8,210,41,measure
2026-09-11T00:58:05.049+00:00,1583.000,13.823,0,22434.8,210,41,measure
2026-09-11T00:58:06.049+00:00,1584.000,13.845,0,22434.8,210,41,measure
2026-09-11T00:58:07.049+00:00,1585.000,13.896,0,22434.8,210,41,measure
2026-09-11T00:58:08.049+00:00,1586.001,13.896,0,22434.8,210,41,measure
2026-09-11T00:58:09.049+00:00,1587.001,13.943,0,22434.8,210,41,measure
2026-09-11T00:58:10.049+00:00,1588.000,13.907,0,22434.8,210,41,measure
2026-09-11T00:58:11.049+00:00,1589.000,13.72,0,22434.8,210,41,measure
2026-09-11T00:58:12.049+00:00,1590.000,13.594,0,22434.8,210,41,measure
2026-09-11T00:58:13.050+00:00,1591.001,13.659,0,22434.8,210,41,measure
2026-09-11T00:58:14.049+00:00,1592.000,13.742,0,22434.8,210,41,measure
2026-09-11T00:58:15.050+00:00,1593.001,13.679,0,22434.8,210,41,measure
2026-09-11T00:58:16.050+00:00,1594.000,13.733,0,22434.8,210,41,measure
2026-09-11T00:58:17.053+00:00,1595.004,13.782,0,22434.8,210,41,measure
2026-09-11T00:58:18.050+00:00,1596.001,13.536,0,22434.8,210,41,measure
2026-09-11T00:58:19.050+00:00,1597.000,13.63,0,22434.8,210,41,measure
2026-09-11T00:58:20.052+00:00,1598.001,13.768,0,22434.8,210,41,measure
2026-09-11T00:58:21.050+00:00,1599.001,13.768,0,22434.8,210,41,measure
2026-09-11T00:58:22.050+00:00,1600.001,13.735,0,22434.8,210,41,measure
2026-09-11T00:58:23.049+00:00,1601.001,13.637,0,22434.8,210,41,measure
2026-09-11T00:58:24.049+00:00,1602.001,13.592,0,22434.8,210,41,measure
2026-09-11T00:58:22.550+00:00,1603.001,13.498,0,22434.8,210,41,measure
2026-09-11T00:58:23.555+00:00,1604.006,13.473,0,22434.8,210,41,measure
2026-09-11T00:58:24.556+00:00,1605.007,13.555,0,22434.8,210,41,measure
2026-09-11T00:58:25.578+00:00,1606.029,13.583,0,22434.8,210,41,measure
2026-09-11T00:58:26.549+00:00,1607.000,13.632,0,22434.8,210,41,measure
2026-09-11T00:58:27.549+00:00,1608.000,13.715,0,22434.8,210,41,measure
2026-09-11T00:58:28.552+00:00,1609.003,13.723,0,22434.8,210,41,measure
2026-09-11T00:58:29.550+00:00,1610.001,13.528,0,22434.8,210,41,measure
2026-09-11T00:58:30.552+00:00,1611.001,13.439,0,22434.8,210,41,measure
2026-09-11T00:58:31.550+00:00,1612.001,13.439,0,22434.8,210,41,measure
2026-09-11T00:58:32.550+00:00,1613.001,13.5,0,22434.8,210,41,measure
2026-09-11T00:58:33.550+00:00,1614.001,13.596,0,22434.8,210,41,measure
2026-09-11T00:58:34.558+00:00,1615.008,13.624,0,22434.8,210,41,measure
2026-09-11T00:58:35.550+00:00,1616.001,13.596,0,22434.8,210,41,measure
2026-09-11T00:58:36.550+00:00,1617.001,13.737,0,22434.8,210,41,measure
2026-09-11T00:58:37.550+00:00,1618.000,13.731,0,22434.8,210,41,measure
2026-09-11T00:58:38.549+00:00,1619.000,13.73,0,22434.8,210,41,measure
2026-09-11T00:58:39.549+00:00,1620.000,13.694,0,22434.8,210,41,measure
2026-09-11T00:58:40.550+00:00,1621.000,13.528,0,22434.8,210,41,measure
2026-09-11T00:58:41.551+00:00,1622.000,13.572,0,22434.8,210,42,measure
2026-09-11T00:58:42.554+00:00,1623.000,13.667,0,22434.8,210,42,measure
2026-09-11T00:58:43.550+00:00,1624.000,13.764,0,22434.8,210,42,measure
2026-09-11T00:58:44.549+00:00,1625.000,13.799,0,22434.8,210,42,measure
2026-09-11T00:58:45.549+00:00,1626.000,13.716,0,22434.8,210,42,measure
2026-09-11T00:58:46.550+00:00,1627.001,13.722,0,22434.8,210,42,measure
2026-09-11T00:58:47.549+00:00,1628.000,13.747,0,22434.8,210,42,measure
2026-09-11T00:58:48.549+00:00,1629.000,13.731,0,22434.8,210,42,measure
2026-09-11T00:58:49.550+00:00,1630.000,13.823,0,22434.8,210,42,measure
2026-09-11T00:58:50.549+00:00,1631.000,13.73,0,22434.8,210,42,measure
2026-09-11T00:58:51.549+00:00,1632.000,13.473,0,22434.8,210,42,measure
2026-09-11T00:58:52.550+00:00,1633.001,13.457,0,22434.8,210,42,measure
2026-09-11T00:58:53.549+00:00,1634.000,13.609,0,22434.8,210,42,measure
2026-09-11T00:58:52.050+00:00,1635.000,13.534,0,22434.8,210,42,measure
2026-09-11T00:58:53.049+00:00,1636.001,13.376,0,22434.8,210,42,measure
2026-09-11T00:58:54.048+00:00,1637.000,13.376,0,22434.8,210,42,measure
2026-09-11T00:58:55.051+00:00,1638.002,13.286,0,22434.8,210,42,measure
2026-09-11T00:58:56.055+00:00,1639.006,13.236,0,22434.8,210,42,measure
2026-09-11T00:58:57.052+00:00,1640.004,13.405,0,22434.8,210,42,measure
2026-09-11T00:58:58.050+00:00,1641.002,13.483,0,22434.8,210,42,measure
2026-09-11T00:58:59.054+00:00,1642.006,13.562,0,22434.8,210,42,measure
2026-09-11T00:59:00.051+00:00,1643.002,13.546,0,22434.8,210,42,measure
2026-09-11T00:59:01.050+00:00,1644.002,13.81,0,22434.8,210,42,measure
2026-09-11T00:59:02.053+00:00,1645.005,13.796,0,22434.8,210,42,measure
2026-09-11T00:59:03.052+00:00,1646.004,13.705,0,22434.8,210,42,measure
2026-09-11T00:59:04.054+00:00,1647.006,13.689,0,22434.8,210,42,measure
2026-09-11T00:59:05.052+00:00,1648.004,13.69,0,22434.8,210,42,measure
2026-09-11T00:59:06.049+00:00,1649.001,13.596,0,22434.8,210,42,measure
2026-09-11T00:59:07.050+00:00,1650.002,13.511,0,22434.8,210,42,measure
2026-09-11T00:59:08.054+00:00,1651.006,13.511,0,22434.8,210,42,measure
2026-09-11T00:59:09.049+00:00,1652.001,13.484,0,22434.8,210,42,measure
2026-09-11T00:59:10.049+00:00,1653.000,13.429,0,22434.8,210,42,measure
2026-09-11T00:59:11.049+00:00,1654.000,13.499,0,22434.8,210,42,measure
2026-09-11T00:59:12.049+00:00,1655.001,13.686,0,22434.8,210,42,measure
2026-09-11T00:59:13.049+00:00,1656.001,13.769,0,22434.8,210,42,measure
2026-09-11T00:59:14.052+00:00,1657.003,13.713,0,22434.8,210,42,measure
2026-09-11T00:59:15.050+00:00,1658.001,13.637,0,22434.8,210,42,measure
2026-09-11T00:59:16.049+00:00,1659.000,13.652,0,22434.8,210,42,measure
2026-09-11T00:59:17.049+00:00,1660.000,13.601,0,22434.8,210,42,measure
2026-09-11T00:59:18.049+00:00,1661.000,13.45,0,22434.8,210,42,measure
2026-09-11T00:59:19.049+00:00,1662.000,13.431,0,22434.8,210,42,measure
2026-09-11T00:59:20.049+00:00,1663.001,13.498,0,22434.8,210,42,measure
2026-09-11T00:59:21.049+00:00,1664.001,13.498,0,22434.8,210,42,measure
2026-09-11T00:59:22.049+00:00,1665.001,13.488,0,22434.8,210,42,measure
2026-09-11T00:59:23.048+00:00,1666.000,13.416,0,22434.8,210,42,measure
2026-09-11T00:59:24.049+00:00,1667.000,13.487,0,22434.8,210,42,measure
2026-09-11T00:59:22.566+00:00,1668.000,13.555,0,22434.8,210,42,measure
2026-09-11T00:59:23.567+00:00,1669.001,13.476,0,22434.8,210,42,measure
2026-09-11T00:59:24.567+00:00,1670.001,13.437,0,22434.8,210,42,measure
2026-09-11T00:59:25.566+00:00,1671.000,13.431,0,22434.8,210,42,measure
2026-09-11T00:59:26.567+00:00,1672.001,13.372,0,22434.8,210,42,measure
2026-09-11T00:59:27.567+00:00,1673.000,13.264,0,22434.8,210,42,measure
2026-09-11T00:59:28.567+00:00,1674.000,13.239,0,22434.8,210,42,measure
2026-09-11T00:59:29.566+00:00,1675.000,13.292,0,22434.8,210,42,measure
2026-09-11T00:59:30.566+00:00,1676.000,13.234,0,22434.8,210,42,measure
2026-09-11T00:59:31.566+00:00,1677.000,13.234,0,22434.8,210,42,measure
2026-09-11T00:59:32.566+00:00,1678.000,13.193,0,22434.8,210,42,measure
2026-09-11T00:59:33.567+00:00,1679.001,13.264,0,22434.8,210,42,measure
2026-09-11T00:59:34.566+00:00,1680.000,13.324,0,22434.8,210,42,measure
2026-09-11T00:59:35.567+00:00,1681.001,13.401,0,22434.8,210,42,measure
2026-09-11T00:59:36.567+00:00,1682.000,13.343,0,22434.8,210,42,measure
2026-09-11T00:59:37.571+00:00,1683.004,13.184,0,22434.8,210,42,measure
2026-09-11T00:59:38.567+00:00,1684.001,13.186,0,22434.8,210,42,measure
2026-09-11T00:59:39.569+00:00,1685.003,13.206,0,22434.8,210,42,measure
2026-09-11T00:59:40.566+00:00,1686.000,13.179,0,22434.8,210,42,measure
2026-09-11T00:59:41.571+00:00,1687.003,13.505,0,22434.8,210,42,measure
2026-09-11T00:59:42.572+00:00,1688.006,13.561,0,22434.8,210,42,measure
2026-09-11T00:59:43.571+00:00,1689.005,13.389,0,22434.8,210,42,measure
2026-09-11T00:59:44.567+00:00,1690.001,13.356,0,22434.8,210,42,measure
2026-09-11T00:59:45.568+00:00,1691.002,13.165,0,22434.8,210,42,measure
2026-09-11T00:59:46.572+00:00,1692.006,13.222,0,22434.8,210,42,measure
2026-09-11T00:59:47.569+00:00,1693.003,13.254,0,22434.8,210,42,measure
2026-09-11T00:59:48.568+00:00,1694.002,13.262,0,22434.8,210,42,measure
2026-09-11T00:59:49.572+00:00,1695.006,13.379,0,22434.8,210,42,measure
2026-09-11T00:59:50.568+00:00,1696.001,13.468,0,22434.8,210,42,measure
2026-09-11T00:59:51.566+00:00,1697.000,13.561,0,22434.8,210,42,measure
2026-09-11T00:59:52.570+00:00,1698.004,13.63,0,22434.8,210,42,measure
2026-09-11T00:59:53.570+00:00,1699.002,13.573,0,22434.8,210,42,measure
2026-09-11T00:59:52.076+00:00,1700.005,13.463,0,22434.8,210,42,measure
2026-09-11T00:59:53.079+00:00,1701.009,13.463,0,22434.8,210,42,measure
2026-09-11T00:59:54.091+00:00,1702.018,13.433,0,22434.8,210,42,measure
2026-09-11T00:59:55.077+00:00,1703.006,13.518,0,22434.8,210,42,measure
2026-09-11T00:59:56.072+00:00,1704.000,13.499,0,22434.8,210,42,measure
2026-09-11T00:59:57.073+00:00,1705.002,13.291,0,22434.8,210,42,measure
2026-09-11T00:59:58.072+00:00,1706.001,13.228,0,22434.8,210,42,measure
2026-09-11T00:59:59.075+00:00,1707.003,13.49,0,22434.8,210,42,measure
2026-09-11T01:00:00.078+00:00,1708.006,13.472,0,22434.8,210,42,measure
2026-09-11T01:00:01.071+00:00,1709.000,13.475,0,22434.8,210,42,measure
2026-09-11T01:00:02.074+00:00,1710.004,13.551,0,22434.8,210,42,measure
